trial,phase,repetition,workload,storage,clients,records,seed,batch_size,success,workload_wall_s,throughput_records_s,transaction_latency_mean_ms,transaction_latency_p50_ms,transaction_latency_p95_ms,transaction_latency_p99_ms,committed_records,stored_records,transactions,final_checkpoint_s,completion_wall_s,completion_throughput_records_s,read_queries,query_window,read_queries_completed,read_rows_returned,read_wall_s,read_queries_per_s,read_latency_mean_ms,read_latency_p50_ms,read_latency_p95_ms,read_latency_p99_ms,error,raw_file,write_worker_user_cpu_s,write_worker_system_cpu_s,write_worker_minor_faults,write_worker_major_faults,write_worker_voluntary_switches,write_worker_involuntary_switches,write_worker_cpu_s,write_worker_cpu_core_equivalents,write_worker_peak_rss_max_kib,write_worker_io_available_workers,write_worker_io_rchar,write_worker_io_wchar,write_worker_io_syscr,write_worker_io_syscw,write_worker_io_read_bytes,write_worker_io_write_bytes,write_worker_io_cancelled_write_bytes,read_worker_user_cpu_s,read_worker_system_cpu_s,read_worker_minor_faults,read_worker_major_faults,read_worker_voluntary_switches,read_worker_involuntary_switches,read_worker_cpu_s,read_worker_cpu_core_equivalents,read_worker_peak_rss_max_kib,read_worker_io_available_workers,read_worker_io_rchar,read_worker_io_wchar,read_worker_io_syscr,read_worker_io_syscw,read_worker_io_read_bytes,read_worker_io_write_bytes,read_worker_io_cancelled_write_bytes,server_profiling,server_lifecycle_user_cpu_s,server_lifecycle_system_cpu_s,server_lifecycle_max_process_rss_kib,server_lifecycle_kernel_input_blocks,server_lifecycle_kernel_output_blocks,server_lifecycle_major_faults,server_lifecycle_minor_faults,server_lifecycle_voluntary_switches,server_lifecycle_involuntary_switches,server_lifecycle_wall_s,server_lifecycle_exit_code,server_lifecycle_cpu_s,server_lifecycle_sampled_peak_pss_kib,server_lifecycle_memory_samples,server_lifecycle_complete_memory_samples,server_lifecycle_sampler_wall_s,server_lifecycle_sampled_max_postgres_processes,server_lifecycle_sampled_max_influxd_processes,pair_id,profiling_comparison,influxdb_version,influx_schema_version,acknowledged_records,write_batches,write_latency_unit,write_completion_policy,checkpoint_policy,read_cache_state,server_wal_fsync_delay,server_wal_flush_on_shutdown,server_shutdown_s,server_launcher_exit_code,server_exit_code,database,runtime,python_version,sqlite_version,shifter_image_id,client_runtime,server_runtime,server_image_id,postgresql_version,driver_version,libpq_version,worker_metrics_scope,server_resource_metrics_status,dataset,deployment,run_label,hostname,job_id,engine_version,timestamp_utc,run_directory,slurm_job_id
1,warmup,1,metadata,tmpfs,16,1000000,20260813,1000,True,2.686914221965708,372174.1437910193,29.317550451145507,1.8757525249384344,105.71104380651377,633.4006944159037,1000000,1000000,1000,0.0012391359778121114,2.7082253959961236,369245.48506132956,1024,100,1024,102400,0.007573536015115678,135207.6491029084,0.09515478382127185,0.09293347829952836,0.11083394638262689,0.15604065149091184,,trial-0001.json,2.5850410000000004,0.270443,7529,1,1583,10,2.855484,1.062737312808955,21456,16,200894660,285696800,49093,108794,0,0,0,0.100116,0.014497000000000003,1623,5,1,9,0.11461300000000003,15.133353795538719,18760,16,9885232,0,2445,0,0,0,0,,,,,,,,,,,,,,,,,,,,,False,,,,,,,automatic_during_commits_plus_final_truncate,warm_after_write_checkpoint_and_validation,,,,,,sqlite,native,3.11.7,3.44.2,,native,embedded,,,,,,,read1024,sqlite-native,sqlite-native-metadata,nid005765,59220317,3.44.2,2026-10-02T19:13:58.948500+00:00,,
2,warmup,1,metadata,tmpfs,1,1000000,20260813,1000,True,2.3113712230697274,432643.61432686786,1.55135279672686,1.4923220151104033,1.6107321833260353,3.0228057503700256,1000000,1000000,1000,0.001648081000894308,2.3893715069862083,418520.0991457927,1024,100,1024,102400,0.08794102002866566,11644.16787144625,0.07388366100258281,0.06999395554885268,0.08577799890190363,0.09683895856142041,,trial-0002.json,2.195051,0.11680000000000001,1692,0,0,14,2.311851,1.0002075724251838,19812,1,62697615,206911936,15310,85389,0,0,0,0.08782700000000002,0.0,475,0,0,2,0.08782700000000002,0.9987034488725685,20860,1,7651427,0,1870,0,0,0,0,,,,,,,,,,,,,,,,,,,,,False,,,,,,,automatic_during_commits_plus_final_truncate,warm_after_write_checkpoint_and_validation,,,,,,sqlite,native,3.11.7,3.44.2,,native,embedded,,,,,,,read1024,sqlite-native,sqlite-native-metadata,nid005765,59220317,3.44.2,2026-10-02T19:14:02.786746+00:00,,
3,warmup,1,metadata,lustre,16,1000000,20260813,1000,True,4.199907511007041,238100.48135089126,41.43995477235876,5.025398451834917,66.952290746849,938.7492096901395,1000000,1000000,1000,0.07128430297598243,4.295457254978828,232804.085954041,1024,100,1024,102400,0.0297749990131706,34391.26898197533,0.4000798666083938,0.3863360034301877,0.5277039657812566,0.8178648771718144,,trial-0003.json,2.821554,2.1211639999999994,6321,5,19338,4523,4.942717999999999,1.1768635349817143,23592,16,216303240,295832000,52842,111250,0,290902016,0,0.134511,0.165713,1532,4,2894,5989,0.30022400000000005,10.083090174652893,20808,16,9897520,0,2448,0,0,0,0,,,,,,,,,,,,,,,,,,,,,False,,,,,,,automatic_during_commits_plus_final_truncate,warm_after_write_checkpoint_and_validation,,,,,,sqlite,native,3.11.7,3.44.2,,native,embedded,,,,,,,read1024,sqlite-native,sqlite-native-metadata,nid005765,59220317,3.44.2,2026-10-02T19:14:06.055452+00:00,,
4,warmup,1,metadata,lustre,1,1000000,20260813,1000,True,4.188738769036718,238735.3461600494,3.3184958753408864,2.66155949793756,3.453108761459588,21.368261458119377,1000000,1000000,1000,0.015569763025268912,4.231469206046313,236324.53677581012,1024,100,1024,102400,0.2518688829150051,4065.607422992208,0.22729273769073188,0.2252020058222115,0.23892601020634174,0.259595715906471,,trial-0004.json,2.463561,1.140714,2771,0,6952,425,3.604275,0.860467839781012,21200,1,62697615,206911936,15310,85389,0,207118336,0,0.09620400000000001,0.07328499999999999,504,0,2048,4,0.169489,0.6729255239409437,20952,1,7651427,0,1870,0,0,0,0,,,,,,,,,,,,,,,,,,,,,False,,,,,,,automatic_during_commits_plus_final_truncate,warm_after_write_checkpoint_and_validation,,,,,,sqlite,native,3.11.7,3.44.2,,native,embedded,,,,,,,read1024,sqlite-native,sqlite-native-metadata,nid005765,59220317,3.44.2,2026-10-02T19:14:11.452447+00:00,,
5,warmup,1,metadata,lustre,64,1000000,20260813,1000,True,4.568472274928354,218891.5549488987,146.4194829784101,6.89309649169445,637.3579618521034,3554.8771243938245,1000000,1000000,1000,0.07047914795111865,4.668236130964942,214213.67127658476,1024,100,1024,102400,0.02828728500753641,36200.0099948504,1.5225286656459502,1.5585845103487372,1.6790712194051594,1.7437037359923124,,trial-0005.json,2.867964999999999,2.5756499999999996,20426,9,28279,8564,5.443614999999999,1.1915613518931492,20808,64,234920348,298792336,57485,111727,0,294141952,0,0.18926199999999999,0.170188,1682,6,4074,3998,0.35944999999999994,12.707122649071264,20808,64,11958464,0,3046,0,0,0,0,,,,,,,,,,,,,,,,,,,,,False,,,,,,,automatic_during_commits_plus_final_truncate,warm_after_write_checkpoint_and_validation,,,,,,sqlite,native,3.11.7,3.44.2,,native,embedded,,,,,,,read1024,sqlite-native,sqlite-native-metadata,nid005765,59220317,3.44.2,2026-10-02T19:14:16.832002+00:00,,
6,warmup,1,metadata,tmpfs,64,1000000,20260813,1000,True,5.379737756098621,185882.66665347622,152.80264228302985,1.9188760197721422,531.7277745867614,4338.188644108594,1000000,1000000,1000,0.0035323851043358445,5.4071111381053925,184941.63971454668,1024,100,1024,102400,0.011223576962947845,91236.51072920061,0.545780891798131,0.5986529868096113,0.6587056443095207,0.6841547426301986,,trial-0006.json,2.684329000000001,0.330243,29338,12,2439,24,3.014572,0.560356682178903,20808,64,210444104,286396920,51542,108783,0,0,0,0.11561299999999994,0.4748899999999999,1561,1,1,0,0.5905029999999999,52.612727827270646,20808,64,11831488,0,3015,0,0,0,0,,,,,,,,,,,,,,,,,,,,,False,,,,,,,automatic_during_commits_plus_final_truncate,warm_after_write_checkpoint_and_validation,,,,,,sqlite,native,3.11.7,3.44.2,,native,embedded,,,,,,,read1024,sqlite-native,sqlite-native-metadata,nid005765,59220317,3.44.2,2026-10-02T19:14:23.526520+00:00,,
7,measured,1,metadata,lustre,16,1000000,20260815,1000,True,4.227384480996989,236552.8861865338,48.31271597428713,6.863515009172261,134.48312195832838,1138.995488891378,1000000,1000000,1000,0.11785276094451547,4.372186640044674,228718.5068544517,1024,100,1024,102400,0.028771564015187323,35590.696406336225,0.3831107887890539,0.3755799843929708,0.4902781394775957,0.5490692041348666,,trial-0007.json,2.900574,2.1167309999999997,7572,2,20535,9403,5.0173049999999995,1.186857978628127,20808,16,216438364,292110976,52874,110095,0,286842880,0,0.12480399999999997,0.16280800000000006,1458,1,3021,4826,0.28761200000000003,9.99639782697185,20808,16,9922096,0,2454,0,0,0,0,,,,,,,,,,,,,,,,,,,,,False,,,,,,,automatic_during_commits_plus_final_truncate,warm_after_write_checkpoint_and_validation,,,,,,sqlite,native,3.11.7,3.44.2,,native,embedded,,,,,,,read1024,sqlite-native,sqlite-native-metadata,nid005765,59220317,3.44.2,2026-10-02T19:14:30.780950+00:00,,
8,measured,1,metadata,lustre,64,1000000,20260815,1000,True,4.68058759404812,213648.38920472498,155.6779741466744,7.058968010824174,941.8934204091784,3271.335245096124,1000000,1000000,1000,0.05766387691255659,4.7685396450106055,209707.80877250648,1024,100,1024,102400,0.02815710101276636,36367.38027596381,1.5227445366008396,1.5606895321980119,1.6931192600168288,1.7423526663333178,,trial-0008.json,2.951453,2.639932,20578,18,30685,7742,5.591385000000002,1.1945903986734614,20808,64,238688712,298613344,58406,111757,0,293429248,0,0.1859659999999999,0.17471100000000006,1633,7,4072,4146,0.36067700000000014,12.809450796673637,20808,64,11864256,0,3023,0,0,0,0,,,,,,,,,,,,,,,,,,,,,False,,,,,,,automatic_during_commits_plus_final_truncate,warm_after_write_checkpoint_and_validation,,,,,,sqlite,native,3.11.7,3.44.2,,native,embedded,,,,,,,read1024,sqlite-native,sqlite-native-metadata,nid005765,59220317,3.44.2,2026-10-02T19:14:36.268667+00:00,,
9,measured,1,metadata,tmpfs,64,1000000,20260815,1000,True,5.478416486992501,182534.49739980837,156.87575429794379,1.8987120129168034,436.4924129156816,4437.881759606534,1000000,1000000,1000,0.003704576985910535,5.506525957025588,181602.70337491724,1024,100,1024,102400,0.013890189002268016,73721.0991033167,0.6904084618781781,0.7688280311413109,0.826656527351588,0.8485424786340445,,trial-0009.json,2.660181,0.32149200000000006,28617,13,2444,24,2.981673,0.5442581824655788,20808,64,208506564,285091304,51066,108506,0,0,0,0.17232400000000003,0.5637110000000002,1647,7,2,2,0.736035,52.98955974463838,20808,64,11815104,0,3011,0,0,0,0,,,,,,,,,,,,,,,,,,,,,False,,,,,,,automatic_during_commits_plus_final_truncate,warm_after_write_checkpoint_and_validation,,,,,,sqlite,native,3.11.7,3.44.2,,native,embedded,,,,,,,read1024,sqlite-native,sqlite-native-metadata,nid005765,59220317,3.44.2,2026-10-02T19:14:43.113488+00:00,,
10,measured,1,metadata,lustre,1,1000000,20260815,1000,True,4.192313621984795,238531.77270801686,3.3289198770653456,2.660807454958558,3.4123915655072774,21.73155569820665,1000000,1000000,1000,0.01607923407573253,4.234389047021978,236161.5781864197,1024,100,1024,102400,0.2551184839103371,4013.8212814085664,0.22952802703457564,0.22790650837123394,0.24265215615741909,0.2585311396978795,,trial-0010.json,2.4195889999999998,1.167913,1713,0,6952,5,3.5875019999999997,0.8557332116535559,21576,1,62357647,207033432,15227,85531,0,207237120,0,0.132932,0.036852,343,0,2048,3,0.169784,0.6655103832447969,21080,1,7757923,0,1896,0,0,0,0,,,,,,,,,,,,,,,,,,,,,False,,,,,,,automatic_during_commits_plus_final_truncate,warm_after_write_checkpoint_and_validation,,,,,,sqlite,native,3.11.7,3.44.2,,native,embedded,,,,,,,read1024,sqlite-native,sqlite-native-metadata,nid005765,59220317,3.44.2,2026-10-02T19:14:50.511160+00:00,,
11,measured,1,metadata,tmpfs,1,1000000,20260815,1000,True,2.261032772017643,442275.76547138917,1.5173341810004786,1.4720100443810225,1.6004869074095034,2.919125318294391,1000000,1000000,1000,0.0021381560945883393,2.2874465230852365,437168.69002525625,1024,100,1024,102400,0.08827646204736084,11599.921159624839,0.07436478688305215,0.07228902541100979,0.08607744821347296,0.09128891048021615,,trial-0011.json,2.174735,0.08618500000000001,1323,0,0,19,2.26092,0.9999501236695733,22696,1,62357647,207033432,15227,85531,0,0,0,0.083666,0.004513999999999997,483,0,0,0,0.08818000000000001,0.9989072732966,20808,1,7757923,0,1896,0,0,0,0,,,,,,,,,,,,,,,,,,,,,False,,,,,,,automatic_during_commits_plus_final_truncate,warm_after_write_checkpoint_and_validation,,,,,,sqlite,native,3.11.7,3.44.2,,native,embedded,,,,,,,read1024,sqlite-native,sqlite-native-metadata,nid005765,59220317,3.44.2,2026-10-02T19:14:55.847384+00:00,,
12,measured,1,metadata,tmpfs,16,1000000,20260815,1000,True,2.7258467519422993,366858.48141956294,26.205691041541286,1.8709040596149862,80.64380940631963,532.2690198477349,1000000,1000000,1000,0.0015179779147729278,2.7487980199512094,363795.372647187,1024,100,1024,102400,0.007596101961098611,134805.98407500845,0.09504500155799178,0.09192602010443807,0.10987715213559568,0.17980949603952467,,trial-0012.json,2.5723999999999996,0.264387,8011,4,1252,10,2.8367869999999993,1.0406993709307575,22584,16,200091888,287564552,48898,109249,0,0,0,0.08103900000000003,0.033809000000000006,1496,2,0,1,0.11484800000000003,15.119333651412672,20808,16,9909808,0,2451,0,0,0,0,,,,,,,,,,,,,,,,,,,,,False,,,,,,,automatic_during_commits_plus_final_truncate,warm_after_write_checkpoint_and_validation,,,,,,sqlite,native,3.11.7,3.44.2,,native,embedded,,,,,,,read1024,sqlite-native,sqlite-native-metadata,nid005765,59220317,3.44.2,2026-10-02T19:14:59.009875+00:00,,
13,measured,2,metadata,tmpfs,1,1000000,20260816,1000,True,2.264893696992658,441521.8256502754,1.5229456661036238,1.4780815108679235,1.5294515527784824,2.9120891517959535,1000000,1000000,1000,0.0020824590465053916,2.290507616009563,436584.44661369984,1024,100,1024,102400,0.0858075519790873,11933.68155112461,0.07195791386038763,0.0696884817443788,0.08282750495709479,0.08624124922789633,,trial-0013.json,2.176441,0.08855,1308,0,0,1,2.264991,1.000042961401443,22004,1,62197903,207153920,15188,85631,0,0,0,0.075077,0.010662999999999999,418,0,0,0,0.08574000000000001,0.9992127501888908,20808,1,7786595,0,1903,0,0,0,0,,,,,,,,,,,,,,,,,,,,,False,,,,,,,automatic_during_commits_plus_final_truncate,warm_after_write_checkpoint_and_validation,,,,,,sqlite,native,3.11.7,3.44.2,,native,embedded,,,,,,,read1024,sqlite-native,sqlite-native-metadata,nid005765,59220317,3.44.2,2026-10-02T19:15:02.713264+00:00,,
14,measured,2,metadata,tmpfs,64,1000000,20260816,1000,True,5.583417188026942,179101.78772676992,161.47673596208915,1.9077040487900376,631.4815211808309,4538.40537014068,1000000,1000000,1000,0.0012455660616979003,5.610130754066631,178248.9649238794,1024,100,1024,102400,0.01188687200192362,86145.45524123494,0.5188247884007069,0.5529894842766225,0.6823330419138074,0.7015102286823094,,trial-0014.json,2.5564689999999994,0.436374,29767,13,2386,35,2.9928429999999993,0.5360235316855492,20808,64,212942708,289977600,52153,109689,0,0,0,0.13771500000000006,0.42536299999999994,1631,6,3,2,0.563078,47.369736959300866,20808,64,11892928,0,3030,0,0,0,0,,,,,,,,,,,,,,,,,,,,,False,,,,,,,automatic_during_commits_plus_final_truncate,warm_after_write_checkpoint_and_validation,,,,,,sqlite,native,3.11.7,3.44.2,,native,embedded,,,,,,,read1024,sqlite-native,sqlite-native-metadata,nid005765,59220317,3.44.2,2026-10-02T19:15:05.881458+00:00,,
15,measured,2,metadata,tmpfs,16,1000000,20260816,1000,True,2.861899019102566,349418.3384267625,27.513135488610715,1.8600234761834145,59.307395946233456,431.16288729477674,1000000,1000000,1000,0.002584652043879032,2.885595655068755,346548.8999622759,1024,100,1024,102400,0.011706305085681379,87474.22799124809,0.10358037764035544,0.09283254621550441,0.15459381393156946,0.19472593208774916,,trial-0015.json,2.5587359999999997,0.23404099999999997,7045,2,1165,11,2.7927769999999996,0.9758474989364784,20808,16,193497328,282015968,47288,107617,0,0,0,0.10149199999999994,0.023935999999999975,1475,4,1,4,0.12542799999999993,10.714567840318614,20808,16,9909808,0,2451,0,0,0,0,,,,,,,,,,,,,,,,,,,,,False,,,,,,,automatic_during_commits_plus_final_truncate,warm_after_write_checkpoint_and_validation,,,,,,sqlite,native,3.11.7,3.44.2,,native,embedded,,,,,,,read1024,sqlite-native,sqlite-native-metadata,nid005765,59220317,3.44.2,2026-10-02T19:15:13.419584+00:00,,
16,measured,2,metadata,lustre,16,1000000,20260816,1000,True,4.248811294091865,235359.9467668847,47.87472121184692,6.968028494156897,113.56749678961933,1341.2994650856126,1000000,1000000,1000,0.10304211196489632,4.37560879602097,228539.62651079916,1024,100,1024,102400,0.02926159999333322,34994.66878890087,0.38521402166225016,0.37332094507291913,0.494586885906756,0.6107150076422836,,trial-0016.json,3.140894,1.8674499999999996,6753,5,21383,8170,5.008344,1.1787635772302465,20808,16,217347720,291051232,53097,109705,0,286494720,0,0.14947700000000003,0.14171399999999998,1404,2,2909,5202,0.29119100000000003,9.951301366512533,20808,16,9975344,0,2467,0,0,0,0,,,,,,,,,,,,,,,,,,,,,False,,,,,,,automatic_during_commits_plus_final_truncate,warm_after_write_checkpoint_and_validation,,,,,,sqlite,native,3.11.7,3.44.2,,native,embedded,,,,,,,read1024,sqlite-native,sqlite-native-metadata,nid005765,59220317,3.44.2,2026-10-02T19:15:17.307053+00:00,,
17,measured,2,metadata,lustre,1,1000000,20260816,1000,True,4.164962365990505,240098.20788913217,3.3237839153734967,2.646540990099311,3.476733108982444,21.827333656838164,1000000,1000000,1000,0.02082354703452438,4.212453488027677,237391.3451726235,1024,100,1024,102400,0.2550285719335079,4015.2363801299152,0.23006671767689113,0.22853794507682323,0.24157306761480868,0.2586581325158477,,trial-0017.json,2.450474,1.100217,2253,0,6974,4,3.5506909999999996,0.8525145458680705,20808,1,62197903,207153920,15188,85631,0,207368192,0,0.12903599999999998,0.040880999999999994,435,0,2048,3,0.16991699999999998,0.6662665234399753,21676,1,7786595,0,1903,0,0,0,0,,,,,,,,,,,,,,,,,,,,,False,,,,,,,automatic_during_commits_plus_final_truncate,warm_after_write_checkpoint_and_validation,,,,,,sqlite,native,3.11.7,3.44.2,,native,embedded,,,,,,,read1024,sqlite-native,sqlite-native-metadata,nid005765,59220317,3.44.2,2026-10-02T19:15:22.744974+00:00,,
18,measured,2,metadata,lustre,64,1000000,20260816,1000,True,4.309337468934245,232054.23274666694,166.53016383969225,12.184833467472345,1139.0296750352718,2556.199492465238,1000000,1000000,1000,0.09099818195682019,4.430544407921843,225705.89704777437,1024,100,1024,102400,0.02819643693510443,36316.64533915365,1.566395063832715,1.5895584947429597,1.7039635684341192,1.769540203968063,,trial-0018.json,2.9568249999999994,2.855263,18767,9,34774,8928,5.812087999999999,1.3487196214961097,21544,64,246417732,299429968,60290,112028,0,293588992,0,0.17868699999999998,0.17576099999999995,1595,14,4074,3783,0.3544479999999999,12.570666315597975,20808,64,11798720,0,3007,0,0,0,0,,,,,,,,,,,,,,,,,,,,,False,,,,,,,automatic_during_commits_plus_final_truncate,warm_after_write_checkpoint_and_validation,,,,,,sqlite,native,3.11.7,3.44.2,,native,embedded,,,,,,,read1024,sqlite-native,sqlite-native-metadata,nid005765,59220317,3.44.2,2026-10-02T19:15:28.079191+00:00,,
19,measured,3,metadata,lustre,1,1000000,20260817,1000,True,4.141559032024816,241454.96714339918,3.302247049054131,2.653374511282891,3.5306505451444536,20.667241795454174,1000000,1000000,1000,0.016145164030604064,4.183966353069991,239007.65819166988,1024,100,1024,102400,0.26988044602330774,3794.272668096762,0.2433342394851934,0.24020002456381917,0.2609588671475649,0.27880997979082167,,trial-0019.json,2.43508,1.114036,1883,0,6969,6,3.549116,0.8569516871681124,24560,1,62582927,207089720,15282,85501,0,207294464,0,0.094481,0.082429,409,0,2049,581,0.17691,0.6555124782353497,20808,1,7700579,0,1882,0,0,0,0,,,,,,,,,,,,,,,,,,,,,False,,,,,,,automatic_during_commits_plus_final_truncate,warm_after_write_checkpoint_and_validation,,,,,,sqlite,native,3.11.7,3.44.2,,native,embedded,,,,,,,read1024,sqlite-native,sqlite-native-metadata,nid005765,59220317,3.44.2,2026-10-02T19:15:34.475427+00:00,,
20,measured,3,metadata,lustre,64,1000000,20260817,1000,True,5.795225865091197,172555.8284145088,161.29656293208245,3.5009290440939367,549.0190359414513,4166.911787803982,1000000,1000000,1000,0.09659585799090564,5.917037188075483,169003.50094389895,1024,100,1024,102400,0.028229526011273265,36274.07699268747,1.5400994590208938,1.572766457684338,1.6973512596450746,1.7560808616690338,,trial-0020.json,2.941430000000001,2.5274120000000018,24574,11,27786,9610,5.468842,0.9436805617780593,20808,64,228064084,295693208,55821,111031,0,292622336,0,0.19526900000000008,0.15995599999999996,1604,3,4081,4195,0.355225,12.583456054421296,20808,64,11851968,0,3020,0,0,0,0,,,,,,,,,,,,,,,,,,,,,False,,,,,,,automatic_during_commits_plus_final_truncate,warm_after_write_checkpoint_and_validation,,,,,,sqlite,native,3.11.7,3.44.2,,native,embedded,,,,,,,read1024,sqlite-native,sqlite-native-metadata,nid005765,59220317,3.44.2,2026-10-02T19:15:39.808143+00:00,,
21,measured,3,metadata,tmpfs,1,1000000,20260817,1000,True,2.2731891500297934,439910.5987228971,1.5361460666172206,1.4838515198789537,1.5801218920387325,3.016594937071204,1000000,1000000,1000,0.0016674030339345336,2.3056811480782926,433711.31382735475,1024,100,1024,102400,0.0856769799720496,11951.868522140481,0.07195815862814925,0.07025402737781405,0.07960200309753418,0.08296377724036574,,trial-0021.json,2.166144,0.10760900000000001,1751,0,0,27,2.273753,1.0002480435779835,24568,1,62582927,207089720,15282,85501,0,0,0,0.083561,0.002022000000000003,39,0,0,1,0.08558299999999999,0.9989030895804186,23296,1,7700579,0,1882,0,0,0,0,,,,,,,,,,,,,,,,,,,,,False,,,,,,,automatic_during_commits_plus_final_truncate,warm_after_write_checkpoint_and_validation,,,,,,sqlite,native,3.11.7,3.44.2,,native,embedded,,,,,,,read1024,sqlite-native,sqlite-native-metadata,nid005765,59220317,3.44.2,2026-10-02T19:15:47.609057+00:00,,
22,measured,3,metadata,tmpfs,16,1000000,20260817,1000,True,2.7991311290534213,357253.7169197103,24.561320105567575,1.824984501581639,35.703905305126675,432.89488008478565,1000000,1000000,1000,0.0035524519626051188,2.8240164410090074,354105.58716248296,1024,100,1024,102400,0.00783441192470491,130705.40709902358,0.09945774581865408,0.09768747258931398,0.1114178856369108,0.15512179932557046,,trial-0022.json,2.551968,0.180591,8952,3,825,9,2.732559,0.9762168594524067,25780,16,189872368,281563568,46403,107600,0,0,0,0.09173800000000004,0.027169999999999993,1126,2,0,0,0.11890800000000003,15.177654831377636,20808,16,9909808,0,2451,0,0,0,0,,,,,,,,,,,,,,,,,,,,,False,,,,,,,automatic_during_commits_plus_final_truncate,warm_after_write_checkpoint_and_validation,,,,,,sqlite,native,3.11.7,3.44.2,,native,embedded,,,,,,,read1024,sqlite-native,sqlite-native-metadata,nid005765,59220317,3.44.2,2026-10-02T19:15:50.806920+00:00,,
23,measured,3,metadata,tmpfs,64,1000000,20260817,1000,True,5.078192944987677,196920.44214015713,139.9645026262151,1.9245755393058062,431.6281071049161,4037.244202202418,1000000,1000000,1000,0.0035324039636179805,5.106637521996163,195823.57190864495,1024,100,1024,102400,0.014099748921580613,72625.4067143493,0.7462263620254816,0.7963045500218868,0.8535673376172781,0.885513803223148,,trial-0023.json,2.6173460000000004,0.3767269999999998,30120,9,2250,60,2.9940730000000007,0.5895941789599068,20808,64,210005832,287096352,51435,108913,0,0,0,0.08792500000000006,0.703194,1604,9,1,6,0.7911190000000002,56.10872962348567,20808,64,11786432,0,3004,0,0,0,0,,,,,,,,,,,,,,,,,,,,,False,,,,,,,automatic_during_commits_plus_final_truncate,warm_after_write_checkpoint_and_validation,,,,,,sqlite,native,3.11.7,3.44.2,,native,embedded,,,,,,,read1024,sqlite-native,sqlite-native-metadata,nid005765,59220317,3.44.2,2026-10-02T19:15:54.554628+00:00,,
24,measured,3,metadata,lustre,16,1000000,20260817,1000,True,4.163168552913703,240201.66065582997,42.872217504656874,6.691007933113724,100.45931868371514,1142.4099063989697,1000000,1000000,1000,0.07281319808680564,4.260383417014964,234720.65824081385,1024,100,1024,102400,0.02789418399333954,36710.16152487223,0.37401622523702827,0.3661109949462116,0.486230943351984,0.557878337567672,,trial-0024.json,2.899491,2.083802,7687,2,20194,3948,4.983292999999999,1.1969952541345725,20808,16,217138824,293850960,53046,110486,0,289689600,0,0.12294099999999998,0.15800999999999998,1276,4,3189,2772,0.28095099999999995,10.072027920482789,22856,16,9901616,0,2449,0,0,0,0,,,,,,,,,,,,,,,,,,,,,False,,,,,,,automatic_during_commits_plus_final_truncate,warm_after_write_checkpoint_and_validation,,,,,,sqlite,native,3.11.7,3.44.2,,native,embedded,,,,,,,read1024,sqlite-native,sqlite-native-metadata,nid005765,59220317,3.44.2,2026-10-02T19:16:01.508015+00:00,,
25,measured,4,metadata,tmpfs,1,1000000,20260818,1000,True,2.292514194967225,436202.3154296309,1.5366697271820158,1.481472048908472,1.5952207555528728,3.041578996926546,1000000,1000000,1000,0.0014470809837803245,2.3194232719251886,431141.66012914537,1024,100,1024,102400,0.08700058504473418,11770.035793132622,0.07292091834187886,0.06981851765885949,0.08312453282997012,0.0924501777626574,,trial-0025.json,2.185095,0.107206,1485,0,0,15,2.292301,0.9999070038616585,22856,1,62943375,206943576,15370,85350,0,0,0,0.07458599999999999,0.012347999999999998,296,0,0,1,0.08693399999999998,0.9992346598048741,22856,1,7745635,0,1893,0,0,0,0,,,,,,,,,,,,,,,,,,,,,False,,,,,,,automatic_during_commits_plus_final_truncate,warm_after_write_checkpoint_and_validation,,,,,,sqlite,native,3.11.7,3.44.2,,native,embedded,,,,,,,read1024,sqlite-native,sqlite-native-metadata,nid005765,59220317,3.44.2,2026-10-02T19:16:06.861922+00:00,,
26,measured,4,metadata,lustre,16,1000000,20260818,1000,True,4.299291491042823,232596.46434381287,46.04635897150729,6.691162474453449,109.2149635660462,1244.3087297864251,1000000,1000000,1000,0.07667315902654082,4.401207156013697,227210.39127495408,1024,100,1024,102400,0.02845174097456038,35990.76769732971,0.3749187965240708,0.3645180258899927,0.48078298568725586,0.561851414386183,,trial-0026.json,2.888617,2.1234480000000002,8226,1,20115,7831,5.012065,1.1657885980613725,22856,16,217593480,294131440,53157,110635,0,288542720,0,0.125794,0.15666900000000003,1118,1,3053,3997,0.28246299999999996,9.927793179776213,22856,16,9967152,0,2465,0,0,0,0,,,,,,,,,,,,,,,,,,,,,False,,,,,,,automatic_during_commits_plus_final_truncate,warm_after_write_checkpoint_and_validation,,,,,,sqlite,native,3.11.7,3.44.2,,native,embedded,,,,,,,read1024,sqlite-native,sqlite-native-metadata,nid005765,59220317,3.44.2,2026-10-02T19:16:10.043007+00:00,,
27,measured,4,metadata,lustre,64,1000000,20260818,1000,True,4.6296079229796305,216001.01275021076,149.86969537078403,7.109833997674286,741.2411889759823,3265.0417721853582,1000000,1000000,1000,0.10109549504704773,4.756924699060619,210219.8506941841,1024,100,1024,102400,0.028444136958569288,36000.38916601765,1.5578951174575195,1.5933665563352406,1.7054481781087816,1.7572641815058885,,trial-0027.json,2.9177219999999995,2.6413079999999995,20820,7,30228,6857,5.559029999999999,1.200756109908804,22856,64,235460976,296052632,57616,111103,0,290246656,0,0.16904199999999991,0.19126499999999994,1635,13,4079,5017,0.36030699999999993,12.667179901601873,22856,64,11774144,0,3001,0,0,0,0,,,,,,,,,,,,,,,,,,,,,False,,,,,,,automatic_during_commits_plus_final_truncate,warm_after_write_checkpoint_and_validation,,,,,,sqlite,native,3.11.7,3.44.2,,native,embedded,,,,,,,read1024,sqlite-native,sqlite-native-metadata,nid005765,59220317,3.44.2,2026-10-02T19:16:15.521056+00:00,,
28,measured,4,metadata,lustre,1,1000000,20260818,1000,True,4.242665441008285,235700.88518748403,3.38771203358192,2.6605905732139945,3.534508176380768,22.072035775054246,1000000,1000000,1000,0.01726399501785636,4.2893481239443645,233135.65863719824,1024,100,1024,102400,0.2520841360092163,4062.1358258044534,0.2268540431487054,0.22470596013590693,0.23878698120824993,0.2498328103683889,,trial-0028.json,2.485452,1.102903,3002,0,6954,6,3.588355,0.8457784498669343,22856,1,62943375,206943576,15370,85350,0,207142912,0,0.102897,0.068545,405,0,2048,4,0.17144199999999998,0.6800983303198896,22856,1,7745635,0,1893,0,0,0,0,,,,,,,,,,,,,,,,,,,,,False,,,,,,,automatic_during_commits_plus_final_truncate,warm_after_write_checkpoint_and_validation,,,,,,sqlite,native,3.11.7,3.44.2,,native,embedded,,,,,,,read1024,sqlite-native,sqlite-native-metadata,nid005765,59220317,3.44.2,2026-10-02T19:16:22.298141+00:00,,
29,measured,4,metadata,tmpfs,64,1000000,20260818,1000,True,5.4838744279695675,182352.8261149946,156.93567701452412,1.9211180042475462,436.6714884177735,4439.795245971763,1000000,1000000,1000,0.0017288640374317765,5.510435806936584,181473.84980715887,1024,100,1024,102400,0.01402310305275023,73022.35433541735,0.7130765091005742,0.7894485024735332,0.8551875478588045,0.8989555528387427,,trial-0029.json,2.6661289999999993,0.357616,30422,12,2492,36,3.023745,0.5513884462010843,22856,64,211468016,287322504,51790,109004,0,0,0,0.12923299999999996,0.6278440000000001,1599,4,1,3,0.757077,53.98783686835426,22856,64,11888832,0,3029,0,0,0,0,,,,,,,,,,,,,,,,,,,,,False,,,,,,,automatic_during_commits_plus_final_truncate,warm_after_write_checkpoint_and_validation,,,,,,sqlite,native,3.11.7,3.44.2,,native,embedded,,,,,,,read1024,sqlite-native,sqlite-native-metadata,nid005765,59220317,3.44.2,2026-10-02T19:16:27.694609+00:00,,
30,measured,4,metadata,tmpfs,16,1000000,20260818,1000,True,2.734515646006912,365695.47570892645,31.016494067269377,1.8711420125328004,105.9467370971106,631.4608586591203,1000000,1000000,1000,0.0037082489579916,2.759533175965771,362380.1332448282,1024,100,1024,102400,0.0078052530298009515,131193.69687187628,0.09621736705867079,0.09434099774807692,0.10800200398080051,0.15540225198492405,,trial-0030.json,2.607774,0.247541,7209,2,1746,19,2.8553149999999996,1.0441757772238331,23108,16,197449924,280116056,48252,107010,0,0,0,0.08973300000000002,0.026199,1657,4,2,1,0.11593200000000002,14.85307389233434,22856,16,9864752,0,2440,0,0,0,0,,,,,,,,,,,,,,,,,,,,,False,,,,,,,automatic_during_commits_plus_final_truncate,warm_after_write_checkpoint_and_validation,,,,,,sqlite,native,3.11.7,3.44.2,,native,embedded,,,,,,,read1024,sqlite-native,sqlite-native-metadata,nid005765,59220317,3.44.2,2026-10-02T19:16:35.071768+00:00,,
31,measured,5,metadata,tmpfs,64,1000000,20260819,1000,True,5.5829811710864305,179115.77513083446,161.58528208953794,1.9151809974573553,536.9147852004926,4541.14000640693,1000000,1000000,1000,0.0034719459945335984,5.611865192069672,178193.87418876987,1024,100,1024,102400,0.013649918022565544,75018.76555647886,0.6844027224133242,0.748930498957634,0.8190825348719954,0.854196394793689,,trial-0031.json,2.5577310000000004,0.47538399999999986,30718,9,2431,41,3.0331149999999996,0.5432787442859609,22856,64,209366812,285135944,51278,108330,0,0,0,0.157294,0.5730899999999999,1623,8,2,3,0.7303839999999997,53.508306701370344,22856,64,11782336,0,3003,0,0,0,0,,,,,,,,,,,,,,,,,,,,,False,,,,,,,automatic_during_commits_plus_final_truncate,warm_after_write_checkpoint_and_validation,,,,,,sqlite,native,3.11.7,3.44.2,,native,embedded,,,,,,,read1024,sqlite-native,sqlite-native-metadata,nid005765,59220317,3.44.2,2026-10-02T19:16:38.820207+00:00,,
32,measured,5,metadata,tmpfs,1,1000000,20260819,1000,True,2.2697420560289174,440578.698070024,1.5292683262377977,1.4821100048720837,1.5383916441351175,3.017409894382581,1000000,1000000,1000,0.0014358819462358952,2.297045161947608,435341.8977414117,1024,100,1024,102400,0.0896327500231564,11424.395656001318,0.07587823927224235,0.07367652142420411,0.08788116392679513,0.09196763741783798,,trial-0032.json,2.153191,0.11654599999999998,1513,0,0,4,2.269737,0.9999977724213622,22856,1,63193231,207189024,15431,85397,0,0,0,0.07025599999999999,0.019299999999999998,456,0,0,2,0.08955599999999998,0.9991437278992713,22856,1,7741539,0,1892,0,0,0,0,,,,,,,,,,,,,,,,,,,,,False,,,,,,,automatic_during_commits_plus_final_truncate,warm_after_write_checkpoint_and_validation,,,,,,sqlite,native,3.11.7,3.44.2,,native,embedded,,,,,,,read1024,sqlite-native,sqlite-native-metadata,nid005765,59220317,3.44.2,2026-10-02T19:16:46.410756+00:00,,
33,measured,5,metadata,lustre,1,1000000,20260819,1000,True,4.162200157996267,240257.54698001163,3.3214901777682826,2.6494674966670573,3.416681510861963,21.613573058275506,1000000,1000000,1000,0.015844204928725958,4.204385295975953,237846.89784666192,1024,100,1024,102400,0.2509928320068866,4079.797784710856,0.2257543549148977,0.22425001952797174,0.23511499166488647,0.2548136550467461,,trial-0033.json,2.434126,1.127095,2364,0,6963,9,3.5612209999999997,0.8556102217137039,23912,1,63193231,207189024,15431,85397,0,207405056,0,0.10957899999999998,0.060865999999999996,40,0,2048,5,0.17044499999999999,0.6790831381006267,23256,1,7741539,0,1892,0,0,0,0,,,,,,,,,,,,,,,,,,,,,False,,,,,,,automatic_during_commits_plus_final_truncate,warm_after_write_checkpoint_and_validation,,,,,,sqlite,native,3.11.7,3.44.2,,native,embedded,,,,,,,read1024,sqlite-native,sqlite-native-metadata,nid005765,59220317,3.44.2,2026-10-02T19:16:49.598387+00:00,,
34,measured,5,metadata,lustre,16,1000000,20260819,1000,True,4.247590637998655,235427.58359387753,46.229737071320415,6.945801433175802,141.92472422146034,739.4906757073468,1000000,1000000,1000,0.07375452795531601,4.346052116947249,230093.88131829846,1024,100,1024,102400,0.028282733052037656,36205.83619397507,0.37574889506686304,0.3640875220298767,0.4817926499526948,0.5466937553137541,,trial-0034.json,3.039854,2.018478,7593,8,21677,7304,5.058332,1.1908708797755856,22856,16,218322612,290691560,53336,109657,0,285868032,0,0.14465899999999998,0.13848,1386,4,3174,2915,0.283139,10.011019779419831,22856,16,9877040,0,2443,0,0,0,0,,,,,,,,,,,,,,,,,,,,,False,,,,,,,automatic_during_commits_plus_final_truncate,warm_after_write_checkpoint_and_validation,,,,,,sqlite,native,3.11.7,3.44.2,,native,embedded,,,,,,,read1024,sqlite-native,sqlite-native-metadata,nid005765,59220317,3.44.2,2026-10-02T19:16:54.942313+00:00,,
35,measured,5,metadata,tmpfs,16,1000000,20260819,1000,True,2.807183217955753,356228.9748683451,26.87132897914853,1.8675089231692255,55.794449645327404,731.9659400044475,1000000,1000000,1000,0.0016906700329855084,2.8408704480389133,352004.7880713152,1024,100,1024,102400,0.011858897982165217,86348.66423001612,0.10328470148124325,0.09304803097620606,0.15311899478547275,0.19344524946063754,,trial-0035.json,2.564015,0.254419,8611,3,1029,15,2.818434,1.0040078545540891,24936,16,193456368,282072944,47278,107446,0,0,0,0.10465600000000001,0.01987,1404,1,0,8,0.12452599999999998,10.500638439362291,22856,16,9918000,0,2453,0,0,0,0,,,,,,,,,,,,,,,,,,,,,False,,,,,,,automatic_during_commits_plus_final_truncate,warm_after_write_checkpoint_and_validation,,,,,,sqlite,native,3.11.7,3.44.2,,native,embedded,,,,,,,read1024,sqlite-native,sqlite-native-metadata,nid005765,59220317,3.44.2,2026-10-02T19:17:00.404936+00:00,,
36,measured,5,metadata,lustre,64,1000000,20260819,1000,True,4.743689981056377,210806.356231844,151.69481121492572,7.013536465819925,845.2793616452209,3454.735857420601,1000000,1000000,1000,0.0691938690142706,4.8355144610395655,206803.22808609996,1024,100,1024,102400,0.028605962987057865,35796.73232686787,1.5420170911966125,1.5757099608890712,1.6933887032791972,1.7567605676595122,,trial-0036.json,3.4029900000000004,2.1124650000000003,21195,8,29723,7823,5.515454999999999,1.162692971510705,22856,64,233945544,296200800,57248,111168,0,291303424,0,0.16638999999999987,0.19111099999999995,1624,5,4068,4048,0.3575009999999998,12.4974293003785,22856,64,11847872,0,3019,0,0,0,0,,,,,,,,,,,,,,,,,,,,,False,,,,,,,automatic_during_commits_plus_final_truncate,warm_after_write_checkpoint_and_validation,,,,,,sqlite,native,3.11.7,3.44.2,,native,embedded,,,,,,,read1024,sqlite-native,sqlite-native-metadata,nid005765,59220317,3.44.2,2026-10-02T19:17:04.215350+00:00,,
1,warmup,1,metadata,tmpfs,16,1000000,20260813,1000,True,3.123996553942561,320102.78588110965,27.17379458376672,2.11144145578146,35.37566135637462,732.8318108280646,1000000,1000000,1000,0.0021240009227767587,3.1370816809358075,318767.60049859295,1024,100,1024,102400,0.008232005988247693,124392.52370101518,0.1041386584574866,0.0999164767563343,0.1252025249414146,0.2243114018347114,,trial-0001.json,2.912478,0.17722599999999997,2085,0,1026,6,3.0897040000000002,0.989022857948008,25736,16,195692803,284793136,47824,108468,0,0,0,0.11528499999999998,0.008114999999999997,16,0,0,0,0.12339999999999998,14.990270922563742,25532,16,9942579,0,2459,0,0,0,0,,,,,,,,,,,,,,,,,,,,,False,,,,,,,automatic_during_commits_plus_final_truncate,warm_after_write_checkpoint_and_validation,,,,,,sqlite,shifter,3.11.15,3.46.1,366e975effc41801a615a88b44c609e98932ed1247531b4d1a777c4b70f3e6ac,shifter,embedded,,,,,,,read1024,sqlite-shifter,sqlite-shifter-metadata,nid005765,59220317,3.46.1,2026-10-02T19:17:19.103731+00:00,,
2,warmup,1,metadata,tmpfs,1,1000000,20260813,1000,True,2.5361327449791133,394301.12717078446,1.7527118575526401,1.7087439191527665,1.76237101550214,3.1939132034312934,1000000,1000000,1000,0.0015673839952796698,2.5512639340013266,391962.5824175822,1024,100,1024,102400,0.09297562600113451,11013.639208920249,0.07887440676768165,0.0787610188126564,0.0803490576799959,0.08630042895674706,,trial-0002.json,2.424111,0.11208399999999999,987,0,0,3,2.5361949999999998,1.0000245472249076,25736,1,62697615,206911936,15310,85389,0,0,0,0.092879,0.0,1,0,0,1,0.092879,0.9989607383645545,24740,1,7651427,0,1870,0,0,0,0,,,,,,,,,,,,,,,,,,,,,False,,,,,,,automatic_during_commits_plus_final_truncate,warm_after_write_checkpoint_and_validation,,,,,,sqlite,shifter,3.11.15,3.46.1,366e975effc41801a615a88b44c609e98932ed1247531b4d1a777c4b70f3e6ac,shifter,embedded,,,,,,,read1024,sqlite-shifter,sqlite-shifter-metadata,nid005765,59220317,3.46.1,2026-10-02T19:17:23.114009+00:00,,
3,warmup,1,metadata,lustre,16,1000000,20260813,1000,True,4.539593795896508,220284.02649239977,44.88867134437896,7.221004518214613,84.24912451882847,1042.7626479160963,1000000,1000000,1000,0.07858673005830497,4.632325874990784,215874.27719600784,1024,100,1024,102400,0.03158769698347896,32417.684661707808,0.4213324241391092,0.41012594010680914,0.5500117666088046,0.7017996173817662,,trial-0003.json,3.1328929999999997,2.298101,1778,0,20140,10532,5.430994,1.1963612261760643,24836,16,219739740,296197136,53680,111364,0,291835904,0,0.143675,0.17244299999999996,16,0,2668,8353,0.31611799999999995,10.007630507704832,25916,16,9918000,0,2453,0,0,0,0,,,,,,,,,,,,,,,,,,,,,False,,,,,,,automatic_during_commits_plus_final_truncate,warm_after_write_checkpoint_and_validation,,,,,,sqlite,shifter,3.11.15,3.46.1,366e975effc41801a615a88b44c609e98932ed1247531b4d1a777c4b70f3e6ac,shifter,embedded,,,,,,,read1024,sqlite-shifter,sqlite-shifter-metadata,nid005765,59220317,3.46.1,2026-10-02T19:17:26.465021+00:00,,
4,warmup,1,metadata,lustre,1,1000000,20260813,1000,True,4.505843052989803,221934.05057383454,3.6247811471112072,2.932074014097452,3.782462311210109,22.2547218890395,1000000,1000000,1000,0.017321435967460275,4.540697479969822,220230.48318265108,1024,100,1024,102400,0.2695658269803971,3798.7010871168977,0.2423349747004977,0.23861206136643887,0.2579710795544088,0.27831583982333535,,trial-0004.json,2.77324,1.106788,1284,0,6957,214,3.8800280000000003,0.8611103303798942,27060,1,62697615,206911936,15310,85389,0,207118336,0,0.115986,0.069533,55,0,2047,76,0.185519,0.6882140888484762,27356,1,7651427,0,1870,0,0,0,0,,,,,,,,,,,,,,,,,,,,,False,,,,,,,automatic_during_commits_plus_final_truncate,warm_after_write_checkpoint_and_validation,,,,,,sqlite,shifter,3.11.15,3.46.1,366e975effc41801a615a88b44c609e98932ed1247531b4d1a777c4b70f3e6ac,shifter,embedded,,,,,,,read1024,sqlite-shifter,sqlite-shifter-metadata,nid005765,59220317,3.46.1,2026-10-02T19:17:32.024687+00:00,,
5,warmup,1,metadata,lustre,64,1000000,20260813,1000,True,5.084416997036897,196679.38341461399,156.20220078888815,7.245966524351388,948.3583468070676,3762.7953422954297,1000000,1000000,1000,0.09962627198547125,5.20144292502664,192254.3444990081,1024,100,1024,102400,0.028850800939835608,35492.94877932199,1.5634378328286402,1.5817064559087157,1.7387594329193234,1.8558324594050644,,trial-0005.json,3.3223109999999996,2.5817489999999985,6086,0,29674,9673,5.904059999999998,1.1612068804428852,24644,64,234818036,298430776,57462,111777,0,294916096,0,0.19741600000000004,0.20970999999999998,0,0,4078,5437,0.40712600000000004,14.111427992900632,24468,64,11901120,0,3032,0,0,0,0,,,,,,,,,,,,,,,,,,,,,False,,,,,,,automatic_during_commits_plus_final_truncate,warm_after_write_checkpoint_and_validation,,,,,,sqlite,shifter,3.11.15,3.46.1,366e975effc41801a615a88b44c609e98932ed1247531b4d1a777c4b70f3e6ac,shifter,embedded,,,,,,,read1024,sqlite-shifter,sqlite-shifter-metadata,nid005765,59220317,3.46.1,2026-10-02T19:17:37.612756+00:00,,
6,warmup,1,metadata,tmpfs,64,1000000,20260813,1000,True,5.789107691962272,172738.19269045946,172.05781971267425,2.1345510031096637,737.6419645675878,4742.550448855617,1000000,1000000,1000,0.00086265301797539,5.803652086062357,172305.29762484037,1024,100,1024,102400,0.014860760071314871,68906.30055838033,0.7959178494729713,0.8441979298368096,0.9167544543743134,0.9784712363034487,,trial-0006.json,3.006145999999999,0.3388500000000002,9243,0,2484,38,3.3449959999999996,0.5778085635968161,27372,64,212991772,289394768,52163,109497,0,0,0,0.10891400000000002,0.7307950000000001,0,0,0,15,0.8397089999999999,56.5051179058369,25536,64,11782336,0,3003,0,0,0,0,,,,,,,,,,,,,,,,,,,,,False,,,,,,,automatic_during_commits_plus_final_truncate,warm_after_write_checkpoint_and_validation,,,,,,sqlite,shifter,3.11.15,3.46.1,366e975effc41801a615a88b44c609e98932ed1247531b4d1a777c4b70f3e6ac,shifter,embedded,,,,,,,read1024,sqlite-shifter,sqlite-shifter-metadata,nid005765,59220317,3.46.1,2026-10-02T19:17:43.994464+00:00,,
7,measured,1,metadata,lustre,16,1000000,20260815,1000,True,4.535407510004006,220487.3537370662,46.717039574403316,7.301326491869986,109.74235223256979,1146.4131844765498,1000000,1000000,1000,0.10348728904500604,4.655734024010599,214788.9022102186,1024,100,1024,102400,0.030104878009296954,34014.4211739961,0.3941375927070112,0.3780890256166458,0.5365662043914199,0.6728622259106486,,trial-0007.json,3.232858,2.185971,2156,0,20723,7343,5.418829000000001,1.1947832665636728,24856,16,220345992,294781232,53829,111072,0,291696640,0,0.17776699999999998,0.126528,16,0,2874,4277,0.3042949999999999,10.107830362442522,25256,16,9926192,0,2455,0,0,0,0,,,,,,,,,,,,,,,,,,,,,False,,,,,,,automatic_during_commits_plus_final_truncate,warm_after_write_checkpoint_and_validation,,,,,,sqlite,shifter,3.11.15,3.46.1,366e975effc41801a615a88b44c609e98932ed1247531b4d1a777c4b70f3e6ac,shifter,embedded,,,,,,,read1024,sqlite-shifter,sqlite-shifter-metadata,nid005765,59220317,3.46.1,2026-10-02T19:17:50.964834+00:00,,
8,measured,1,metadata,lustre,64,1000000,20260815,1000,True,4.647121106972918,215186.98931678772,158.84322964772582,7.419422967359424,938.3255464665124,3655.0342620688025,1000000,1000000,1000,0.05325293494388461,4.717571593937464,211973.46560359502,1024,100,1024,102400,0.02857767406385392,35832.167366454516,1.5386595956670135,1.5555084683001041,1.7351013433653861,1.858725865604356,,trial-0008.json,3.127102,2.856355,5675,1,30811,9916,5.983456999999997,1.2875620975364581,27136,64,240683288,300299112,58889,112258,0,295084032,0,0.198733,0.1964189999999999,0,0,4075,4693,0.39515199999999995,13.827297460145735,27064,64,11782336,0,3003,0,0,0,0,,,,,,,,,,,,,,,,,,,,,False,,,,,,,automatic_during_commits_plus_final_truncate,warm_after_write_checkpoint_and_validation,,,,,,sqlite,shifter,3.11.15,3.46.1,366e975effc41801a615a88b44c609e98932ed1247531b4d1a777c4b70f3e6ac,shifter,embedded,,,,,,,read1024,sqlite-shifter,sqlite-shifter-metadata,nid005765,59220317,3.46.1,2026-10-02T19:17:56.538425+00:00,,
9,measured,1,metadata,tmpfs,64,1000000,20260815,1000,True,5.887658137944527,169846.8179657448,177.42533730831929,2.1508539794012904,838.3668904774777,4841.092474438482,1000000,1000000,1000,0.0019350260263308883,5.901296103023924,169454.2999609159,1024,100,1024,102400,0.014910512021742761,68676.38069750964,0.803016236318399,0.8424935513176024,0.9333633468486369,0.9905544004868715,,trial-0009.json,2.8765419999999997,0.45772799999999997,9958,0,2544,48,3.33427,0.5663151497386439,27192,64,211595080,288986280,51823,109613,0,0,0,0.1609079999999999,0.6830780000000001,0,0,0,27,0.843986,56.60342171813318,27284,64,11827392,0,3014,0,0,0,0,,,,,,,,,,,,,,,,,,,,,False,,,,,,,automatic_during_commits_plus_final_truncate,warm_after_write_checkpoint_and_validation,,,,,,sqlite,shifter,3.11.15,3.46.1,366e975effc41801a615a88b44c609e98932ed1247531b4d1a777c4b70f3e6ac,shifter,embedded,,,,,,,read1024,sqlite-shifter,sqlite-shifter-metadata,nid005765,59220317,3.46.1,2026-10-02T19:18:02.500371+00:00,,
10,measured,1,metadata,lustre,1,1000000,20260815,1000,True,4.536483276053332,220435.06812395528,3.646621534251608,2.953550487291068,3.825578885152936,22.710085104918104,1000000,1000000,1000,0.019574473961256444,4.572741606971249,218687.18723915587,1024,100,1024,102400,0.26420947804581374,3875.7125882608916,0.237964094480958,0.2366179833188653,0.24850299814715981,0.26743271388113493,,trial-0010.json,2.775965,1.1261679999999998,1281,0,6948,8,3.9021329999999996,0.8601669536837339,26564,1,62357647,207033432,15227,85531,0,207237120,0,0.126932,0.055509,1,0,2048,4,0.182441,0.6905164846825247,24028,1,7757923,0,1896,0,0,0,0,,,,,,,,,,,,,,,,,,,,,False,,,,,,,automatic_during_commits_plus_final_truncate,warm_after_write_checkpoint_and_validation,,,,,,sqlite,shifter,3.11.15,3.46.1,366e975effc41801a615a88b44c609e98932ed1247531b4d1a777c4b70f3e6ac,shifter,embedded,,,,,,,read1024,sqlite-shifter,sqlite-shifter-metadata,nid005765,59220317,3.46.1,2026-10-02T19:18:09.502380+00:00,,
11,measured,1,metadata,tmpfs,1,1000000,20260815,1000,True,2.5466124010272324,392678.52445728605,1.7700305088656023,1.7251649987883866,1.7785440431907773,3.238990945974365,1000000,1000000,1000,0.0017433010507375002,2.5619077479932457,390334.11752757477,1024,100,1024,102400,0.09083640598692,11273.013158924969,0.076665783012686,0.07632595952600241,0.07802253821864724,0.08555359207093714,,trial-0011.json,2.449711,0.09686600000000001,1024,0,0,7,2.546577,0.9999860987768622,27696,1,62357647,207033432,15227,85531,0,0,0,0.090747,0.0,1,0,0,1,0.090747,0.9990157472001603,26788,1,7757923,0,1896,0,0,0,0,,,,,,,,,,,,,,,,,,,,,False,,,,,,,automatic_during_commits_plus_final_truncate,warm_after_write_checkpoint_and_validation,,,,,,sqlite,shifter,3.11.15,3.46.1,366e975effc41801a615a88b44c609e98932ed1247531b4d1a777c4b70f3e6ac,shifter,embedded,,,,,,,read1024,sqlite-shifter,sqlite-shifter-metadata,nid005765,59220317,3.46.1,2026-10-02T19:18:15.108088+00:00,,
12,measured,1,metadata,tmpfs,16,1000000,20260815,1000,True,3.0526211879914626,327587.3219821197,33.074754776316695,2.179422474000603,106.09789827140048,833.6640110437284,1000000,1000000,1000,0.0026330959517508745,3.066223799949512,326134.05453850626,1024,100,1024,102400,0.007970425998792052,128474.93975293053,0.10180301489981503,0.0963550410233438,0.13062786892987788,0.2176985959522426,,trial-0012.json,3.0004939999999998,0.22301699999999994,976,0,1910,16,3.223511,1.0559813358699046,26116,16,205445228,283424960,50202,107960,0,0,0,0.09411599999999999,0.026960000000000008,16,0,0,0,0.121076,15.190656060083805,24588,16,9971248,0,2466,0,0,0,0,,,,,,,,,,,,,,,,,,,,,False,,,,,,,automatic_during_commits_plus_final_truncate,warm_after_write_checkpoint_and_validation,,,,,,sqlite,shifter,3.11.15,3.46.1,366e975effc41801a615a88b44c609e98932ed1247531b4d1a777c4b70f3e6ac,shifter,embedded,,,,,,,read1024,sqlite-shifter,sqlite-shifter-metadata,nid005765,59220317,3.46.1,2026-10-02T19:18:18.450074+00:00,,
13,measured,2,metadata,tmpfs,1,1000000,20260816,1000,True,2.5497536819893867,392194.7469136599,1.7644001912558451,1.7205530311912298,1.7718595336191356,3.1936048611532897,1000000,1000000,1000,0.0016749210190027952,2.5652991379611194,389818.086008789,1024,100,1024,102400,0.09042848495300859,11323.865489199829,0.07608150849591766,0.07584050763398409,0.07750598597340286,0.0836616160813719,,trial-0013.json,2.4383150000000002,0.111444,720,0,0,5,2.5497590000000003,1.0000020856958267,25652,1,62197903,207153920,15188,85631,0,0,0,0.08946199999999999,0.0008760000000000018,1,0,0,1,0.09033799999999999,0.9989993755501309,27584,1,7786595,0,1903,0,0,0,0,,,,,,,,,,,,,,,,,,,,,False,,,,,,,automatic_during_commits_plus_final_truncate,warm_after_write_checkpoint_and_validation,,,,,,sqlite,shifter,3.11.15,3.46.1,366e975effc41801a615a88b44c609e98932ed1247531b4d1a777c4b70f3e6ac,shifter,embedded,,,,,,,read1024,sqlite-shifter,sqlite-shifter-metadata,nid005765,59220317,3.46.1,2026-10-02T19:18:22.320941+00:00,,
14,measured,2,metadata,tmpfs,64,1000000,20260816,1000,True,4.585608032997698,218073.58867222702,125.07506378251128,2.1602605702355504,639.8804770957169,3540.197263576555,1000000,1000000,1000,0.0034035330172628164,4.6065340109635144,217082.9516551941,1024,100,1024,102400,0.015378135023638606,66588.04844839452,0.8245312402550553,0.8689400274306536,0.9519953571725637,0.9921212156768888,,trial-0014.json,2.9767809999999995,0.34800099999999984,7161,0,2297,29,3.324782,0.7250471422928243,26300,64,213065456,288584264,52180,109490,0,0,0,0.129767,0.7339429999999998,0,0,0,37,0.8637099999999999,56.164807934924625,24992,64,11761856,0,2998,0,0,0,0,,,,,,,,,,,,,,,,,,,,,False,,,,,,,automatic_during_commits_plus_final_truncate,warm_after_write_checkpoint_and_validation,,,,,,sqlite,shifter,3.11.15,3.46.1,366e975effc41801a615a88b44c609e98932ed1247531b4d1a777c4b70f3e6ac,shifter,embedded,,,,,,,read1024,sqlite-shifter,sqlite-shifter-metadata,nid005765,59220317,3.46.1,2026-10-02T19:18:25.671965+00:00,,
15,measured,2,metadata,tmpfs,16,1000000,20260816,1000,True,3.117376454989426,320782.56009134836,26.196729159215465,2.097274991683662,11.111229861853642,835.8183587307549,1000000,1000000,1000,0.003301257034763694,3.131949365953915,319289.9639025373,1024,100,1024,102400,0.008534817956387997,119979.1261199161,0.10706253806347377,0.10259699774906039,0.11800380889326334,0.23749958490952836,,trial-0015.json,2.875154,0.19539100000000004,2326,0,879,14,3.0705450000000005,0.9849772859756895,25100,16,193870064,283688856,47379,107927,0,0,0,0.11444400000000002,0.011869000000000001,16,0,0,0,0.126313,14.799729841391565,25204,16,9893424,0,2447,0,0,0,0,,,,,,,,,,,,,,,,,,,,,False,,,,,,,automatic_during_commits_plus_final_truncate,warm_after_write_checkpoint_and_validation,,,,,,sqlite,shifter,3.11.15,3.46.1,366e975effc41801a615a88b44c609e98932ed1247531b4d1a777c4b70f3e6ac,shifter,embedded,,,,,,,read1024,sqlite-shifter,sqlite-shifter-metadata,nid005765,59220317,3.46.1,2026-10-02T19:18:31.387285+00:00,,
16,measured,2,metadata,lustre,16,1000000,20260816,1000,True,4.5275768040446565,220868.6993684264,44.575602473691106,7.184190500993282,89.03342413832407,1241.3545503735077,1000000,1000000,1000,0.08802011806983501,4.630677337059751,215951.12922183218,1024,100,1024,102400,0.028814909979701042,35537.157697919836,0.38935248596772,0.37068547680974007,0.5113450402859598,0.6442390254233031,,trial-0016.json,3.226701,2.107797,1906,0,19583,6948,5.334498,1.1782236350434718,24520,16,216401588,293194976,52867,110454,0,288710656,0,0.161752,0.136587,16,0,2971,3655,0.29833899999999997,10.353632900820024,25148,16,9872944,0,2442,0,0,0,0,,,,,,,,,,,,,,,,,,,,,False,,,,,,,automatic_during_commits_plus_final_truncate,warm_after_write_checkpoint_and_validation,,,,,,sqlite,shifter,3.11.15,3.46.1,366e975effc41801a615a88b44c609e98932ed1247531b4d1a777c4b70f3e6ac,shifter,embedded,,,,,,,read1024,sqlite-shifter,sqlite-shifter-metadata,nid005765,59220317,3.46.1,2026-10-02T19:18:35.333865+00:00,,
17,measured,2,metadata,lustre,1,1000000,20260816,1000,True,4.577527354937047,218458.55250246837,3.67014807194937,2.9799409676343203,3.7835008988622576,22.350546051748097,1000000,1000000,1000,0.06742552400100976,4.668314605951309,214210.0703164199,1024,100,1024,102400,0.27296606393065304,3751.382077517691,0.24419114936335973,0.24306599516421556,0.2531016420107335,0.27373921941034496,,trial-0017.json,2.688529,1.260452,2638,0,6963,12,3.948981,0.8626886731197501,24220,1,62197903,207153920,15188,85631,0,207368192,0,0.132075,0.052917,1,0,2048,7,0.184992,0.6777106184415553,25760,1,7786595,0,1903,0,0,0,0,,,,,,,,,,,,,,,,,,,,,False,,,,,,,automatic_during_commits_plus_final_truncate,warm_after_write_checkpoint_and_validation,,,,,,sqlite,shifter,3.11.15,3.46.1,366e975effc41801a615a88b44c609e98932ed1247531b4d1a777c4b70f3e6ac,shifter,embedded,,,,,,,read1024,sqlite-shifter,sqlite-shifter-metadata,nid005765,59220317,3.46.1,2026-10-02T19:18:40.886242+00:00,,
18,measured,2,metadata,lustre,64,1000000,20260816,1000,True,6.409654062008485,156014.66012451955,179.38470765354577,3.7870740052312613,839.9779732630118,4676.819753419839,1000000,1000000,1000,0.05117311398498714,6.478893222985789,154347.35001530885,1024,100,1024,102400,0.02936727798078209,34868.74066674154,1.5690639011154417,1.588875544257462,1.7499233013950288,1.863373942906037,,trial-0018.json,3.1807110000000005,2.681522,7185,0,28430,8809,5.862233,0.9145942890657426,26388,64,229190572,297187024,56098,111514,0,294133760,0,0.18496299999999993,0.211076,0,0,4070,4384,0.3960390000000001,13.485723813394197,25296,64,11819200,0,3012,0,0,0,0,,,,,,,,,,,,,,,,,,,,,False,,,,,,,automatic_during_commits_plus_final_truncate,warm_after_write_checkpoint_and_validation,,,,,,sqlite,shifter,3.11.15,3.46.1,366e975effc41801a615a88b44c609e98932ed1247531b4d1a777c4b70f3e6ac,shifter,embedded,,,,,,,read1024,sqlite-shifter,sqlite-shifter-metadata,nid005765,59220317,3.46.1,2026-10-02T19:18:46.607775+00:00,,
19,measured,3,metadata,lustre,1,1000000,20260817,1000,True,4.497635643929243,222339.0419252316,3.6109234334435314,2.9453900060616434,3.8356189557816833,21.361583496909585,1000000,1000000,1000,0.025884255999699235,4.5395568939857185,220285.8171741081,1024,100,1024,102400,0.26549684605561197,3856.9196403391893,0.23910417974093434,0.23769045947119594,0.24892904330044985,0.265607382170856,,trial-0019.json,2.806289,1.080769,1265,0,6971,6,3.887058,0.8642447516278069,24760,1,62582927,207089720,15282,85501,0,207294464,0,0.11252899999999998,0.067509,2,0,2048,3,0.18003799999999998,0.6781172834056512,23556,1,7700579,0,1882,0,0,0,0,,,,,,,,,,,,,,,,,,,,,False,,,,,,,automatic_during_commits_plus_final_truncate,warm_after_write_checkpoint_and_validation,,,,,,sqlite,shifter,3.11.15,3.46.1,366e975effc41801a615a88b44c609e98932ed1247531b4d1a777c4b70f3e6ac,shifter,embedded,,,,,,,read1024,sqlite-shifter,sqlite-shifter-metadata,nid005765,59220317,3.46.1,2026-10-02T19:18:54.301197+00:00,,
20,measured,3,metadata,lustre,64,1000000,20260817,1000,True,6.707365454989485,149089.83366280101,199.747836747556,3.6803685361519456,848.4900741022968,5492.797390474006,1000000,1000000,1000,0.049394292989745736,6.773519295966253,147633.74197450315,1024,100,1024,102400,0.0283521160017699,36117.23371673832,1.5386735900619897,1.5561070176772773,1.7283846740610898,1.8111520365346223,,trial-0020.json,3.3952000000000013,2.4363219999999997,6889,0,30026,11895,5.831522,0.8694206449809646,27404,64,225623132,296237352,55231,111275,0,294387712,0,0.1898800000000001,0.20014599999999988,0,0,4081,4454,0.39002600000000004,13.756504099223225,26968,64,11843776,0,3018,0,0,0,0,,,,,,,,,,,,,,,,,,,,,False,,,,,,,automatic_during_commits_plus_final_truncate,warm_after_write_checkpoint_and_validation,,,,,,sqlite,shifter,3.11.15,3.46.1,366e975effc41801a615a88b44c609e98932ed1247531b4d1a777c4b70f3e6ac,shifter,embedded,,,,,,,read1024,sqlite-shifter,sqlite-shifter-metadata,nid005765,59220317,3.46.1,2026-10-02T19:18:59.874580+00:00,,
21,measured,3,metadata,tmpfs,1,1000000,20260817,1000,True,2.5376164379995316,394070.5872745393,1.7556108828866854,1.7092155176214874,1.7648309818468988,3.224758206633851,1000000,1000000,1000,0.001619152957573533,2.5532502400455996,391657.6543559399,1024,100,1024,102400,0.09131030307617038,11214.506638377783,0.07717244238847343,0.0765770673751831,0.08150297217071056,0.08724504150450228,,trial-0021.json,2.457291,0.080383,747,0,0,4,2.537674,1.0000226834913293,25572,1,62582927,207089720,15282,85501,0,0,0,0.08291,0.008284,130,0,0,2,0.091194,0.9987262874806869,24308,1,7700579,0,1882,0,0,0,0,,,,,,,,,,,,,,,,,,,,,False,,,,,,,automatic_during_commits_plus_final_truncate,warm_after_write_checkpoint_and_validation,,,,,,sqlite,shifter,3.11.15,3.46.1,366e975effc41801a615a88b44c609e98932ed1247531b4d1a777c4b70f3e6ac,shifter,embedded,,,,,,,read1024,sqlite-shifter,sqlite-shifter-metadata,nid005765,59220317,3.46.1,2026-10-02T19:19:07.878735+00:00,,
22,measured,3,metadata,tmpfs,16,1000000,20260817,1000,True,3.0959499259479344,323002.64019735873,27.23999440728221,2.1184295183047652,20.808080589631572,934.4052482186798,1000000,1000000,1000,0.0028997170738875866,3.1097026920178905,321574.15001982026,1024,100,1024,102400,0.0076954279793426394,133066.02345558855,0.09785842473775119,0.09349948959425092,0.11467986623756589,0.20065428572706875,,trial-0022.json,2.8675000000000006,0.20367999999999997,2776,0,898,9,3.0711799999999996,0.991999248521324,26424,16,196073712,286754024,47917,109071,0,0,0,0.11202400000000003,0.004509999999999998,16,0,0,11,0.11653400000000003,15.143277321653866,25304,16,9860656,0,2439,0,0,0,0,,,,,,,,,,,,,,,,,,,,,False,,,,,,,automatic_during_commits_plus_final_truncate,warm_after_write_checkpoint_and_validation,,,,,,sqlite,shifter,3.11.15,3.46.1,366e975effc41801a615a88b44c609e98932ed1247531b4d1a777c4b70f3e6ac,shifter,embedded,,,,,,,read1024,sqlite-shifter,sqlite-shifter-metadata,nid005765,59220317,3.46.1,2026-10-02T19:19:11.233520+00:00,,
23,measured,3,metadata,tmpfs,64,1000000,20260817,1000,True,5.78827001794707,172763.19122974685,171.69754963193554,2.13959050597623,737.6005592523097,4741.948454786324,1000000,1000000,1000,0.0008365529356524348,5.801793054910377,172360.5083007304,1024,100,1024,102400,0.015270955977030098,67055.39597784552,0.8174506316436236,0.8624579641036689,0.9462574380449951,0.9995851677376777,,trial-0023.json,2.966122000000001,0.34794200000000003,9463,0,2438,42,3.314064,0.5725482725796198,26352,64,209715060,286787288,51365,108760,0,0,0,0.12242300000000002,0.7397230000000001,0,0,0,21,0.8621459999999997,56.45658341866756,27284,64,11798720,0,3007,0,0,0,0,,,,,,,,,,,,,,,,,,,,,False,,,,,,,automatic_during_commits_plus_final_truncate,warm_after_write_checkpoint_and_validation,,,,,,sqlite,shifter,3.11.15,3.46.1,366e975effc41801a615a88b44c609e98932ed1247531b4d1a777c4b70f3e6ac,shifter,embedded,,,,,,,read1024,sqlite-shifter,sqlite-shifter-metadata,nid005765,59220317,3.46.1,2026-10-02T19:19:15.194694+00:00,,
24,measured,3,metadata,lustre,16,1000000,20260817,1000,True,4.744746449985541,210759.4179248603,42.06285617046524,3.898456518072635,58.65297907148488,745.5982019717284,1000000,1000000,1000,0.05605601903516799,4.814752364065498,207695.00160868425,1024,100,1024,102400,0.030853619915433228,33188.974350714256,0.40679091750916996,0.38975197821855545,0.5484759400133044,0.740696006687358,,trial-0024.json,3.229939,2.0244169999999997,2114,0,18121,6942,5.254356,1.1074050121299972,25572,16,212395744,293574328,51890,110319,0,291258368,0,0.16762000000000005,0.13988199999999998,16,0,2759,6122,0.30750200000000005,9.966480459759119,24860,16,9958960,0,2463,0,0,0,0,,,,,,,,,,,,,,,,,,,,,False,,,,,,,automatic_during_commits_plus_final_truncate,warm_after_write_checkpoint_and_validation,,,,,,sqlite,shifter,3.11.15,3.46.1,366e975effc41801a615a88b44c609e98932ed1247531b4d1a777c4b70f3e6ac,shifter,embedded,,,,,,,read1024,sqlite-shifter,sqlite-shifter-metadata,nid005765,59220317,3.46.1,2026-10-02T19:19:22.117853+00:00,,
25,measured,4,metadata,tmpfs,1,1000000,20260818,1000,True,2.525255189044401,395999.58227525384,1.7442317369859666,1.6998479841277003,1.7534445330966264,3.1880586221814156,1000000,1000000,1000,0.0014406609116122127,2.5394806819967926,393781.29831399245,1024,100,1024,102400,0.09100332402158529,11252.336230675652,0.07682773514261498,0.07628655293956399,0.08146604523062706,0.08515237714163959,,trial-0025.json,2.4169639999999997,0.10832199999999999,990,0,0,5,2.5252859999999995,1.0000122011255466,25736,1,62943375,206943576,15370,85350,0,0,0,0.090664,0.0002239999999999985,128,0,0,2,0.090888,0.9987327493492663,26320,1,7745635,0,1893,0,0,0,0,,,,,,,,,,,,,,,,,,,,,False,,,,,,,automatic_during_commits_plus_final_truncate,warm_after_write_checkpoint_and_validation,,,,,,sqlite,shifter,3.11.15,3.46.1,366e975effc41801a615a88b44c609e98932ed1247531b4d1a777c4b70f3e6ac,shifter,embedded,,,,,,,read1024,sqlite-shifter,sqlite-shifter-metadata,nid005765,59220317,3.46.1,2026-10-02T19:19:27.848432+00:00,,
26,measured,4,metadata,lustre,16,1000000,20260818,1000,True,4.525911440025084,220949.97068578473,48.29198083677329,7.298417505808175,109.33928485028446,1342.380177573068,1000000,1000000,1000,0.0819546029670164,4.620768249966204,216414.229388655,1024,100,1024,102400,0.029339198023080826,34902.11283875007,0.3833460850728443,0.36857149098068476,0.5064650380518287,0.583165279822424,,trial-0026.json,3.0656540000000003,2.3546309999999995,2240,0,21294,6548,5.420285000000001,1.1976118118585988,27256,16,222426804,294439144,54338,110731,0,291012608,0,0.19085399999999997,0.101348,16,0,3030,2910,0.29220199999999996,9.95944060127778,25108,16,9868848,0,2441,0,0,0,0,,,,,,,,,,,,,,,,,,,,,False,,,,,,,automatic_during_commits_plus_final_truncate,warm_after_write_checkpoint_and_validation,,,,,,sqlite,shifter,3.11.15,3.46.1,366e975effc41801a615a88b44c609e98932ed1247531b4d1a777c4b70f3e6ac,shifter,embedded,,,,,,,read1024,sqlite-shifter,sqlite-shifter-metadata,nid005765,59220317,3.46.1,2026-10-02T19:19:31.169470+00:00,,
27,measured,4,metadata,lustre,64,1000000,20260818,1000,True,4.674365237005986,213932.7907205894,156.96927121188492,7.355436508078128,865.6054942402943,3557.1138154959763,1000000,1000000,1000,0.09395843907259405,4.785458774073049,208966.38069851548,1024,100,1024,102400,0.028937338036485016,35386.80713163428,1.5618038947877722,1.578153984155506,1.7545913171488792,1.891921377973631,,trial-0027.json,3.3437999999999994,2.589308,5828,0,29868,10982,5.933108000000002,1.269286352086655,25348,64,238201200,301272304,58285,112434,0,297988096,0,0.19306099999999987,0.20998599999999995,0,0,4071,5567,0.40304699999999993,13.928268021468556,24520,64,11806912,0,3009,0,0,0,0,,,,,,,,,,,,,,,,,,,,,False,,,,,,,automatic_during_commits_plus_final_truncate,warm_after_write_checkpoint_and_validation,,,,,,sqlite,shifter,3.11.15,3.46.1,366e975effc41801a615a88b44c609e98932ed1247531b4d1a777c4b70f3e6ac,shifter,embedded,,,,,,,read1024,sqlite-shifter,sqlite-shifter-metadata,nid005765,59220317,3.46.1,2026-10-02T19:19:36.732198+00:00,,
28,measured,4,metadata,lustre,1,1000000,20260818,1000,True,4.531157483928837,220694.16116010354,3.6382176824845374,2.9450689908117056,3.8358881545718755,22.607911202358082,1000000,1000000,1000,0.01569030003156513,4.5713241619523615,218754.99627068915,1024,100,1024,102400,0.2653448539786041,3859.1289208969156,0.23937211801694502,0.23790099658071995,0.25111499708145857,0.26859268080443144,,trial-0028.json,2.7972029999999997,1.109168,1213,0,6954,549,3.9063709999999996,0.8621132710251548,24836,1,62943375,206943576,15370,85350,0,207142912,0,0.127306,0.053606,129,0,2048,9,0.18091200000000002,0.6817995423215848,26420,1,7745635,0,1893,0,0,0,0,,,,,,,,,,,,,,,,,,,,,False,,,,,,,automatic_during_commits_plus_final_truncate,warm_after_write_checkpoint_and_validation,,,,,,sqlite,shifter,3.11.15,3.46.1,366e975effc41801a615a88b44c609e98932ed1247531b4d1a777c4b70f3e6ac,shifter,embedded,,,,,,,read1024,sqlite-shifter,sqlite-shifter-metadata,nid005765,59220317,3.46.1,2026-10-02T19:19:42.836485+00:00,,
29,measured,4,metadata,tmpfs,64,1000000,20260818,1000,True,5.490486596012488,182133.21943564317,157.65328798547853,2.1416644449345767,638.9142387197309,4441.3164350390425,1000000,1000000,1000,0.0017785790842026472,5.507696298067458,181564.11426513846,1024,100,1024,102400,0.013311221031472087,76927.57843769017,0.6992582025304728,0.7398725720122457,0.8345833222847432,0.933005125261843,,trial-0029.json,2.907661,0.39975499999999997,8374,0,2375,38,3.307416000000001,0.6023903240929573,26328,64,212229916,289298960,51977,109577,0,0,0,0.11064499999999995,0.631763,0,0,0,13,0.7424080000000001,55.773095364031924,25572,64,11872448,0,3025,0,0,0,0,,,,,,,,,,,,,,,,,,,,,False,,,,,,,automatic_during_commits_plus_final_truncate,warm_after_write_checkpoint_and_validation,,,,,,sqlite,shifter,3.11.15,3.46.1,366e975effc41801a615a88b44c609e98932ed1247531b4d1a777c4b70f3e6ac,shifter,embedded,,,,,,,read1024,sqlite-shifter,sqlite-shifter-metadata,nid005765,59220317,3.46.1,2026-10-02T19:19:48.456746+00:00,,
30,measured,4,metadata,tmpfs,16,1000000,20260818,1000,True,3.143568405066617,318109.8265233419,27.429561775992624,2.1227430552244186,35.926603770349175,632.8872909292104,1000000,1000000,1000,0.00151409104000777,3.155825515044853,316874.29968249914,1024,100,1024,102400,0.007952330051921308,128767.29126108119,0.09913469921229989,0.09662547381594777,0.11047494481317699,0.1792292681057006,,trial-0030.json,2.9000359999999996,0.19966200000000003,2164,0,1119,15,3.099698,0.9860443930547498,27784,16,199366896,286706392,48721,108783,0,0,0,0.11011900000000001,0.007775000000000002,16,0,0,5,0.11789400000000001,14.825088902279207,24908,16,9827888,0,2431,0,0,0,0,,,,,,,,,,,,,,,,,,,,,False,,,,,,,automatic_during_commits_plus_final_truncate,warm_after_write_checkpoint_and_validation,,,,,,sqlite,shifter,3.11.15,3.46.1,366e975effc41801a615a88b44c609e98932ed1247531b4d1a777c4b70f3e6ac,shifter,embedded,,,,,,,read1024,sqlite-shifter,sqlite-shifter-metadata,nid005765,59220317,3.46.1,2026-10-02T19:19:55.026197+00:00,,
31,measured,5,metadata,tmpfs,64,1000000,20260819,1000,True,5.688704553991556,175786.94595737732,166.53908360993955,2.1275324979797006,637.8533567476507,4641.605974392732,1000000,1000000,1000,0.0035115390783175826,5.70600246405229,175254.04279089987,1024,100,1024,102400,0.014895564992912114,68745.29435353803,0.7898538169683889,0.8350550779141486,0.9274666896089911,0.9779910196084529,,trial-0031.json,2.844541,0.4665799999999999,8234,0,2383,30,3.311120999999999,0.5820518482853371,26908,64,209649436,286601528,51347,108825,0,0,0,0.171699,0.6593569999999999,2,0,0,35,0.8310560000000002,55.792177094017504,25236,64,11864256,0,3023,0,0,0,0,,,,,,,,,,,,,,,,,,,,,False,,,,,,,automatic_during_commits_plus_final_truncate,warm_after_write_checkpoint_and_validation,,,,,,sqlite,shifter,3.11.15,3.46.1,366e975effc41801a615a88b44c609e98932ed1247531b4d1a777c4b70f3e6ac,shifter,embedded,,,,,,,read1024,sqlite-shifter,sqlite-shifter-metadata,nid005765,59220317,3.46.1,2026-10-02T19:19:59.045904+00:00,,
32,measured,5,metadata,tmpfs,1,1000000,20260819,1000,True,2.56000298098661,390624.5451380708,1.7805141571443528,1.7313479911535978,1.802205527201295,3.2593982038088143,1000000,1000000,1000,0.0013454779982566833,2.5757953849388286,388229.595350311,1024,100,1024,102400,0.09047612699214369,11317.90267822712,0.07611922126216086,0.07577496580779552,0.07741204462945461,0.08730121422559022,,trial-0032.json,2.4238939999999998,0.13600199999999998,991,0,0,9,2.5598959999999997,0.999958210600767,27788,1,63193231,207189024,15431,85397,0,0,0,0.086437,0.003925,1,0,0,1,0.090362,0.998738595517538,23044,1,7741539,0,1892,0,0,0,0,,,,,,,,,,,,,,,,,,,,,False,,,,,,,automatic_during_commits_plus_final_truncate,warm_after_write_checkpoint_and_validation,,,,,,sqlite,shifter,3.11.15,3.46.1,366e975effc41801a615a88b44c609e98932ed1247531b4d1a777c4b70f3e6ac,shifter,embedded,,,,,,,read1024,sqlite-shifter,sqlite-shifter-metadata,nid005765,59220317,3.46.1,2026-10-02T19:20:05.851416+00:00,,
33,measured,5,metadata,lustre,1,1000000,20260819,1000,True,4.493250156054273,222556.04857712737,3.603406838257797,2.94194754678756,3.7580346514005214,21.963878935202956,1000000,1000000,1000,0.015405052923597395,4.531671616947278,220669.1226831748,1024,100,1024,102400,0.26856108696665615,3812.9127773717164,0.24239818355908938,0.2411829773336649,0.25363954482600093,0.2662494487594813,,trial-0033.json,2.788191,1.109519,2316,0,6973,64,3.89771,0.8674589360995552,26876,1,63193231,207189024,15431,85397,0,207405056,0,0.12396299999999999,0.059903,137,0,2048,4,0.18386599999999997,0.6846338093010038,21620,1,7741539,0,1892,0,0,0,0,,,,,,,,,,,,,,,,,,,,,False,,,,,,,automatic_during_commits_plus_final_truncate,warm_after_write_checkpoint_and_validation,,,,,,sqlite,shifter,3.11.15,3.46.1,366e975effc41801a615a88b44c609e98932ed1247531b4d1a777c4b70f3e6ac,shifter,embedded,,,,,,,read1024,sqlite-shifter,sqlite-shifter-metadata,nid005765,59220317,3.46.1,2026-10-02T19:20:09.221252+00:00,,
34,measured,5,metadata,lustre,16,1000000,20260819,1000,True,4.568573476048186,218886.70615515622,45.71828617528081,7.288938970305026,94.06179541838328,1139.488371440675,1000000,1000000,1000,0.10284458007663488,4.686046119080856,213399.52159842267,1024,100,1024,102400,0.030452197999693453,33626.472545932746,0.39741117507219315,0.3795925294980407,0.5340019008144737,0.6614313030149787,,trial-0034.json,3.2970189999999997,2.057437,2001,0,20524,8847,5.354455999999999,1.172019237092713,25220,16,217130676,290538904,53045,109566,0,287191040,0,0.13068200000000002,0.17393699999999998,16,0,2836,4638,0.3046190000000001,10.003185977020987,25152,16,9889328,0,2446,0,0,0,0,,,,,,,,,,,,,,,,,,,,,False,,,,,,,automatic_during_commits_plus_final_truncate,warm_after_write_checkpoint_and_validation,,,,,,sqlite,shifter,3.11.15,3.46.1,366e975effc41801a615a88b44c609e98932ed1247531b4d1a777c4b70f3e6ac,shifter,embedded,,,,,,,read1024,sqlite-shifter,sqlite-shifter-metadata,nid005765,59220317,3.46.1,2026-10-02T19:20:14.798644+00:00,,
35,measured,5,metadata,tmpfs,16,1000000,20260819,1000,True,2.9515515479724854,338804.8569529242,31.316596951219253,2.1409374894574285,80.99838446942158,731.7617085471284,1000000,1000000,1000,0.0015316249337047338,2.9635312259197235,337435.2837094378,1024,100,1024,102400,0.008316357037983835,123130.83665396021,0.10536947092987248,0.09920995216816664,0.13200833345763385,0.24748107069171962,,trial-0035.json,2.9656700000000003,0.19349599999999997,1853,0,1702,8,3.159166,1.0703407847205417,24744,16,204773572,284692744,50040,108357,0,0,0,0.11677599999999996,0.008212000000000004,16,0,0,0,0.12498799999999999,15.029176769243339,25068,16,9995824,0,2472,0,0,0,0,,,,,,,,,,,,,,,,,,,,,False,,,,,,,automatic_during_commits_plus_final_truncate,warm_after_write_checkpoint_and_validation,,,,,,sqlite,shifter,3.11.15,3.46.1,366e975effc41801a615a88b44c609e98932ed1247531b4d1a777c4b70f3e6ac,shifter,embedded,,,,,,,read1024,sqlite-shifter,sqlite-shifter-metadata,nid005765,59220317,3.46.1,2026-10-02T19:20:20.392317+00:00,,
36,measured,5,metadata,lustre,64,1000000,20260819,1000,True,5.889075893908739,169805.92847076946,170.793195786071,6.492722488474101,754.0129791945178,4572.780250823124,1000000,1000000,1000,0.05127970105968416,5.956871806993149,167873.3456754998,1024,100,1024,102400,0.028247763984836638,36250.656885609846,1.537955410867653,1.5620985650457442,1.7162440053652972,1.800215148832649,,trial-0036.json,3.3408869999999995,2.564381,6884,1,29642,9599,5.905268,1.0027495156087238,26532,64,232917712,297375040,57003,111383,0,294273024,0,0.208984,0.18422300000000003,1,0,4070,4663,0.39320699999999986,13.91993363478514,25068,64,11843776,0,3018,0,0,0,0,,,,,,,,,,,,,,,,,,,,,False,,,,,,,automatic_during_commits_plus_final_truncate,warm_after_write_checkpoint_and_validation,,,,,,sqlite,shifter,3.11.15,3.46.1,366e975effc41801a615a88b44c609e98932ed1247531b4d1a777c4b70f3e6ac,shifter,embedded,,,,,,,read1024,sqlite-shifter,sqlite-shifter-metadata,nid005765,59220317,3.46.1,2026-10-02T19:20:24.171748+00:00,,
1,warmup,1,metadata,tmpfs,16,1000000,20260813,1000,True,1.756953208008781,569167.1214928577,26.215411628596485,26.355466980021447,32.01364575070329,35.785950877470896,1000000,1000000,1000,0.0616279230453074,1.8865909840678796,530056.5986188451,1024,100,1024,102400,0.023775091976858675,43070.285532300084,0.26122371502879105,0.2338479971513152,0.410740205552429,1.5649030252825469,,trial-0001.json,9.081151000000002,2.8868359999999997,7168,19,5505,153,11.967986999999997,6.81178471085394,31592,16,1584,0,32,0,49152,0,0,0.13475499999999996,0.02921399999999999,719,2,1041,0,0.16396899999999998,6.896671531685265,32564,16,1584,0,32,0,0,0,0,False,,,,,,,,,,,,,,,,,,,,False,,,,,,,postgresql_automatic_plus_explicit_final_checkpoint,warm_after_write_checkpoint_and_validation,,,,,,postgresql,native,3.11.7,,,native,shifter,e4842c8a99ca99339e1693e6fe5fe62c7becb31991f066f989047dfb2fbf47af,16.12 (Debian 16.12-1.pgdg13+1),3.3.6,180006,client_processes_only,not_collected,read1024,postgres,postgres-metadata,nid005765,59220317,16.12 (Debian 16.12-1.pgdg13+1),2026-10-02T19:20:35.911429+00:00,,
2,warmup,1,metadata,tmpfs,1,1000000,20260813,1000,True,9.508649280993268,105167.4081616291,8.736507223104127,8.612776000518352,8.944883209187537,13.732221270911396,1000000,1000000,1000,0.04738221305888146,9.610287650022656,104055.15801575851,1024,100,1024,102400,0.16398767288774252,6244.371799220405,0.1443749420104723,0.13897597091272473,0.16315702232532203,0.1959485956467688,,trial-0002.json,6.907124,2.410468,2932,0,2997,23,9.317592,0.9799070009475299,31592,1,102,0,2,0,0,0,0,0.08573000000000001,0.012879000000000002,51,0,1026,0,0.09860900000000002,0.6013195886223878,32400,1,99,0,2,0,0,0,0,False,,,,,,,,,,,,,,,,,,,,False,,,,,,,postgresql_automatic_plus_explicit_final_checkpoint,warm_after_write_checkpoint_and_validation,,,,,,postgresql,native,3.11.7,,,native,shifter,e4842c8a99ca99339e1693e6fe5fe62c7becb31991f066f989047dfb2fbf47af,16.12 (Debian 16.12-1.pgdg13+1),3.3.6,180006,client_processes_only,not_collected,read1024,postgres,postgres-metadata,nid005765,59220317,16.12 (Debian 16.12-1.pgdg13+1),2026-10-02T19:20:42.366194+00:00,,
3,warmup,1,metadata,lustre,16,1000000,20260813,1000,True,2.3975565240252763,417091.31358500454,34.79481019638479,32.23576053278521,57.387574116000906,62.44523727102205,1000000,1000000,1000,0.4183998469961807,2.8778761589201167,347478.4684186119,1024,100,1024,102400,0.023476144997403026,43618.745757162294,0.2702144296335973,0.22880808683112264,0.442068389384076,1.4420205249916762,,trial-0003.json,9.572078000000001,3.236522,22724,5,5401,20364,12.808599999999998,5.3423557991848885,31592,16,1587,0,32,0,0,0,0,0.13435899999999995,0.018502000000000025,719,0,1040,0,0.15286099999999997,6.511333100767172,31720,16,1584,0,32,0,0,0,0,False,,,,,,,,,,,,,,,,,,,,False,,,,,,,postgresql_automatic_plus_explicit_final_checkpoint,warm_after_write_checkpoint_and_validation,,,,,,postgresql,native,3.11.7,,,native,shifter,e4842c8a99ca99339e1693e6fe5fe62c7becb31991f066f989047dfb2fbf47af,16.12 (Debian 16.12-1.pgdg13+1),3.3.6,180006,client_processes_only,not_collected,read1024,postgres,postgres-metadata,nid005765,59220317,16.12 (Debian 16.12-1.pgdg13+1),2026-10-02T19:20:56.946293+00:00,,
4,warmup,1,metadata,lustre,1,1000000,20260813,1000,True,13.515296375961043,73990.23833311182,12.609487171168439,11.71653252094984,20.574891008436673,37.3398533067666,1000000,1000000,1000,0.3746874009957537,13.950651205028407,71681.2416354842,1024,100,1024,102400,0.17839938995894045,5739.929941664481,0.1589422656707029,0.1549875014461577,0.17374955932609737,0.2663959702476858,,trial-0004.json,8.228404000000001,2.793657,6505,0,3280,6487,11.022061,0.8155249203120969,33716,1,102,0,2,0,0,0,0,0.095242,0.004946999999999993,52,0,1026,0,0.10018899999999999,0.561599454028733,33716,1,99,0,2,0,0,0,0,False,,,,,,,,,,,,,,,,,,,,False,,,,,,,postgresql_automatic_plus_explicit_final_checkpoint,warm_after_write_checkpoint_and_validation,,,,,,postgresql,native,3.11.7,,,native,shifter,e4842c8a99ca99339e1693e6fe5fe62c7becb31991f066f989047dfb2fbf47af,16.12 (Debian 16.12-1.pgdg13+1),3.3.6,180006,client_processes_only,not_collected,read1024,postgres,postgres-metadata,nid005765,59220317,16.12 (Debian 16.12-1.pgdg13+1),2026-10-02T19:21:06.261108+00:00,,
5,warmup,1,metadata,lustre,64,1000000,20260813,1000,True,1.9799561790423468,505061.6829730413,111.73286178323906,109.38015254214406,211.82291238801548,438.9730534853878,1000000,1000000,1000,0.40656644105911255,2.4572590440511703,406957.5010501725,1024,100,1024,102400,0.013355192029848695,76674.29998096412,0.5253729990499778,0.4429890541359782,1.6293353110086175,2.0892802067101,,trial-0005.json,10.594614999999997,3.4761330000000004,11886,13,6016,23412,14.070747999999991,7.106595665569551,33716,64,6339,0,128,0,0,0,0,0.20869000000000004,0.036436000000000045,2770,5,1091,5,0.24512600000000007,18.35435982141974,33716,64,6336,0,128,0,0,0,0,False,,,,,,,,,,,,,,,,,,,,False,,,,,,,postgresql_automatic_plus_explicit_final_checkpoint,warm_after_write_checkpoint_and_validation,,,,,,postgresql,native,3.11.7,,,native,shifter,e4842c8a99ca99339e1693e6fe5fe62c7becb31991f066f989047dfb2fbf47af,16.12 (Debian 16.12-1.pgdg13+1),3.3.6,180006,client_processes_only,not_collected,read1024,postgres,postgres-metadata,nid005765,59220317,16.12 (Debian 16.12-1.pgdg13+1),2026-10-02T19:21:26.466138+00:00,,
6,warmup,1,metadata,tmpfs,64,1000000,20260813,1000,True,1.6460006129927933,607533.188084164,96.15325289103203,98.13035948900506,127.0794571726583,135.47777847619727,1000000,1000000,1000,0.05775211099535227,1.800968180061318,555256.8951917589,1024,100,1024,102400,0.012829374987632036,79816.82669554609,0.44854588088583114,0.3646585391834378,1.4393056975677612,1.81408965960145,,trial-0006.json,10.146275,3.0912390000000007,11742,14,6001,262,13.237514000000004,8.042229082728758,33716,64,6339,0,128,0,0,0,0,0.18759199999999993,0.054904000000000064,2767,6,1097,7,0.24249600000000004,18.901622271839013,33716,64,6336,0,128,0,0,0,0,False,,,,,,,,,,,,,,,,,,,,False,,,,,,,postgresql_automatic_plus_explicit_final_checkpoint,warm_after_write_checkpoint_and_validation,,,,,,postgresql,native,3.11.7,,,native,shifter,e4842c8a99ca99339e1693e6fe5fe62c7becb31991f066f989047dfb2fbf47af,16.12 (Debian 16.12-1.pgdg13+1),3.3.6,180006,client_processes_only,not_collected,read1024,postgres,postgres-metadata,nid005765,59220317,16.12 (Debian 16.12-1.pgdg13+1),2026-10-02T19:21:36.909556+00:00,,
7,measured,1,metadata,lustre,16,1000000,20260815,1000,True,2.2600485450820997,442468.37183033756,32.820765790413134,30.15914943534881,55.32215210259892,61.785941497655585,1000000,1000000,1000,0.407278576050885,2.732279841089621,365994.72168312175,1024,100,1024,102400,0.02164653199724853,47305.4991039747,0.24216297174461943,0.18737453501671553,0.4061058803927154,1.5065389068331565,,trial-0007.json,9.817447,3.0032429999999994,20929,1,5231,17912,12.82069,5.672749830041491,33716,16,1587,0,32,0,0,0,0,0.109631,0.02429599999999999,715,1,1042,0,0.13392700000000002,6.186995682126973,33716,16,1584,0,32,0,0,0,0,False,,,,,,,,,,,,,,,,,,,,False,,,,,,,postgresql_automatic_plus_explicit_final_checkpoint,warm_after_write_checkpoint_and_validation,,,,,,postgresql,native,3.11.7,,,native,shifter,e4842c8a99ca99339e1693e6fe5fe62c7becb31991f066f989047dfb2fbf47af,16.12 (Debian 16.12-1.pgdg13+1),3.3.6,180006,client_processes_only,not_collected,read1024,postgres,postgres-metadata,nid005765,59220317,16.12 (Debian 16.12-1.pgdg13+1),2026-10-02T19:21:44.317733+00:00,,
8,measured,1,metadata,lustre,64,1000000,20260815,1000,True,1.9362236529123038,516469.2614388243,116.61245157732628,110.74032896431163,216.64644690463317,282.09040886722505,1000000,1000000,1000,0.4159228539792821,2.4756945049157366,403927.0588573836,1024,100,1024,102400,0.014339823042973876,71409.52834154617,0.525019560200235,0.4492305452004075,1.5366773935966196,2.0464869646821167,,trial-0008.json,10.166773999999997,3.3780250000000005,11893,12,6027,18770,13.544798999999998,6.9954723358673245,33716,64,6339,0,128,0,0,0,0,0.205565,0.05628400000000003,2761,7,1087,19,0.261849,18.260267174517114,33716,64,6336,0,128,0,0,0,0,False,,,,,,,,,,,,,,,,,,,,False,,,,,,,postgresql_automatic_plus_explicit_final_checkpoint,warm_after_write_checkpoint_and_validation,,,,,,postgresql,native,3.11.7,,,native,shifter,e4842c8a99ca99339e1693e6fe5fe62c7becb31991f066f989047dfb2fbf47af,16.12 (Debian 16.12-1.pgdg13+1),3.3.6,180006,client_processes_only,not_collected,read1024,postgres,postgres-metadata,nid005765,59220317,16.12 (Debian 16.12-1.pgdg13+1),2026-10-02T19:21:53.646532+00:00,,
9,measured,1,metadata,tmpfs,64,1000000,20260815,1000,True,1.6573107910808176,603387.1289451079,100.49343787971884,101.11520247301087,128.82675944711082,134.3721737829037,1000000,1000000,1000,0.05031782598234713,1.8445872450247407,542126.7021645199,1024,100,1024,102400,0.015600899001583457,65637.24307785508,0.5738780058663906,0.4296785336919129,1.8004092562478036,2.638424913166091,,trial-0009.json,11.281569999999999,2.9327190000000005,11793,13,6005,196,14.214288999999999,8.576719029706029,33716,64,6339,0,128,0,0,0,0,0.2194070000000001,0.04915000000000004,2772,2,1085,58,0.26855700000000016,17.214200282480018,33716,64,6336,0,128,0,0,0,0,False,,,,,,,,,,,,,,,,,,,,False,,,,,,,postgresql_automatic_plus_explicit_final_checkpoint,warm_after_write_checkpoint_and_validation,,,,,,postgresql,native,3.11.7,,,native,shifter,e4842c8a99ca99339e1693e6fe5fe62c7becb31991f066f989047dfb2fbf47af,16.12 (Debian 16.12-1.pgdg13+1),3.3.6,180006,client_processes_only,not_collected,read1024,postgres,postgres-metadata,nid005765,59220317,16.12 (Debian 16.12-1.pgdg13+1),2026-10-02T19:22:04.626797+00:00,,
10,measured,1,metadata,lustre,1,1000000,20260815,1000,True,13.090845375088975,76389.26068922445,12.202192553202622,11.55257603386417,13.996419601608062,37.99759458866902,1000000,1000000,1000,0.37549595802556723,13.528169015073217,73919.83341469125,1024,100,1024,102400,0.18077611702028662,5664.465068054798,0.16097737079689978,0.1585035352036357,0.17254400299862027,0.24814565549604586,,trial-0010.json,7.853994,2.869457,5282,0,3202,5148,10.723451,0.8191564939271248,33716,1,102,0,2,0,0,0,0,0.10098100000000002,0.0,52,0,1026,1,0.10098100000000002,0.5585970185910563,33716,1,99,0,2,0,0,0,0,False,,,,,,,,,,,,,,,,,,,,False,,,,,,,postgresql_automatic_plus_explicit_final_checkpoint,warm_after_write_checkpoint_and_validation,,,,,,postgresql,native,3.11.7,,,native,shifter,e4842c8a99ca99339e1693e6fe5fe62c7becb31991f066f989047dfb2fbf47af,16.12 (Debian 16.12-1.pgdg13+1),3.3.6,180006,client_processes_only,not_collected,read1024,postgres,postgres-metadata,nid005765,59220317,16.12 (Debian 16.12-1.pgdg13+1),2026-10-02T19:22:12.425549+00:00,,
11,measured,1,metadata,tmpfs,1,1000000,20260815,1000,True,9.5444926249329,104772.46295813762,8.766655966755934,8.580063469707966,9.41929563996382,13.542929397663102,1000000,1000000,1000,0.04731230402830988,9.651859823963605,103606.97505336779,1024,100,1024,102400,0.1622589590260759,6310.8996023784275,0.1430586886499441,0.13773399405181408,0.1605289988219738,0.2013363502919673,,trial-0011.json,6.940025,2.4170809999999996,5203,0,2992,99,9.357106,0.9803670417803673,33716,1,102,0,2,0,0,0,0,0.09035099999999999,0.006920999999999997,52,0,1026,1,0.09727199999999998,0.5994861583228069,34240,1,99,0,2,0,0,0,0,False,,,,,,,,,,,,,,,,,,,,False,,,,,,,postgresql_automatic_plus_explicit_final_checkpoint,warm_after_write_checkpoint_and_validation,,,,,,postgresql,native,3.11.7,,,native,shifter,e4842c8a99ca99339e1693e6fe5fe62c7becb31991f066f989047dfb2fbf47af,16.12 (Debian 16.12-1.pgdg13+1),3.3.6,180006,client_processes_only,not_collected,read1024,postgres,postgres-metadata,nid005765,59220317,16.12 (Debian 16.12-1.pgdg13+1),2026-10-02T19:22:32.219120+00:00,,
12,measured,1,metadata,tmpfs,16,1000000,20260815,1000,True,1.8644119519740343,536362.1483659782,28.758274390245788,29.023723967839032,33.218044554814696,36.11265331390314,1000000,1000000,1000,0.06170221301726997,2.0041440600762144,498966.12719645095,1024,100,1024,102400,0.020701884990558028,49464.094717318665,0.24675031977494655,0.21737697534263134,0.38877788465470103,1.3552932266611604,,trial-0012.json,9.004790000000002,2.7857339999999997,5878,2,5838,38,11.790524,6.323990783000626,33716,16,1587,0,32,0,0,0,0,0.13412900000000003,0.019846000000000016,716,1,1041,1,0.15397500000000006,7.437728500096821,33716,16,1584,0,32,0,0,0,0,False,,,,,,,,,,,,,,,,,,,,False,,,,,,,postgresql_automatic_plus_explicit_final_checkpoint,warm_after_write_checkpoint_and_validation,,,,,,postgresql,native,3.11.7,,,native,shifter,e4842c8a99ca99339e1693e6fe5fe62c7becb31991f066f989047dfb2fbf47af,16.12 (Debian 16.12-1.pgdg13+1),3.3.6,180006,client_processes_only,not_collected,read1024,postgres,postgres-metadata,nid005765,59220317,16.12 (Debian 16.12-1.pgdg13+1),2026-10-02T19:22:45.859077+00:00,,
13,measured,2,metadata,tmpfs,1,1000000,20260816,1000,True,9.474199056974612,105549.8194608684,8.685082674375735,8.467909006867558,9.366380597930402,13.381886361166835,1000000,1000000,1000,0.046508765080943704,9.612287504016422,104033.50914984154,1024,100,1024,102400,0.1602290190057829,6390.8523334530455,0.14104216938903846,0.13742304872721434,0.150821462739259,0.20807419321499757,,trial-0013.json,6.780702,2.502783,4776,0,2995,34,9.283484999999999,0.9798701657176798,33716,1,102,0,2,0,0,0,0,0.08601699999999998,0.010750999999999997,52,0,1026,2,0.09676799999999998,0.6039355455113127,33716,1,99,0,2,0,0,0,0,False,,,,,,,,,,,,,,,,,,,,False,,,,,,,postgresql_automatic_plus_explicit_final_checkpoint,warm_after_write_checkpoint_and_validation,,,,,,postgresql,native,3.11.7,,,native,shifter,e4842c8a99ca99339e1693e6fe5fe62c7becb31991f066f989047dfb2fbf47af,16.12 (Debian 16.12-1.pgdg13+1),3.3.6,180006,client_processes_only,not_collected,read1024,postgres,postgres-metadata,nid005765,59220317,16.12 (Debian 16.12-1.pgdg13+1),2026-10-02T19:22:51.947475+00:00,,
14,measured,2,metadata,tmpfs,64,1000000,20260816,1000,True,1.6674672780791298,599711.9182764227,101.76569878996816,101.74537054263055,136.9683264114428,145.36204309551977,1000000,1000000,1000,0.04956339800264686,1.8232225220417604,548479.4027665567,1024,100,1024,102400,0.012444750987924635,82283.6873950797,0.5019573876552386,0.3972859703935683,1.6915116750169545,1.9964337011333555,,trial-0014.json,10.918319999999994,2.9949919999999994,11800,3,6002,112,13.913312000000005,8.343979029098374,33716,64,6339,0,128,0,0,0,0,0.2381460000000001,0.042316000000000006,2776,1,947,150,0.2804620000000002,22.536569857616076,33716,64,6336,0,128,0,0,0,0,False,,,,,,,,,,,,,,,,,,,,False,,,,,,,postgresql_automatic_plus_explicit_final_checkpoint,warm_after_write_checkpoint_and_validation,,,,,,postgresql,native,3.11.7,,,native,shifter,e4842c8a99ca99339e1693e6fe5fe62c7becb31991f066f989047dfb2fbf47af,16.12 (Debian 16.12-1.pgdg13+1),3.3.6,180006,client_processes_only,not_collected,read1024,postgres,postgres-metadata,nid005765,59220317,16.12 (Debian 16.12-1.pgdg13+1),2026-10-02T19:23:06.574936+00:00,,
15,measured,2,metadata,tmpfs,16,1000000,20260816,1000,True,1.7326333889504895,577156.1406915582,25.09872548864223,25.10618552332744,32.16695503215305,35.409408368868746,1000000,1000000,1000,0.06971588102169335,1.8686418189899996,535148.0363104042,1024,100,1024,102400,0.01841057394631207,55620.21059126858,0.22238128065055207,0.1781060709618032,0.3503502812236548,1.3437653495930133,,trial-0015.json,8.888995999999999,2.633694,3053,0,5368,105,11.522689999999999,6.65039129078521,35840,16,1587,0,32,0,0,0,0,0.09619899999999997,0.037337999999999975,716,2,1041,3,0.13353699999999996,7.253277404029522,33716,16,1584,0,32,0,0,0,0,False,,,,,,,,,,,,,,,,,,,,False,,,,,,,postgresql_automatic_plus_explicit_final_checkpoint,warm_after_write_checkpoint_and_validation,,,,,,postgresql,native,3.11.7,,,native,shifter,e4842c8a99ca99339e1693e6fe5fe62c7becb31991f066f989047dfb2fbf47af,16.12 (Debian 16.12-1.pgdg13+1),3.3.6,180006,client_processes_only,not_collected,read1024,postgres,postgres-metadata,nid005765,59220317,16.12 (Debian 16.12-1.pgdg13+1),2026-10-02T19:23:15.072357+00:00,,
16,measured,2,metadata,lustre,16,1000000,20260816,1000,True,2.3188501429976895,431248.22145999124,33.749577912152745,31.072134501300752,55.47164279851129,63.469958999194205,1000000,1000000,1000,0.41558650007937104,2.810548610985279,355802.42095490225,1024,100,1024,102400,0.023450913024134934,43665.677278583215,0.2537579075578833,0.19118149066343904,0.43232339667156344,1.46086168824695,,trial-0016.json,9.817452,3.282714,24872,3,5291,17595,13.100166000000002,5.649423288330649,33716,16,1587,0,32,0,0,0,0,0.11289700000000008,0.029883000000000028,716,1,1041,1,0.1427800000000001,6.088462306480582,35764,16,1584,0,32,0,0,0,0,False,,,,,,,,,,,,,,,,,,,,False,,,,,,,postgresql_automatic_plus_explicit_final_checkpoint,warm_after_write_checkpoint_and_validation,,,,,,postgresql,native,3.11.7,,,native,shifter,e4842c8a99ca99339e1693e6fe5fe62c7becb31991f066f989047dfb2fbf47af,16.12 (Debian 16.12-1.pgdg13+1),3.3.6,180006,client_processes_only,not_collected,read1024,postgres,postgres-metadata,nid005765,59220317,16.12 (Debian 16.12-1.pgdg13+1),2026-10-02T19:23:21.159611+00:00,,
17,measured,2,metadata,lustre,1,1000000,20260816,1000,True,12.930410539964214,77337.06496860908,12.049907849053852,11.557304474990815,12.624453200260177,37.89858730393462,1000000,1000000,1000,0.3798097650287673,13.367794875986874,74806.65354884684,1024,100,1024,102400,0.18031030392739922,5679.0986299502165,0.16040623756907735,0.15778199303895235,0.16919033369049433,0.251860936405137,,trial-0017.json,7.942203999999999,2.738906,4938,0,3225,4962,10.68111,0.8260456980068601,35764,1,102,0,2,0,0,0,0,0.09409799999999999,0.007761000000000004,55,0,1026,1,0.10185899999999999,0.5649094798321279,35764,1,99,0,2,0,0,0,0,False,,,,,,,,,,,,,,,,,,,,False,,,,,,,postgresql_automatic_plus_explicit_final_checkpoint,warm_after_write_checkpoint_and_validation,,,,,,postgresql,native,3.11.7,,,native,shifter,e4842c8a99ca99339e1693e6fe5fe62c7becb31991f066f989047dfb2fbf47af,16.12 (Debian 16.12-1.pgdg13+1),3.3.6,180006,client_processes_only,not_collected,read1024,postgres,postgres-metadata,nid005765,59220317,16.12 (Debian 16.12-1.pgdg13+1),2026-10-02T19:23:30.417212+00:00,,
18,measured,2,metadata,lustre,64,1000000,20260816,1000,True,1.923678706982173,519837.3285364161,110.52403446123935,107.59289201814681,187.6040808332617,432.2806904511526,1000000,1000000,1000,0.4194458971032873,2.4120727230329067,414581.1983407424,1024,100,1024,102400,0.01600394188426435,63984.23634659868,0.5704884252963893,0.4673405201174319,1.612956397002563,2.1697256178595126,,trial-0018.json,10.325128,3.296648999999999,11860,4,6001,17380,13.621776999999996,7.081108165598795,35764,64,6339,0,128,0,0,0,0,0.20964399999999997,0.050184999999999994,2779,7,1094,34,0.259829,16.235312642285535,35764,64,6336,0,128,0,0,0,0,False,,,,,,,,,,,,,,,,,,,,False,,,,,,,postgresql_automatic_plus_explicit_final_checkpoint,warm_after_write_checkpoint_and_validation,,,,,,postgresql,native,3.11.7,,,native,shifter,e4842c8a99ca99339e1693e6fe5fe62c7becb31991f066f989047dfb2fbf47af,16.12 (Debian 16.12-1.pgdg13+1),3.3.6,180006,client_processes_only,not_collected,read1024,postgres,postgres-metadata,nid005765,59220317,16.12 (Debian 16.12-1.pgdg13+1),2026-10-02T19:23:50.073781+00:00,,
19,measured,3,metadata,lustre,1,1000000,20260817,1000,True,13.252832770929672,75455.56616344833,12.380593692534603,11.751631973311305,13.301799580221994,38.798959851264954,1000000,1000000,1000,0.37289626500569284,13.696177870966494,73013.0704654344,1024,100,1024,102400,0.17167064698878676,5964.910239237847,0.15235199055041448,0.14857499627396464,0.1578640891239047,0.2321928448509423,,trial-0019.json,7.891951000000001,2.8625309999999997,5247,0,3318,4792,10.754482,0.8114855281046139,35764,1,102,0,2,0,0,0,0,0.087888,0.008298,53,0,1026,0,0.096186,0.5602938049524722,35764,1,99,0,2,0,0,0,0,False,,,,,,,,,,,,,,,,,,,,False,,,,,,,postgresql_automatic_plus_explicit_final_checkpoint,warm_after_write_checkpoint_and_validation,,,,,,postgresql,native,3.11.7,,,native,shifter,e4842c8a99ca99339e1693e6fe5fe62c7becb31991f066f989047dfb2fbf47af,16.12 (Debian 16.12-1.pgdg13+1),3.3.6,180006,client_processes_only,not_collected,read1024,postgres,postgres-metadata,nid005765,59220317,16.12 (Debian 16.12-1.pgdg13+1),2026-10-02T19:24:00.829869+00:00,,
20,measured,3,metadata,lustre,64,1000000,20260817,1000,True,1.8769447380909696,532780.7365373445,108.79570016404614,104.98691105749458,182.56670758128132,431.6768331010826,1000000,1000000,1000,0.42410925799049437,2.3998555570142344,416691.74508325156,1024,100,1024,102400,0.017192709958180785,59560.12766403655,0.5409621022636202,0.4496764740906656,1.6042282921262085,2.094691575039178,,trial-0020.json,10.452962,3.2715160000000005,11788,2,6042,18870,13.724478,7.312137497430581,35764,64,6339,0,128,0,0,0,0,0.22771299999999997,0.036821,2764,7,1050,52,0.264534,15.386405089334222,35764,64,6342,0,128,0,0,0,0,False,,,,,,,,,,,,,,,,,,,,False,,,,,,,postgresql_automatic_plus_explicit_final_checkpoint,warm_after_write_checkpoint_and_validation,,,,,,postgresql,native,3.11.7,,,native,shifter,e4842c8a99ca99339e1693e6fe5fe62c7becb31991f066f989047dfb2fbf47af,16.12 (Debian 16.12-1.pgdg13+1),3.3.6,180006,client_processes_only,not_collected,read1024,postgres,postgres-metadata,nid005765,59220317,16.12 (Debian 16.12-1.pgdg13+1),2026-10-02T19:24:20.827260+00:00,,
21,measured,3,metadata,tmpfs,1,1000000,20260817,1000,True,9.557055603014305,104634.73705066642,8.769640332553536,8.631773060187697,9.607783966930583,13.442170240450649,1000000,1000000,1000,0.04677064600400627,9.667474318062887,103439.63346575244,1024,100,1024,102400,0.1628101320238784,6289.534854316167,0.14333819979128748,0.13811991084367037,0.1615755376406014,0.20429395721293978,,trial-0021.json,7.016741,2.341873,5444,0,2991,93,9.358614,0.9792361150486854,35764,1,102,0,2,0,0,0,0,0.083003,0.01466400000000001,52,0,1026,0,0.097667,0.599882813102048,35764,1,99,0,2,0,0,0,0,False,,,,,,,,,,,,,,,,,,,,False,,,,,,,postgresql_automatic_plus_explicit_final_checkpoint,warm_after_write_checkpoint_and_validation,,,,,,postgresql,native,3.11.7,,,native,shifter,e4842c8a99ca99339e1693e6fe5fe62c7becb31991f066f989047dfb2fbf47af,16.12 (Debian 16.12-1.pgdg13+1),3.3.6,180006,client_processes_only,not_collected,read1024,postgres,postgres-metadata,nid005765,59220317,16.12 (Debian 16.12-1.pgdg13+1),2026-10-02T19:24:31.626896+00:00,,
22,measured,3,metadata,tmpfs,16,1000000,20260817,1000,True,1.7006188629893586,588021.2326012859,24.265458864043467,24.163463502191007,32.58600502740592,35.694796218303956,1000000,1000000,1000,0.060930250911042094,1.82345795200672,548408.5875956161,1024,100,1024,102400,0.022933120955713093,44651.576293409,0.2889804492269832,0.2569729695096612,0.4364248423371464,1.4821616292465478,,trial-0022.json,10.621737999999997,3.180724,26996,0,4940,142,13.802461999999998,8.116140718172408,35764,16,1587,0,32,0,0,0,0,0.16622699999999999,0.017706000000000013,713,5,1045,0,0.183933,8.02040857653867,35764,16,1584,0,32,0,0,0,0,False,,,,,,,,,,,,,,,,,,,,False,,,,,,,postgresql_automatic_plus_explicit_final_checkpoint,warm_after_write_checkpoint_and_validation,,,,,,postgresql,native,3.11.7,,,native,shifter,e4842c8a99ca99339e1693e6fe5fe62c7becb31991f066f989047dfb2fbf47af,16.12 (Debian 16.12-1.pgdg13+1),3.3.6,180006,client_processes_only,not_collected,read1024,postgres,postgres-metadata,nid005765,59220317,16.12 (Debian 16.12-1.pgdg13+1),2026-10-02T19:24:45.328328+00:00,,
23,measured,3,metadata,tmpfs,64,1000000,20260817,1000,True,1.7228746269829571,580425.2870977431,103.82118642702699,106.33773397421464,134.78911163983864,144.71941085532305,1000000,1000000,1000,0.05714055907446891,1.8913211110047996,528730.9458882586,1024,100,1024,102400,0.01743643602821976,58727.597677800746,0.576279656229417,0.4261370049789548,1.7470999213401228,2.3297041398473084,,trial-0023.json,10.938774999999998,3.173196999999999,11798,3,5998,152,14.111971999999998,8.19094539961531,35764,64,6339,0,128,0,0,0,0,0.23681300000000002,0.035730999999999985,2762,4,1070,85,0.2725439999999999,15.630717169432149,35764,64,6336,0,128,0,0,0,0,False,,,,,,,,,,,,,,,,,,,,False,,,,,,,postgresql_automatic_plus_explicit_final_checkpoint,warm_after_write_checkpoint_and_validation,,,,,,postgresql,native,3.11.7,,,native,shifter,e4842c8a99ca99339e1693e6fe5fe62c7becb31991f066f989047dfb2fbf47af,16.12 (Debian 16.12-1.pgdg13+1),3.3.6,180006,client_processes_only,not_collected,read1024,postgres,postgres-metadata,nid005765,59220317,16.12 (Debian 16.12-1.pgdg13+1),2026-10-02T19:24:51.215962+00:00,,
24,measured,3,metadata,lustre,16,1000000,20260817,1000,True,2.2338130800053477,447665.0302350302,32.875101596233435,29.286090983077884,55.53196754772216,66.1412587761879,1000000,1000000,1000,0.40913778508547693,2.714707615086809,368363.79521778546,1024,100,1024,102400,0.022451487951911986,45609.449235314285,0.27652657388443913,0.24247996043413877,0.4560198576655239,1.3820799242239443,,trial-0024.json,9.631580000000001,3.21768,24895,4,5197,23285,12.84926,5.752164366397764,35764,16,1587,0,32,0,0,0,0,0.14458800000000008,0.01571500000000002,717,1,1041,0,0.16030300000000008,7.139972207781826,35764,16,1584,0,32,0,0,0,0,False,,,,,,,,,,,,,,,,,,,,False,,,,,,,postgresql_automatic_plus_explicit_final_checkpoint,warm_after_write_checkpoint_and_validation,,,,,,postgresql,native,3.11.7,,,native,shifter,e4842c8a99ca99339e1693e6fe5fe62c7becb31991f066f989047dfb2fbf47af,16.12 (Debian 16.12-1.pgdg13+1),3.3.6,180006,client_processes_only,not_collected,read1024,postgres,postgres-metadata,nid005765,59220317,16.12 (Debian 16.12-1.pgdg13+1),2026-10-02T19:24:58.884950+00:00,,
25,measured,4,metadata,tmpfs,1,1000000,20260818,1000,True,9.41445850697346,106219.59821260902,8.633926678914577,8.478825038764626,9.142693574540317,13.470525173470376,1000000,1000000,1000,0.044194236979819834,9.521359249949455,105027.02122129344,1024,100,1024,102400,0.1568467530887574,6528.665591314681,0.13781148118141573,0.13383151963353157,0.14756341697648168,0.20463149994611732,,trial-0025.json,6.795249,2.419895,5013,0,2993,90,9.215144,0.9788288931513348,35764,1,102,0,2,0,0,0,0,0.09102299999999999,0.005353999999999998,52,0,1026,2,0.09637699999999999,0.6144660192325536,35764,1,99,0,2,0,0,0,0,False,,,,,,,,,,,,,,,,,,,,False,,,,,,,postgresql_automatic_plus_explicit_final_checkpoint,warm_after_write_checkpoint_and_validation,,,,,,postgresql,native,3.11.7,,,native,shifter,e4842c8a99ca99339e1693e6fe5fe62c7becb31991f066f989047dfb2fbf47af,16.12 (Debian 16.12-1.pgdg13+1),3.3.6,180006,client_processes_only,not_collected,read1024,postgres,postgres-metadata,nid005765,59220317,16.12 (Debian 16.12-1.pgdg13+1),2026-10-02T19:25:08.053945+00:00,,
26,measured,4,metadata,lustre,16,1000000,20260818,1000,True,2.2205998949939385,450328.76127499307,32.59576004475821,29.127918009180576,54.961178480880335,61.667298392858356,1000000,1000000,1000,0.42408836097456515,2.7149636779213324,368329.052845979,1024,100,1024,102400,0.02239299495704472,45728.58619243581,0.27068817587405647,0.23045652778819203,0.440410920418799,1.608202861389145,,trial-0026.json,9.945084,3.0280720000000003,26693,2,5225,22597,12.973155999999998,5.842185271307243,35764,16,1587,0,32,0,0,0,0,0.13701600000000003,0.018119000000000024,710,4,1044,2,0.15513500000000008,6.927836151331576,35764,16,1584,0,32,0,0,0,0,False,,,,,,,,,,,,,,,,,,,,False,,,,,,,postgresql_automatic_plus_explicit_final_checkpoint,warm_after_write_checkpoint_and_validation,,,,,,postgresql,native,3.11.7,,,native,shifter,e4842c8a99ca99339e1693e6fe5fe62c7becb31991f066f989047dfb2fbf47af,16.12 (Debian 16.12-1.pgdg13+1),3.3.6,180006,client_processes_only,not_collected,read1024,postgres,postgres-metadata,nid005765,59220317,16.12 (Debian 16.12-1.pgdg13+1),2026-10-02T19:25:21.472540+00:00,,
27,measured,4,metadata,lustre,64,1000000,20260818,1000,True,1.9615825810469687,509792.45516457595,112.74333376565482,112.43807146092877,183.3183196606114,441.1494436813518,1000000,1000000,1000,0.4183345939964056,2.4499318070011213,408174.626388506,1024,100,1024,102400,0.015805520000867546,64787.491961276435,0.5487580095859812,0.46214601024985313,1.6901349590625614,2.096628699218854,,trial-0027.json,10.692845999999998,3.2476800000000003,11851,5,6016,19568,13.940525999999998,7.106774975825605,35764,64,6339,0,128,0,0,0,0,0.22298299999999985,0.048251999999999906,2766,9,1081,20,0.2712349999999998,17.160776740348435,37812,64,6336,0,128,0,0,0,0,False,,,,,,,,,,,,,,,,,,,,False,,,,,,,postgresql_automatic_plus_explicit_final_checkpoint,warm_after_write_checkpoint_and_validation,,,,,,postgresql,native,3.11.7,,,native,shifter,e4842c8a99ca99339e1693e6fe5fe62c7becb31991f066f989047dfb2fbf47af,16.12 (Debian 16.12-1.pgdg13+1),3.3.6,180006,client_processes_only,not_collected,read1024,postgres,postgres-metadata,nid005765,59220317,16.12 (Debian 16.12-1.pgdg13+1),2026-10-02T19:25:30.537185+00:00,,
28,measured,4,metadata,lustre,1,1000000,20260818,1000,True,12.880706534022465,77635.49284805528,12.02369786275085,11.556222452782094,12.508279801113531,37.66662655514665,1000000,1000000,1000,0.38609464606270194,13.325566273066215,75043.715179385,1024,100,1024,102400,0.1725849659414962,5933.309395831855,0.15319720807838166,0.1490004942752421,0.16588050057180226,0.23129202891141173,,trial-0028.json,7.969024999999999,2.667358,4902,0,3261,4417,10.636382999999999,0.8257608363256767,37812,1,102,0,2,0,0,0,0,0.07985400000000001,0.01804,51,0,1026,0,0.09789400000000001,0.5672220605425426,37812,1,99,0,2,0,0,0,0,False,,,,,,,,,,,,,,,,,,,,False,,,,,,,postgresql_automatic_plus_explicit_final_checkpoint,warm_after_write_checkpoint_and_validation,,,,,,postgresql,native,3.11.7,,,native,shifter,e4842c8a99ca99339e1693e6fe5fe62c7becb31991f066f989047dfb2fbf47af,16.12 (Debian 16.12-1.pgdg13+1),3.3.6,180006,client_processes_only,not_collected,read1024,postgres,postgres-metadata,nid005765,59220317,16.12 (Debian 16.12-1.pgdg13+1),2026-10-02T19:25:41.638578+00:00,,
29,measured,4,metadata,tmpfs,64,1000000,20260818,1000,True,1.6234772260067984,615961.8280939239,95.28492367325816,98.92263443907723,127.34941319213247,134.047160691116,1000000,1000000,1000,0.054400508059188724,1.7845415950287133,560367.9974654275,1024,100,1024,102400,0.013210027012974024,77516.87403775135,0.47426627679669764,0.3756950027309358,1.4990429626777768,1.9253322680015115,,trial-0029.json,10.754140000000001,3.036274999999999,11775,3,5996,308,13.790414999999998,8.494369233573869,37812,64,6339,0,128,0,0,0,0,0.19789399999999982,0.061482999999999954,2767,13,1092,15,0.25937699999999975,19.63485765360333,37812,64,6336,0,128,0,0,0,0,False,,,,,,,,,,,,,,,,,,,,False,,,,,,,postgresql_automatic_plus_explicit_final_checkpoint,warm_after_write_checkpoint_and_validation,,,,,,postgresql,native,3.11.7,,,native,shifter,e4842c8a99ca99339e1693e6fe5fe62c7becb31991f066f989047dfb2fbf47af,16.12 (Debian 16.12-1.pgdg13+1),3.3.6,180006,client_processes_only,not_collected,read1024,postgres,postgres-metadata,nid005765,59220317,16.12 (Debian 16.12-1.pgdg13+1),2026-10-02T19:26:01.176030+00:00,,
30,measured,4,metadata,tmpfs,16,1000000,20260818,1000,True,1.6724268180551007,597933.4875548817,25.730112554389052,26.15685953060165,28.948532772483304,31.31845205905847,1000000,1000000,1000,0.055004475987516344,1.8269654400646687,547355.7288333835,1024,100,1024,102400,0.019043516949750483,53771.58025494954,0.22667094629014173,0.1900390489026904,0.3531628113705665,1.3882851286325602,,trial-0030.json,8.476275,2.774209000000001,3024,1,5831,28,11.250484,6.727041134800396,37812,16,1587,0,32,0,0,0,0,0.116423,0.026832999999999982,718,0,1040,1,0.143256,7.522560059573292,37812,16,1584,0,32,0,0,0,0,False,,,,,,,,,,,,,,,,,,,,False,,,,,,,postgresql_automatic_plus_explicit_final_checkpoint,warm_after_write_checkpoint_and_validation,,,,,,postgresql,native,3.11.7,,,native,shifter,e4842c8a99ca99339e1693e6fe5fe62c7becb31991f066f989047dfb2fbf47af,16.12 (Debian 16.12-1.pgdg13+1),3.3.6,180006,client_processes_only,not_collected,read1024,postgres,postgres-metadata,nid005765,59220317,16.12 (Debian 16.12-1.pgdg13+1),2026-10-02T19:26:08.499244+00:00,,
31,measured,5,metadata,tmpfs,64,1000000,20260819,1000,True,1.6995283969445154,588398.5238480526,102.17695824382827,104.49969297042117,137.20049238181673,142.9292741313111,1000000,1000000,1000,0.05484047089703381,1.8797325969208032,531990.5616565376,1024,100,1024,102400,0.018279112060554326,56020.226617558495,0.4826832528124214,0.3829540219157934,1.5415748057421297,2.0724722242448474,,trial-0031.json,10.452296999999998,2.9371669999999996,11794,1,5998,278,13.389463999999997,7.878340852716639,37812,64,6339,0,128,0,0,0,0,0.2122360000000001,0.053849999999999995,2775,7,1026,73,0.2660860000000001,14.55683400367156,37812,64,6336,0,128,0,0,0,0,False,,,,,,,,,,,,,,,,,,,,False,,,,,,,postgresql_automatic_plus_explicit_final_checkpoint,warm_after_write_checkpoint_and_validation,,,,,,postgresql,native,3.11.7,,,native,shifter,e4842c8a99ca99339e1693e6fe5fe62c7becb31991f066f989047dfb2fbf47af,16.12 (Debian 16.12-1.pgdg13+1),3.3.6,180006,client_processes_only,not_collected,read1024,postgres,postgres-metadata,nid005765,59220317,16.12 (Debian 16.12-1.pgdg13+1),2026-10-02T19:26:14.385065+00:00,,
32,measured,5,metadata,tmpfs,1,1000000,20260819,1000,True,9.539994505001232,104821.86331195071,8.752132709370926,8.6279550450854,9.090998634928836,13.56426908634603,1000000,1000000,1000,0.04460297105833888,9.662433378049172,103493.59844195875,1024,100,1024,102400,0.16706021002028137,6129.526593290436,0.14799863527059642,0.14480750542134047,0.1536018680781126,0.20747656235471368,,trial-0032.json,6.863613,2.493257,5155,0,2992,27,9.35687,0.9808045481676922,37812,1,102,0,2,0,0,0,0,0.08388299999999999,0.015882999999999994,51,0,1026,0,0.09976599999999998,0.5971858887755991,37812,1,99,0,2,0,0,0,0,False,,,,,,,,,,,,,,,,,,,,False,,,,,,,postgresql_automatic_plus_explicit_final_checkpoint,warm_after_write_checkpoint_and_validation,,,,,,postgresql,native,3.11.7,,,native,shifter,e4842c8a99ca99339e1693e6fe5fe62c7becb31991f066f989047dfb2fbf47af,16.12 (Debian 16.12-1.pgdg13+1),3.3.6,180006,client_processes_only,not_collected,read1024,postgres,postgres-metadata,nid005765,59220317,16.12 (Debian 16.12-1.pgdg13+1),2026-10-02T19:26:21.954876+00:00,,
33,measured,5,metadata,lustre,1,1000000,20260819,1000,True,12.909787882003002,77460.6065676771,12.05108175065834,11.382188997231424,12.861668714322148,40.30618529068306,1000000,1000000,1000,0.36110961297526956,13.33027110400144,75017.22899692738,1024,100,1024,102400,0.1790747360792011,5718.282893613233,0.15937911416585848,0.15739654190838337,0.1686680072452873,0.24430590332485727,,trial-0033.json,8.015314,2.646748,4954,0,3155,4638,10.662062,0.8258897897821805,37812,1,102,0,2,0,0,0,0,0.087196,0.014536999999999994,52,0,1026,0,0.10173299999999999,0.568103587515581,37812,1,99,0,2,0,0,0,0,False,,,,,,,,,,,,,,,,,,,,False,,,,,,,postgresql_automatic_plus_explicit_final_checkpoint,warm_after_write_checkpoint_and_validation,,,,,,postgresql,native,3.11.7,,,native,shifter,e4842c8a99ca99339e1693e6fe5fe62c7becb31991f066f989047dfb2fbf47af,16.12 (Debian 16.12-1.pgdg13+1),3.3.6,180006,client_processes_only,not_collected,read1024,postgres,postgres-metadata,nid005765,59220317,16.12 (Debian 16.12-1.pgdg13+1),2026-10-02T19:26:35.626195+00:00,,
34,measured,5,metadata,lustre,16,1000000,20260819,1000,True,2.3310117130167782,428998.27333162876,34.483126393985,31.37839597184211,58.72309201513417,62.97999240807257,1000000,1000000,1000,0.42606958898250014,2.8156971680000424,355151.8293106388,1024,100,1024,102400,0.023576052975840867,43433.903081628014,0.2833473354257876,0.253896985668689,0.471279863268137,1.6006209596525878,,trial-0034.json,9.910843,3.22545,25111,2,5305,20781,13.136292999999998,5.635447014978361,37812,16,1587,0,32,0,0,0,0,0.14019299999999998,0.02602899999999997,714,4,1042,0,0.16622199999999993,7.050459216830438,37812,16,1584,0,32,0,0,0,0,False,,,,,,,,,,,,,,,,,,,,False,,,,,,,postgresql_automatic_plus_explicit_final_checkpoint,warm_after_write_checkpoint_and_validation,,,,,,postgresql,native,3.11.7,,,native,shifter,e4842c8a99ca99339e1693e6fe5fe62c7becb31991f066f989047dfb2fbf47af,16.12 (Debian 16.12-1.pgdg13+1),3.3.6,180006,client_processes_only,not_collected,read1024,postgres,postgres-metadata,nid005765,59220317,16.12 (Debian 16.12-1.pgdg13+1),2026-10-02T19:26:55.299952+00:00,,
35,measured,5,metadata,tmpfs,16,1000000,20260819,1000,True,1.8034677299438044,554487.3264969147,26.946498907753266,27.507358056027442,32.079471641918644,35.452848814893514,1000000,1000000,1000,0.06286584108602256,1.9337593120289966,517127.4386525126,1024,100,1024,102400,0.023333068005740643,43886.213323857155,0.2741934672485513,0.23467501159757376,0.4410755238495767,1.5254769090097393,,trial-0035.json,9.419636000000002,2.719291,11866,1,5598,68,12.138926999999997,6.730881178771212,37812,16,1587,0,32,0,0,0,0,0.13779000000000005,0.035999,716,3,1042,1,0.17378900000000005,7.448184694667786,37812,16,1584,0,32,0,0,0,0,False,,,,,,,,,,,,,,,,,,,,False,,,,,,,postgresql_automatic_plus_explicit_final_checkpoint,warm_after_write_checkpoint_and_validation,,,,,,postgresql,native,3.11.7,,,native,shifter,e4842c8a99ca99339e1693e6fe5fe62c7becb31991f066f989047dfb2fbf47af,16.12 (Debian 16.12-1.pgdg13+1),3.3.6,180006,client_processes_only,not_collected,read1024,postgres,postgres-metadata,nid005765,59220317,16.12 (Debian 16.12-1.pgdg13+1),2026-10-02T19:27:04.523622+00:00,,
36,measured,5,metadata,lustre,64,1000000,20260819,1000,True,1.8935646490426734,528104.4935569369,108.68490060698241,102.79289650497958,189.9700632609892,393.99953539134003,1000000,1000000,1000,0.41019143792800605,2.384926769998856,419300.08609886153,1024,100,1024,102400,0.014964909991249442,68426.73965956175,0.547325396269116,0.45490701450034976,1.629050844348967,1.9844701001420608,,trial-0036.json,10.609568999999997,3.2719750000000007,11790,5,6001,21467,13.881544000000002,7.330905763908337,37812,64,6339,0,128,0,0,0,0,0.21792899999999985,0.047200999999999986,2761,12,1094,19,0.26512999999999975,17.71677879486288,37812,64,6336,0,128,0,0,0,0,False,,,,,,,,,,,,,,,,,,,,False,,,,,,,postgresql_automatic_plus_explicit_final_checkpoint,warm_after_write_checkpoint_and_validation,,,,,,postgresql,native,3.11.7,,,native,shifter,e4842c8a99ca99339e1693e6fe5fe62c7becb31991f066f989047dfb2fbf47af,16.12 (Debian 16.12-1.pgdg13+1),3.3.6,180006,client_processes_only,not_collected,read1024,postgres,postgres-metadata,nid005765,59220317,16.12 (Debian 16.12-1.pgdg13+1),2026-10-02T19:27:10.536034+00:00,,
1,warmup,1,telemetry,tmpfs,16,1000000,20260813,1000,True,4.449046688969247,224767.25238225798,38.718684593332,5.767766560893506,23.658313369378448,842.4316506436971,1000000,1000000,1000,0.0032158299582079053,4.4740806999616325,223509.60276791063,1024,100,1024,102400,0.01414265506900847,72405.07493136449,0.11626295349742577,0.11515803635120392,0.13100720243528485,0.2097286540083587,,trial-0001.json,6.499502,0.3119739999999999,9247,2,1503,25,6.811476000000001,1.5309967451876934,21604,16,212949188,361030424,52036,135158,0,0,0,0.15881,0.05750999999999999,5730,11,5,0,0.21631999999999996,15.295572079250745,21748,16,30336560,0,7438,0,0,0,0,,,,,,,,,,,,,,,,,,,,,False,,,,,,,automatic_during_commits_plus_final_truncate,warm_after_write_checkpoint_and_validation,,,,,,sqlite,native,3.11.7,3.44.2,,native,embedded,,,,,,,read1024,sqlite-native,sqlite-native-telemetry,nid006712,59220318,3.44.2,2026-10-02T19:13:58.512182+00:00,,
2,warmup,1,telemetry,tmpfs,1,1000000,20260813,1000,True,6.246009755996056,160102.21550486985,4.622397257597186,4.4974994962103665,4.727076517883686,7.255158249754459,1000000,1000000,1000,0.0020273150876164436,6.2766623080242425,159320.34430489832,1024,100,1024,102400,0.17015530809294432,6018.031476518253,0.08235279005930352,0.08069648174569011,0.09826686000451447,0.10981000610627234,,trial-0002.json,6.0201649999999995,0.22497399999999998,7436,0,0,10,6.245138999999999,0.9998605900358671,23896,1,151502991,345086736,36991,131010,0,0,0,0.160217,0.009773999999999998,509,0,0,0,0.169991,0.9990343639890765,21736,1,27730019,0,6772,0,0,0,0,,,,,,,,,,,,,,,,,,,,,False,,,,,,,automatic_during_commits_plus_final_truncate,warm_after_write_checkpoint_and_validation,,,,,,sqlite,native,3.11.7,3.44.2,,native,embedded,,,,,,,read1024,sqlite-native,sqlite-native-telemetry,nid006712,59220318,3.44.2,2026-10-02T19:14:04.056614+00:00,,
3,warmup,1,telemetry,lustre,16,1000000,20260813,1000,True,5.886366508086212,169884.08700448423,71.75256610568613,17.49752403702587,345.7580268906895,1250.9140582347754,1000000,1000000,1000,0.07109956303611398,5.983827656018548,167117.11257161587,1024,100,1024,102400,0.04089557996485382,25039.38080545718,0.43589865390458726,0.41295395931228995,0.6041491287760437,0.6842752429656681,,trial-0003.json,7.196545,3.1263419999999997,8706,4,29074,18859,10.322886999999998,1.7536942332454588,20508,16,237971080,376586184,58132,139019,0,378634240,0,0.289091,0.15310399999999996,6070,3,2289,8546,0.44219499999999995,10.812782221942516,20508,16,30279216,0,7424,0,0,0,0,,,,,,,,,,,,,,,,,,,,,False,,,,,,,automatic_during_commits_plus_final_truncate,warm_after_write_checkpoint_and_validation,,,,,,sqlite,native,3.11.7,3.44.2,,native,embedded,,,,,,,read1024,sqlite-native,sqlite-native-telemetry,nid006712,59220318,3.44.2,2026-10-02T19:14:11.379393+00:00,,
4,warmup,1,telemetry,lustre,1,1000000,20260813,1000,True,9.511552684009075,105135.30579305004,7.678264826303348,6.388143985532224,8.591545716626536,33.93199581303634,1000000,1000000,1000,0.0208411660278216,9.558766304049641,104616.01091516828,1024,100,1024,102400,0.36550255795009434,2801.6219797285708,0.2595122415414153,0.2565964823588729,0.2815494081005454,0.30054036760702724,,trial-0004.json,7.086239,1.555689,15341,0,7123,1851,8.641928,0.9085717429215213,22340,1,151502991,345086736,36991,131010,0,345440256,0,0.17829299999999998,0.099175,437,0,2049,105,0.277468,0.7591410619837179,20508,1,27730019,0,6772,0,0,0,0,,,,,,,,,,,,,,,,,,,,,False,,,,,,,automatic_during_commits_plus_final_truncate,warm_after_write_checkpoint_and_validation,,,,,,sqlite,native,3.11.7,3.44.2,,native,embedded,,,,,,,read1024,sqlite-native,sqlite-native-telemetry,nid006712,59220318,3.44.2,2026-10-02T19:14:18.537186+00:00,,
5,warmup,1,telemetry,lustre,64,1000000,20260813,1000,True,6.243352785008028,160170.34988015884,216.80780596705154,16.406534530688077,1152.8760728659104,4665.012912986566,1000000,1000000,1000,0.07259601796977222,6.341487564030103,157691.7071748519,1024,100,1024,102400,0.02911670005414635,35168.820577048115,1.4518379755372735,1.472216914407909,1.6225864412263036,1.7076424765400589,,trial-0005.json,7.4774769999999995,3.1933920000000002,30320,12,36249,19620,10.670868999999996,1.70915682125534,20508,64,242108872,375661376,59241,138983,0,377200640,0,0.29190000000000005,0.2433470000000001,5888,26,4085,6421,0.535247,18.382818073636006,20508,64,33020096,0,8188,0,0,0,0,,,,,,,,,,,,,,,,,,,,,False,,,,,,,automatic_during_commits_plus_final_truncate,warm_after_write_checkpoint_and_validation,,,,,,sqlite,native,3.11.7,3.44.2,,native,embedded,,,,,,,read1024,sqlite-native,sqlite-native-telemetry,nid006712,59220318,3.44.2,2026-10-02T19:14:29.442025+00:00,,
6,warmup,1,telemetry,tmpfs,64,1000000,20260813,1000,True,6.556853311951272,152512.18113683973,185.0358036486432,5.0226880121044815,841.874349431596,5045.383564428192,1000000,1000000,1000,0.0011946300510317087,6.579394525964744,151989.66957424837,1024,100,1024,102400,0.013350899913348258,76698.94963231674,0.5429286536582367,0.5874910275451839,0.6735354720149189,0.7064870756585151,,trial-0006.json,6.697246000000001,0.46638499999999994,37913,6,2850,65,7.1636310000000005,1.0925409886694806,20508,64,213024760,365244464,52176,136325,0,0,0,0.298889,0.397116,5133,17,3,10,0.6960049999999999,52.13169183480528,20508,64,33245376,0,8243,0,0,0,0,,,,,,,,,,,,,,,,,,,,,False,,,,,,,automatic_during_commits_plus_final_truncate,warm_after_write_checkpoint_and_validation,,,,,,sqlite,native,3.11.7,3.44.2,,native,embedded,,,,,,,read1024,sqlite-native,sqlite-native-telemetry,nid006712,59220318,3.44.2,2026-10-02T19:14:37.770038+00:00,,
7,measured,1,telemetry,lustre,16,1000000,20260815,1000,True,6.07651393499691,164568.04192295636,67.36976866680197,15.597950899973512,197.1533780568279,1242.496348284185,1000000,1000000,1000,0.07524719496723264,6.175471274997108,161930.96129339025,1024,100,1024,102400,0.03967019100673497,25812.83260839736,0.4081037837977419,0.3925339551642537,0.5502021696884185,0.6204018334392458,,trial-0007.json,7.367049999999999,2.720157,9105,7,27403,11863,10.087207,1.6600319044615386,20508,16,233363124,374668328,57008,138504,0,376545280,0,0.24558199999999997,0.17032,5936,13,2292,6382,0.41590200000000005,10.483992878415703,20508,16,30336560,0,7438,0,0,0,0,,,,,,,,,,,,,,,,,,,,,False,,,,,,,automatic_during_commits_plus_final_truncate,warm_after_write_checkpoint_and_validation,,,,,,sqlite,native,3.11.7,3.44.2,,native,embedded,,,,,,,read1024,sqlite-native,sqlite-native-telemetry,nid006712,59220318,3.44.2,2026-10-02T19:14:46.220374+00:00,,
8,measured,1,telemetry,lustre,64,1000000,20260815,1000,True,5.880222053965554,170061.604956842,220.73528531764168,19.5944695151411,1359.0072830382228,4061.6099672589908,1000000,1000000,1000,0.0664442100096494,5.978230106993578,167273.58801899562,1024,100,1024,102400,0.029206744977273047,35060.39446699096,1.468332060994726,1.485688437242061,1.614253007574007,1.6893727693241087,,trial-0008.json,7.517491000000001,3.3077819999999996,28540,18,38874,16776,10.825273000000001,1.840963300475968,20508,64,245741936,376499304,60126,139270,0,377704448,0,0.29238899999999984,0.24367899999999998,5233,25,4076,6834,0.5360679999999998,18.35425345813565,20508,64,33122496,0,8213,0,0,0,0,,,,,,,,,,,,,,,,,,,,,False,,,,,,,automatic_during_commits_plus_final_truncate,warm_after_write_checkpoint_and_validation,,,,,,sqlite,native,3.11.7,3.44.2,,native,embedded,,,,,,,read1024,sqlite-native,sqlite-native-telemetry,nid006712,59220318,3.44.2,2026-10-02T19:14:53.521113+00:00,,
9,measured,1,telemetry,tmpfs,64,1000000,20260815,1000,True,6.145806203014217,162712.5826892408,174.99278183688875,5.064134020358324,734.8038006282877,4942.701041431864,1000000,1000000,1000,0.00229647196829319,6.1716929379617795,162030.09612630744,1024,100,1024,102400,0.015682789962738752,65294.50451309714,0.6981978766589236,0.7529464783146977,0.8295564504805952,0.8806127915158868,,trial-0009.json,6.697113000000001,0.40522900000000006,37926,18,2828,210,7.102341999999999,1.155640409962268,20508,64,213446648,364808496,52279,136314,0,0,0,0.223405,0.612395,5914,13,2,1,0.8358,53.294088742232994,20508,64,33171648,0,8225,0,0,0,0,,,,,,,,,,,,,,,,,,,,,False,,,,,,,automatic_during_commits_plus_final_truncate,warm_after_write_checkpoint_and_validation,,,,,,sqlite,native,3.11.7,3.44.2,,native,embedded,,,,,,,read1024,sqlite-native,sqlite-native-telemetry,nid006712,59220318,3.44.2,2026-10-02T19:15:01.455191+00:00,,
10,measured,1,telemetry,lustre,1,1000000,20260815,1000,True,9.496306476998143,105304.09927503813,7.689878711127676,6.476329523138702,7.60747396852821,32.83400837914087,1000000,1000000,1000,0.01741391501855105,9.536501125083305,104860.26131426316,1024,100,1024,102400,0.37500583298970014,2730.624192792556,0.26862699098728626,0.2654684940353036,0.28626396670006216,0.3157721471507102,,trial-0010.json,7.038132,1.6519979999999999,10145,0,7113,1228,8.69013,0.9151063122329871,20508,1,151502991,345090856,36991,131012,0,345444352,0,0.21053799999999998,0.06874899999999999,258,0,2049,345,0.27928699999999995,0.744753748957475,20508,1,27680867,0,6760,0,0,0,0,,,,,,,,,,,,,,,,,,,,,False,,,,,,,automatic_during_commits_plus_final_truncate,warm_after_write_checkpoint_and_validation,,,,,,sqlite,native,3.11.7,3.44.2,,native,embedded,,,,,,,read1024,sqlite-native,sqlite-native-telemetry,nid006712,59220318,3.44.2,2026-10-02T19:15:09.508770+00:00,,
11,measured,1,telemetry,tmpfs,1,1000000,20260815,1000,True,6.399289850029163,156267.33956978723,4.710095432470553,4.576052480842918,4.9083872174378484,7.519056280143559,1000000,1000000,1000,0.002083021914586425,6.421627254923806,155723.7691168148,1024,100,1024,102400,0.16925794701091945,6049.937495306723,0.08149648806465848,0.07956399349495769,0.10121543891727924,0.11301061138510704,,trial-0011.json,6.201947,0.196719,7017,0,0,13,6.3986659999999995,0.9999025126156521,21188,1,151502991,345090856,36991,131012,0,0,0,0.16852899999999998,0.0006580000000000023,442,0,0,0,0.16918699999999998,0.9995808349789632,20508,1,27680867,0,6760,0,0,0,0,,,,,,,,,,,,,,,,,,,,,False,,,,,,,automatic_during_commits_plus_final_truncate,warm_after_write_checkpoint_and_validation,,,,,,sqlite,native,3.11.7,3.44.2,,native,embedded,,,,,,,read1024,sqlite-native,sqlite-native-telemetry,nid006712,59220318,3.44.2,2026-10-02T19:15:20.492955+00:00,,
12,measured,1,telemetry,tmpfs,16,1000000,20260815,1000,True,4.2096920009935275,237547.06989584758,36.62208578817081,5.7233794941566885,8.91239169286564,1038.0765650677467,1000000,1000000,1000,0.0021425209706649184,4.233860699925572,236191.04899166364,1024,100,1024,102400,0.024672501953318715,41503.695163848635,0.1279783688232783,0.11696101864799857,0.20671198144555092,0.2526476548518985,,trial-0012.json,6.3667669999999985,0.275451,8960,8,1311,25,6.642218,1.577839423509457,20508,16,213903556,361599264,52269,135276,0,0,0,0.212426,0.027740000000000018,6255,6,2,4,0.240166,9.734156692110226,20508,16,30303792,0,7430,0,0,0,0,,,,,,,,,,,,,,,,,,,,,False,,,,,,,automatic_during_commits_plus_final_truncate,warm_after_write_checkpoint_and_validation,,,,,,sqlite,native,3.11.7,3.44.2,,native,embedded,,,,,,,read1024,sqlite-native,sqlite-native-telemetry,nid006712,59220318,3.44.2,2026-10-02T19:15:27.924925+00:00,,
13,measured,2,telemetry,tmpfs,1,1000000,20260816,1000,True,6.237989205983467,160308.0683501026,4.624272908899002,4.5044205035083,4.7009116562549025,7.191399564035237,1000000,1000000,1000,0.0021607959643006325,6.259860603953712,159747.96617170717,1024,100,1024,102400,0.1697105219354853,6033.803846229812,0.08210897726712574,0.08111645001918077,0.08797748014330864,0.09923358331434429,,trial-0013.json,6.057464,0.18006499999999998,6534,0,0,7,6.237529,0.9999262252677472,23652,1,151507087,345169112,36992,131049,0,0,0,0.162786,0.006841,53,0,0,2,0.16962699999999997,0.9995078564691641,22928,1,27648099,0,6752,0,0,0,0,,,,,,,,,,,,,,,,,,,,,False,,,,,,,automatic_during_commits_plus_final_truncate,warm_after_write_checkpoint_and_validation,,,,,,sqlite,native,3.11.7,3.44.2,,native,embedded,,,,,,,read1024,sqlite-native,sqlite-native-telemetry,nid006712,59220318,3.44.2,2026-10-02T19:15:33.197305+00:00,,
14,measured,2,telemetry,tmpfs,64,1000000,20260816,1000,True,4.5375509900040925,220383.19838232783,146.01622991403565,6.119987461715937,843.7539060367228,3340.538606570334,1000000,1000000,1000,0.004843620001338422,4.567420666106045,218941.95282269677,1024,100,1024,102400,0.014814771013334394,69120.20436079126,0.39914760532155924,0.42922451393678784,0.522615370573476,0.5818296025972811,,trial-0014.json,6.783677,0.385747,27503,5,3558,59,7.1694239999999985,1.580020591679022,20508,64,223543156,362910400,54741,135783,0,0,0,0.3353320000000001,0.234412,5672,19,6,5,0.569744,38.45783370442838,20508,64,33192128,0,8230,0,0,0,0,,,,,,,,,,,,,,,,,,,,,False,,,,,,,automatic_during_commits_plus_final_truncate,warm_after_write_checkpoint_and_validation,,,,,,sqlite,native,3.11.7,3.44.2,,native,embedded,,,,,,,read1024,sqlite-native,sqlite-native-telemetry,nid006712,59220318,3.44.2,2026-10-02T19:15:40.461795+00:00,,
15,measured,2,telemetry,tmpfs,16,1000000,20260816,1000,True,4.392388149048202,227666.5827487702,37.141190232126974,5.722489033360034,9.408749919384714,1236.2123670824794,1000000,1000000,1000,0.004345447989180684,4.417619350017048,226366.2667079138,1024,100,1024,102400,0.014444214990362525,70893.43385453855,0.11794839849699201,0.11617952259257436,0.13795244158245623,0.20831036265008146,,trial-0015.json,6.342628999999999,0.27969700000000003,9664,10,1312,25,6.622325999999999,1.5076823302683322,20508,16,210962672,360048536,51552,134966,0,0,0,0.18362099999999998,0.036226,5796,1,0,63,0.21984700000000001,15.220418703729239,23372,16,30283312,0,7425,0,0,0,0,,,,,,,,,,,,,,,,,,,,,False,,,,,,,automatic_during_commits_plus_final_truncate,warm_after_write_checkpoint_and_validation,,,,,,sqlite,native,3.11.7,3.44.2,,native,embedded,,,,,,,read1024,sqlite-native,sqlite-native-telemetry,nid006712,59220318,3.44.2,2026-10-02T19:15:46.912119+00:00,,
16,measured,2,telemetry,lustre,16,1000000,20260816,1000,True,6.179548814077862,161824.11209728816,67.79612747766078,15.680879994761199,188.47781837102954,1451.5199847053736,1000000,1000000,1000,0.06943141296505928,6.27141045499593,159453.7635793524,1024,100,1024,102400,0.04041221097577363,25338.87593069008,0.39932246215812484,0.3837919794023037,0.5344723467715085,0.6298534804955124,,trial-0016.json,7.195134999999999,2.854094999999999,9253,8,27279,10776,10.04923,1.626207722011431,20508,16,234075828,375595416,57182,138788,0,377270272,0,0.25378999999999996,0.167369,5783,10,2226,6387,0.42115900000000006,10.421577781341314,20508,16,30250544,0,7417,0,0,0,0,,,,,,,,,,,,,,,,,,,,,False,,,,,,,automatic_during_commits_plus_final_truncate,warm_after_write_checkpoint_and_validation,,,,,,sqlite,native,3.11.7,3.44.2,,native,embedded,,,,,,,read1024,sqlite-native,sqlite-native-telemetry,nid006712,59220318,3.44.2,2026-10-02T19:15:52.336661+00:00,,
17,measured,2,telemetry,lustre,1,1000000,20260816,1000,True,9.512871538987383,105120.72993960003,7.678682894445956,6.422054022550583,7.696062431205063,33.721473317127675,1000000,1000000,1000,0.018299538060091436,9.55301529308781,104678.99080236594,1024,100,1024,102400,0.3748159440001473,2732.007579697831,0.26867189467338903,0.2658649464137852,0.28783887973986566,0.31562386429868633,,trial-0017.json,6.8995489999999995,1.779295,9691,0,7121,2105,8.678844,0.912326416311918,20648,1,151507087,345169112,36992,131049,0,345526272,0,0.181005,0.09880999999999998,387,0,2049,559,0.279815,0.7465397469854965,20508,1,27648099,0,6752,0,0,0,0,,,,,,,,,,,,,,,,,,,,,False,,,,,,,automatic_during_commits_plus_final_truncate,warm_after_write_checkpoint_and_validation,,,,,,sqlite,native,3.11.7,3.44.2,,native,embedded,,,,,,,read1024,sqlite-native,sqlite-native-telemetry,nid006712,59220318,3.44.2,2026-10-02T19:15:59.746264+00:00,,
18,measured,2,telemetry,lustre,64,1000000,20260816,1000,True,6.069304796983488,164763.5163251335,220.6267900732346,17.430425505153835,1553.7009099381933,4371.783348466269,1000000,1000000,1000,0.06752645596861839,6.167589846998453,162137.8893226281,1024,100,1024,102400,0.028982958057895303,35331.10726498292,1.454898165548002,1.4799035270698369,1.6199727426283062,1.6708973213098943,,trial-0018.json,7.537410999999999,3.1782990000000004,28865,10,37721,16620,10.71571,1.7655580595203964,20508,64,245401968,377611184,60043,139472,0,379416576,0,0.28559000000000007,0.24740099999999998,4851,12,4074,7131,0.532991,18.389806828389172,20508,64,33220800,0,8237,0,0,0,0,,,,,,,,,,,,,,,,,,,,,False,,,,,,,automatic_during_commits_plus_final_truncate,warm_after_write_checkpoint_and_validation,,,,,,sqlite,native,3.11.7,3.44.2,,native,embedded,,,,,,,read1024,sqlite-native,sqlite-native-telemetry,nid006712,59220318,3.44.2,2026-10-02T19:16:10.635019+00:00,,
19,measured,3,telemetry,lustre,1,1000000,20260817,1000,True,9.320447538979352,107290.98531136697,7.508997584111057,6.3123334548436105,7.436684489948673,32.634321122895926,1000000,1000000,1000,0.018076736014336348,9.360741653013974,106829.14207743568,1024,100,1024,102400,0.365326001890935,2802.9759576371644,0.25935969154033955,0.25596492923796177,0.27630137046799064,0.3080180170945822,,trial-0019.json,6.955113,1.6286419999999997,12892,0,7114,1520,8.583755,0.9209595316213728,21964,1,151507087,345078472,36992,131005,0,345432064,0,0.214986,0.059283999999999996,453,0,2049,898,0.27427,0.750754117090962,20508,1,27627619,0,6747,0,0,0,0,,,,,,,,,,,,,,,,,,,,,False,,,,,,,automatic_during_commits_plus_final_truncate,warm_after_write_checkpoint_and_validation,,,,,,sqlite,native,3.11.7,3.44.2,,native,embedded,,,,,,,read1024,sqlite-native,sqlite-native-telemetry,nid006712,59220318,3.44.2,2026-10-02T19:16:18.976434+00:00,,
20,measured,3,telemetry,lustre,64,1000000,20260817,1000,True,5.885605235002004,169906.06064656656,221.04258745291736,18.580766511149704,1349.445649469271,4153.551163515076,1000000,1000000,1000,0.07035351602826267,5.980299587943591,167215.70304203837,1024,100,1024,102400,0.029177131014876068,35095.97977532163,1.4446555867380084,1.4630299410782754,1.6136193240527064,1.6787406243383882,,trial-0020.json,7.537166000000003,3.0377050000000003,27334,8,37086,13287,10.574871000000005,1.7967346734556187,20508,64,242264520,373695160,59279,138459,0,375017472,0,0.30281300000000005,0.246125,5588,26,4077,9276,0.5489379999999998,18.81398139248584,20508,64,33147072,0,8219,0,0,0,0,,,,,,,,,,,,,,,,,,,,,False,,,,,,,automatic_during_commits_plus_final_truncate,warm_after_write_checkpoint_and_validation,,,,,,sqlite,native,3.11.7,3.44.2,,native,embedded,,,,,,,read1024,sqlite-native,sqlite-native-telemetry,nid006712,59220318,3.44.2,2026-10-02T19:16:29.696188+00:00,,
21,measured,3,telemetry,tmpfs,1,1000000,20260817,1000,True,6.378037584014237,156788.03814301384,4.73018705076538,4.604471963830292,4.9619861005339745,7.351136120269075,1000000,1000000,1000,0.001832515001296997,6.3997182650491595,156256.87859750158,1024,100,1024,102400,0.16943629796151072,6043.569248854886,0.08129265131628927,0.07957394700497389,0.09989935788325965,0.11286674882285296,,trial-0021.json,6.177923,0.199354,9535,0,0,19,6.377276999999999,0.9998807495245647,24748,1,151507087,345078472,36992,131005,0,0,0,0.15199999999999997,0.017361,431,0,0,0,0.16936099999999998,0.9995555972219846,20508,1,27627619,0,6747,0,0,0,0,,,,,,,,,,,,,,,,,,,,,False,,,,,,,automatic_during_commits_plus_final_truncate,warm_after_write_checkpoint_and_validation,,,,,,sqlite,native,3.11.7,3.44.2,,native,embedded,,,,,,,read1024,sqlite-native,sqlite-native-telemetry,nid006712,59220318,3.44.2,2026-10-02T19:16:37.628663+00:00,,
22,measured,3,telemetry,tmpfs,16,1000000,20260817,1000,True,4.098121493007056,244014.23962329517,40.440125609748065,5.811647977679968,83.34922132780774,1136.7804878600864,1000000,1000000,1000,0.0032555670477449894,4.122975211008452,242543.2967265905,1024,100,1024,102400,0.02418555598706007,42339.32023509684,0.1359227917419048,0.117832503747195,0.20725832437165082,0.26403687777929,,trial-0022.json,6.556894000000001,0.222094,7354,6,1768,28,6.778987999999999,1.6541696022354422,20508,16,215427312,359219768,52642,134537,0,0,0,0.21328,0.046014000000000006,5728,7,3,6,0.25929399999999997,10.721027051796092,20508,16,30225968,0,7411,0,0,0,0,,,,,,,,,,,,,,,,,,,,,False,,,,,,,automatic_during_commits_plus_final_truncate,warm_after_write_checkpoint_and_validation,,,,,,sqlite,native,3.11.7,3.44.2,,native,embedded,,,,,,,read1024,sqlite-native,sqlite-native-telemetry,nid006712,59220318,3.44.2,2026-10-02T19:16:45.063374+00:00,,
23,measured,3,telemetry,tmpfs,64,1000000,20260817,1000,True,5.449104920960963,183516.37828688524,155.86986259848345,5.702882481273264,742.0600534765937,4241.531521262367,1000000,1000000,1000,0.002756642992608249,5.476147573906928,182610.12628017168,1024,100,1024,102400,0.012761406949721277,80241.93602119751,0.4834661963286635,0.5339779891073704,0.6323005829472095,0.6823402584996074,,trial-0023.json,6.725412000000003,0.4067120000000001,34237,9,3002,40,7.132123999999999,1.308861565972973,20524,64,216461304,364218136,53015,136148,0,0,0,0.26389100000000004,0.3731849999999998,6058,24,7,6,0.637076,49.92208167250042,20508,64,33044672,0,8194,0,0,0,0,,,,,,,,,,,,,,,,,,,,,False,,,,,,,automatic_during_commits_plus_final_truncate,warm_after_write_checkpoint_and_validation,,,,,,sqlite,native,3.11.7,3.44.2,,native,embedded,,,,,,,read1024,sqlite-native,sqlite-native-telemetry,nid006712,59220318,3.44.2,2026-10-02T19:16:50.231674+00:00,,
24,measured,3,telemetry,lustre,16,1000000,20260817,1000,True,6.043601901968941,165464.24073270126,64.89057809871156,15.594326017890126,146.35360503452824,1146.0709728673091,1000000,1000000,1000,0.06656183209270239,6.132957266992889,163053.4759115189,1024,100,1024,102400,0.03598422999493778,28456.910156033773,0.3911048557938557,0.38069149013608694,0.49969584797509015,0.6259742379188538,,trial-0024.json,7.330996999999998,2.7679519999999997,8569,6,27504,11692,10.098948999999998,1.671014928483272,20508,16,235734708,376581352,57587,138987,0,378589184,0,0.298726,0.11459,6292,7,2236,5737,0.413316,11.486031521534429,20508,16,30242352,0,7415,0,0,0,0,,,,,,,,,,,,,,,,,,,,,False,,,,,,,automatic_during_commits_plus_final_truncate,warm_after_write_checkpoint_and_validation,,,,,,sqlite,native,3.11.7,3.44.2,,native,embedded,,,,,,,read1024,sqlite-native,sqlite-native-telemetry,nid006712,59220318,3.44.2,2026-10-02T19:16:57.656873+00:00,,
25,measured,4,telemetry,tmpfs,1,1000000,20260818,1000,True,6.2511311690323055,159971.04731283427,4.6219127451768145,4.495029977988452,4.772753763245418,7.215576454764232,1000000,1000000,1000,0.0020528519526124,6.273262300994247,159406.6933629589,1024,100,1024,102400,0.1694571180269122,6042.826715826562,0.08198786133561953,0.08016498759388924,0.09493014076724648,0.1128910051193088,,trial-0025.json,6.055514,0.195161,7302,0,0,6,6.250674999999999,0.9999270261621503,23872,1,151502991,345082616,36991,131008,0,0,0,0.16508099999999998,0.004259999999999996,360,0,0,1,0.16934099999999996,0.9993147645359234,20508,1,27656291,0,6754,0,0,0,0,,,,,,,,,,,,,,,,,,,,,False,,,,,,,automatic_during_commits_plus_final_truncate,warm_after_write_checkpoint_and_validation,,,,,,sqlite,native,3.11.7,3.44.2,,native,embedded,,,,,,,read1024,sqlite-native,sqlite-native-telemetry,nid006712,59220318,3.44.2,2026-10-02T19:17:05.008682+00:00,,
26,measured,4,telemetry,lustre,16,1000000,20260818,1000,True,7.050182163016871,141840.30665841492,60.26531231973786,10.461557540111244,71.22479079989715,1147.646953224902,1000000,1000000,1000,0.04400967503897846,7.119117566035129,140466.84729171186,1024,100,1024,102400,0.03583022195380181,28579.225697242637,0.3829209579180315,0.3676969790831208,0.5135358253028244,0.6187035178299992,,trial-0026.json,7.385583999999999,2.453514,9226,2,22274,12463,9.839097999999996,1.3955806775621964,20508,16,222525284,372318680,54366,137942,0,373571584,0,0.259721,0.144944,5749,7,2228,4741,0.40466499999999994,11.293957389428408,20704,16,30299696,0,7429,0,0,0,0,,,,,,,,,,,,,,,,,,,,,False,,,,,,,automatic_during_commits_plus_final_truncate,warm_after_write_checkpoint_and_validation,,,,,,sqlite,native,3.11.7,3.44.2,,native,embedded,,,,,,,read1024,sqlite-native,sqlite-native-telemetry,nid006712,59220318,3.44.2,2026-10-02T19:17:12.307752+00:00,,
27,measured,4,telemetry,lustre,64,1000000,20260818,1000,True,5.903593590948731,169388.35382116743,222.1739048938034,18.770691473037004,1342.1364097390324,4153.991102848668,1000000,1000000,1000,0.06464572495315224,5.999233682989143,166687.95596936072,1024,100,1024,102400,0.03086390404496342,33177.91548691337,1.519403938459618,1.538712007459253,1.7200405127368867,1.8078357307240367,,trial-0027.json,7.422022000000001,3.3042560000000005,29045,7,38543,13659,10.726277999999994,1.816906573048203,20508,64,247249220,378246520,60493,139654,0,380035072,0,0.30891199999999996,0.2672219999999999,5099,16,4079,11152,0.5761339999999998,18.666919102673184,20508,64,33122496,0,8213,0,0,0,0,,,,,,,,,,,,,,,,,,,,,False,,,,,,,automatic_during_commits_plus_final_truncate,warm_after_write_checkpoint_and_validation,,,,,,sqlite,native,3.11.7,3.44.2,,native,embedded,,,,,,,read1024,sqlite-native,sqlite-native-telemetry,nid006712,59220318,3.44.2,2026-10-02T19:17:20.812646+00:00,,
28,measured,4,telemetry,lustre,1,1000000,20260818,1000,True,9.432989564957097,106010.93037513057,7.618346931994893,6.397905992344022,7.818000845145432,32.63866442604922,1000000,1000000,1000,0.016476543038152158,9.472410382935777,105569.75041975226,1024,100,1024,102400,0.3645981049630791,2808.571920865291,0.259542588196382,0.2574280370026827,0.277704035397619,0.302779150661081,,trial-0028.json,6.722906,1.906925,11545,0,7114,1066,8.629831,0.9148564132901433,24988,1,151502991,345082616,36991,131008,0,345436160,0,0.185916,0.08877200000000002,56,0,2048,354,0.27468800000000004,0.7533994177721144,23220,1,27656294,0,6754,0,0,0,0,,,,,,,,,,,,,,,,,,,,,False,,,,,,,automatic_during_commits_plus_final_truncate,warm_after_write_checkpoint_and_validation,,,,,,sqlite,native,3.11.7,3.44.2,,native,embedded,,,,,,,read1024,sqlite-native,sqlite-native-telemetry,nid006712,59220318,3.44.2,2026-10-02T19:17:29.441322+00:00,,
29,measured,4,telemetry,tmpfs,64,1000000,20260818,1000,True,6.546971585019492,152742.37668728523,177.8557805258315,5.114038416650146,741.5417892683719,5143.280311611014,1000000,1000000,1000,0.0026885910192504525,6.5754341600695625,152081.21253386876,1024,100,1024,102400,0.014068197109736502,72788.28921804747,0.5956193399470067,0.6363869179040194,0.7083383155986667,0.7370193302631378,,trial-0029.json,6.594920999999999,0.41997500000000004,38790,10,2939,32,7.014895999999998,1.07147188725413,23980,64,211861540,363270048,51893,135837,0,0,0,0.27263099999999996,0.47220399999999996,5527,36,10,0,0.7448349999999998,52.94459511691833,20508,64,33102016,0,8208,0,0,0,0,,,,,,,,,,,,,,,,,,,,,False,,,,,,,automatic_during_commits_plus_final_truncate,warm_after_write_checkpoint_and_validation,,,,,,sqlite,native,3.11.7,3.44.2,,native,embedded,,,,,,,read1024,sqlite-native,sqlite-native-telemetry,nid006712,59220318,3.44.2,2026-10-02T19:17:40.281927+00:00,,
30,measured,4,telemetry,tmpfs,16,1000000,20260818,1000,True,4.051494608051144,246822.49311471294,42.83671156002674,5.826151464134455,108.94185698125511,1138.2342123368262,1000000,1000000,1000,0.003418404026888311,4.0760344750015065,245336.4921550695,1024,100,1024,102400,0.014216253068298101,72030.23153009953,0.1164103085784518,0.11445599375292659,0.13354946859180927,0.2439240203239023,,trial-0030.json,6.485027,0.24216300000000002,7626,4,1953,26,6.72719,1.660421807456366,20508,16,217716888,361434280,53199,135358,0,0,0,0.17566900000000005,0.041379,5711,13,2,2,0.21704800000000002,15.267595403461955,20572,16,30279216,0,7424,0,0,0,0,,,,,,,,,,,,,,,,,,,,,False,,,,,,,automatic_during_commits_plus_final_truncate,warm_after_write_checkpoint_and_validation,,,,,,sqlite,native,3.11.7,3.44.2,,native,embedded,,,,,,,read1024,sqlite-native,sqlite-native-telemetry,nid006712,59220318,3.44.2,2026-10-02T19:17:48.782654+00:00,,
31,measured,5,telemetry,tmpfs,64,1000000,20260819,1000,True,5.343582913978025,187140.3543461724,157.90483595314436,5.691486003343016,740.9176526940382,4040.8761390438294,1000000,1000000,1000,0.00407557503785938,5.3688678910257295,186259.00660948255,1024,100,1024,102400,0.013288447982631624,77059.41290799323,0.5332632244972046,0.5789395072497427,0.6680405582301319,0.6979256356135011,,trial-0031.json,6.690033000000001,0.44276899999999997,34007,14,2973,44,7.132801999999997,1.3348350937610864,23268,64,215203788,363092456,52707,135903,0,0,0,0.21367200000000006,0.47124999999999984,5329,29,6,7,0.6849219999999995,51.54266328883643,20508,64,33212608,0,8235,0,0,0,0,,,,,,,,,,,,,,,,,,,,,False,,,,,,,automatic_during_commits_plus_final_truncate,warm_after_write_checkpoint_and_validation,,,,,,sqlite,native,3.11.7,3.44.2,,native,embedded,,,,,,,read1024,sqlite-native,sqlite-native-telemetry,nid006712,59220318,3.44.2,2026-10-02T19:17:53.870653+00:00,,
32,measured,5,telemetry,tmpfs,1,1000000,20260819,1000,True,6.280596456024796,159220.54648818087,4.648911189404316,4.523230949416757,4.754230118123813,7.2195926459971815,1000000,1000000,1000,0.001972435973584652,6.304669248987921,158612.60289911774,1024,100,1024,102400,0.17378464003559202,5892.350438970207,0.08097604359136312,0.07909303531050682,0.09819038677960636,0.11086277547292411,,trial-0032.json,6.080004,0.200114,7421,0,0,8,6.280118,0.9999238199702615,23992,1,151507087,345061992,36992,130997,0,0,0,0.172114,0.0016089999999999993,417,0,0,0,0.173723,0.9996453079191613,20508,1,27639907,0,6750,0,0,0,0,,,,,,,,,,,,,,,,,,,,,False,,,,,,,automatic_during_commits_plus_final_truncate,warm_after_write_checkpoint_and_validation,,,,,,sqlite,native,3.11.7,3.44.2,,native,embedded,,,,,,,read1024,sqlite-native,sqlite-native-telemetry,nid006712,59220318,3.44.2,2026-10-02T19:18:01.465589+00:00,,
33,measured,5,telemetry,lustre,1,1000000,20260819,1000,True,9.437832048046403,105956.53693657288,7.583218556363136,6.382557563483715,7.686990982620044,32.507174947531894,1000000,1000000,1000,0.01786832802463323,9.481199858011678,105471.88277599626,1024,100,1024,102400,0.3652253489708528,2803.748433358938,0.25948773838990746,0.2567465417087078,0.28162634116597474,0.3056324855424464,,trial-0033.json,7.015983,1.664885,13974,0,7113,2078,8.680868,0.9197947108835136,20972,1,151507087,345061992,36992,130997,0,345415680,0,0.189685,0.086842,358,0,2051,766,0.27652699999999997,0.7571407646791475,21008,1,27639907,0,6750,0,0,0,0,,,,,,,,,,,,,,,,,,,,,False,,,,,,,automatic_during_commits_plus_final_truncate,warm_after_write_checkpoint_and_validation,,,,,,sqlite,native,3.11.7,3.44.2,,native,embedded,,,,,,,read1024,sqlite-native,sqlite-native-telemetry,nid006712,59220318,3.44.2,2026-10-02T19:18:08.784600+00:00,,
34,measured,5,telemetry,lustre,16,1000000,20260819,1000,True,5.963510049041361,167686.4785631997,65.6154609483201,15.535911021288484,188.7092657096214,1242.4542244896293,1000000,1000000,1000,0.04608622007071972,6.0366857970366254,165653.80966007776,1024,100,1024,102400,0.041264361003413796,24815.602982808447,0.4364509244396686,0.41655550012364984,0.5945822282228619,0.6894619145896286,,trial-0034.json,7.379974,2.60007,8582,5,27252,11158,9.980044000000001,1.6735184342657898,20508,16,235173600,375879032,57451,138860,0,377389056,0,0.242673,0.201278,5502,7,2327,8734,0.44395100000000004,10.758702890449994,20508,16,30406192,0,7455,0,0,0,0,,,,,,,,,,,,,,,,,,,,,False,,,,,,,automatic_during_commits_plus_final_truncate,warm_after_write_checkpoint_and_validation,,,,,,sqlite,native,3.11.7,3.44.2,,native,embedded,,,,,,,read1024,sqlite-native,sqlite-native-telemetry,nid006712,59220318,3.44.2,2026-10-02T19:18:19.630000+00:00,,
35,measured,5,telemetry,tmpfs,16,1000000,20260819,1000,True,4.419213262968697,226284.62137811145,46.98611057875678,5.871714500244707,133.59806882217524,1035.267212690087,1000000,1000000,1000,0.0018584859790280461,4.446944692987017,224873.4960830599,1024,100,1024,102400,0.025735519942827523,39789.36513716671,0.13055941872153198,0.11731707490980625,0.2160234667826444,0.25933662895113224,,trial-0035.json,6.699932,0.3082429999999999,7666,3,2150,31,7.008175,1.5858422264265462,24132,16,218900720,362284496,53490,135493,0,0,0,0.21007000000000006,0.03385899999999999,6231,4,0,15,0.243929,9.47830082865619,21760,16,30160432,0,7395,0,0,0,0,,,,,,,,,,,,,,,,,,,,,False,,,,,,,automatic_during_commits_plus_final_truncate,warm_after_write_checkpoint_and_validation,,,,,,sqlite,native,3.11.7,3.44.2,,native,embedded,,,,,,,read1024,sqlite-native,sqlite-native-telemetry,nid006712,59220318,3.44.2,2026-10-02T19:18:26.820904+00:00,,
36,measured,5,telemetry,lustre,64,1000000,20260819,1000,True,6.244955913978629,160129.23290004543,210.53520392125938,17.29363255435601,1156.2369780498514,4566.333859489532,1000000,1000000,1000,0.07467943790834397,6.345774481887929,157585.177798895,1024,100,1024,102400,0.028925420017912984,35401.38740823316,1.429996935712552,1.451628457289189,1.583459269022569,1.6914798691868782,,trial-0036.json,7.498814000000001,3.1696959999999996,30801,15,37661,15394,10.668510000000001,1.708340322486464,21552,64,241924552,376282896,59196,139098,0,377933824,0,0.313562,0.21806800000000004,5517,16,4066,6022,0.5316299999999999,18.379335534999015,20508,64,32983232,0,8179,0,0,0,0,,,,,,,,,,,,,,,,,,,,,False,,,,,,,automatic_during_commits_plus_final_truncate,warm_after_write_checkpoint_and_validation,,,,,,sqlite,native,3.11.7,3.44.2,,native,embedded,,,,,,,read1024,sqlite-native,sqlite-native-telemetry,nid006712,59220318,3.44.2,2026-10-02T19:18:32.247023+00:00,,
1,warmup,1,telemetry,tmpfs,16,1000000,20260813,1000,True,4.66970530198887,214146.2759061243,45.58949025068432,6.373575481120497,109.14470149436966,835.4081911756657,1000000,1000000,1000,0.0015736339846625924,4.681682504015043,213598.42303325632,1024,100,1024,102400,0.01559127599466592,65677.75468475642,0.11713278809111216,0.11231756070628762,0.14535719528794291,0.21769836777821164,,trial-0001.json,7.050917,0.3386929999999999,4360,0,2166,12,7.389610000000001,1.5824574618986553,27748,16,219011327,363057552,53517,135806,0,0,0,0.20730100000000007,0.026052,302,0,0,6,0.23335300000000003,14.966895594679656,25128,16,30287411,0,7426,0,0,0,0,,,,,,,,,,,,,,,,,,,,,False,,,,,,,automatic_during_commits_plus_final_truncate,warm_after_write_checkpoint_and_validation,,,,,,sqlite,shifter,3.11.15,3.46.1,366e975effc41801a615a88b44c609e98932ed1247531b4d1a777c4b70f3e6ac,shifter,embedded,,,,,,,read1024,sqlite-shifter,sqlite-shifter-telemetry,nid006712,59220318,3.46.1,2026-10-02T19:18:48.592199+00:00,,
2,warmup,1,telemetry,tmpfs,1,1000000,20260813,1000,True,6.941409072955139,144062.9689865366,5.108375549432822,4.983722057659179,5.26133943349123,7.737890863791108,1000000,1000000,1000,0.0018288290593773127,6.9533144370652735,143816.3064609029,1024,100,1024,102400,0.1884839020203799,5432.824708230412,0.08914145166727394,0.08827098645269871,0.09593436261638999,0.1058411761187017,,trial-0002.json,6.736295,0.20454899999999998,9654,0,0,8,6.940844,0.9999185939123887,24572,1,151502991,345086736,36991,131010,0,0,0,0.18498599999999998,0.003383999999999998,1,0,0,2,0.18836999999999998,0.9993956936419557,23236,1,27730019,0,6772,0,0,0,0,,,,,,,,,,,,,,,,,,,,,False,,,,,,,automatic_during_commits_plus_final_truncate,warm_after_write_checkpoint_and_validation,,,,,,sqlite,shifter,3.11.15,3.46.1,366e975effc41801a615a88b44c609e98932ed1247531b4d1a777c4b70f3e6ac,shifter,embedded,,,,,,,read1024,sqlite-shifter,sqlite-shifter-telemetry,nid006712,59220318,3.46.1,2026-10-02T19:18:54.429320+00:00,,
3,warmup,1,telemetry,lustre,16,1000000,20260813,1000,True,6.548727988032624,152701.4103849534,76.39208141283598,16.4793380536139,247.03918645391238,1649.1423656535326,1000000,1000000,1000,0.07853976194746792,6.640645492007025,150587.77060206636,1024,100,1024,102400,0.04547649307642132,22517.12765712192,0.4485297675955735,0.42439106618985534,0.6257675297092646,0.7337834220379589,,trial-0003.json,7.992111,2.9511930000000004,5999,0,27729,21360,10.943304,1.671057955071302,25908,16,232654604,373749032,56837,138367,0,375455744,0,0.3346549999999999,0.14259,230,0,2240,9986,0.47724500000000003,10.494322840549952,25348,16,30381616,0,7449,0,0,0,0,,,,,,,,,,,,,,,,,,,,,False,,,,,,,automatic_during_commits_plus_final_truncate,warm_after_write_checkpoint_and_validation,,,,,,sqlite,shifter,3.11.15,3.46.1,366e975effc41801a615a88b44c609e98932ed1247531b4d1a777c4b70f3e6ac,shifter,embedded,,,,,,,read1024,sqlite-shifter,sqlite-shifter-telemetry,nid006712,59220318,3.46.1,2026-10-02T19:19:02.383195+00:00,,
4,warmup,1,telemetry,lustre,1,1000000,20260813,1000,True,10.095682531013153,99052.24306807168,8.077723503345624,6.822824943810701,8.26007985160686,34.11190796177834,1000000,1000000,1000,0.01840555900707841,10.127919771010056,98736.95908042033,1024,100,1024,102400,0.38930181693285704,2630.349912229178,0.26998879604889225,0.2687800442799926,0.28073638677597046,0.29626170056872064,,trial-0004.json,7.524355,1.755652,14690,0,7117,2170,9.280007,0.9192055090374066,23060,1,151502991,345086736,36991,131010,0,345440256,0,0.20195799999999997,0.095881,1,0,2048,1018,0.29783899999999996,0.7650593628011974,23316,1,27730019,0,6772,0,0,0,0,,,,,,,,,,,,,,,,,,,,,False,,,,,,,automatic_during_commits_plus_final_truncate,warm_after_write_checkpoint_and_validation,,,,,,sqlite,shifter,3.11.15,3.46.1,366e975effc41801a615a88b44c609e98932ed1247531b4d1a777c4b70f3e6ac,shifter,embedded,,,,,,,read1024,sqlite-shifter,sqlite-shifter-telemetry,nid006712,59220318,3.46.1,2026-10-02T19:19:10.066338+00:00,,
5,warmup,1,telemetry,lustre,64,1000000,20260813,1000,True,6.543454024940729,152824.48630164526,228.9844735065708,19.20099853305146,1353.4515469102187,4565.996080437905,1000000,1000000,1000,0.0694604660384357,6.626350817037746,150912.62560816866,1024,100,1024,102400,0.03124356793705374,32774.745895316686,1.4849919710968607,1.491951523348689,1.70463040121831,1.8753126845695076,,trial-0005.json,8.091821,3.4141259999999996,19843,0,39122,17941,11.505947000000003,1.7583904396889567,26916,64,246094192,377699552,60212,139591,0,379596800,0,0.3763550000000001,0.283334,0,0,4085,13131,0.659689,21.11439389153864,25068,64,33085632,0,8204,0,0,0,0,,,,,,,,,,,,,,,,,,,,,False,,,,,,,automatic_during_commits_plus_final_truncate,warm_after_write_checkpoint_and_validation,,,,,,sqlite,shifter,3.11.15,3.46.1,366e975effc41801a615a88b44c609e98932ed1247531b4d1a777c4b70f3e6ac,shifter,embedded,,,,,,,read1024,sqlite-shifter,sqlite-shifter-telemetry,nid006712,59220318,3.46.1,2026-10-02T19:19:21.466527+00:00,,
6,warmup,1,telemetry,tmpfs,64,1000000,20260813,1000,True,6.85462435008958,145886.91501189725,197.33713516476564,5.272986949421465,841.359119600379,5344.54780934262,1000000,1000000,1000,0.003445656970143318,6.876396363019012,145425.0085666906,1024,100,1024,102400,0.013098010094836354,78179.81453562116,0.5106354126382939,0.5286230007186532,0.6410474481526762,0.7132205448579042,,trial-0006.json,6.937284999999998,0.612644,23941,0,2997,47,7.549928999999999,1.1014358503688582,27748,64,210448464,363235032,51549,135905,0,0,0,0.2839189999999999,0.39699799999999963,0,0,0,13,0.6809169999999999,51.986293724757374,24780,64,33183936,0,8228,0,0,0,0,,,,,,,,,,,,,,,,,,,,,False,,,,,,,automatic_during_commits_plus_final_truncate,warm_after_write_checkpoint_and_validation,,,,,,sqlite,shifter,3.11.15,3.46.1,366e975effc41801a615a88b44c609e98932ed1247531b4d1a777c4b70f3e6ac,shifter,embedded,,,,,,,read1024,sqlite-shifter,sqlite-shifter-telemetry,nid006712,59220318,3.46.1,2026-10-02T19:19:29.450362+00:00,,
7,measured,1,telemetry,lustre,16,1000000,20260815,1000,True,6.632818239042535,150765.4761461325,75.18702461139765,17.391252040397376,246.70954235480164,954.835969648554,1000000,1000000,1000,0.07080103899352252,6.719101150985807,148829.43083142643,1024,100,1024,102400,0.041125006042420864,24899.69239016606,0.40523639097500563,0.38087699795141816,0.5722072848584504,0.7037607277743518,,trial-0007.json,8.356142,2.7738840000000002,5822,1,29519,24670,11.130025999999999,1.6780236694088344,24816,16,237717172,377222704,58071,139242,0,379371520,0,0.29806000000000005,0.13928299999999996,126,0,2286,5203,0.43734300000000004,10.634478680656636,25044,16,30180912,0,7400,0,0,0,0,,,,,,,,,,,,,,,,,,,,,False,,,,,,,automatic_during_commits_plus_final_truncate,warm_after_write_checkpoint_and_validation,,,,,,sqlite,shifter,3.11.15,3.46.1,366e975effc41801a615a88b44c609e98932ed1247531b4d1a777c4b70f3e6ac,shifter,embedded,,,,,,,read1024,sqlite-shifter,sqlite-shifter-telemetry,nid006712,59220318,3.46.1,2026-10-02T19:19:37.510206+00:00,,
8,measured,1,telemetry,lustre,64,1000000,20260815,1000,True,8.234093342907727,121446.27931153224,260.4271758351242,10.93712548026815,1150.366309203673,6682.391501844394,1000000,1000000,1000,0.0548463350860402,8.308072083978914,120364.86803338838,1024,100,1024,102400,0.02975386707112193,34415.69452307794,1.4556819943436494,1.467464491724968,1.6810128116048872,1.8363079440314318,,trial-0008.json,8.191004,2.955830999999999,19711,0,33563,26266,11.146834999999998,1.3537416368495632,26944,64,230317016,371092008,56374,137713,0,372023296,0,0.34628099999999984,0.252407,0,0,4077,9340,0.5986880000000001,20.121350901008288,25152,64,33102016,0,8208,0,0,0,0,,,,,,,,,,,,,,,,,,,,,False,,,,,,,automatic_during_commits_plus_final_truncate,warm_after_write_checkpoint_and_validation,,,,,,sqlite,shifter,3.11.15,3.46.1,366e975effc41801a615a88b44c609e98932ed1247531b4d1a777c4b70f3e6ac,shifter,embedded,,,,,,,read1024,sqlite-shifter,sqlite-shifter-telemetry,nid006712,59220318,3.46.1,2026-10-02T19:19:45.487989+00:00,,
9,measured,1,telemetry,tmpfs,64,1000000,20260815,1000,True,6.974130547023378,143387.0492181723,203.62474549980834,5.319907504599541,835.7059265952557,5544.6605450229235,1000000,1000000,1000,0.0028614760376513004,6.994687470025383,142965.64418143634,1024,100,1024,102400,0.013802053988911211,74191.85585150571,0.5318658221540318,0.5656200228258967,0.6756618793588132,0.7887801202014089,,trial-0009.json,7.125095000000003,0.5228950000000001,22723,0,3143,53,7.647989999999998,1.0966227185500892,26944,64,212848676,364107288,52134,136110,0,0,0,0.24152600000000005,0.44859199999999977,0,0,0,13,0.690118,50.00110857082951,25072,64,33147072,0,8219,0,0,0,0,,,,,,,,,,,,,,,,,,,,,False,,,,,,,automatic_during_commits_plus_final_truncate,warm_after_write_checkpoint_and_validation,,,,,,sqlite,shifter,3.11.15,3.46.1,366e975effc41801a615a88b44c609e98932ed1247531b4d1a777c4b70f3e6ac,shifter,embedded,,,,,,,read1024,sqlite-shifter,sqlite-shifter-telemetry,nid006712,59220318,3.46.1,2026-10-02T19:19:55.453484+00:00,,
10,measured,1,telemetry,lustre,1,1000000,20260815,1000,True,9.9554513230687,100447.48023455322,7.9339413264533505,6.744088546838611,8.083203091518953,32.811120349215344,1000000,1000000,1000,0.021147334948182106,9.991057852981612,100089.50150374437,1024,100,1024,102400,0.3885586579563096,2635.3807308937658,0.2678347428854977,0.2671265392564237,0.2810239791870117,0.29825556091964245,,trial-0010.json,7.470695,1.7443009999999999,12780,0,7104,1137,9.214996,0.9256231285714869,27268,1,151502991,345090856,36991,131012,0,345444352,0,0.204623,0.093871,1,0,2048,766,0.298494,0.7682083358275427,24692,1,27680867,0,6760,0,0,0,0,,,,,,,,,,,,,,,,,,,,,False,,,,,,,automatic_during_commits_plus_final_truncate,warm_after_write_checkpoint_and_validation,,,,,,sqlite,shifter,3.11.15,3.46.1,366e975effc41801a615a88b44c609e98932ed1247531b4d1a777c4b70f3e6ac,shifter,embedded,,,,,,,read1024,sqlite-shifter,sqlite-shifter-telemetry,nid006712,59220318,3.46.1,2026-10-02T19:20:03.626006+00:00,,
11,measured,1,telemetry,tmpfs,1,1000000,20260815,1000,True,6.954524454078637,143791.28387614305,5.15997627156321,5.03421004395932,5.2875903027597815,7.824698551557958,1000000,1000000,1000,0.001965522998943925,6.9662350420840085,143549.56356753095,1024,100,1024,102400,0.18774906895123422,5454.088298387103,0.0885390293206001,0.08807005360722542,0.09238868951797485,0.10490916785784066,,trial-0011.json,6.778676,0.17522699999999997,9773,0,0,13,6.9539029999999995,0.9999106403201626,25840,1,151502991,345090856,36991,131012,0,0,0,0.183205,0.0044909999999999985,118,0,0,0,0.187696,0.9997173410684236,22528,1,27680867,0,6760,0,0,0,0,,,,,,,,,,,,,,,,,,,,,False,,,,,,,automatic_during_commits_plus_final_truncate,warm_after_write_checkpoint_and_validation,,,,,,sqlite,shifter,3.11.15,3.46.1,366e975effc41801a615a88b44c609e98932ed1247531b4d1a777c4b70f3e6ac,shifter,embedded,,,,,,,read1024,sqlite-shifter,sqlite-shifter-telemetry,nid006712,59220318,3.46.1,2026-10-02T19:20:14.894037+00:00,,
12,measured,1,telemetry,tmpfs,16,1000000,20260815,1000,True,4.408236252027564,226848.09588870176,50.52717385115102,6.301892513874918,183.96453384775668,1137.7881888952088,1000000,1000000,1000,0.004040717030875385,4.421984712011181,226142.7990204846,1024,100,1024,102400,0.02665212599094957,38420.9499965491,0.1278584419424078,0.11347443796694279,0.20440451917238533,0.2684774971567092,,trial-0012.json,7.1436660000000005,0.272031,4271,0,2375,17,7.415697000000001,1.682236744137558,24620,16,217970884,359966664,53262,134948,0,0,0,0.240677,0.014423000000000005,380,0,0,12,0.2551,9.57146908605437,26036,16,30324272,0,7435,0,0,0,0,,,,,,,,,,,,,,,,,,,,,False,,,,,,,automatic_during_commits_plus_final_truncate,warm_after_write_checkpoint_and_validation,,,,,,sqlite,shifter,3.11.15,3.46.1,366e975effc41801a615a88b44c609e98932ed1247531b4d1a777c4b70f3e6ac,shifter,embedded,,,,,,,read1024,sqlite-shifter,sqlite-shifter-telemetry,nid006712,59220318,3.46.1,2026-10-02T19:20:22.775318+00:00,,
13,measured,2,telemetry,tmpfs,1,1000000,20260816,1000,True,6.947238216991536,143942.0916291891,5.1582186977611855,5.0323515315540135,5.244781414512544,7.747200699523091,1000000,1000000,1000,0.002323745982721448,6.9594843100057915,143688.80731037495,1024,100,1024,102400,0.1871003940468654,5472.997559500092,0.08864993640145258,0.08823099778965116,0.09261748054996133,0.09721423150040209,,trial-0013.json,6.74268,0.20395899999999997,9981,0,0,13,6.946639,0.9999137474528985,25108,1,151507087,345169112,36992,131049,0,0,0,0.174654,0.012335999999999998,1,0,0,2,0.18699,0.9994099742684788,25572,1,27648099,0,6752,0,0,0,0,,,,,,,,,,,,,,,,,,,,,False,,,,,,,automatic_during_commits_plus_final_truncate,warm_after_write_checkpoint_and_validation,,,,,,sqlite,shifter,3.11.15,3.46.1,366e975effc41801a615a88b44c609e98932ed1247531b4d1a777c4b70f3e6ac,shifter,embedded,,,,,,,read1024,sqlite-shifter,sqlite-shifter-telemetry,nid006712,59220318,3.46.1,2026-10-02T19:20:28.081165+00:00,,
14,measured,2,telemetry,tmpfs,64,1000000,20260816,1000,True,6.674801948945969,149817.1792434848,189.55035323183984,5.5321185500361025,740.7803504087451,5144.40314757754,1000000,1000000,1000,0.0028636109782382846,6.6936984189087525,149394.24178046943,1024,100,1024,102400,0.013796783052384853,74220.2001808672,0.5631841082731626,0.5964090232737362,0.697046855930239,0.7760046340990812,,trial-0014.json,7.077617999999998,0.543273,21068,0,3202,54,7.620890999999997,1.1417403929420598,26948,64,214310992,364091912,52492,136148,0,0,0,0.25302099999999994,0.4639610000000001,0,0,0,21,0.716982,51.96733160749857,27348,64,33163456,0,8223,0,0,0,0,,,,,,,,,,,,,,,,,,,,,False,,,,,,,automatic_during_commits_plus_final_truncate,warm_after_write_checkpoint_and_validation,,,,,,sqlite,shifter,3.11.15,3.46.1,366e975effc41801a615a88b44c609e98932ed1247531b4d1a777c4b70f3e6ac,shifter,embedded,,,,,,,read1024,sqlite-shifter,sqlite-shifter-telemetry,nid006712,59220318,3.46.1,2026-10-02T19:20:35.966200+00:00,,
15,measured,2,telemetry,tmpfs,16,1000000,20260816,1000,True,4.758816199959256,210136.293981802,42.35099524247926,6.257180997636169,38.933414599159725,1437.1189957170272,1000000,1000000,1000,0.0010826250072568655,4.770941750030033,209602.22371059234,1024,100,1024,102400,0.01533333701081574,66782.59267879503,0.11840765353099414,0.11326896492391825,0.1395228726323694,0.23463852470740676,,trial-0015.json,6.907001999999999,0.42626600000000003,5094,0,1782,15,7.3332679999999995,1.540985760295341,27744,16,216377584,363071848,52874,135723,0,0,0,0.20495999999999998,0.02914200000000002,356,0,0,10,0.23410199999999998,15.267518077432882,27152,16,30348848,0,7441,0,0,0,0,,,,,,,,,,,,,,,,,,,,,False,,,,,,,automatic_during_commits_plus_final_truncate,warm_after_write_checkpoint_and_validation,,,,,,sqlite,shifter,3.11.15,3.46.1,366e975effc41801a615a88b44c609e98932ed1247531b4d1a777c4b70f3e6ac,shifter,embedded,,,,,,,read1024,sqlite-shifter,sqlite-shifter-telemetry,nid006712,59220318,3.46.1,2026-10-02T19:20:43.847144+00:00,,
16,measured,2,telemetry,lustre,16,1000000,20260816,1000,True,6.582367821945809,151921.01490681976,72.82183894922491,15.876601974014193,196.2957221607212,1052.612997632239,1000000,1000000,1000,0.0662454409757629,6.662065039970912,150103.60811553503,1024,100,1024,102400,0.037295640096999705,27456.292406746412,0.3824092134436796,0.36341295344755054,0.5137261352501811,0.7628035848028951,,trial-0016.json,8.156281,2.8500850000000004,5585,0,28901,20811,11.006365999999998,1.672098293155914,23920,16,236185356,375467336,57699,138695,0,377245696,0,0.26922100000000004,0.148121,34,0,2286,3019,0.41734199999999994,11.190101548453475,26924,16,30455344,0,7467,0,0,0,0,,,,,,,,,,,,,,,,,,,,,False,,,,,,,automatic_during_commits_plus_final_truncate,warm_after_write_checkpoint_and_validation,,,,,,sqlite,shifter,3.11.15,3.46.1,366e975effc41801a615a88b44c609e98932ed1247531b4d1a777c4b70f3e6ac,shifter,embedded,,,,,,,read1024,sqlite-shifter,sqlite-shifter-telemetry,nid006712,59220318,3.46.1,2026-10-02T19:20:49.481676+00:00,,
17,measured,2,telemetry,lustre,1,1000000,20260816,1000,True,10.022886796970852,99771.65463968157,7.998298289836384,6.755735957995057,8.223488577641547,33.80184450768866,1000000,1000000,1000,0.018949082936160266,10.054011416970752,99462.7873917113,1024,100,1024,102400,0.39044958306476474,2622.617732005996,0.26939777455936564,0.2666860236786306,0.28591190930455923,0.3136049828026443,,trial-0017.json,7.472193,1.7576450000000001,12676,0,7112,1517,9.229838,0.9208762093162093,25080,1,151507087,345169112,36992,131049,0,345526272,0,0.218078,0.083628,1,0,2048,250,0.301706,0.7727143607935556,24092,1,27648099,0,6752,0,0,0,0,,,,,,,,,,,,,,,,,,,,,False,,,,,,,automatic_during_commits_plus_final_truncate,warm_after_write_checkpoint_and_validation,,,,,,sqlite,shifter,3.11.15,3.46.1,366e975effc41801a615a88b44c609e98932ed1247531b4d1a777c4b70f3e6ac,shifter,embedded,,,,,,,read1024,sqlite-shifter,sqlite-shifter-telemetry,nid006712,59220318,3.46.1,2026-10-02T19:20:57.179495+00:00,,
18,measured,2,telemetry,lustre,64,1000000,20260816,1000,True,7.363537664990872,135804.28939127855,240.3897779051913,14.939174521714449,1345.7493865629656,5569.000852395547,1000000,1000000,1000,0.05648025800473988,7.4386283699423075,134433.386138869,1024,100,1024,102400,0.03117186203598976,32850.13897526338,1.472165364475586,1.4836349873803556,1.6958005435299128,1.8327368679456408,,trial-0018.json,8.285887,3.0476050000000003,19698,0,35642,19713,11.333492,1.5391368273817403,25964,64,238308048,373383512,58319,138381,0,374505472,0,0.403444,0.24785600000000013,1,0,4081,13244,0.6513000000000002,20.893843275965864,25068,64,33130688,0,8215,0,0,0,0,,,,,,,,,,,,,,,,,,,,,False,,,,,,,automatic_during_commits_plus_final_truncate,warm_after_write_checkpoint_and_validation,,,,,,sqlite,shifter,3.11.15,3.46.1,366e975effc41801a615a88b44c609e98932ed1247531b4d1a777c4b70f3e6ac,shifter,embedded,,,,,,,read1024,sqlite-shifter,sqlite-shifter-telemetry,nid006712,59220318,3.46.1,2026-10-02T19:21:08.504672+00:00,,
19,measured,3,telemetry,lustre,1,1000000,20260817,1000,True,10.11740077403374,98839.61526625446,8.109240713878535,6.851280981209129,8.136858534999188,34.18776608770713,1000000,1000000,1000,0.018566442071460187,10.149345410056412,98528.5217516744,1024,100,1024,102400,0.39961815101560205,2562.4461686677005,0.27598116241733806,0.2744109951891005,0.2911989751737565,0.3109833819326013,,trial-0019.json,7.550051,1.74786,10113,0,7116,2654,9.297911,0.9190019460198753,26596,1,151507087,345078472,36992,131005,0,345432064,0,0.214121,0.09347099999999998,1,0,2048,444,0.307592,0.7697147870242532,24556,1,27627619,0,6747,0,0,0,0,,,,,,,,,,,,,,,,,,,,,False,,,,,,,automatic_during_commits_plus_final_truncate,warm_after_write_checkpoint_and_validation,,,,,,sqlite,shifter,3.11.15,3.46.1,366e975effc41801a615a88b44c609e98932ed1247531b4d1a777c4b70f3e6ac,shifter,embedded,,,,,,,read1024,sqlite-shifter,sqlite-shifter-telemetry,nid006712,59220318,3.46.1,2026-10-02T19:21:17.330079+00:00,,
20,measured,3,telemetry,lustre,64,1000000,20260817,1000,True,7.06327268097084,141577.4309116084,230.4268158650957,15.326889522839338,1057.436942087948,5367.587316361021,1000000,1000000,1000,0.0638734030071646,7.14568129600957,139944.66847527042,1024,100,1024,102400,0.030476795975118876,33599.332450694266,1.4537562664145298,1.4648539945483208,1.677913952153176,1.8323031801264733,,trial-0020.json,8.179809,3.1644229999999998,19045,0,34955,25365,11.344231999999998,1.6060872222252567,25548,64,239106724,374691312,58513,138750,0,375967744,0,0.3890790000000001,0.247454,0,0,4066,12146,0.6365329999999998,20.885824104333757,27148,64,33208512,0,8234,0,0,0,0,,,,,,,,,,,,,,,,,,,,,False,,,,,,,automatic_during_commits_plus_final_truncate,warm_after_write_checkpoint_and_validation,,,,,,sqlite,shifter,3.11.15,3.46.1,366e975effc41801a615a88b44c609e98932ed1247531b4d1a777c4b70f3e6ac,shifter,embedded,,,,,,,read1024,sqlite-shifter,sqlite-shifter-telemetry,nid006712,59220318,3.46.1,2026-10-02T19:21:28.763680+00:00,,
21,measured,3,telemetry,tmpfs,1,1000000,20260817,1000,True,6.946484007989056,143957.72002784626,5.141798898228444,5.008536041714251,5.315195111325005,7.95171307399869,1000000,1000000,1000,0.0020387350814417005,6.9586484640603885,143706.06665428498,1024,100,1024,102400,0.18806504900567234,5444.924537621632,0.08779089330346324,0.08731946581974626,0.09239497012458742,0.10072388686239718,,trial-0021.json,6.769284000000001,0.176581,9873,0,0,14,6.945865,0.9999108890212165,24976,1,151507087,345078472,36992,131005,0,0,0,0.172097,0.015886,1,0,0,0,0.187983,0.9995637200739524,22528,1,27627619,0,6747,0,0,0,0,,,,,,,,,,,,,,,,,,,,,False,,,,,,,automatic_during_commits_plus_final_truncate,warm_after_write_checkpoint_and_validation,,,,,,sqlite,shifter,3.11.15,3.46.1,366e975effc41801a615a88b44c609e98932ed1247531b4d1a777c4b70f3e6ac,shifter,embedded,,,,,,,read1024,sqlite-shifter,sqlite-shifter-telemetry,nid006712,59220318,3.46.1,2026-10-02T19:21:37.255626+00:00,,
22,measured,3,telemetry,tmpfs,16,1000000,20260817,1000,True,4.778224445995875,209282.7600088971,43.52665128884837,6.280626461375505,39.32621660060249,839.1584401030523,1000000,1000000,1000,0.0029397779144346714,4.79053506499622,208744.9494539477,1024,100,1024,102400,0.014979411964304745,68360.49388588453,0.11431593725319544,0.11126499157398939,0.12609451077878475,0.197336288401857,,trial-0022.json,6.988215,0.335917,4761,0,1847,20,7.3241320000000005,1.5328145596294838,26368,16,213526724,359943352,52177,134825,0,0,0,0.21403899999999992,0.015030000000000005,100,0,0,1,0.22906900000000002,15.292255833931332,24552,16,30213680,0,7408,0,0,0,0,,,,,,,,,,,,,,,,,,,,,False,,,,,,,automatic_during_commits_plus_final_truncate,warm_after_write_checkpoint_and_validation,,,,,,sqlite,shifter,3.11.15,3.46.1,366e975effc41801a615a88b44c609e98932ed1247531b4d1a777c4b70f3e6ac,shifter,embedded,,,,,,,read1024,sqlite-shifter,sqlite-shifter-telemetry,nid006712,59220318,3.46.1,2026-10-02T19:21:45.139242+00:00,,
23,measured,3,telemetry,tmpfs,64,1000000,20260817,1000,True,6.253703904920258,159905.2361934221,182.21093803609256,5.806494504213333,641.2917250243436,4845.664860466493,1000000,1000000,1000,0.0012117449659854174,6.267537300940603,159552.301324146,1024,100,1024,102400,0.014870099956169724,68863.02062651126,0.6367802160411884,0.6709829904139042,0.7440893445163965,0.8011641458142549,,trial-0023.json,7.147991999999997,0.5102339999999999,20711,0,3128,69,7.658226000000001,1.2245904373526064,27368,64,215252984,364270736,52720,135964,0,0,0,0.24131300000000003,0.540527,0,0,0,17,0.7818399999999999,52.57799223303863,26624,64,33048768,0,8195,0,0,0,0,,,,,,,,,,,,,,,,,,,,,False,,,,,,,automatic_during_commits_plus_final_truncate,warm_after_write_checkpoint_and_validation,,,,,,sqlite,shifter,3.11.15,3.46.1,366e975effc41801a615a88b44c609e98932ed1247531b4d1a777c4b70f3e6ac,shifter,embedded,,,,,,,read1024,sqlite-shifter,sqlite-shifter-telemetry,nid006712,59220318,3.46.1,2026-10-02T19:21:50.782616+00:00,,
24,measured,3,telemetry,lustre,16,1000000,20260817,1000,True,6.834139364073053,146324.2036381321,72.75268165254965,15.26560605270788,146.93996125133702,1555.433255013776,1000000,1000000,1000,0.06698165601119399,6.91320952901151,144650.61355416282,1024,100,1024,102400,0.039846785948611796,25698.434029800956,0.40039969985627977,0.380110926926136,0.5508630070835352,0.7069012371357527,,trial-0024.json,8.107258,2.8041020000000003,5706,0,27926,15547,10.91136,1.596596062608969,26624,16,235218612,376946256,57461,139083,0,379170816,0,0.276044,0.15837199999999999,204,0,2242,5317,0.434416,10.90215909911134,27204,16,30172720,0,7398,0,0,0,0,,,,,,,,,,,,,,,,,,,,,False,,,,,,,automatic_during_commits_plus_final_truncate,warm_after_write_checkpoint_and_validation,,,,,,sqlite,shifter,3.11.15,3.46.1,366e975effc41801a615a88b44c609e98932ed1247531b4d1a777c4b70f3e6ac,shifter,embedded,,,,,,,read1024,sqlite-shifter,sqlite-shifter-telemetry,nid006712,59220318,3.46.1,2026-10-02T19:21:58.222037+00:00,,
25,measured,4,telemetry,tmpfs,1,1000000,20260818,1000,True,6.89301745290868,145074.34615271795,5.112448757281527,4.976018506567925,5.43143199756741,7.831382402218878,1000000,1000000,1000,0.0020412590820342302,6.905297070974484,144816.36194963567,1024,100,1024,102400,0.18855743191670626,5430.706122749613,0.08949934363045031,0.08891703328117728,0.093887496041134,0.10413061711005865,,trial-0025.json,6.684393,0.20810399999999998,9687,0,0,6,6.892497,0.99992449563457,26624,1,151502991,345082616,36991,131008,0,0,0,0.188444,0.0,65,0,0,2,0.188444,0.9993984224564727,27284,1,27656291,0,6754,0,0,0,0,,,,,,,,,,,,,,,,,,,,,False,,,,,,,automatic_during_commits_plus_final_truncate,warm_after_write_checkpoint_and_validation,,,,,,sqlite,shifter,3.11.15,3.46.1,366e975effc41801a615a88b44c609e98932ed1247531b4d1a777c4b70f3e6ac,shifter,embedded,,,,,,,read1024,sqlite-shifter,sqlite-shifter-telemetry,nid006712,59220318,3.46.1,2026-10-02T19:22:06.174546+00:00,,
26,measured,4,telemetry,lustre,16,1000000,20260818,1000,True,6.5793563000625,151990.5526305819,75.8135735988617,16.22924505500123,340.2428160770794,1353.4809648420196,1000000,1000000,1000,0.060710313031449914,6.657642618985847,150203.31628319353,1024,100,1024,102400,0.03908579400740564,26198.776972676602,0.39360978632885235,0.3682324895635247,0.5647282989230007,0.7246985321398824,,trial-0026.json,8.184591000000001,2.9406429999999997,5631,0,29779,24957,11.125234,1.6909304638045393,26624,16,237684448,376591496,58064,139047,0,378744832,0,0.283255,0.145227,588,0,2220,4629,0.42848200000000003,10.962601908990642,26624,16,30275120,0,7423,0,0,0,0,,,,,,,,,,,,,,,,,,,,,False,,,,,,,automatic_during_commits_plus_final_truncate,warm_after_write_checkpoint_and_validation,,,,,,sqlite,shifter,3.11.15,3.46.1,366e975effc41801a615a88b44c609e98932ed1247531b4d1a777c4b70f3e6ac,shifter,embedded,,,,,,,read1024,sqlite-shifter,sqlite-shifter-telemetry,nid006712,59220318,3.46.1,2026-10-02T19:22:14.006749+00:00,,
27,measured,4,telemetry,lustre,64,1000000,20260818,1000,True,7.754592851968482,128955.83547576617,243.57764589355793,13.13945697620511,1255.1758613029915,6074.735786834497,1000000,1000000,1000,0.0573529260000214,7.826214735978283,127775.69153614582,1024,100,1024,102400,0.030127361067570746,33989.03733066216,1.450589162459437,1.462164509575814,1.6635115607641637,1.7822132527362555,,trial-0027.json,7.906173000000002,3.3611850000000003,20569,1,34517,18297,11.267357999999994,1.452991564494557,26624,64,235318056,374901912,57591,138871,0,376131584,0,0.3608030000000001,0.24514799999999992,1,0,4081,9883,0.6059509999999999,20.112979648000064,26624,64,33130688,0,8215,0,0,0,0,,,,,,,,,,,,,,,,,,,,,False,,,,,,,automatic_during_commits_plus_final_truncate,warm_after_write_checkpoint_and_validation,,,,,,sqlite,shifter,3.11.15,3.46.1,366e975effc41801a615a88b44c609e98932ed1247531b4d1a777c4b70f3e6ac,shifter,embedded,,,,,,,read1024,sqlite-shifter,sqlite-shifter-telemetry,nid006712,59220318,3.46.1,2026-10-02T19:22:21.707229+00:00,,
28,measured,4,telemetry,lustre,1,1000000,20260818,1000,True,10.161677517928183,98408.94854572056,8.14270050637424,6.888784060720354,8.264850341947747,34.22321536811069,1000000,1000000,1000,0.022103726980276406,10.196913682972081,98068.88938070636,1024,100,1024,102400,0.3946357020176947,2594.798176557492,0.2749087437905473,0.2729229745455086,0.28997441404499114,0.31779724638909096,,trial-0028.json,7.60022,1.7464479999999998,11505,0,7109,2089,9.346668,0.9197957702859328,26624,1,151502991,345082616,36991,131008,0,345436160,0,0.20632099999999998,0.09816299999999999,1,0,2048,870,0.304484,0.7715571562411438,26624,1,27656291,0,6754,0,0,0,0,,,,,,,,,,,,,,,,,,,,,False,,,,,,,automatic_during_commits_plus_final_truncate,warm_after_write_checkpoint_and_validation,,,,,,sqlite,shifter,3.11.15,3.46.1,366e975effc41801a615a88b44c609e98932ed1247531b4d1a777c4b70f3e6ac,shifter,embedded,,,,,,,read1024,sqlite-shifter,sqlite-shifter-telemetry,nid006712,59220318,3.46.1,2026-10-02T19:22:30.920734+00:00,,
29,measured,4,telemetry,tmpfs,64,1000000,20260818,1000,True,7.756515061017126,128923.87781541524,218.88422725489363,5.246045475360006,1041.8398468696932,6045.3747130173715,1000000,1000000,1000,0.0035177150275558233,7.775627900031395,128606.97719292385,1024,100,1024,102400,0.0144245590781793,70990.03820151788,0.6074637079791501,0.6363760330714285,0.7367135374806821,0.8109325950499623,,trial-0029.json,7.022195,0.5457859999999998,23550,0,3014,48,7.567980999999999,0.9756934577533839,26684,64,208633892,362552432,51105,135628,0,0,0,0.35440000000000005,0.40965900000000005,0,0,0,4,0.7640590000000005,52.96931406075545,26624,64,33163456,0,8223,0,0,0,0,,,,,,,,,,,,,,,,,,,,,False,,,,,,,automatic_during_commits_plus_final_truncate,warm_after_write_checkpoint_and_validation,,,,,,sqlite,shifter,3.11.15,3.46.1,366e975effc41801a615a88b44c609e98932ed1247531b4d1a777c4b70f3e6ac,shifter,embedded,,,,,,,read1024,sqlite-shifter,sqlite-shifter-telemetry,nid006712,59220318,3.46.1,2026-10-02T19:22:42.405176+00:00,,
30,measured,4,telemetry,tmpfs,16,1000000,20260818,1000,True,4.562176864943467,219193.60638649674,44.53593195439316,6.277064967434853,59.28907563211396,1239.2350349831368,1000000,1000000,1000,0.0040811060462147,4.578363512991928,218418.65486703286,1024,100,1024,102400,0.014887384022586048,68783.07152193174,0.11486881203381927,0.11164549505338073,0.12992655392736197,0.1951672974973917,,trial-0030.json,6.989109999999999,0.352802,4230,0,2000,18,7.341911999999998,1.6093001690522966,26696,16,215693552,359617712,52707,134830,0,0,0,0.20710799999999996,0.022924,370,0,0,0,0.23003200000000001,15.45147217610645,26624,16,30082608,0,7376,0,0,0,0,,,,,,,,,,,,,,,,,,,,,False,,,,,,,automatic_during_commits_plus_final_truncate,warm_after_write_checkpoint_and_validation,,,,,,sqlite,shifter,3.11.15,3.46.1,366e975effc41801a615a88b44c609e98932ed1247531b4d1a777c4b70f3e6ac,shifter,embedded,,,,,,,read1024,sqlite-shifter,sqlite-shifter-telemetry,nid006712,59220318,3.46.1,2026-10-02T19:22:51.363699+00:00,,
31,measured,5,telemetry,tmpfs,64,1000000,20260819,1000,True,6.42973394098226,155527.43071157802,184.0021731313318,6.159718497656286,935.9877320355735,5044.838173842289,1000000,1000000,1000,0.0017740019829943776,6.448750533978455,155068.7989450052,1024,100,1024,102400,0.013881028047762811,73769.75224576662,0.5761903732945939,0.6142939673736691,0.7009758439380676,0.7545643358025699,,trial-0031.json,6.918185999999999,0.631935,21061,0,3208,35,7.550121000000001,1.1742509206915304,28672,64,216907680,364870800,53122,136365,0,0,0,0.25705200000000006,0.472791,1,0,0,0,0.729843,52.57845438311235,28672,64,33179840,0,8227,0,0,0,0,,,,,,,,,,,,,,,,,,,,,False,,,,,,,automatic_during_commits_plus_final_truncate,warm_after_write_checkpoint_and_validation,,,,,,sqlite,shifter,3.11.15,3.46.1,366e975effc41801a615a88b44c609e98932ed1247531b4d1a777c4b70f3e6ac,shifter,embedded,,,,,,,read1024,sqlite-shifter,sqlite-shifter-telemetry,nid006712,59220318,3.46.1,2026-10-02T19:22:56.823119+00:00,,
32,measured,5,telemetry,tmpfs,1,1000000,20260819,1000,True,6.900543201016262,144916.1277408896,5.105675939586945,4.979485063813627,5.232079501729457,7.719799376791343,1000000,1000000,1000,0.0019959519850090146,6.912873919005506,144657.6361317264,1024,100,1024,102400,0.18686462799087167,5479.90280991019,0.08846093533065869,0.08765951497480273,0.09414847008883953,0.10590675286948681,,trial-0032.json,6.705193,0.194791,9799,0,0,12,6.899984000000001,0.9999189627540946,28672,1,151507087,345061992,36992,130997,0,0,0,0.178473,0.008301000000000003,67,0,0,3,0.186774,0.9995150072443025,28672,1,27639907,0,6750,0,0,0,0,,,,,,,,,,,,,,,,,,,,,False,,,,,,,automatic_during_commits_plus_final_truncate,warm_after_write_checkpoint_and_validation,,,,,,sqlite,shifter,3.11.15,3.46.1,366e975effc41801a615a88b44c609e98932ed1247531b4d1a777c4b70f3e6ac,shifter,embedded,,,,,,,read1024,sqlite-shifter,sqlite-shifter-telemetry,nid006712,59220318,3.46.1,2026-10-02T19:23:05.800049+00:00,,
33,measured,5,telemetry,lustre,1,1000000,20260819,1000,True,10.045387877034955,99548.1719811067,8.036273603443988,6.787853024434298,8.098065142985433,33.78825513180345,1000000,1000000,1000,0.03356454300228506,10.092791085946374,99080.62016585699,1024,100,1024,102400,0.3953081979416311,2590.3839215375897,0.27510009681464,0.27225096710026264,0.29408548143692315,0.3312621498480439,,trial-0033.json,7.524608,1.7108530000000002,10086,0,7117,2264,9.235461,0.9193732599528037,28672,1,151507087,345061992,36992,130997,0,345415680,0,0.21371500000000002,0.090475,85,0,2048,985,0.30419,0.7695008643481634,28672,1,27639907,0,6750,0,0,0,0,,,,,,,,,,,,,,,,,,,,,False,,,,,,,automatic_during_commits_plus_final_truncate,warm_after_write_checkpoint_and_validation,,,,,,sqlite,shifter,3.11.15,3.46.1,366e975effc41801a615a88b44c609e98932ed1247531b4d1a777c4b70f3e6ac,shifter,embedded,,,,,,,read1024,sqlite-shifter,sqlite-shifter-telemetry,nid006712,59220318,3.46.1,2026-10-02T19:23:13.672576+00:00,,
34,measured,5,telemetry,lustre,16,1000000,20260819,1000,True,6.530009047943167,153139.14462568494,77.84959419164807,16.900910472031683,247.5423825206235,1344.4585759949396,1000000,1000000,1000,0.06928432499989867,6.6148443419951946,151175.1370552094,1024,100,1024,102400,0.04002626508008689,25583.201379172428,0.4054691312376235,0.3791190101765096,0.5724162911064923,0.7245002803392708,,trial-0034.json,8.375744000000001,2.743928,5694,0,30004,20912,11.119671999999998,1.702857058598179,28672,16,239478408,378119472,58500,139443,0,380436480,0,0.284786,0.14969899999999997,449,0,2297,5205,0.434485,10.854997315654035,28672,16,30262832,0,7420,0,0,0,0,,,,,,,,,,,,,,,,,,,,,False,,,,,,,automatic_during_commits_plus_final_truncate,warm_after_write_checkpoint_and_validation,,,,,,sqlite,shifter,3.11.15,3.46.1,366e975effc41801a615a88b44c609e98932ed1247531b4d1a777c4b70f3e6ac,shifter,embedded,,,,,,,read1024,sqlite-shifter,sqlite-shifter-telemetry,nid006712,59220318,3.46.1,2026-10-02T19:23:25.063201+00:00,,
35,measured,5,telemetry,tmpfs,16,1000000,20260819,1000,True,4.878573294961825,204977.95964912832,43.47569407871924,6.2752170488238335,24.226182239362966,1340.1671058346947,1000000,1000000,1000,0.0014758360339328647,4.891268088016659,204445.9600261833,1024,100,1024,102400,0.014961829059757292,68440.83005561428,0.11621615999501955,0.1117464853450656,0.12958631268702447,0.24409113917499778,,trial-0035.json,7.011741,0.312533,4932,0,1804,27,7.324274,1.5013147404311598,28672,16,215349488,362087272,52623,135419,0,0,0,0.231904,0.0,66,0,0,3,0.231904,15.499709231657397,28672,16,30279216,0,7424,0,0,0,0,,,,,,,,,,,,,,,,,,,,,False,,,,,,,automatic_during_commits_plus_final_truncate,warm_after_write_checkpoint_and_validation,,,,,,sqlite,shifter,3.11.15,3.46.1,366e975effc41801a615a88b44c609e98932ed1247531b4d1a777c4b70f3e6ac,shifter,embedded,,,,,,,read1024,sqlite-shifter,sqlite-shifter-telemetry,nid006712,59220318,3.46.1,2026-10-02T19:23:32.856949+00:00,,
36,measured,5,telemetry,lustre,64,1000000,20260819,1000,True,7.059854705934413,141645.97454950656,230.68543226993643,15.12835145695135,1259.853822871806,5475.819753695977,1000000,1000000,1000,0.040377976023592055,7.117412932915613,140500.48935271695,1024,100,1024,102400,0.030979640898294747,33053.9660986311,1.5162181471168878,1.4770179986953735,2.2475278354249895,2.407965431921184,,trial-0036.json,8.06449,3.3084630000000006,19218,2,36008,22278,11.372952999999999,1.6109330111907343,28672,64,241469984,376781472,59087,139141,0,378327040,0,0.33416999999999997,0.3011460000000001,1,0,4082,9495,0.6353160000000002,20.507532740154222,28672,64,33077440,0,8202,0,0,0,0,,,,,,,,,,,,,,,,,,,,,False,,,,,,,automatic_during_commits_plus_final_truncate,warm_after_write_checkpoint_and_validation,,,,,,sqlite,shifter,3.11.15,3.46.1,366e975effc41801a615a88b44c609e98932ed1247531b4d1a777c4b70f3e6ac,shifter,embedded,,,,,,,read1024,sqlite-shifter,sqlite-shifter-telemetry,nid006712,59220318,3.46.1,2026-10-02T19:23:38.600656+00:00,,
1,warmup,1,telemetry,tmpfs,16,1000000,20260813,1000,True,3.669645243906416,272505.90548515215,54.73589575244114,55.439843446947634,64.62917101453058,68.49717043107376,1000000,1000000,1000,0.061099819955416024,3.799967619939707,263160.13714239665,1024,100,1024,102400,0.029990868060849607,34143.72661446036,0.2716995406899514,0.21901895524933934,0.38379388861358166,2.195484975818543,,trial-0001.json,12.430162,2.9837749999999996,35808,41,6019,65,15.413936999999999,4.20038885927609,31044,16,1584,0,32,0,49152,0,0,0.22052000000000002,0.012657000000000015,792,9,1872,2,0.23317700000000005,7.774933340605494,31044,16,1584,0,32,0,0,0,0,False,,,,,,,,,,,,,,,,,,,,False,,,,,,,postgresql_automatic_plus_explicit_final_checkpoint,warm_after_write_checkpoint_and_validation,,,,,,postgresql,native,3.11.7,,,native,shifter,e4842c8a99ca99339e1693e6fe5fe62c7becb31991f066f989047dfb2fbf47af,16.12 (Debian 16.12-1.pgdg13+1),3.3.6,180006,client_processes_only,not_collected,read1024,postgres,postgres-telemetry,nid006712,59220318,16.12 (Debian 16.12-1.pgdg13+1),2026-10-02T19:23:52.155683+00:00,,
2,warmup,1,telemetry,tmpfs,1,1000000,20260813,1000,True,12.010415434953757,83261.06664801227,10.298524518730119,10.19668352091685,10.388211451936513,15.298578090732917,1000000,1000000,1000,0.053723324090242386,12.117526291985996,82525.0943058697,1024,100,1024,102400,0.23905312700662762,4283.566639860813,0.1668621206363241,0.16317598056048155,0.17567563918419182,0.20985761890187857,,trial-0002.json,9.466884,2.355465,18453,0,2996,8,11.822349,0.9843413880250613,31044,1,102,0,2,0,0,0,0,0.16430899999999998,0.007886999999999991,58,0,2013,1,0.17219599999999996,0.7203252354662816,31044,1,99,0,2,0,0,0,0,False,,,,,,,,,,,,,,,,,,,,False,,,,,,,postgresql_automatic_plus_explicit_final_checkpoint,warm_after_write_checkpoint_and_validation,,,,,,postgresql,native,3.11.7,,,native,shifter,e4842c8a99ca99339e1693e6fe5fe62c7becb31991f066f989047dfb2fbf47af,16.12 (Debian 16.12-1.pgdg13+1),3.3.6,180006,client_processes_only,not_collected,read1024,postgres,postgres-telemetry,nid006712,59220318,16.12 (Debian 16.12-1.pgdg13+1),2026-10-02T19:24:00.347250+00:00,,
3,warmup,1,telemetry,lustre,16,1000000,20260813,1000,True,4.256375103024766,234941.69940270451,64.60434935195372,62.70496599609032,90.04846699535847,101.49819932412356,1000000,1000000,1000,0.45072381698992103,4.779455975978635,209228.8337890258,1024,100,1024,102400,0.030902078025974333,33136.930116456584,0.3176784921379294,0.25917659513652325,0.44614119105972355,2.7607000176794823,,trial-0003.json,12.679443,3.056998,38162,2,5944,14329,15.736441,3.6971461910903947,33116,16,1587,0,32,0,0,0,0,0.19893600000000006,0.04023600000000001,801,6,1788,5,0.23917200000000008,7.73967368145816,33640,16,1584,0,32,0,0,0,0,False,,,,,,,,,,,,,,,,,,,,False,,,,,,,postgresql_automatic_plus_explicit_final_checkpoint,warm_after_write_checkpoint_and_validation,,,,,,postgresql,native,3.11.7,,,native,shifter,e4842c8a99ca99339e1693e6fe5fe62c7becb31991f066f989047dfb2fbf47af,16.12 (Debian 16.12-1.pgdg13+1),3.3.6,180006,client_processes_only,not_collected,read1024,postgres,postgres-telemetry,nid006712,59220318,16.12 (Debian 16.12-1.pgdg13+1),2026-10-02T19:24:16.453447+00:00,,
4,warmup,1,telemetry,lustre,1,1000000,20260813,1000,True,15.788191847037524,63338.4753421044,13.80811279034242,13.203761540353298,14.815977198304608,40.35031057195738,1000000,1000000,1000,0.4380896430229768,16.278778751962818,61429.669586204356,1024,100,1024,102400,0.25098291994072497,4079.958908127452,0.17799175839172676,0.17329497495666146,0.1927907986100763,0.2527896582614628,,trial-0004.json,10.736437,2.749456,27453,0,3039,5918,13.485893,0.8541759012467585,33116,1,102,0,2,0,0,0,0,0.155772,0.015739999999999997,58,0,2038,1,0.171512,0.6833612424323785,33116,1,99,0,2,0,0,0,0,False,,,,,,,,,,,,,,,,,,,,False,,,,,,,postgresql_automatic_plus_explicit_final_checkpoint,warm_after_write_checkpoint_and_validation,,,,,,postgresql,native,3.11.7,,,native,shifter,e4842c8a99ca99339e1693e6fe5fe62c7becb31991f066f989047dfb2fbf47af,16.12 (Debian 16.12-1.pgdg13+1),3.3.6,180006,client_processes_only,not_collected,read1024,postgres,postgres-telemetry,nid006712,59220318,16.12 (Debian 16.12-1.pgdg13+1),2026-10-02T19:24:27.949592+00:00,,
5,warmup,1,telemetry,lustre,64,1000000,20260813,1000,True,4.109805751941167,243320.50232001217,248.0647389915539,244.55560400383547,360.9336015651933,579.0351402736268,1000000,1000000,1000,0.442275180015713,4.626007935963571,216169.10602893415,1024,100,1024,102400,0.016651096055284142,61497.45317666573,0.6565468904682348,0.48608100041747093,2.1730302309151757,3.6046324984636153,,trial-0005.json,12.727638999999995,3.198030000000001,25084,8,6312,14726,15.925668999999996,3.8750417808622446,33116,64,6339,0,128,0,0,0,0,0.3539929999999999,0.041605,3206,15,1609,23,0.39559800000000006,23.758075665803332,33116,64,6336,0,128,0,0,0,0,False,,,,,,,,,,,,,,,,,,,,False,,,,,,,postgresql_automatic_plus_explicit_final_checkpoint,warm_after_write_checkpoint_and_validation,,,,,,postgresql,native,3.11.7,,,native,shifter,e4842c8a99ca99339e1693e6fe5fe62c7becb31991f066f989047dfb2fbf47af,16.12 (Debian 16.12-1.pgdg13+1),3.3.6,180006,client_processes_only,not_collected,read1024,postgres,postgres-telemetry,nid006712,59220318,16.12 (Debian 16.12-1.pgdg13+1),2026-10-02T19:24:50.656113+00:00,,
6,warmup,1,telemetry,tmpfs,64,1000000,20260813,1000,True,3.5560114439576864,281213.94313822663,219.63003432552796,218.89150445349514,273.0239563854411,286.2646035151556,1000000,1000000,1000,0.05811445903964341,3.713356444030069,269298.1444341793,1024,100,1024,102400,0.016784846084192395,61007.41078372956,0.6173571426870694,0.49358996329829097,2.00899838237092,2.681535689625888,,trial-0006.json,12.842094999999997,3.1174719999999994,25106,1,6014,235,15.959566999999998,4.488052766848718,33116,64,6339,0,128,0,0,0,0,0.3870579999999998,0.07172100000000005,3177,29,1475,114,0.4587789999999999,27.332928624949858,33116,64,6336,0,128,0,0,0,0,False,,,,,,,,,,,,,,,,,,,,False,,,,,,,postgresql_automatic_plus_explicit_final_checkpoint,warm_after_write_checkpoint_and_validation,,,,,,postgresql,native,3.11.7,,,native,shifter,e4842c8a99ca99339e1693e6fe5fe62c7becb31991f066f989047dfb2fbf47af,16.12 (Debian 16.12-1.pgdg13+1),3.3.6,180006,client_processes_only,not_collected,read1024,postgres,postgres-telemetry,nid006712,59220318,16.12 (Debian 16.12-1.pgdg13+1),2026-10-02T19:25:03.140356+00:00,,
7,measured,1,telemetry,lustre,16,1000000,20260815,1000,True,4.143519897013903,241340.70183195375,62.7521630685078,61.51737453183159,86.19085325626655,96.73509655403905,1000000,1000000,1000,0.45805297303013504,4.677055004052818,213809.7583059143,1024,100,1024,102400,0.03537172800861299,28949.674150797968,0.32528886492855236,0.2702124766074121,0.4780359740834683,2.6742828416172415,,trial-0007.json,13.165310000000002,3.123996,37974,1,5936,18014,16.289305999999996,3.931272542395454,33116,16,1587,0,32,0,0,0,0,0.24181200000000003,0.013475000000000029,798,3,1758,2,0.2552870000000001,7.217261196225356,33116,16,1584,0,32,0,0,0,0,False,,,,,,,,,,,,,,,,,,,,False,,,,,,,postgresql_automatic_plus_explicit_final_checkpoint,warm_after_write_checkpoint_and_validation,,,,,,postgresql,native,3.11.7,,,native,shifter,e4842c8a99ca99339e1693e6fe5fe62c7becb31991f066f989047dfb2fbf47af,16.12 (Debian 16.12-1.pgdg13+1),3.3.6,180006,client_processes_only,not_collected,read1024,postgres,postgres-telemetry,nid006712,59220318,16.12 (Debian 16.12-1.pgdg13+1),2026-10-02T19:25:15.420857+00:00,,
8,measured,1,telemetry,lustre,64,1000000,20260815,1000,True,4.185635301982984,238912.35806574946,257.4680817121407,254.76861803326756,334.0286026359536,431.29107029992144,1000000,1000000,1000,0.4433728199219331,4.767758917994797,209742.1487117842,1024,100,1024,102400,0.01683850900735706,60812.98525615274,0.6749389502829217,0.5195399862714112,2.036470617167652,3.8259189773816615,,trial-0008.json,12.760267999999998,3.073897999999999,25101,4,6304,10847,15.834166000000003,3.7829779370645165,33116,64,6339,0,128,0,0,0,0,0.35463900000000004,0.09798699999999998,3153,61,1785,11,0.4526260000000002,26.880408461475977,33116,64,6336,0,128,0,0,0,0,False,,,,,,,,,,,,,,,,,,,,False,,,,,,,postgresql_automatic_plus_explicit_final_checkpoint,warm_after_write_checkpoint_and_validation,,,,,,postgresql,native,3.11.7,,,native,shifter,e4842c8a99ca99339e1693e6fe5fe62c7becb31991f066f989047dfb2fbf47af,16.12 (Debian 16.12-1.pgdg13+1),3.3.6,180006,client_processes_only,not_collected,read1024,postgres,postgres-telemetry,nid006712,59220318,16.12 (Debian 16.12-1.pgdg13+1),2026-10-02T19:25:26.670750+00:00,,
9,measured,1,telemetry,tmpfs,64,1000000,20260815,1000,True,3.515616134973243,284445.16170352907,216.19918839994352,217.77680097147822,273.1005454319529,291.7977717658505,1000000,1000000,1000,0.05706249491777271,3.679135402897373,271802.98915133305,1024,100,1024,102400,0.016836053924635053,60821.85318387763,0.5789716882418361,0.4583570407703519,1.8559927993919705,2.690969003597274,,trial-0009.json,12.707019999999998,2.9921939999999996,25092,4,6023,208,15.699213999999996,4.465565464848306,34560,64,6339,0,128,0,0,0,0,0.3313009999999999,0.10820300000000001,3183,33,1650,18,0.43950399999999995,26.104929454811476,33116,64,6336,0,128,0,0,0,0,False,,,,,,,,,,,,,,,,,,,,False,,,,,,,postgresql_automatic_plus_explicit_final_checkpoint,warm_after_write_checkpoint_and_validation,,,,,,postgresql,native,3.11.7,,,native,shifter,e4842c8a99ca99339e1693e6fe5fe62c7becb31991f066f989047dfb2fbf47af,16.12 (Debian 16.12-1.pgdg13+1),3.3.6,180006,client_processes_only,not_collected,read1024,postgres,postgres-telemetry,nid006712,59220318,16.12 (Debian 16.12-1.pgdg13+1),2026-10-02T19:25:40.716350+00:00,,
10,measured,1,telemetry,lustre,1,1000000,20260815,1000,True,15.723108996055089,63600.65304202234,13.777726061060093,13.217678002547473,14.439323561964557,40.72338420432061,1000000,1000000,1000,0.431673172977753,16.201402620994486,61723.050984743524,1024,100,1024,102400,0.25772322400007397,3973.254657095653,0.18365399853337294,0.1782249892130494,0.20203135209158063,0.2669846336357295,,trial-0010.json,10.600629,2.897459,26673,0,3000,5779,13.498088,0.8584872116186852,33116,1,102,0,2,0,0,0,0,0.16801299999999997,0.007611000000000007,58,0,2032,5,0.17562399999999997,0.6814442147439129,33116,1,99,0,2,0,0,0,0,False,,,,,,,,,,,,,,,,,,,,False,,,,,,,postgresql_automatic_plus_explicit_final_checkpoint,warm_after_write_checkpoint_and_validation,,,,,,postgresql,native,3.11.7,,,native,shifter,e4842c8a99ca99339e1693e6fe5fe62c7becb31991f066f989047dfb2fbf47af,16.12 (Debian 16.12-1.pgdg13+1),3.3.6,180006,client_processes_only,not_collected,read1024,postgres,postgres-telemetry,nid006712,59220318,16.12 (Debian 16.12-1.pgdg13+1),2026-10-02T19:25:50.412484+00:00,,
11,measured,1,telemetry,tmpfs,1,1000000,20260815,1000,True,12.192701387917623,82016.27909881821,10.414087188546546,10.2596704964526,11.070128186838701,15.368226858554408,1000000,1000000,1000,0.05693081195931882,12.293808172922581,81341.76049716839,1024,100,1024,102400,0.24872709694318473,4116.961973925609,0.17636733537074178,0.17338601173833013,0.1851566252298653,0.22468391107395252,,trial-0011.json,9.584544000000001,2.4191209999999996,19313,0,2997,38,12.003665000000002,0.9844959388487159,35280,1,102,0,2,0,0,0,0,0.15178299999999997,0.02378999999999999,58,0,1470,0,0.17557299999999998,0.7058860982891023,33116,1,99,0,2,0,0,0,0,False,,,,,,,,,,,,,,,,,,,,False,,,,,,,postgresql_automatic_plus_explicit_final_checkpoint,warm_after_write_checkpoint_and_validation,,,,,,postgresql,native,3.11.7,,,native,shifter,e4842c8a99ca99339e1693e6fe5fe62c7becb31991f066f989047dfb2fbf47af,16.12 (Debian 16.12-1.pgdg13+1),3.3.6,180006,client_processes_only,not_collected,read1024,postgres,postgres-telemetry,nid006712,59220318,16.12 (Debian 16.12-1.pgdg13+1),2026-10-02T19:26:12.998538+00:00,,
12,measured,1,telemetry,tmpfs,16,1000000,20260815,1000,True,3.699968785047531,270272.55041751754,55.709779633791186,55.90275803115219,67.47139680664986,70.57192187639885,1000000,1000000,1000,0.06253896199632436,3.8286046540597454,261191.7631504804,1024,100,1024,102400,0.03193941793870181,32060.69697216345,0.2971086744310014,0.26150100165978074,0.41690944344736636,2.251059962436557,,trial-0012.json,12.532437999999999,2.8819139999999996,36446,1,5972,88,15.414352000000001,4.166076228073362,33116,16,1587,0,32,0,0,0,0,0.24836299999999992,0.013830000000000037,790,12,1612,1,0.262193,8.2090725793188,33116,16,1584,0,32,0,0,0,0,False,,,,,,,,,,,,,,,,,,,,False,,,,,,,postgresql_automatic_plus_explicit_final_checkpoint,warm_after_write_checkpoint_and_validation,,,,,,postgresql,native,3.11.7,,,native,shifter,e4842c8a99ca99339e1693e6fe5fe62c7becb31991f066f989047dfb2fbf47af,16.12 (Debian 16.12-1.pgdg13+1),3.3.6,180006,client_processes_only,not_collected,read1024,postgres,postgres-telemetry,nid006712,59220318,16.12 (Debian 16.12-1.pgdg13+1),2026-10-02T19:26:29.431342+00:00,,
13,measured,2,telemetry,tmpfs,1,1000000,20260816,1000,True,12.135459729004651,82403.14107012573,10.367424564436078,10.148590488824993,10.845138411968946,15.260005686432123,1000000,1000000,1000,0.05561211006715894,12.239915594109334,81699.90980013514,1024,100,1024,102400,0.2366599270608276,4326.883780948711,0.16502886762737035,0.16192300245165825,0.17174999229609966,0.20803363760933277,,trial-0013.json,9.553224,2.392684,26293,0,2993,70,11.945908,0.9843803421347435,33116,1,102,0,2,0,0,0,0,0.1513,0.019672999999999996,58,0,2031,1,0.17097299999999999,0.722441699882953,35624,1,102,0,2,0,0,0,0,False,,,,,,,,,,,,,,,,,,,,False,,,,,,,postgresql_automatic_plus_explicit_final_checkpoint,warm_after_write_checkpoint_and_validation,,,,,,postgresql,native,3.11.7,,,native,shifter,e4842c8a99ca99339e1693e6fe5fe62c7becb31991f066f989047dfb2fbf47af,16.12 (Debian 16.12-1.pgdg13+1),3.3.6,180006,client_processes_only,not_collected,read1024,postgres,postgres-telemetry,nid006712,59220318,16.12 (Debian 16.12-1.pgdg13+1),2026-10-02T19:26:37.315571+00:00,,
14,measured,2,telemetry,tmpfs,64,1000000,20260816,1000,True,3.6940468569519,270705.8244586368,228.69341239368077,227.9006350436248,280.5810605525039,305.6097529933322,1000000,1000000,1000,0.06062988901976496,3.8505137639585882,259705.60327823175,1024,100,1024,102400,0.01436756900511682,71271.6256755277,0.5597338675897845,0.42013300117105246,2.1527509612496942,3.2745290920138355,,trial-0014.json,12.971437,2.9974119999999997,25133,5,6042,249,15.968848999999999,4.322860434200478,33116,64,6339,0,128,0,0,0,0,0.27371300000000015,0.149604,3130,89,1871,2,0.42331699999999994,29.463369888757185,33116,64,6336,0,128,0,0,0,0,False,,,,,,,,,,,,,,,,,,,,False,,,,,,,postgresql_automatic_plus_explicit_final_checkpoint,warm_after_write_checkpoint_and_validation,,,,,,postgresql,native,3.11.7,,,native,shifter,e4842c8a99ca99339e1693e6fe5fe62c7becb31991f066f989047dfb2fbf47af,16.12 (Debian 16.12-1.pgdg13+1),3.3.6,180006,client_processes_only,not_collected,read1024,postgres,postgres-telemetry,nid006712,59220318,16.12 (Debian 16.12-1.pgdg13+1),2026-10-02T19:26:53.645510+00:00,,
15,measured,2,telemetry,tmpfs,16,1000000,20260816,1000,True,3.589871475007385,278561.50476750504,53.36308211856522,54.99803647398949,66.68229853967203,70.87218209169805,1000000,1000000,1000,0.06328648806083947,3.712081902078353,269390.60785272846,1024,100,1024,102400,0.03103656100574881,32993.346131690545,0.29608438126160763,0.25955698220059276,0.40096332668326795,2.310367267346009,,trial-0015.json,11.997776,2.8795039999999994,37921,1,5913,173,14.87728,4.144237503647507,33116,16,1587,0,32,0,0,0,0,0.23731500000000003,0.016185999999999992,798,7,1664,2,0.25350100000000003,8.167818591532896,33116,16,1584,0,32,0,0,0,0,False,,,,,,,,,,,,,,,,,,,,False,,,,,,,postgresql_automatic_plus_explicit_final_checkpoint,warm_after_write_checkpoint_and_validation,,,,,,postgresql,native,3.11.7,,,native,shifter,e4842c8a99ca99339e1693e6fe5fe62c7becb31991f066f989047dfb2fbf47af,16.12 (Debian 16.12-1.pgdg13+1),3.3.6,180006,client_processes_only,not_collected,read1024,postgres,postgres-telemetry,nid006712,59220318,16.12 (Debian 16.12-1.pgdg13+1),2026-10-02T19:27:02.946122+00:00,,
16,measured,2,telemetry,lustre,16,1000000,20260816,1000,True,4.333022117963992,230785.8055591652,65.4521305039525,64.03887452324852,87.85237199626863,97.93946668040007,1000000,1000000,1000,0.44073957798536867,4.841027725022286,206567.70768554034,1024,100,1024,102400,0.03538254997693002,28940.819716715276,0.33186324981215876,0.2684344653971493,0.49663432291708887,2.6113945117685944,,trial-0016.json,12.648378,3.107902,36830,2,5942,13238,15.756279999999999,3.636325772415763,33116,16,1587,0,32,0,0,0,0,0.23699499999999998,0.017560000000000006,792,8,1900,0,0.254555,7.194365588855915,33116,16,1584,0,32,0,0,0,0,False,,,,,,,,,,,,,,,,,,,,False,,,,,,,postgresql_automatic_plus_explicit_final_checkpoint,warm_after_write_checkpoint_and_validation,,,,,,postgresql,native,3.11.7,,,native,shifter,e4842c8a99ca99339e1693e6fe5fe62c7becb31991f066f989047dfb2fbf47af,16.12 (Debian 16.12-1.pgdg13+1),3.3.6,180006,client_processes_only,not_collected,read1024,postgres,postgres-telemetry,nid006712,59220318,16.12 (Debian 16.12-1.pgdg13+1),2026-10-02T19:27:10.764225+00:00,,
17,measured,2,telemetry,lustre,1,1000000,20260816,1000,True,16.226335323997773,61628.20994590566,14.111939557478763,13.34733550902456,16.235029336530715,42.47688320814631,1000000,1000000,1000,0.4405212359270081,16.72536488401238,59789.42802951287,1024,100,1024,102400,0.252629547030665,4053.3659345702094,0.17976233186800528,0.1760759623721242,0.19338192651048303,0.23046003887429783,,trial-0017.json,11.172474,2.748932,40037,0,3002,8113,13.921406,0.8579513317101908,33116,1,102,0,2,0,0,0,0,0.16013099999999997,0.011349000000000012,58,0,2029,1,0.17147999999999997,0.6787804594336908,34736,1,99,0,2,0,0,0,0,False,,,,,,,,,,,,,,,,,,,,False,,,,,,,postgresql_automatic_plus_explicit_final_checkpoint,warm_after_write_checkpoint_and_validation,,,,,,postgresql,native,3.11.7,,,native,shifter,e4842c8a99ca99339e1693e6fe5fe62c7becb31991f066f989047dfb2fbf47af,16.12 (Debian 16.12-1.pgdg13+1),3.3.6,180006,client_processes_only,not_collected,read1024,postgres,postgres-telemetry,nid006712,59220318,16.12 (Debian 16.12-1.pgdg13+1),2026-10-02T19:27:22.107215+00:00,,
18,measured,2,telemetry,lustre,64,1000000,20260816,1000,True,4.515896880067885,221439.95457774217,279.100657585077,272.2708340152167,391.98468991671683,429.352220359724,1000000,1000000,1000,0.44514807802625,5.056730704032816,197756.22996939218,1024,100,1024,102400,0.01945350901223719,52638.318328886315,0.7216966944270098,0.5226110224612057,2.572321053594352,4.091360667953267,,trial-0018.json,13.181683999999995,2.943218,25095,6,6604,15442,16.12490199999999,3.570697566450542,33116,64,6339,0,128,0,0,0,0,0.38609499999999974,0.07098600000000002,3140,78,1782,52,0.4570809999999994,23.496069511802396,33116,64,6336,0,128,0,0,0,0,False,,,,,,,,,,,,,,,,,,,,False,,,,,,,postgresql_automatic_plus_explicit_final_checkpoint,warm_after_write_checkpoint_and_validation,,,,,,postgresql,native,3.11.7,,,native,shifter,e4842c8a99ca99339e1693e6fe5fe62c7becb31991f066f989047dfb2fbf47af,16.12 (Debian 16.12-1.pgdg13+1),3.3.6,180006,client_processes_only,not_collected,read1024,postgres,postgres-telemetry,nid006712,59220318,16.12 (Debian 16.12-1.pgdg13+1),2026-10-02T19:27:45.449688+00:00,,
19,measured,3,telemetry,lustre,1,1000000,20260817,1000,True,15.894086687942035,62916.480804061845,13.843564397189766,13.224483001977205,15.320342330960557,39.724640311906114,1000000,1000000,1000,0.45696523191872984,16.413623304921202,60925.00000899714,1024,100,1024,102400,0.25358695804607123,4038.0625560954973,0.1811124813002607,0.17685245256870985,0.19457704038359225,0.27113151736557445,,trial-0019.json,10.884932000000001,2.7436230000000004,36934,0,3004,6568,13.628555000000002,0.8574607190446012,33116,1,102,0,2,0,0,0,0,0.160613,0.011337,58,0,2046,3,0.17195,0.6780711489459187,33116,1,99,0,2,0,0,0,0,False,,,,,,,,,,,,,,,,,,,,False,,,,,,,postgresql_automatic_plus_explicit_final_checkpoint,warm_after_write_checkpoint_and_validation,,,,,,postgresql,native,3.11.7,,,native,shifter,e4842c8a99ca99339e1693e6fe5fe62c7becb31991f066f989047dfb2fbf47af,16.12 (Debian 16.12-1.pgdg13+1),3.3.6,180006,client_processes_only,not_collected,read1024,postgres,postgres-telemetry,nid006712,59220318,16.12 (Debian 16.12-1.pgdg13+1),2026-10-02T19:27:58.630907+00:00,,
20,measured,3,telemetry,lustre,64,1000000,20260817,1000,True,4.298941317014396,232615.4106924394,265.7500537307933,256.3295669388026,378.79870861070225,414.9125598242972,1000000,1000000,1000,0.4334966290043667,4.816398876952007,207623.99991107805,1024,100,1024,102400,0.015498872031457722,66069.32413672488,0.5550120916950618,0.4500854993239045,1.753161830129102,2.1871076326351613,,trial-0020.json,12.794663,3.23399,25096,7,6472,15618,16.028653,3.7285117004416,33116,64,6339,0,128,0,0,0,0,0.2989959999999999,0.067939,3186,17,1622,9,0.3669349999999999,23.674948683700332,33116,64,6336,0,128,0,0,0,0,False,,,,,,,,,,,,,,,,,,,,False,,,,,,,postgresql_automatic_plus_explicit_final_checkpoint,warm_after_write_checkpoint_and_validation,,,,,,postgresql,native,3.11.7,,,native,shifter,e4842c8a99ca99339e1693e6fe5fe62c7becb31991f066f989047dfb2fbf47af,16.12 (Debian 16.12-1.pgdg13+1),3.3.6,180006,client_processes_only,not_collected,read1024,postgres,postgres-telemetry,nid006712,59220318,16.12 (Debian 16.12-1.pgdg13+1),2026-10-02T19:28:21.446381+00:00,,
21,measured,3,telemetry,tmpfs,1,1000000,20260817,1000,True,12.12148035899736,82498.17434697523,10.394072949653491,10.211805521976203,10.631778137758374,15.489776249742135,1000000,1000000,1000,0.054396550985984504,12.223506436916068,81809.58591226424,1024,100,1024,102400,0.2556651820195839,4005.238382133559,0.1810306197285172,0.1785755157470703,0.18796090153045952,0.21633950294926751,,trial-0021.json,9.385461000000001,2.548368,21331,0,2994,109,11.933829000000001,0.984519105468989,33116,1,102,0,2,0,0,0,0,0.160554,0.019445000000000004,58,0,1792,0,0.17999900000000002,0.7040418979938072,33116,1,99,0,2,0,0,0,0,False,,,,,,,,,,,,,,,,,,,,False,,,,,,,postgresql_automatic_plus_explicit_final_checkpoint,warm_after_write_checkpoint_and_validation,,,,,,postgresql,native,3.11.7,,,native,shifter,e4842c8a99ca99339e1693e6fe5fe62c7becb31991f066f989047dfb2fbf47af,16.12 (Debian 16.12-1.pgdg13+1),3.3.6,180006,client_processes_only,not_collected,read1024,postgres,postgres-telemetry,nid006712,59220318,16.12 (Debian 16.12-1.pgdg13+1),2026-10-02T19:28:34.474439+00:00,,
22,measured,3,telemetry,tmpfs,16,1000000,20260817,1000,True,3.651672884938307,273847.0918697567,54.49274454428814,55.59920897940174,66.03258405812085,69.66085975058377,1000000,1000000,1000,0.06528754602186382,3.786856224993244,264071.28778747976,1024,100,1024,102400,0.031593927065841854,32411.292140606023,0.2868364028927317,0.24576549185439944,0.3901163465343416,2.254270422272384,,trial-0022.json,12.033788,3.0965840000000004,38236,4,5960,105,15.130372,4.143408371107594,33116,16,1587,0,32,0,0,0,0,0.21788700000000005,0.023002999999999996,799,5,1717,0,0.24089000000000005,7.624566566162682,35012,16,1584,0,32,0,0,0,0,False,,,,,,,,,,,,,,,,,,,,False,,,,,,,postgresql_automatic_plus_explicit_final_checkpoint,warm_after_write_checkpoint_and_validation,,,,,,postgresql,native,3.11.7,,,native,shifter,e4842c8a99ca99339e1693e6fe5fe62c7becb31991f066f989047dfb2fbf47af,16.12 (Debian 16.12-1.pgdg13+1),3.3.6,180006,client_processes_only,not_collected,read1024,postgres,postgres-telemetry,nid006712,59220318,16.12 (Debian 16.12-1.pgdg13+1),2026-10-02T19:28:50.725927+00:00,,
23,measured,3,telemetry,tmpfs,64,1000000,20260817,1000,True,3.6511743009323254,273884.4869018306,225.73222873278428,225.0303004984744,283.2939562271349,299.52194330981,1000000,1000000,1000,0.05736425402574241,3.8077449470292777,262622.6320069518,1024,100,1024,102400,0.019349804031662643,52920.43259582367,0.5864164545528183,0.44824747601523995,1.7658366006799042,2.618415489559993,,trial-0023.json,12.642285999999999,2.900688,25063,7,6038,143,15.542973999999996,4.256979458918493,33116,64,6339,0,128,0,0,0,0,0.3454720000000001,0.07178599999999992,3195,18,1487,27,0.41725799999999985,21.563939320379088,33116,64,6336,0,128,0,0,0,0,False,,,,,,,,,,,,,,,,,,,,False,,,,,,,postgresql_automatic_plus_explicit_final_checkpoint,warm_after_write_checkpoint_and_validation,,,,,,postgresql,native,3.11.7,,,native,shifter,e4842c8a99ca99339e1693e6fe5fe62c7becb31991f066f989047dfb2fbf47af,16.12 (Debian 16.12-1.pgdg13+1),3.3.6,180006,client_processes_only,not_collected,read1024,postgres,postgres-telemetry,nid006712,59220318,16.12 (Debian 16.12-1.pgdg13+1),2026-10-02T19:28:58.828838+00:00,,
24,measured,3,telemetry,lustre,16,1000000,20260817,1000,True,4.29570875398349,232790.4560737926,65.10341624415014,64.41580399405211,85.36175432382151,96.18979282677174,1000000,1000000,1000,0.43581990408711135,4.7953901150031015,208533.60748927374,1024,100,1024,102400,0.03447342000436038,29704.04444556064,0.32781715128749056,0.269771961029619,0.47500022919848567,2.754855860257521,,trial-0024.json,12.819005,3.1346100000000003,37371,5,5946,18170,15.953614999999997,3.713849311875698,33116,16,1587,0,32,0,0,0,0,0.21653499999999992,0.03307499999999999,799,9,1850,4,0.2496099999999999,7.240650912164442,33116,16,1584,0,32,0,0,0,0,False,,,,,,,,,,,,,,,,,,,,False,,,,,,,postgresql_automatic_plus_explicit_final_checkpoint,warm_after_write_checkpoint_and_validation,,,,,,postgresql,native,3.11.7,,,native,shifter,e4842c8a99ca99339e1693e6fe5fe62c7becb31991f066f989047dfb2fbf47af,16.12 (Debian 16.12-1.pgdg13+1),3.3.6,180006,client_processes_only,not_collected,read1024,postgres,postgres-telemetry,nid006712,59220318,16.12 (Debian 16.12-1.pgdg13+1),2026-10-02T19:29:08.204035+00:00,,
25,measured,4,telemetry,tmpfs,1,1000000,20260818,1000,True,12.138369785039686,82383.38571893578,10.395439273561351,10.249322978779674,10.730918572517112,15.363789679249749,1000000,1000000,1000,0.05613267805892974,12.2397232450312,81701.19372641509,1024,100,1024,102400,0.24041469395160675,4259.307046374302,0.1681321462001506,0.16493949806317687,0.17641590093262494,0.21357290563173573,,trial-0025.json,9.567865000000001,2.382423,22292,0,2993,61,11.950288,0.9845051857563697,33116,1,102,0,2,0,0,0,0,0.16567500000000002,0.007146,58,0,1945,1,0.172821,0.7188454131459505,33116,1,99,0,2,0,0,0,0,False,,,,,,,,,,,,,,,,,,,,False,,,,,,,postgresql_automatic_plus_explicit_final_checkpoint,warm_after_write_checkpoint_and_validation,,,,,,postgresql,native,3.11.7,,,native,shifter,e4842c8a99ca99339e1693e6fe5fe62c7becb31991f066f989047dfb2fbf47af,16.12 (Debian 16.12-1.pgdg13+1),3.3.6,180006,client_processes_only,not_collected,read1024,postgres,postgres-telemetry,nid006712,59220318,16.12 (Debian 16.12-1.pgdg13+1),2026-10-02T19:29:19.537577+00:00,,
26,measured,4,telemetry,lustre,16,1000000,20260818,1000,True,4.220840306952596,236919.64805036417,63.59120201214682,63.412208459340036,87.23132133600302,96.85438391170464,1000000,1000000,1000,0.4423234990099445,4.731167344027199,211364.3266629402,1024,100,1024,102400,0.03197143494617194,32028.590575432005,0.31418590344856057,0.24595099966973066,0.4483931523282082,2.77113270247355,,trial-0026.json,12.866116000000002,3.313751999999999,36029,1,5928,14867,16.179868,3.8333286320613493,33116,16,1587,0,32,0,0,0,0,0.217989,0.030360000000000012,788,13,1743,5,0.248349,7.767840274236291,33116,16,1584,0,32,0,0,0,0,False,,,,,,,,,,,,,,,,,,,,False,,,,,,,postgresql_automatic_plus_explicit_final_checkpoint,warm_after_write_checkpoint_and_validation,,,,,,postgresql,native,3.11.7,,,native,shifter,e4842c8a99ca99339e1693e6fe5fe62c7becb31991f066f989047dfb2fbf47af,16.12 (Debian 16.12-1.pgdg13+1),3.3.6,180006,client_processes_only,not_collected,read1024,postgres,postgres-telemetry,nid006712,59220318,16.12 (Debian 16.12-1.pgdg13+1),2026-10-02T19:29:35.754924+00:00,,
27,measured,4,telemetry,lustre,64,1000000,20260818,1000,True,4.20924076193478,237572.53541856073,256.4326774132205,254.64827101677656,346.75288642174564,560.2386376762297,1000000,1000000,1000,0.4255643601063639,4.727429070044309,211531.46566208074,1024,100,1024,102400,0.016386287985369563,62491.273247136545,0.7089997681077875,0.5237129516899586,2.702209097333253,4.078394144307821,,trial-0027.json,12.893979999999996,3.0292280000000003,25062,9,6295,15031,15.923208,3.7829168965571096,33116,64,6339,0,128,0,0,0,0,0.41433399999999987,0.059546000000000016,3118,94,1861,12,0.47387999999999997,28.919301334329166,33116,64,6336,0,128,0,0,0,0,False,,,,,,,,,,,,,,,,,,,,False,,,,,,,postgresql_automatic_plus_explicit_final_checkpoint,warm_after_write_checkpoint_and_validation,,,,,,postgresql,native,3.11.7,,,native,shifter,e4842c8a99ca99339e1693e6fe5fe62c7becb31991f066f989047dfb2fbf47af,16.12 (Debian 16.12-1.pgdg13+1),3.3.6,180006,client_processes_only,not_collected,read1024,postgres,postgres-telemetry,nid006712,59220318,16.12 (Debian 16.12-1.pgdg13+1),2026-10-02T19:29:46.939537+00:00,,
28,measured,4,telemetry,lustre,1,1000000,20260818,1000,True,16.12898190994747,62000.19353876607,14.067825416917913,13.428513950202614,14.93707924382761,40.34923615748994,1000000,1000000,1000,0.4407278820872307,16.62225589901209,60160.30592210008,1024,100,1024,102400,0.25091896997764707,4080.9987387211986,0.17907108656345372,0.1745174522511661,0.19423683988861742,0.2367011550813913,,trial-0028.json,11.043239999999999,2.717262,32306,0,3031,7874,13.760501999999999,0.8531537871905776,33116,1,102,0,2,0,0,0,0,0.164511,0.005699999999999997,58,0,2046,1,0.170211,0.6783504651528066,35548,1,99,0,2,0,0,0,0,False,,,,,,,,,,,,,,,,,,,,False,,,,,,,postgresql_automatic_plus_explicit_final_checkpoint,warm_after_write_checkpoint_and_validation,,,,,,postgresql,native,3.11.7,,,native,shifter,e4842c8a99ca99339e1693e6fe5fe62c7becb31991f066f989047dfb2fbf47af,16.12 (Debian 16.12-1.pgdg13+1),3.3.6,180006,client_processes_only,not_collected,read1024,postgres,postgres-telemetry,nid006712,59220318,16.12 (Debian 16.12-1.pgdg13+1),2026-10-02T19:29:59.643731+00:00,,
29,measured,4,telemetry,tmpfs,64,1000000,20260818,1000,True,3.4257903089746833,291903.447032429,210.57516060909256,211.9691819534637,264.5420450018718,287.8687373595312,1000000,1000000,1000,0.057839951012283564,3.5747182060731575,279742.3299831245,1024,100,1024,102400,0.018522180966101587,55285.06615252685,0.6115771876693543,0.4535125335678458,1.8843033816665415,3.160566657315938,,trial-0029.json,12.817433999999999,2.9902290000000002,25149,5,5998,353,15.807662999999998,4.614311319226987,33116,64,6339,0,128,0,0,0,0,0.3560439999999999,0.083255,3156,61,1683,49,0.4392990000000002,23.717455347401277,33116,64,6336,0,128,0,0,0,0,False,,,,,,,,,,,,,,,,,,,,False,,,,,,,postgresql_automatic_plus_explicit_final_checkpoint,warm_after_write_checkpoint_and_validation,,,,,,postgresql,native,3.11.7,,,native,shifter,e4842c8a99ca99339e1693e6fe5fe62c7becb31991f066f989047dfb2fbf47af,16.12 (Debian 16.12-1.pgdg13+1),3.3.6,180006,client_processes_only,not_collected,read1024,postgres,postgres-telemetry,nid006712,59220318,16.12 (Debian 16.12-1.pgdg13+1),2026-10-02T19:30:22.806510+00:00,,
30,measured,4,telemetry,tmpfs,16,1000000,20260818,1000,True,3.2919225819641724,303773.8510251768,48.43457701744046,49.730679020285606,63.11590971890837,66.45985736395232,1000000,1000000,1000,0.05687792203389108,3.4214931550668553,292270.0571588489,1024,100,1024,102400,0.029429852962493896,34794.60129498472,0.27388603052713734,0.2260624896734953,0.3841365454718471,2.2478432522621006,,trial-0030.json,12.482895,2.8158209999999997,38558,0,5909,239,15.298715999999997,4.647349875060488,33116,16,1587,0,32,0,0,0,0,0.20719299999999996,0.02848300000000001,797,4,1700,2,0.23567599999999994,8.008059037887516,33116,16,1584,0,32,0,0,0,0,False,,,,,,,,,,,,,,,,,,,,False,,,,,,,postgresql_automatic_plus_explicit_final_checkpoint,warm_after_write_checkpoint_and_validation,,,,,,postgresql,native,3.11.7,,,native,shifter,e4842c8a99ca99339e1693e6fe5fe62c7becb31991f066f989047dfb2fbf47af,16.12 (Debian 16.12-1.pgdg13+1),3.3.6,180006,client_processes_only,not_collected,read1024,postgres,postgres-telemetry,nid006712,59220318,16.12 (Debian 16.12-1.pgdg13+1),2026-10-02T19:30:31.725767+00:00,,
31,measured,5,telemetry,tmpfs,64,1000000,20260819,1000,True,3.5112870800076053,284795.85326239804,215.93639289564453,216.27776697278023,271.3472236413508,287.42340909084305,1000000,1000000,1000,0.05552584701217711,3.6656862249365076,272800.21765019477,1024,100,1024,102400,0.016339103924110532,62671.73553434293,0.5782781156540295,0.4344704793766141,1.963722275104374,2.674212068086489,,trial-0031.json,13.049538,2.816212999999999,25115,4,6005,152,15.865751,4.518500093693745,33116,64,6339,0,128,0,0,0,0,0.32892099999999996,0.06817399999999998,3194,21,1668,36,0.397095,24.303352365244045,33116,64,6336,0,128,0,0,0,0,False,,,,,,,,,,,,,,,,,,,,False,,,,,,,postgresql_automatic_plus_explicit_final_checkpoint,warm_after_write_checkpoint_and_validation,,,,,,postgresql,native,3.11.7,,,native,shifter,e4842c8a99ca99339e1693e6fe5fe62c7becb31991f066f989047dfb2fbf47af,16.12 (Debian 16.12-1.pgdg13+1),3.3.6,180006,client_processes_only,not_collected,read1024,postgres,postgres-telemetry,nid006712,59220318,16.12 (Debian 16.12-1.pgdg13+1),2026-10-02T19:30:39.378172+00:00,,
32,measured,5,telemetry,tmpfs,1,1000000,20260819,1000,True,12.060600370983593,82914.61197950676,10.34084123885259,10.215741524007171,10.425338742788881,15.194918781053275,1000000,1000000,1000,0.05298455897718668,12.164718447020277,82204.9441057921,1024,100,1024,102400,0.2376966750016436,4308.011460374527,0.16584049774337473,0.16266503371298313,0.17201483133248985,0.20285004866309442,,trial-0032.json,9.541423,2.3403259999999997,26924,0,2995,16,11.881749,0.9851706079728925,33656,1,102,0,2,0,0,0,0,0.160163,0.009526000000000007,58,0,2010,0,0.169689,0.7138888249018488,33116,1,99,0,2,0,0,0,0,False,,,,,,,,,,,,,,,,,,,,False,,,,,,,postgresql_automatic_plus_explicit_final_checkpoint,warm_after_write_checkpoint_and_validation,,,,,,postgresql,native,3.11.7,,,native,shifter,e4842c8a99ca99339e1693e6fe5fe62c7becb31991f066f989047dfb2fbf47af,16.12 (Debian 16.12-1.pgdg13+1),3.3.6,180006,client_processes_only,not_collected,read1024,postgres,postgres-telemetry,nid006712,59220318,16.12 (Debian 16.12-1.pgdg13+1),2026-10-02T19:30:48.977825+00:00,,
33,measured,5,telemetry,lustre,1,1000000,20260819,1000,True,15.577461355016567,64195.312522984364,13.631181813543662,13.102391443680972,13.966048293514177,39.91048674331978,1000000,1000000,1000,0.4383012620965019,16.073086091084406,62215.805622710555,1024,100,1024,102400,0.2559088340494782,4001.424975434872,0.18254704059472715,0.1768729416653514,0.20024781697429717,0.23220775183290204,,trial-0033.json,10.896198,2.54829,26696,0,2977,5429,13.444488,0.863073108871513,33116,1,102,0,2,0,0,0,0,0.15920399999999998,0.01439,58,0,2035,1,0.17359399999999997,0.6783431320172276,33116,1,99,0,2,0,0,0,0,False,,,,,,,,,,,,,,,,,,,,False,,,,,,,postgresql_automatic_plus_explicit_final_checkpoint,warm_after_write_checkpoint_and_validation,,,,,,postgresql,native,3.11.7,,,native,shifter,e4842c8a99ca99339e1693e6fe5fe62c7becb31991f066f989047dfb2fbf47af,16.12 (Debian 16.12-1.pgdg13+1),3.3.6,180006,client_processes_only,not_collected,read1024,postgres,postgres-telemetry,nid006712,59220318,16.12 (Debian 16.12-1.pgdg13+1),2026-10-02T19:31:05.682880+00:00,,
34,measured,5,telemetry,lustre,16,1000000,20260819,1000,True,4.142090820008889,241423.96761784525,62.64340927754529,61.907834955491126,90.30799836618826,99.84012694330885,1000000,1000000,1000,0.44556958496104926,4.650000697001815,215053.73120584065,1024,100,1024,102400,0.035359255969524384,28959.885380013944,0.3307058466361923,0.2730984706431627,0.48431121977046143,2.768821920035407,,trial-0034.json,12.919552999999999,3.137167,37335,0,5938,15683,16.05672,3.8764770493288077,33116,16,1587,0,32,0,0,0,0,0.22482599999999997,0.030104000000000006,798,2,1804,0,0.25492999999999993,7.209710527272415,33116,16,1584,0,32,0,0,0,0,False,,,,,,,,,,,,,,,,,,,,False,,,,,,,postgresql_automatic_plus_explicit_final_checkpoint,warm_after_write_checkpoint_and_validation,,,,,,postgresql,native,3.11.7,,,native,shifter,e4842c8a99ca99339e1693e6fe5fe62c7becb31991f066f989047dfb2fbf47af,16.12 (Debian 16.12-1.pgdg13+1),3.3.6,180006,client_processes_only,not_collected,read1024,postgres,postgres-telemetry,nid006712,59220318,16.12 (Debian 16.12-1.pgdg13+1),2026-10-02T19:31:28.097452+00:00,,
35,measured,5,telemetry,tmpfs,16,1000000,20260819,1000,True,3.6996424790704623,270296.38827459095,55.50078136601951,56.13511451520026,65.92457498773,68.67525241686963,1000000,1000000,1000,0.0677847049664706,3.8524770960211754,259573.24990531325,1024,100,1024,102400,0.032698658062145114,31316.2698620184,0.32977886314711213,0.2901265397667885,0.44302896130830055,2.4044741224497557,,trial-0035.json,12.456812,3.0224199999999994,38541,0,5975,360,15.479231999999996,4.183980502864473,33116,16,1587,0,32,0,0,0,0,0.265076,0.030155,807,2,1617,0,0.2952309999999999,9.02884147229839,33116,16,1584,0,32,0,0,0,0,False,,,,,,,,,,,,,,,,,,,,False,,,,,,,postgresql_automatic_plus_explicit_final_checkpoint,warm_after_write_checkpoint_and_validation,,,,,,postgresql,native,3.11.7,,,native,shifter,e4842c8a99ca99339e1693e6fe5fe62c7becb31991f066f989047dfb2fbf47af,16.12 (Debian 16.12-1.pgdg13+1),3.3.6,180006,client_processes_only,not_collected,read1024,postgres,postgres-telemetry,nid006712,59220318,16.12 (Debian 16.12-1.pgdg13+1),2026-10-02T19:31:39.254405+00:00,,
36,measured,5,telemetry,lustre,64,1000000,20260819,1000,True,4.4161012639524415,226444.08273939646,271.91208087909035,264.5265129976906,379.12874578032637,421.41560307936743,1000000,1000000,1000,0.4392400780925527,4.948935596039519,202063.65199019146,1024,100,1024,102400,0.017037846031598747,60101.493938897445,0.5967345632598153,0.4903640365228057,1.7756693239789456,2.366312860976904,,trial-0036.json,12.888916999999996,3.1269499999999995,25095,6,6516,18196,16.015867,3.6266983120911696,33116,64,6339,0,128,0,0,0,0,0.32446400000000014,0.06272800000000003,3208,4,1587,12,0.3871920000000002,22.72540785272421,33116,64,6336,0,128,0,0,0,0,False,,,,,,,,,,,,,,,,,,,,False,,,,,,,postgresql_automatic_plus_explicit_final_checkpoint,warm_after_write_checkpoint_and_validation,,,,,,postgresql,native,3.11.7,,,native,shifter,e4842c8a99ca99339e1693e6fe5fe62c7becb31991f066f989047dfb2fbf47af,16.12 (Debian 16.12-1.pgdg13+1),3.3.6,180006,client_processes_only,not_collected,read1024,postgres,postgres-telemetry,nid006712,59220318,16.12 (Debian 16.12-1.pgdg13+1),2026-10-02T19:31:47.405331+00:00,,
1,warmup,1,metadata,tmpfs,16,1000000,20260813,1000,True,2.675467216060497,373766.4935668523,25.479571438510902,1.8118445295840502,80.93961131526157,531.4566725271288,1000000,1000000,1000,0.001227681990712881,2.7032162389950827,369929.7102372205,64000,100,64000,6400000,0.4108058689162135,155791.34779365387,0.0832257768161071,0.08101807907223701,0.09291095775552094,0.14753811643458906,,trial-0001.json,2.509922,0.252922,7927,5,1170,12,2.762844,1.0326585141522164,22656,16,198416580,288599360,48488,109610,0,0,0,5.313702,0.7870060000000001,7163,4,0,188,6.100708,14.8505862783676,19436,16,507295280,0,123883,0,0,0,0,,,,,,,,,,,,,,,,,,,,,,,,,,,,automatic_during_commits_plus_final_truncate,warm_after_write_checkpoint_and_validation,,,,,,,native,3.11.7,,,,,,,,,,,baseline,sqlite-native,sqlite-native-metadata,nid005486,59115833,3.44.2,2026-09-30T07:35:14.278296+00:00,20260930T073514Z-1cf71cab,59115833
2,warmup,1,metadata,tmpfs,1,1000000,20260813,1000,True,2.235404217033647,447346.3870113779,1.4885203518206254,1.4432264724746346,1.4931541052646935,2.9665457212831825,1000000,1000000,1000,0.0018283410463482141,2.347080343053676,426061.2564710703,64000,100,64000,6400000,5.233769463957287,12228.2802941055,0.07000465217788587,0.06998598109930754,0.07117900531738997,0.07631906424649061,,trial-0002.json,2.12866,0.10671399999999999,1629,0,0,5,2.235374,0.9999864825191719,25744,1,62697615,206911936,15310,85389,0,0,0,4.97248,0.260961,2425,0,0,9,5.233441,0.9999372414166215,21752,1,473911395,0,115703,0,0,0,0,,,,,,,,,,,,,,,,,,,,,,,,,,,,automatic_during_commits_plus_final_truncate,warm_after_write_checkpoint_and_validation,,,,,,,native,3.11.7,,,,,,,,,,,baseline,sqlite-native,sqlite-native-metadata,nid005486,59115833,3.44.2,2026-09-30T07:35:19.016457+00:00,20260930T073514Z-1cf71cab,59115833
3,warmup,1,metadata,lustre,16,1000000,20260813,1000,True,4.250606578076258,235260.54026213373,42.403931644395925,5.575059505645186,109.1117373725865,840.8569478301779,1000000,1000000,1000,0.08985424903221428,4.4576551030622795,224333.19242510016,64000,100,64000,6400000,1.7581928949803114,36401.01161978401,0.3951203796896152,0.3847390180453658,0.5158655403647572,0.5980260425712915,,trial-0003.json,3.07005,1.885001,7319,1,19526,7089,4.955051,1.165727975286426,21752,16,216352392,294403376,52854,110768,0,290004992,0,9.241559,8.590760000000001,21841,3,179229,506364,17.832319000000002,10.142413298854613,21752,16,505718320,0,123498,0,0,0,0,,,,,,,,,,,,,,,,,,,,,,,,,,,,automatic_during_commits_plus_final_truncate,warm_after_write_checkpoint_and_validation,,,,,,,native,3.11.7,,,,,,,,,,,baseline,sqlite-native,sqlite-native-metadata,nid005486,59115833,3.44.2,2026-09-30T07:35:27.778336+00:00,20260930T073514Z-1cf71cab,59115833
4,warmup,1,metadata,lustre,1,1000000,20260813,1000,True,4.093969781068154,244261.69548791612,3.2445294891949743,2.582415530923754,3.3963829802814867,21.618883280316368,1000000,1000000,1000,0.017305810004472733,4.143526223022491,241340.3333720309,64000,100,64000,6400000,16.151125042000785,3962.5722563331565,0.23227273595693987,0.2289159456267953,0.24803208652883768,0.2651060768403113,,trial-0004.json,2.4299350000000004,1.06374,2570,0,6960,8,3.4936750000000005,0.8533709789837455,22776,1,62697615,206911936,15310,85389,0,207118336,0,6.545054,4.066102,4044,0,128030,12486,10.611156000000001,0.6569917558316112,21752,1,473911395,0,115703,0,0,0,0,,,,,,,,,,,,,,,,,,,,,,,,,,,,automatic_during_commits_plus_final_truncate,warm_after_write_checkpoint_and_validation,,,,,,,native,3.11.7,,,,,,,,,,,baseline,sqlite-native,sqlite-native-metadata,nid005486,59115833,3.44.2,2026-09-30T07:35:35.694651+00:00,20260930T073514Z-1cf71cab,59115833
5,warmup,1,metadata,lustre,64,1000000,20260813,1000,True,5.336256170994602,187397.3002712151,156.58095475740265,4.654070537071675,662.8843624377585,4064.957141315098,1000000,1000000,1000,0.05197354091797024,5.41805764392484,184567.9883308883,64000,100,64000,6400000,1.6173188890097663,39571.664212235344,1.5744542958782404,1.5727035352028906,1.6867964179255068,1.7481470142956825,,trial-0005.json,3.0441199999999986,2.3552539999999995,22463,7,28116,9550,5.399373999999999,1.0118281107545917,21760,64,228862587,295764280,56011,111102,0,291581952,0,9.259123000000002,10.902171000000001,22134,11,255933,228675,20.16129399999999,12.465874316439919,21752,64,514574528,0,125755,0,0,0,0,,,,,,,,,,,,,,,,,,,,,,,,,,,,automatic_during_commits_plus_final_truncate,warm_after_write_checkpoint_and_validation,,,,,,,native,3.11.7,,,,,,,,,,,baseline,sqlite-native,sqlite-native-metadata,nid005486,59115833,3.44.2,2026-09-30T07:35:56.940949+00:00,20260930T073514Z-1cf71cab,59115833
6,warmup,1,metadata,tmpfs,64,1000000,20260813,1000,True,5.080594895989634,196827.3441343158,138.91318328515626,1.853680529166013,431.4549586561043,4038.3044370927373,1000000,1000000,1000,0.002670652000233531,5.107815847033635,195778.397253838,64000,100,64000,6400000,0.6368153500370681,100500.09001239472,0.6094505240180297,0.6257989443838596,0.6696044409181923,0.6862760055810213,,trial-0006.json,2.575072999999999,0.34926299999999993,26995,5,2294,22,2.9243360000000003,0.5755892882363686,21752,64,209268552,285709920,51255,108662,0,0,0,7.722255999999999,32.419521,22993,5,2,107,40.141777,63.035190652460564,21752,64,513779904,0,125561,0,0,0,0,,,,,,,,,,,,,,,,,,,,,,,,,,,,automatic_during_commits_plus_final_truncate,warm_after_write_checkpoint_and_validation,,,,,,,native,3.11.7,,,,,,,,,,,baseline,sqlite-native,sqlite-native-metadata,nid005486,59115833,3.44.2,2026-09-30T07:36:06.020498+00:00,20260930T073514Z-1cf71cab,59115833
7,measured,1,metadata,lustre,16,1000000,20260815,1000,True,4.104105256963521,243658.46814071815,45.31383687455673,6.8670850014314055,129.97363599133658,939.6942926151678,1000000,1000000,1000,0.07206894597038627,4.20025677094236,238080.68280921842,64000,100,64000,6400000,1.6475670849904418,38845.1557348096,0.3728271660656901,0.36309706047177315,0.4790145729202778,0.5544902291148901,,trial-0007.json,2.8557319999999997,2.117915,6592,3,20799,6070,4.973647,1.2118712090926782,22324,16,217228936,292113536,53068,110032,0,287899648,0,8.831414,8.161743999999999,25052,6,194804,266386,16.993158,10.314091702128527,21752,16,505349680,0,123408,0,0,0,0,,,,,,,,,,,,,,,,,,,,,,,,,,,,automatic_during_commits_plus_final_truncate,warm_after_write_checkpoint_and_validation,,,,,,,native,3.11.7,,,,,,,,,,,baseline,sqlite-native,sqlite-native-metadata,nid005486,59115833,3.44.2,2026-09-30T07:36:13.829993+00:00,20260930T073514Z-1cf71cab,59115833
8,measured,1,metadata,lustre,64,1000000,20260815,1000,True,4.837735302979127,206708.2916637026,150.55440749845002,6.909643474500626,741.0496103053442,3461.19434028631,1000000,1000000,1000,0.12293401104398072,4.98401690099854,200641.3741894919,64000,100,64000,6400000,1.6015187719604,39962.066708502185,1.5577973306681088,1.554367016069591,1.6687410592567176,1.7353622219525282,,trial-0008.json,3.003096999999999,2.4476709999999993,21434,7,29645,9702,5.450768000000001,1.126718941535177,21752,64,232303004,295440576,56846,110873,0,290074624,0,9.367250999999998,10.918852999999999,24847,12,255904,230162,20.286104,12.666791270368954,21752,64,512354496,0,125213,0,0,0,0,,,,,,,,,,,,,,,,,,,,,,,,,,,,automatic_during_commits_plus_final_truncate,warm_after_write_checkpoint_and_validation,,,,,,,native,3.11.7,,,,,,,,,,,baseline,sqlite-native,sqlite-native-metadata,nid005486,59115833,3.44.2,2026-09-30T07:36:20.761010+00:00,20260930T073514Z-1cf71cab,59115833
9,measured,1,metadata,tmpfs,64,1000000,20260815,1000,True,5.4844772790092975,182332.78198221244,157.0492536620004,1.8856130191124976,539.7392494080077,4440.291243963874,1000000,1000000,1000,0.0012256680056452751,5.51225254999008,181414.03916658348,64000,100,64000,6400000,0.7175132539123297,89196.95859418916,0.6910289876541356,0.7034855079837143,0.7593289541546255,0.7873340242076665,,trial-0009.json,2.7114590000000005,0.29171500000000006,29338,10,2424,398,3.0031739999999996,0.5475770701966488,24788,64,212225870,289471928,51977,109658,0,0,0,6.602748999999999,38.59054799999999,24274,12,4,73,45.193296999999994,62.98601001943582,23800,64,513374403,0,125462,0,0,0,0,,,,,,,,,,,,,,,,,,,,,,,,,,,,automatic_during_commits_plus_final_truncate,warm_after_write_checkpoint_and_validation,,,,,,,native,3.11.7,,,,,,,,,,,baseline,sqlite-native,sqlite-native-metadata,nid005486,59115833,3.44.2,2026-09-30T07:36:29.344547+00:00,20260930T073514Z-1cf71cab,59115833
10,measured,1,metadata,lustre,1,1000000,20260815,1000,True,4.060365790966898,246283.22951215418,3.2244738794397563,2.6001689839176834,3.3455916040111333,20.555730998748913,1000000,1000000,1000,0.01977948599960655,4.105066999909468,243601.38336890817,64000,100,64000,6400000,16.268526057014242,3933.9765493018426,0.23422912955902575,0.2320520579814911,0.24931509979069233,0.267309962073341,,trial-0010.json,2.309997,1.16848,909,0,6959,5,3.478477,0.8566905493437494,23920,1,62357647,207033432,15227,85531,0,207237120,0,6.750266999999999,3.861576,4198,0,128030,19630,10.611842999999999,0.6522928360448892,23800,1,474476643,0,115841,0,0,0,0,,,,,,,,,,,,,,,,,,,,,,,,,,,,automatic_during_commits_plus_final_truncate,warm_after_write_checkpoint_and_validation,,,,,,,native,3.11.7,,,,,,,,,,,baseline,sqlite-native,sqlite-native-metadata,nid005486,59115833,3.44.2,2026-09-30T07:36:37.841144+00:00,20260930T073514Z-1cf71cab,59115833
11,measured,1,metadata,tmpfs,1,1000000,20260815,1000,True,2.277522603981197,439073.5785682046,1.5298340081935748,1.4839500072412193,1.5364886028692126,2.9919284826610237,1000000,1000000,1000,0.0016702431021258235,2.3034821080509573,434125.3602556214,64000,100,64000,6400000,5.233548628981225,12228.796278990225,0.07024988828379719,0.07024698425084352,0.07146899588406086,0.07634910871274771,,trial-0011.json,2.152076,0.125436,1384,0,0,3,2.277512,0.999995344072029,25044,1,62357647,207033432,15227,85531,0,0,0,4.976437000000001,0.25685899999999995,2145,0,0,3,5.233296000000001,0.9999517289321006,23800,1,474476643,0,115841,0,0,0,0,,,,,,,,,,,,,,,,,,,,,,,,,,,,automatic_during_commits_plus_final_truncate,warm_after_write_checkpoint_and_validation,,,,,,,native,3.11.7,,,,,,,,,,,baseline,sqlite-native,sqlite-native-metadata,nid005486,59115833,3.44.2,2026-09-30T07:36:59.181120+00:00,20260930T073514Z-1cf71cab,59115833
12,measured,1,metadata,tmpfs,16,1000000,20260815,1000,True,2.6535547350067645,376852.9764272795,30.158431921503507,1.8184115178883076,106.09121261513792,732.838788087246,1000000,1000000,1000,0.001049213926307857,2.676985671976581,373554.48348800436,64000,100,64000,6400000,0.42412516404874623,150898.8511529211,0.09153339729527943,0.09114702697843313,0.100655946880579,0.1062571373768151,,trial-0012.json,2.536721,0.254049,7919,0,1343,6,2.79077,1.0517099810239587,23800,16,199887044,286105984,48847,108707,0,0,0,5.378169,1.2758779999999998,6071,4,1,23,6.654046999999999,15.68887574714908,23800,16,506156592,0,123605,0,0,0,0,,,,,,,,,,,,,,,,,,,,,,,,,,,,automatic_during_commits_plus_final_truncate,warm_after_write_checkpoint_and_validation,,,,,,,native,3.11.7,,,,,,,,,,,baseline,sqlite-native,sqlite-native-metadata,nid005486,59115833,3.44.2,2026-09-30T07:37:07.565644+00:00,20260930T073514Z-1cf71cab,59115833
13,measured,2,metadata,tmpfs,1,1000000,20260816,1000,True,2.217357758898288,450987.21484477905,1.4750831126002595,1.4244435005821288,1.5178451663814485,2.9038627620320767,1000000,1000000,1000,0.001617699977941811,2.249302474898286,444582.2699080168,64000,100,64000,6400000,5.242081942036748,12208.8896563745,0.07038084971281933,0.07040693890303373,0.07152999751269817,0.07643899880349636,,trial-0013.json,2.101948,0.11588799999999999,2121,0,0,7,2.217836,1.0002156806224856,25024,1,62197903,207153920,15188,85631,0,0,0,5.039969,0.20186700000000002,2499,0,0,9,5.241836,0.9999530831376794,23800,1,474030179,0,115732,0,0,0,0,,,,,,,,,,,,,,,,,,,,,,,,,,,,automatic_during_commits_plus_final_truncate,warm_after_write_checkpoint_and_validation,,,,,,,native,3.11.7,,,,,,,,,,,baseline,sqlite-native,sqlite-native-metadata,nid005486,59115833,3.44.2,2026-09-30T07:37:11.749259+00:00,20260930T073514Z-1cf71cab,59115833
14,measured,2,metadata,tmpfs,64,1000000,20260816,1000,True,5.277636487036943,189478.75672305658,147.94382980838418,1.8592909327708185,436.8397799029435,4238.277876330539,1000000,1000000,1000,0.00358814699575305,5.305868812021799,188470.54750661095,64000,100,64000,6400000,0.826834082021378,77403.6791559655,0.8014499699456792,0.8065110305324197,0.8513780776411295,0.8717881015036255,,trial-0014.json,2.6236689999999996,0.321105,29340,24,2401,24,2.944774,0.5579721163503822,23800,64,209497884,285846424,51310,108581,0,0,0,5.931078,46.27222400000001,22185,7,1,93,52.203301999999994,63.1363693576558,23800,64,513042624,0,125381,0,0,0,0,,,,,,,,,,,,,,,,,,,,,,,,,,,,automatic_during_commits_plus_final_truncate,warm_after_write_checkpoint_and_validation,,,,,,,native,3.11.7,,,,,,,,,,,baseline,sqlite-native,sqlite-native-metadata,nid005486,59115833,3.44.2,2026-09-30T07:37:20.120849+00:00,20260930T073514Z-1cf71cab,59115833
15,measured,2,metadata,tmpfs,16,1000000,20260816,1000,True,2.7094191840151325,369082.79305754515,24.057850185898133,1.7830320284701884,55.48748057917692,436.536927397824,1000000,1000000,1000,0.0013740250142291188,2.731464001000859,366104.03784695006,64000,100,64000,6400000,0.41156397305894643,155504.37888020283,0.0886074837999331,0.08825102122500539,0.09729003068059683,0.10341205401346089,,trial-0015.json,2.5087689999999996,0.192355,8274,3,767,10,2.701123999999999,0.9969383903147683,23800,16,192374936,283801520,47012,107701,0,0,0,5.348299,1.1212820000000001,6663,4,1,90,6.469581,15.719502734690025,23800,16,506062384,0,123582,0,0,0,0,,,,,,,,,,,,,,,,,,,,,,,,,,,,automatic_during_commits_plus_final_truncate,warm_after_write_checkpoint_and_validation,,,,,,,native,3.11.7,,,,,,,,,,,baseline,sqlite-native,sqlite-native-metadata,nid005486,59115833,3.44.2,2026-09-30T07:37:28.509221+00:00,20260930T073514Z-1cf71cab,59115833
16,measured,2,metadata,lustre,16,1000000,20260816,1000,True,4.256360920961015,234942.482221225,39.19222820410505,3.633425512816757,59.339521953370415,1141.8407320033284,1000000,1000000,1000,0.06013366696424782,4.339999328949489,230414.78217049708,64000,100,64000,6400000,1.6372691709548235,39089.47968688401,0.36986520647587895,0.3605620004236698,0.47477498301304877,0.5464651971124115,,trial-0016.json,2.727813,2.1765619999999997,8457,2,17973,6287,4.904374999999999,1.15224603624372,23800,16,213067400,295845736,52052,111313,0,291921920,0,8.814331999999999,8.100370999999997,26996,3,195682,255133,16.914703,10.33104592700275,23800,16,506074675,0,123585,0,0,0,0,,,,,,,,,,,,,,,,,,,,,,,,,,,,automatic_during_commits_plus_final_truncate,warm_after_write_checkpoint_and_validation,,,,,,,native,3.11.7,,,,,,,,,,,baseline,sqlite-native,sqlite-native-metadata,nid005486,59115833,3.44.2,2026-09-30T07:37:32.701765+00:00,20260930T073514Z-1cf71cab,59115833
17,measured,2,metadata,lustre,1,1000000,20260816,1000,True,4.145815477939323,241207.0689882826,3.302474415046163,2.6182634755969048,3.3882965275552115,21.753413220867515,1000000,1000000,1000,0.017096992931328714,4.189989366917871,238664.09015152074,64000,100,64000,6400000,16.40553472598549,3901.1224607404856,0.23590305724246718,0.2333344891667366,0.2516199660021812,0.26834198273718357,,trial-0017.json,2.457103,1.056698,1856,0,6944,8,3.513801,0.8475536402180964,23800,1,62197903,207153920,15188,85631,0,207368192,0,6.751037,4.0959840000000005,4920,0,128021,20220,10.847021000000002,0.6611805821128708,23800,1,474030179,0,115732,0,0,0,0,,,,,,,,,,,,,,,,,,,,,,,,,,,,automatic_during_commits_plus_final_truncate,warm_after_write_checkpoint_and_validation,,,,,,,native,3.11.7,,,,,,,,,,,baseline,sqlite-native,sqlite-native-metadata,nid005486,59115833,3.44.2,2026-09-30T07:37:39.845380+00:00,20260930T073514Z-1cf71cab,59115833
18,measured,2,metadata,lustre,64,1000000,20260816,1000,True,5.437825520057231,183897.03684157107,157.57055249426048,4.225678450893611,751.3345222745515,3959.489663245621,1000000,1000000,1000,0.07672998507041484,5.546047750045545,180308.5810055977,64000,100,64000,6400000,1.589821746922098,40256.08539064476,1.54685092037289,1.544672530144453,1.6550235741306096,1.7161024070810527,,trial-0018.json,2.9525089999999987,2.3844099999999995,23948,11,27665,9994,5.336918999999998,0.9814435899634802,23800,64,225274444,292286680,55134,110095,0,287637504,0,9.428746999999998,10.865106999999995,23669,10,255920,231296,20.293853999999996,12.764861242644962,23800,64,512751808,0,125310,0,0,0,0,,,,,,,,,,,,,,,,,,,,,,,,,,,,automatic_during_commits_plus_final_truncate,warm_after_write_checkpoint_and_validation,,,,,,,native,3.11.7,,,,,,,,,,,baseline,sqlite-native,sqlite-native-metadata,nid005486,59115833,3.44.2,2026-09-30T07:38:01.373029+00:00,20260930T073514Z-1cf71cab,59115833
19,measured,3,metadata,lustre,1,1000000,20260817,1000,True,4.112613121047616,243154.4058647723,3.2769594015553594,2.5978335179388523,3.394305479014291,21.638582929736003,1000000,1000000,1000,0.03602291701827198,4.176792128011584,239418.18729582382,64000,100,64000,6400000,15.965455711004324,4008.654758027825,0.22992543992768333,0.2274430589750409,0.24664995726197958,0.2616993768606336,,trial-0019.json,2.386841,1.1038270000000001,3016,0,6949,777,3.4906680000000003,0.8487713036111731,23800,1,62582927,207089720,15282,85501,0,207294464,0,6.434328,4.158947,5722,0,128017,12287,10.593275,0.6635122223726126,23800,1,474345571,0,115809,0,0,0,0,,,,,,,,,,,,,,,,,,,,,,,,,,,,automatic_during_commits_plus_final_truncate,warm_after_write_checkpoint_and_validation,,,,,,,native,3.11.7,,,,,,,,,,,baseline,sqlite-native,sqlite-native-metadata,nid005486,59115833,3.44.2,2026-09-30T07:38:10.821924+00:00,20260930T073514Z-1cf71cab,59115833
20,measured,3,metadata,lustre,64,1000000,20260817,1000,True,5.1763745489297435,193185.402359796,152.91147246584296,4.608067451044917,740.2225847763474,3960.212886669905,1000000,1000000,1000,0.10044781200122088,5.36216305103153,186491.90456967324,64000,100,64000,6400000,1.6055757079739124,39861.09137186814,1.5566985123896302,1.5555580612272024,1.6644509800244123,1.7233665741514417,,trial-0020.json,2.871918,2.5108800000000002,23446,10,27631,10448,5.382797999999998,1.0398779974515049,23800,64,230726264,298720616,56466,111976,0,294486016,0,9.395028000000002,10.908238999999998,24314,3,255884,228465,20.303266999999998,12.645474703663048,23800,64,513829056,0,125573,0,0,0,0,,,,,,,,,,,,,,,,,,,,,,,,,,,,automatic_during_commits_plus_final_truncate,warm_after_write_checkpoint_and_validation,,,,,,,native,3.11.7,,,,,,,,,,,baseline,sqlite-native,sqlite-native-metadata,nid005486,59115833,3.44.2,2026-09-30T07:38:31.929052+00:00,20260930T073514Z-1cf71cab,59115833
21,measured,3,metadata,tmpfs,1,1000000,20260817,1000,True,2.2306022790726274,448309.4137318598,1.4756754013942555,1.4311664854176342,1.491010474273935,2.9095925367437303,1000000,1000000,1000,0.0018844190053641796,2.258011445053853,442867.55153101106,64000,100,64000,6400000,5.204457277082838,12297.151574635038,0.06995851134161057,0.0698859803378582,0.07126806303858757,0.07741992478258908,,trial-0021.json,2.1113869999999997,0.11912700000000001,1313,0,0,4,2.230514,0.9999604236607056,23800,1,62582927,207089720,15282,85501,0,0,0,4.890937,0.31321,3194,0,0,24,5.204147,0.9999403824325344,23800,1,474345571,0,115809,0,0,0,0,,,,,,,,,,,,,,,,,,,,,,,,,,,,automatic_during_commits_plus_final_truncate,warm_after_write_checkpoint_and_validation,,,,,,,native,3.11.7,,,,,,,,,,,baseline,sqlite-native,sqlite-native-metadata,nid005486,59115833,3.44.2,2026-09-30T07:38:41.326665+00:00,20260930T073514Z-1cf71cab,59115833
22,measured,3,metadata,tmpfs,16,1000000,20260817,1000,True,2.676430830033496,373631.92382127984,29.819077463587746,1.8035320099443197,130.543865688378,531.6698590479791,1000000,1000000,1000,0.0028464419301599264,2.699789909995161,370399.1915436829,64000,100,64000,6400000,0.4348698960384354,147170.4539289228,0.09485442077675543,0.09463506285101175,0.10436295997351408,0.10988405672833325,,trial-0022.json,2.4961790000000006,0.267273,7130,4,1466,11,2.763451999999999,1.032513887147763,23800,16,196151536,281143200,47936,107391,0,0,0,5.2073350000000005,1.643423,6979,3,0,15,6.850758,15.753580697143738,23800,16,506312240,0,123643,0,0,0,0,,,,,,,,,,,,,,,,,,,,,,,,,,,,automatic_during_commits_plus_final_truncate,warm_after_write_checkpoint_and_validation,,,,,,,native,3.11.7,,,,,,,,,,,baseline,sqlite-native,sqlite-native-metadata,nid005486,59115833,3.44.2,2026-09-30T07:38:49.681362+00:00,20260930T073514Z-1cf71cab,59115833
23,measured,3,metadata,tmpfs,64,1000000,20260817,1000,True,4.282645302009769,233500.54218375683,113.70406883885153,1.8926954362541437,531.8078814656473,3236.76559412619,1000000,1000000,1000,0.001587130012921989,4.383593279053457,228123.35368301516,64000,100,64000,6400000,0.840779363992624,76119.85110586214,0.8174467217850179,0.8269100217148662,0.8648530347272754,0.8868669392541051,,trial-0023.json,2.5808490000000006,0.37328899999999987,27319,11,2242,46,2.9541379999999995,0.6897928246856389,23800,64,214396568,289589000,52503,109616,0,0,0,5.896076,47.29903799999999,23936,8,2,107,53.19511399999999,63.26881495686502,23800,64,513046720,0,125382,0,0,0,0,,,,,,,,,,,,,,,,,,,,,,,,,,,,automatic_during_commits_plus_final_truncate,warm_after_write_checkpoint_and_validation,,,,,,,native,3.11.7,,,,,,,,,,,baseline,sqlite-native,sqlite-native-metadata,nid005486,59115833,3.44.2,2026-09-30T07:38:53.983223+00:00,20260930T073514Z-1cf71cab,59115833
24,measured,3,metadata,lustre,16,1000000,20260817,1000,True,4.247785519924946,235416.78253511936,48.2529230597429,6.918620492797345,108.86446972144768,1139.060070925625,1000000,1000000,1000,0.044205429032444954,4.383973228977993,228103.58270210592,64000,100,64000,6400000,1.7273305150447413,37051.391984667316,0.38815596893255133,0.37601194344460964,0.5068075028248131,0.5922639649361374,,trial-0024.json,2.7060880000000003,2.3290450000000003,6790,0,21944,5244,5.035132999999999,1.185354810496403,23800,16,223319688,295009288,54555,110734,0,290361344,0,9.112133,8.476935,22542,2,186822,374795,17.589067999999997,10.18280395489013,23800,16,505947696,0,123554,0,0,0,0,,,,,,,,,,,,,,,,,,,,,,,,,,,,automatic_during_commits_plus_final_truncate,warm_after_write_checkpoint_and_validation,,,,,,,native,3.11.7,,,,,,,,,,,baseline,sqlite-native,sqlite-native-metadata,nid005486,59115833,3.44.2,2026-09-30T07:39:01.783333+00:00,20260930T073514Z-1cf71cab,59115833
25,measured,4,metadata,tmpfs,1,1000000,20260818,1000,True,2.2014747670618817,454240.95472809515,1.4513994683511555,1.4062930131331086,1.4579996292013675,2.8851142432540655,1000000,1000000,1000,0.00171245401725173,2.228491149027832,448734.11340953497,64000,100,64000,6400000,5.252549221972004,12184.559781425904,0.07040807320845488,0.07040693890303373,0.07163907866925001,0.07673900108784437,,trial-0025.json,2.0750040000000003,0.126406,1252,0,0,4,2.20141,0.9999705801479759,24768,1,62943375,206943576,15370,85350,0,0,0,4.984169,0.268096,2433,0,0,6,5.2522649999999995,0.9999458887561081,23800,1,473948259,0,115712,0,0,0,0,,,,,,,,,,,,,,,,,,,,,,,,,,,,automatic_during_commits_plus_final_truncate,warm_after_write_checkpoint_and_validation,,,,,,,native,3.11.7,,,,,,,,,,,baseline,sqlite-native,sqlite-native-metadata,nid005486,59115833,3.44.2,2026-09-30T07:39:09.307600+00:00,20260930T073514Z-1cf71cab,59115833
26,measured,4,metadata,lustre,16,1000000,20260818,1000,True,4.146007239934988,241195.91262838233,49.339849861804396,7.012016023509204,147.24983712658144,1041.4980790601112,1000000,1000000,1000,0.061721379053778946,4.234765570028685,236140.58050283673,64000,100,64000,6400000,1.618623767979443,39539.76289369106,0.36855702936736634,0.3587470855563879,0.47395143774338067,0.5493772425688804,,trial-0026.json,2.8998279999999994,2.1770110000000003,6388,4,22838,8034,5.076839,1.2245128158723637,23800,16,224781960,295563328,54912,110914,0,290201600,0,8.587914,8.26634,23620,1,197299,240849,16.854253999999997,10.412706357969439,23800,16,506218032,0,123620,0,0,0,0,,,,,,,,,,,,,,,,,,,,,,,,,,,,automatic_during_commits_plus_final_truncate,warm_after_write_checkpoint_and_validation,,,,,,,native,3.11.7,,,,,,,,,,,baseline,sqlite-native,sqlite-native-metadata,nid005486,59115833,3.44.2,2026-09-30T07:39:17.892817+00:00,20260930T073514Z-1cf71cab,59115833
27,measured,4,metadata,lustre,64,1000000,20260818,1000,True,5.033987998962402,198649.65911840045,151.755378588452,6.564983516000211,640.518813487142,3965.6743502395684,1000000,1000000,1000,0.08211030508391559,5.1438600739929825,194406.53237360288,64000,100,64000,6400000,1.5932190680177882,40170.244811108074,1.550737099176331,1.546614512335509,1.6580714494921267,1.719751029741019,,trial-0027.json,2.936038,2.4491370000000003,21511,14,28626,11217,5.385175,1.0697631780429322,23800,64,230480372,296524072,56403,111226,0,292233216,0,9.507935999999999,10.720679999999996,23842,4,255921,230585,20.228616,12.696694639217151,23800,64,512252096,0,125188,0,0,0,0,,,,,,,,,,,,,,,,,,,,,,,,,,,,automatic_during_commits_plus_final_truncate,warm_after_write_checkpoint_and_validation,,,,,,,native,3.11.7,,,,,,,,,,,baseline,sqlite-native,sqlite-native-metadata,nid005486,59115833,3.44.2,2026-09-30T07:39:25.147914+00:00,20260930T073514Z-1cf71cab,59115833
28,measured,4,metadata,lustre,1,1000000,20260818,1000,True,4.138250993099064,241647.9816394891,3.29980450659059,2.638610021676868,3.4371351532172407,21.314553470583633,1000000,1000000,1000,0.028216823004186153,4.197445282014087,238240.1515238249,64000,100,64000,6400000,15.98735067108646,4003.164834292755,0.23024616126895125,0.228345044888556,0.24315400514751673,0.2578321879263968,,trial-0028.json,2.44566,1.0874000000000001,2315,0,6969,9,3.5330600000000003,0.8537568180112134,23800,1,62943375,206943576,15370,85350,0,207142912,0,6.755648,3.763877,4080,0,128004,7187,10.519525,0.6579905086478671,23800,1,473948259,0,115712,0,0,0,0,,,,,,,,,,,,,,,,,,,,,,,,,,,,automatic_during_commits_plus_final_truncate,warm_after_write_checkpoint_and_validation,,,,,,,native,3.11.7,,,,,,,,,,,baseline,sqlite-native,sqlite-native-metadata,nid005486,59115833,3.44.2,2026-09-30T07:39:34.064572+00:00,20260930T073514Z-1cf71cab,59115833
29,measured,4,metadata,tmpfs,64,1000000,20260818,1000,True,5.5847353669814765,179059.51388713613,161.30266127933282,1.8490160000510514,537.1122084499757,4539.678569742245,1000000,1000000,1000,0.0007149518933147192,5.612170859938487,178184.16882820288,64000,100,64000,6400000,0.7473075569141656,85640.77722467207,0.7214901704428485,0.7324465550482273,0.7846480002626777,0.803615365875885,,trial-0029.json,2.5443550000000004,0.40417400000000003,30227,11,2401,37,2.9485289999999993,0.5279621694221235,23800,64,209764124,287412128,51375,109006,0,0,0,6.477633999999999,40.716847999999985,24851,5,2,95,47.19448200000001,63.15268936243432,23800,64,513460416,0,125483,0,0,0,0,,,,,,,,,,,,,,,,,,,,,,,,,,,,automatic_during_commits_plus_final_truncate,warm_after_write_checkpoint_and_validation,,,,,,,native,3.11.7,,,,,,,,,,,baseline,sqlite-native,sqlite-native-metadata,nid005486,59115833,3.44.2,2026-09-30T07:39:55.186259+00:00,20260930T073514Z-1cf71cab,59115833
30,measured,4,metadata,tmpfs,16,1000000,20260818,1000,True,2.6971804900094867,370757.538735008,29.692667527939193,1.8380950205028057,105.87364602251908,531.8218847922981,1000000,1000000,1000,0.0020906010176986456,2.721220028004609,367482.22845223977,64000,100,64000,6400000,0.41723199002444744,153391.88156749427,0.091633076153812,0.09121804032474756,0.09946397040039301,0.10558600421063603,,trial-0030.json,2.518543,0.2925,7673,1,1513,39,2.811043,1.042215383958273,23800,16,199178480,283431504,48675,108063,0,0,0,5.200831999999999,1.452922,6192,1,0,70,6.653753999999998,15.947372586675643,23800,16,506922544,0,123792,0,0,0,0,,,,,,,,,,,,,,,,,,,,,,,,,,,,automatic_during_commits_plus_final_truncate,warm_after_write_checkpoint_and_validation,,,,,,,native,3.11.7,,,,,,,,,,,baseline,sqlite-native,sqlite-native-metadata,nid005486,59115833,3.44.2,2026-09-30T07:40:03.603486+00:00,20260930T073514Z-1cf71cab,59115833
31,measured,5,metadata,tmpfs,64,1000000,20260819,1000,True,5.38028415304143,185863.7892637526,152.52702632080764,1.8566009239293635,439.41012431750556,4339.141738915349,1000000,1000000,1000,0.0033949019853025675,5.410452358075418,184827.42917187716,64000,100,64000,6400000,0.8080608069431037,79201.96036002808,0.7841042895852297,0.7916564936749637,0.8351574477273971,0.857370289741084,,trial-0031.json,2.6151530000000003,0.34876100000000004,29797,9,2395,30,2.9639140000000004,0.5508842870918861,23800,64,210022084,286686992,51436,108823,0,0,0,6.102219,44.987226,23255,13,4,54,51.08944500000001,63.22475308915369,23800,64,514922688,0,125840,0,0,0,0,,,,,,,,,,,,,,,,,,,,,,,,,,,,automatic_during_commits_plus_final_truncate,warm_after_write_checkpoint_and_validation,,,,,,,native,3.11.7,,,,,,,,,,,baseline,sqlite-native,sqlite-native-metadata,nid005486,59115833,3.44.2,2026-09-30T07:40:07.781082+00:00,20260930T073514Z-1cf71cab,59115833
32,measured,5,metadata,tmpfs,1,1000000,20260819,1000,True,2.229712131083943,448488.38828080654,1.4824045969871804,1.4329410041682422,1.5346939850132912,2.9393570288084447,1000000,1000000,1000,0.001225205953232944,2.2621141660492867,442064.33742752665,64000,100,64000,6400000,5.241288116085343,12210.738769270492,0.07022352160856826,0.07017701864242554,0.07164000999182463,0.07650908082723618,,trial-0032.json,2.111719,0.11818699999999999,1986,0,0,69,2.2299059999999997,1.0000869479577001,24876,1,63193231,207189024,15431,85397,0,0,0,4.963873,0.277117,2884,0,0,7,5.24099,0.9999431215993587,23800,1,474595427,0,115870,0,0,0,0,,,,,,,,,,,,,,,,,,,,,,,,,,,,automatic_during_commits_plus_final_truncate,warm_after_write_checkpoint_and_validation,,,,,,,native,3.11.7,,,,,,,,,,,baseline,sqlite-native,sqlite-native-metadata,nid005486,59115833,3.44.2,2026-09-30T07:40:16.271231+00:00,20260930T073514Z-1cf71cab,59115833
33,measured,5,metadata,lustre,1,1000000,20260819,1000,True,4.160048453952186,240381.8155170684,3.3235919915605336,2.612006035633385,3.4546631039120252,22.238998037064448,1000000,1000000,1000,0.0647853510454297,4.250068975961767,235290.29897066683,64000,100,64000,6400000,16.047530864947475,3988.1524789458304,0.23112323992609163,0.22862397599965334,0.24292203597724438,0.25879236869514,,trial-0033.json,2.415101,1.079321,1865,0,6977,6,3.494422,0.8399955045427853,23800,1,63193231,207189024,15431,85397,0,207405056,0,6.56949,3.862809,3900,0,127999,15226,10.432299,0.6500874862180329,23800,1,474595427,0,115870,0,0,0,0,,,,,,,,,,,,,,,,,,,,,,,,,,,,automatic_during_commits_plus_final_truncate,warm_after_write_checkpoint_and_validation,,,,,,,native,3.11.7,,,,,,,,,,,baseline,sqlite-native,sqlite-native-metadata,nid005486,59115833,3.44.2,2026-09-30T07:40:24.666848+00:00,20260930T073514Z-1cf71cab,59115833
34,measured,5,metadata,lustre,16,1000000,20260819,1000,True,4.181686588097364,239137.95999116055,44.54948023380712,6.6085314610973,84.72875806037325,1138.5247269482352,1000000,1000000,1000,0.06485486903693527,4.27019792504143,234181.1825947852,64000,100,64000,6400000,1.698909074999392,37671.23322949046,0.3743998303270928,0.36400899989530444,0.483822578098625,0.5645593139342965,,trial-0034.json,2.986396,1.964493,7014,2,20304,7591,4.950888999999999,1.1839454956026767,23800,16,219797216,296416336,53697,111319,0,291311616,0,9.091907999999998,8.067172000000001,24704,4,193233,270499,17.159079999999996,10.100057885679453,23800,16,505693744,0,123492,0,0,0,0,,,,,,,,,,,,,,,,,,,,,,,,,,,,automatic_during_commits_plus_final_truncate,warm_after_write_checkpoint_and_validation,,,,,,,native,3.11.7,,,,,,,,,,,baseline,sqlite-native,sqlite-native-metadata,nid005486,59115833,3.44.2,2026-09-30T07:40:46.176074+00:00,20260930T073514Z-1cf71cab,59115833
35,measured,5,metadata,tmpfs,16,1000000,20260819,1000,True,2.7011146349832416,370217.53429069265,30.771659736637957,1.814959046896547,130.65886771655641,632.8956675075451,1000000,1000000,1000,0.003544891020283103,2.725837858975865,366859.67828464817,64000,100,64000,6400000,0.41526859591249377,154117.11993142436,0.0877181838168326,0.08704897481948137,0.09641796350479126,0.14612506725825372,,trial-0035.json,2.5174139999999996,0.250704,7629,12,1436,12,2.7681180000000003,1.0248058205856836,23800,16,193726660,279069544,47343,106840,0,0,0,5.253811999999998,1.1405509999999996,5641,7,3,16,6.394362999999999,15.398137646188474,23800,16,504796720,0,123273,0,0,0,0,,,,,,,,,,,,,,,,,,,,,,,,,,,,automatic_during_commits_plus_final_truncate,warm_after_write_checkpoint_and_validation,,,,,,,native,3.11.7,,,,,,,,,,,baseline,sqlite-native,sqlite-native-metadata,nid005486,59115833,3.44.2,2026-09-30T07:40:53.267624+00:00,20260930T073514Z-1cf71cab,59115833
36,measured,5,metadata,lustre,64,1000000,20260819,1000,True,4.296506737009622,232747.22029087335,158.73276358179282,8.662520442157984,856.495109293606,3150.937055152608,1000000,1000000,1000,0.11092971498146653,4.431996288942173,225631.9578820495,64000,100,64000,6400000,1.5951710320077837,40121.089661116486,1.5504240245445544,1.546772022265941,1.6617659770417958,1.7255792149808258,,trial-0036.json,3.251354,2.4486750000000006,18707,11,33021,11745,5.7000290000000025,1.326665905327367,23800,64,243005764,299773328,59457,112075,0,293773312,0,9.619906000000002,10.647148999999994,25133,6,255892,265973,20.267055,12.705255169090298,23800,64,514099392,0,125639,0,0,0,0,,,,,,,,,,,,,,,,,,,,,,,,,,,,automatic_during_commits_plus_final_truncate,warm_after_write_checkpoint_and_validation,,,,,,,native,3.11.7,,,,,,,,,,,baseline,sqlite-native,sqlite-native-metadata,nid005486,59115833,3.44.2,2026-09-30T07:40:57.628842+00:00,20260930T073514Z-1cf71cab,59115833
1,warmup,1,telemetry,tmpfs,16,1000000,20260813,1000,True,4.294154686038382,232874.7036643341,40.60532831028104,5.827392509672791,60.40610364870989,837.1532655402534,1000000,1000000,1000,0.0025673749623820186,4.318288475042209,231573.2276293157,64000,100,64000,6400000,0.7343042270513251,87157.3356686215,0.0963804340990464,0.0960140023380518,0.10803795885294676,0.11807691771537066,,trial-0001.json,6.527441999999999,0.289327,7792,0,1802,16,6.816769000000001,1.5874530608232194,22832,16,216488176,361163888,52901,135120,0,0,0,9.948140000000002,1.3032129999999997,7176,5,0,35,11.251353,15.322467971049242,19392,16,1732970032,0,423120,0,0,0,0,,,,,,,,,,,,,,,,,,,,,,,,,,,,automatic_during_commits_plus_final_truncate,warm_after_write_checkpoint_and_validation,,,,,,,native,3.11.7,,,,,,,,,,,baseline,sqlite-native,sqlite-native-telemetry,nid005772,59115834,3.44.2,2026-09-30T07:35:12.479373+00:00,20260930T073512Z-dfcc55d8,59115834
2,warmup,1,telemetry,tmpfs,1,1000000,20260813,1000,True,6.302769221016206,158660.41813264557,4.673022843198851,4.549120960291475,4.866530577419325,7.238853732123971,1000000,1000000,1000,0.0020902850665152073,6.326653358992189,158061.44943577185,64000,100,64000,6400000,9.875595809076913,6480.62164929593,0.07915577486164693,0.07883110083639622,0.08227897342294455,0.08905210648663343,,trial-0002.json,6.131438,0.170921,6444,0,0,7,6.302359,0.9999349141620419,25588,1,151502991,345086736,36991,131010,0,0,0,9.364203,0.510682,3359,0,0,82,9.874884999999999,0.9999280236766819,22140,1,1711149155,0,417763,0,0,0,0,,,,,,,,,,,,,,,,,,,,,,,,,,,,automatic_during_commits_plus_final_truncate,warm_after_write_checkpoint_and_validation,,,,,,,native,3.11.7,,,,,,,,,,,baseline,sqlite-native,sqlite-native-telemetry,nid005772,59115834,3.44.2,2026-09-30T07:35:18.860816+00:00,20260930T073512Z-dfcc55d8,59115834
3,warmup,1,telemetry,lustre,16,1000000,20260813,1000,True,6.043818642967381,165458.30692051048,71.84576215490233,16.071927966549993,202.14474885142232,1254.0341294486989,1000000,1000000,1000,0.09086487698368728,6.16196805704385,162285.813678778,64000,100,64000,6400000,2.103042253991589,30432.10371951755,0.38302701651264215,0.36999292206019163,0.4964069928973914,0.5858380883000791,,trial-0003.json,7.345345000000001,2.869345,9126,5,28076,12111,10.214689999999997,1.6901053131178687,22140,16,235959988,375914736,57642,138867,0,377303040,0,14.089933,9.967459,27300,13,146447,343910,24.057391999999997,11.439328883829555,22140,16,1733375536,0,423219,0,0,0,0,,,,,,,,,,,,,,,,,,,,,,,,,,,,automatic_during_commits_plus_final_truncate,warm_after_write_checkpoint_and_validation,,,,,,,native,3.11.7,,,,,,,,,,,baseline,sqlite-native,sqlite-native-telemetry,nid005772,59115834,3.44.2,2026-09-30T07:35:35.985309+00:00,20260930T073512Z-dfcc55d8,59115834
4,warmup,1,telemetry,lustre,1,1000000,20260813,1000,True,9.534436098998412,104882.9725866063,7.710050794179551,6.413822004105896,9.050946251954882,33.974606320261955,1000000,1000000,1000,0.050543592078611255,9.606175973080099,104099.69615405273,64000,100,64000,6400000,21.89069488295354,2923.6166481785517,0.2552245350070734,0.25330798234790564,0.2679765748325736,0.2823241357691586,,trial-0004.json,6.923983,1.756456,12279,0,7120,23,8.680439,0.9104302456767082,23820,1,151502991,345086736,36991,131010,0,345440256,0,10.942652,5.261489,3728,0,128004,2479,16.204141,0.740229631203635,22336,1,1711149158,0,417763,0,0,0,0,,,,,,,,,,,,,,,,,,,,,,,,,,,,automatic_during_commits_plus_final_truncate,warm_after_write_checkpoint_and_validation,,,,,,,native,3.11.7,,,,,,,,,,,baseline,sqlite-native,sqlite-native-telemetry,nid005772,59115834,3.44.2,2026-09-30T07:35:45.412668+00:00,20260930T073512Z-dfcc55d8,59115834
5,warmup,1,telemetry,lustre,64,1000000,20260813,1000,True,5.965550425928086,167629.12532826772,224.13113224809058,18.834883987437934,1351.0204659658484,4164.616660795871,1000000,1000000,1000,0.04960447398480028,6.039387428900227,165579.70684488775,64000,100,64000,6400000,1.6246592140523717,39392.876639258655,1.4811971541184903,1.4762930222786963,1.6101930697914215,1.689614529022947,,trial-0005.json,7.547874999999999,3.1719709999999997,28495,15,37515,22683,10.719846000000002,1.7969584086337298,22140,64,246249884,377603960,60251,139487,0,378085376,0,16.707673999999997,13.164665000000005,24715,17,255905,353727,29.872338999999997,18.386833830517425,22140,64,1748469952,0,426999,0,0,0,0,,,,,,,,,,,,,,,,,,,,,,,,,,,,automatic_during_commits_plus_final_truncate,warm_after_write_checkpoint_and_validation,,,,,,,native,3.11.7,,,,,,,,,,,baseline,sqlite-native,sqlite-native-telemetry,nid005772,59115834,3.44.2,2026-09-30T07:36:17.964368+00:00,20260930T073512Z-dfcc55d8,59115834
6,warmup,1,telemetry,tmpfs,64,1000000,20260813,1000,True,6.045511202071793,165411.98363130988,173.67576884140726,5.052344989962876,740.2136715303595,4843.9306806586665,1000000,1000000,1000,0.002280342043377459,6.070176636101678,164739.85189370188,64000,100,64000,6400000,0.7744424699340016,82640.09592017095,0.6427873858301609,0.6510434905067086,0.7111399958375841,0.7442233117762954,,trial-0006.json,6.771981,0.3888929999999999,39647,6,2735,35,7.160874000000002,1.1844943728738728,22140,64,212533284,365264040,52057,136462,0,0,0,11.642074000000001,35.52817799999999,24991,14,5,261,47.170252,60.90865859154118,22140,64,1746610368,0,426545,0,0,0,0,,,,,,,,,,,,,,,,,,,,,,,,,,,,automatic_during_commits_plus_final_truncate,warm_after_write_checkpoint_and_validation,,,,,,,native,3.11.7,,,,,,,,,,,baseline,sqlite-native,sqlite-native-telemetry,nid005772,59115834,3.44.2,2026-09-30T07:36:27.533970+00:00,20260930T073512Z-dfcc55d8,59115834
7,measured,1,telemetry,lustre,16,1000000,20260815,1000,True,6.204095007968135,161183.86303170168,63.98375960555859,15.74140100274235,145.77616013702934,1052.722122623817,1000000,1000000,1000,0.06424269103445113,6.290471966029145,158970.58367009132,64000,100,64000,6400000,1.9716138080693781,32460.718086910423,0.37210687342121673,0.3593020373955369,0.4766585538163781,0.5670731549616905,,trial-0007.json,7.340476000000001,2.7568989999999998,8524,7,26988,13807,10.097375,1.6275339089797287,22140,16,234596064,375614824,57310,138733,0,377237504,0,13.765470999999998,9.595963,27014,7,148351,240936,23.361433999999996,11.848889424686938,22140,16,1733330483,0,423208,0,0,0,0,,,,,,,,,,,,,,,,,,,,,,,,,,,,automatic_during_commits_plus_final_truncate,warm_after_write_checkpoint_and_validation,,,,,,,native,3.11.7,,,,,,,,,,,baseline,sqlite-native,sqlite-native-telemetry,nid005772,59115834,3.44.2,2026-09-30T07:36:36.335378+00:00,20260930T073512Z-dfcc55d8,59115834
8,measured,1,telemetry,lustre,64,1000000,20260815,1000,True,6.847489362000488,146038.92713574818,219.1125872634584,12.674975499976426,1151.0514333844142,5192.649933261563,1000000,1000000,1000,0.023064489010721445,6.900893721031025,144908.76695469458,64000,100,64000,6400000,1.6386937939096242,39055.496663173224,1.4951333029857778,1.4889469603076577,1.6194904339499772,1.697659636847675,,trial-0008.json,7.276160999999999,3.1685770000000018,30763,2,33328,14598,10.444737999999996,1.5253383317339795,22140,64,237275768,375795680,58065,138940,0,376037376,0,16.817565000000005,12.994542999999998,25584,18,255906,353653,29.812108000000006,18.192604445565,22140,64,1748379840,0,426977,0,0,0,0,,,,,,,,,,,,,,,,,,,,,,,,,,,,automatic_during_commits_plus_final_truncate,warm_after_write_checkpoint_and_validation,,,,,,,native,3.11.7,,,,,,,,,,,baseline,sqlite-native,sqlite-native-telemetry,nid005772,59115834,3.44.2,2026-09-30T07:36:45.797888+00:00,20260930T073512Z-dfcc55d8,59115834
9,measured,1,telemetry,tmpfs,64,1000000,20260815,1000,True,6.044074818026274,165451.29405372837,173.08718992269132,5.13475900515914,746.0562438180114,4841.975321706849,1000000,1000000,1000,0.0017931939801201224,6.095493171946146,164055.6345141018,64000,100,64000,6400000,0.8152304500108585,78505.40911364087,0.6833569614318549,0.6924030603840947,0.7554940471891314,0.7869961962569505,,trial-0009.json,6.663177999999999,0.42001299999999997,39785,18,2767,40,7.083190999999999,1.1719231169797224,22140,64,212254800,364331536,51990,136122,0,0,0,11.877604999999999,37.99893799999998,26012,13,5,249,49.876542999999984,61.180912709204684,23804,64,1744464064,0,426021,0,0,0,0,,,,,,,,,,,,,,,,,,,,,,,,,,,,automatic_during_commits_plus_final_truncate,warm_after_write_checkpoint_and_validation,,,,,,,native,3.11.7,,,,,,,,,,,baseline,sqlite-native,sqlite-native-telemetry,nid005772,59115834,3.44.2,2026-09-30T07:36:56.464055+00:00,20260930T073512Z-dfcc55d8,59115834
10,measured,1,telemetry,lustre,1,1000000,20260815,1000,True,9.55104658100754,104700.56778788214,7.699700022931211,6.467105005867779,7.823583087883871,32.95379427727312,1000000,1000000,1000,0.04664692503865808,9.61939244507812,103956.66937485873,64000,100,64000,6400000,21.628018758026883,2959.124491060812,0.2526816767804121,0.2506129676476121,0.26893801987171173,0.28417732799425727,,trial-0010.json,6.923218,1.8162230000000001,10412,0,7110,16,8.739441000000001,0.9150244348486967,22140,1,151502991,345090856,36991,131012,0,345444352,0,10.947788,5.070987,4973,0,128011,7034,16.018774999999998,0.7406492096764478,23776,1,1711407203,0,417826,0,0,0,0,,,,,,,,,,,,,,,,,,,,,,,,,,,,automatic_during_commits_plus_final_truncate,warm_after_write_checkpoint_and_validation,,,,,,,native,3.11.7,,,,,,,,,,,baseline,sqlite-native,sqlite-native-telemetry,nid005772,59115834,3.44.2,2026-09-30T07:37:05.096323+00:00,20260930T073512Z-dfcc55d8,59115834
11,measured,1,telemetry,tmpfs,1,1000000,20260815,1000,True,6.324292224016972,158120.4606900398,4.7141577928559855,4.5918680261820555,4.812962817959487,7.260014703497291,1000000,1000000,1000,0.002029036986641586,6.3463681290159,157570.43708636312,64000,100,64000,6400000,9.768209981033579,6551.8657076645,0.07825408187090943,0.07802003528922796,0.08101598359644413,0.08587492629885674,,trial-0011.json,6.132784,0.191019,6357,0,0,10,6.323803,0.9999226436730557,25472,1,151502991,345090856,36991,131012,0,0,0,9.273542,0.49409099999999995,3322,0,0,12,9.767633,0.999940932777377,23872,1,1711407203,0,417826,0,0,0,0,,,,,,,,,,,,,,,,,,,,,,,,,,,,automatic_during_commits_plus_final_truncate,warm_after_write_checkpoint_and_validation,,,,,,,native,3.11.7,,,,,,,,,,,baseline,sqlite-native,sqlite-native-telemetry,nid005772,59115834,3.44.2,2026-09-30T07:37:37.489142+00:00,20260930T073512Z-dfcc55d8,59115834
12,measured,1,telemetry,tmpfs,16,1000000,20260815,1000,True,4.493511385982856,222543.11029886757,36.98738916567527,5.7890539756044745,9.019332448951898,1034.9357934028376,1000000,1000000,1000,0.0013335180701687932,4.514525165082887,221507.23795591912,64000,100,64000,6400000,0.7531832779059187,84972.67780285788,0.09632698242057813,0.09590404806658626,0.10648497845977545,0.11962093529291451,,trial-0012.json,6.486633,0.20905899999999994,9300,4,1377,8,6.695692000000001,1.4900801232832455,22140,16,212760772,361614744,51990,135242,0,0,0,10.228482,1.1143069999999997,6607,15,5,62,11.342789,15.059799298168759,22140,16,1731561008,0,422776,0,0,0,0,,,,,,,,,,,,,,,,,,,,,,,,,,,,automatic_during_commits_plus_final_truncate,warm_after_write_checkpoint_and_validation,,,,,,,native,3.11.7,,,,,,,,,,,baseline,sqlite-native,sqlite-native-telemetry,nid005772,59115834,3.44.2,2026-09-30T07:37:54.548414+00:00,20260930T073512Z-dfcc55d8,59115834
13,measured,2,telemetry,tmpfs,1,1000000,20260816,1000,True,6.3377406689105555,157784.93508032698,4.719616918009706,4.5938870171085,4.870535421650857,7.310876938281581,1000000,1000000,1000,0.0019885289948433638,6.360386991989799,157223.13772092626,64000,100,64000,6400000,9.849538168055005,6497.766586414286,0.07918279402292683,0.07888197433203459,0.08234893903136253,0.08915211656130852,,trial-0013.json,6.160945,0.176282,7136,0,0,8,6.3372269999999995,0.9999189507842952,26264,1,151507087,345169112,36992,131049,0,0,0,9.234993,0.6136919999999999,3989,0,0,76,9.848685,0.9999133798924935,23912,1,1711140963,0,417761,0,0,0,0,,,,,,,,,,,,,,,,,,,,,,,,,,,,automatic_during_commits_plus_final_truncate,warm_after_write_checkpoint_and_validation,,,,,,,native,3.11.7,,,,,,,,,,,baseline,sqlite-native,sqlite-native-telemetry,nid005772,59115834,3.44.2,2026-09-30T07:38:01.328118+00:00,20260930T073512Z-dfcc55d8,59115834
14,measured,2,telemetry,tmpfs,64,1000000,20260816,1000,True,5.756232674000785,173724.7357141602,168.80281847948208,5.317465518601239,841.8991746031635,4442.089524252804,1000000,1000000,1000,0.0011816760525107384,5.781922228983603,172952.86245588065,64000,100,64000,6400000,0.775178266922012,82561.65417810768,0.636086630724094,0.6500520394183695,0.715067028068006,0.7366792508400978,,trial-0014.json,6.827323000000002,0.3259399999999999,38578,6,2894,51,7.153263000000001,1.242698724168881,23228,64,214339576,364525552,52497,136062,0,0,0,13.001213,34.350161,26251,16,6,151,47.35137400000001,61.0844963288475,22140,64,1741703360,0,425347,0,0,0,0,,,,,,,,,,,,,,,,,,,,,,,,,,,,automatic_during_commits_plus_final_truncate,warm_after_write_checkpoint_and_validation,,,,,,,native,3.11.7,,,,,,,,,,,baseline,sqlite-native,sqlite-native-telemetry,nid005772,59115834,3.44.2,2026-09-30T07:38:18.455965+00:00,20260930T073512Z-dfcc55d8,59115834
15,measured,2,telemetry,tmpfs,16,1000000,20260816,1000,True,4.146544525981881,241164.6598111002,45.71819308772683,5.829260975588113,108.69119041599332,937.4417291849368,1000000,1000000,1000,0.0010195840150117874,4.169417876983061,239841.6348527741,64000,100,64000,6400000,0.7341459749732167,87176.12325305586,0.095540704412997,0.09525299537926912,0.1065150136128068,0.11535198427736759,,trial-0015.json,6.582218,0.30551700000000004,7213,7,1868,37,6.887734999999999,1.6610782681440082,22976,16,218122480,362442192,53300,135616,0,0,0,10.026731,1.195662,6646,5,0,153,11.222393,15.286323677534865,22140,16,1737393712,0,424200,0,0,0,0,,,,,,,,,,,,,,,,,,,,,,,,,,,,automatic_during_commits_plus_final_truncate,warm_after_write_checkpoint_and_validation,,,,,,,native,3.11.7,,,,,,,,,,,baseline,sqlite-native,sqlite-native-telemetry,nid005772,59115834,3.44.2,2026-09-30T07:38:26.963285+00:00,20260930T073512Z-dfcc55d8,59115834
16,measured,2,telemetry,lustre,16,1000000,20260816,1000,True,5.999766226042993,166673.16064071495,74.46538861875888,15.497295476961881,338.67236709338613,1450.7290239422582,1000000,1000000,1000,0.07526793598663062,6.10271216602996,163861.5705270165,64000,100,64000,6400000,1.946883549913764,32873.049855927355,0.3658279796036368,0.35361095797270536,0.4687228996772319,0.5625449959188702,,trial-0016.json,7.3111049999999995,2.8751379999999997,8978,4,28450,12780,10.186243,1.6977733158643582,22140,16,237663880,377204752,58057,139173,0,379215872,0,13.967315999999999,9.035592999999999,27211,8,149084,216046,23.002909,11.815246474818126,22140,16,1730831920,0,422598,0,0,0,0,,,,,,,,,,,,,,,,,,,,,,,,,,,,automatic_during_commits_plus_final_truncate,warm_after_write_checkpoint_and_validation,,,,,,,native,3.11.7,,,,,,,,,,,baseline,sqlite-native,sqlite-native-telemetry,nid005772,59115834,3.44.2,2026-09-30T07:38:32.964573+00:00,20260930T073512Z-dfcc55d8,59115834
17,measured,2,telemetry,lustre,1,1000000,20260816,1000,True,9.556772020994686,104637.8419201757,7.719430431141518,6.445283011998981,7.680838496889919,34.29761755163781,1000000,1000000,1000,0.04027583892457187,9.620479047996923,103944.9277952754,64000,100,64000,6400000,22.04658003197983,2902.94457948418,0.25722104631495313,0.2556124818511307,0.2735669258981943,0.29317539185285574,,trial-0017.json,6.964036999999999,1.751837,12269,0,7118,18,8.715874,0.9120102458081695,24760,1,151507087,345169112,36992,131049,0,345526272,0,11.425032999999999,4.888069,7945,0,128028,23117,16.313102,0.7399379847730083,22740,1,1711140963,0,417761,0,0,0,0,,,,,,,,,,,,,,,,,,,,,,,,,,,,automatic_during_commits_plus_final_truncate,warm_after_write_checkpoint_and_validation,,,,,,,native,3.11.7,,,,,,,,,,,baseline,sqlite-native,sqlite-native-telemetry,nid005772,59115834,3.44.2,2026-09-30T07:38:42.201862+00:00,20260930T073512Z-dfcc55d8,59115834
18,measured,2,telemetry,lustre,64,1000000,20260816,1000,True,7.67074665799737,130365.40568803946,232.53682825958822,10.324740025680512,1157.090552343284,6174.540953164686,1000000,1000000,1000,0.04158879804890603,7.736723726964556,129253.6783386399,64000,100,64000,6400000,1.6463201390579343,38874.57759984787,1.4913780838396633,1.4835670590400696,1.6337980690877885,1.710503944195807,,trial-0018.json,7.333400999999999,3.0368579999999996,33820,6,30687,15285,10.370259,1.3519230216250426,22140,64,230009772,373542296,56298,138356,0,373579776,0,17.608651,13.258032000000004,25995,12,255892,496823,30.866683000000005,18.748894742709457,22140,64,1742969024,0,425656,0,0,0,0,,,,,,,,,,,,,,,,,,,,,,,,,,,,automatic_during_commits_plus_final_truncate,warm_after_write_checkpoint_and_validation,,,,,,,native,3.11.7,,,,,,,,,,,baseline,sqlite-native,sqlite-native-telemetry,nid005772,59115834,3.44.2,2026-09-30T07:39:14.929961+00:00,20260930T073512Z-dfcc55d8,59115834
19,measured,3,telemetry,lustre,1,1000000,20260817,1000,True,9.43695853301324,105966.34461216585,7.6263779839500785,6.41527003608644,7.4064626009203485,32.92173673864454,1000000,1000000,1000,0.03561414103023708,9.494337350944988,105325.93935062442,64000,100,64000,6400000,21.86825440393295,2926.616766836669,0.2542399951526022,0.2528470358811319,0.2688985841814429,0.28425802709534764,,trial-0019.json,6.891068,1.790538,10266,0,7113,13,8.681606,0.9199580531830467,26368,1,151507087,345078472,36992,131005,0,345432064,0,11.398181999999998,4.809538,4235,0,128006,3187,16.20772,0.7411528922530314,22140,1,1711259747,0,417790,0,0,0,0,,,,,,,,,,,,,,,,,,,,,,,,,,,,automatic_during_commits_plus_final_truncate,warm_after_write_checkpoint_and_validation,,,,,,,native,3.11.7,,,,,,,,,,,baseline,sqlite-native,sqlite-native-telemetry,nid005772,59115834,3.44.2,2026-09-30T07:39:27.284900+00:00,20260930T073512Z-dfcc55d8,59115834
20,measured,3,telemetry,lustre,64,1000000,20260817,1000,True,8.265908308094367,120978.84016215772,250.51327910856344,9.666805970482528,1152.3297565348864,6581.445050508481,1000000,1000000,1000,0.04453757090959698,8.33957965800073,119910.12029492775,64000,100,64000,6400000,1.602347841951996,39941.38995565068,1.4570121214364917,1.4535600203089416,1.583170483354479,1.6552991745993495,,trial-0020.json,7.215616,3.163011,37000,9,31189,16667,10.378626999999998,1.2555942569356542,22140,64,225868892,371962136,55291,138006,0,371982336,0,16.906537999999998,13.195004,25283,5,255864,361336,30.101542,18.785897301381205,22140,64,1748658368,0,427045,0,0,0,0,,,,,,,,,,,,,,,,,,,,,,,,,,,,automatic_during_commits_plus_final_truncate,warm_after_write_checkpoint_and_validation,,,,,,,native,3.11.7,,,,,,,,,,,baseline,sqlite-native,sqlite-native-telemetry,nid005772,59115834,3.44.2,2026-09-30T07:40:00.155252+00:00,20260930T073512Z-dfcc55d8,59115834
21,measured,3,telemetry,tmpfs,1,1000000,20260817,1000,True,6.290464446996339,158970.77368865733,4.647384582669474,4.5186339993961155,4.822887404588981,7.243136377073824,1000000,1000000,1000,0.0019309789640828967,6.312520271982066,158415.3328486675,64000,100,64000,6400000,9.687756362953223,6606.276789199743,0.07858541504720051,0.07832096889615059,0.08158700075000525,0.0874579418450594,,trial-0021.json,6.073959,0.21604999999999996,7398,0,0,8,6.290009,0.9999275972386179,26672,1,151507087,345078472,36992,131005,0,0,0,9.17638,0.510687,3083,0,0,41,9.687067,0.9999288418362936,23808,1,1711259747,0,417790,0,0,0,0,,,,,,,,,,,,,,,,,,,,,,,,,,,,automatic_during_commits_plus_final_truncate,warm_after_write_checkpoint_and_validation,,,,,,,native,3.11.7,,,,,,,,,,,baseline,sqlite-native,sqlite-native-telemetry,nid005772,59115834,3.44.2,2026-09-30T07:40:12.493843+00:00,20260930T073512Z-dfcc55d8,59115834
22,measured,3,telemetry,tmpfs,16,1000000,20260817,1000,True,4.572962007019669,218676.64731632636,39.52115045685787,5.781221087090671,9.156252245884387,1036.8700785899982,1000000,1000000,1000,0.002148368046618998,4.665111911017448,214357.12991971994,64000,100,64000,6400000,0.7573160140309483,84508.97487212597,0.09694482027589402,0.0961449695751071,0.10734748211689296,0.12221541721373805,,trial-0022.json,6.449992,0.2344,9922,7,1394,20,6.684392,1.4617204319080732,27404,16,212834544,362488184,52009,135666,0,0,0,10.222304999999999,1.2036799999999999,6663,8,2,45,11.425984999999999,15.087473113348251,23588,16,1736861232,0,424070,0,0,0,0,,,,,,,,,,,,,,,,,,,,,,,,,,,,automatic_during_commits_plus_final_truncate,warm_after_write_checkpoint_and_validation,,,,,,,native,3.11.7,,,,,,,,,,,baseline,sqlite-native,sqlite-native-telemetry,nid005772,59115834,3.44.2,2026-09-30T07:40:29.464738+00:00,20260930T073512Z-dfcc55d8,59115834
23,measured,3,telemetry,tmpfs,64,1000000,20260817,1000,True,6.64498065598309,150489.5276255782,185.28618113230914,4.947149544022977,740.710077824765,5044.25254548434,1000000,1000000,1000,0.0022801620652899146,6.687965987017378,149522.2915219951,64000,100,64000,6400000,0.7743188770255074,82653.28651918133,0.6401300393354177,0.6515259156003594,0.7131639868021011,0.7391140097752213,,trial-0023.json,6.750291999999997,0.33712099999999995,39430,13,2786,45,7.087412999999999,1.0665814344573818,23952,64,209301628,362685680,51270,135581,0,0,0,12.094345000000002,35.114912000000004,24750,14,5,96,47.20925699999999,60.968753830916654,22884,64,1738365120,0,424532,0,0,0,0,,,,,,,,,,,,,,,,,,,,,,,,,,,,automatic_during_commits_plus_final_truncate,warm_after_write_checkpoint_and_validation,,,,,,,native,3.11.7,,,,,,,,,,,baseline,sqlite-native,sqlite-native-telemetry,nid005772,59115834,3.44.2,2026-09-30T07:40:36.681947+00:00,20260930T073512Z-dfcc55d8,59115834
24,measured,3,telemetry,lustre,16,1000000,20260817,1000,True,6.142411569016986,162802.5065992179,68.45396490208805,15.47940750606358,238.79208570579064,1247.4924902687771,1000000,1000000,1000,0.08445253793615848,6.250629534944892,159983.88552855043,64000,100,64000,6400000,1.9601836310466751,32650.002268321186,0.3671136662742356,0.35566050792112947,0.4694044240750373,0.5566744296811524,,trial-0024.json,7.179550999999999,2.8853859999999996,9260,5,27402,11992,10.064936999999999,1.638596972363212,22140,16,232580788,374045400,56817,138338,0,375480320,0,14.047775999999999,9.147594999999999,25866,6,148216,235225,23.195370999999998,11.833264308821114,22140,16,1735173680,0,423658,0,0,0,0,,,,,,,,,,,,,,,,,,,,,,,,,,,,automatic_during_commits_plus_final_truncate,warm_after_write_checkpoint_and_validation,,,,,,,native,3.11.7,,,,,,,,,,,baseline,sqlite-native,sqlite-native-telemetry,nid005772,59115834,3.44.2,2026-09-30T07:40:47.082340+00:00,20260930T073512Z-dfcc55d8,59115834
25,measured,4,telemetry,tmpfs,1,1000000,20260818,1000,True,6.338820260949433,157758.06204200833,4.7309392967727035,4.601443477440625,4.829127917764707,7.315953044453636,1000000,1000000,1000,0.0021117079304531217,6.360404516919516,157222.7045213662,64000,100,64000,6400000,10.011302469065413,6392.774586299619,0.07906224729231326,0.07884192746132612,0.08189794607460499,0.08691809838637711,,trial-0025.json,6.182655,0.1557,7118,0,0,8,6.338355,0.9999266013342737,26236,1,151502991,345082616,36991,131008,0,0,0,9.524528,0.486325,3367,0,0,13,10.010853000000001,0.9999551038372079,24740,1,1710911587,0,417705,0,0,0,0,,,,,,,,,,,,,,,,,,,,,,,,,,,,automatic_during_commits_plus_final_truncate,warm_after_write_checkpoint_and_validation,,,,,,,native,3.11.7,,,,,,,,,,,baseline,sqlite-native,sqlite-native-telemetry,nid005772,59115834,3.44.2,2026-09-30T07:40:56.673906+00:00,20260930T073512Z-dfcc55d8,59115834
26,measured,4,telemetry,lustre,16,1000000,20260818,1000,True,6.176535892067477,161903.0501035863,70.99803207069635,15.909956011455506,191.48808622849154,1355.6711024360247,1000000,1000000,1000,0.08932674396783113,6.287590840016492,159043.4278317921,64000,100,64000,6400000,1.9921715579694137,32125.747275116257,0.3720519872804289,0.3597730537876487,0.4786530102137477,0.5673535971436651,,trial-0026.json,7.405538999999999,2.8441649999999994,8323,2,27642,17364,10.249704,1.6594583402589291,22140,16,235390600,376632224,57502,139071,0,378535936,0,14.246507000000001,9.209936,27370,2,147635,287980,23.456443,11.774308746737027,22140,16,1735046704,0,423627,0,0,0,0,,,,,,,,,,,,,,,,,,,,,,,,,,,,automatic_during_commits_plus_final_truncate,warm_after_write_checkpoint_and_validation,,,,,,,native,3.11.7,,,,,,,,,,,baseline,sqlite-native,sqlite-native-telemetry,nid005772,59115834,3.44.2,2026-09-30T07:41:13.949785+00:00,20260930T073512Z-dfcc55d8,59115834
27,measured,4,telemetry,lustre,64,1000000,20260818,1000,True,6.808559437980875,146873.9472878211,221.5349118844606,13.003441970795393,1053.0561598017762,5474.418503334745,1000000,1000000,1000,0.058658770052716136,6.895382608985528,145024.58481373862,64000,100,64000,6400000,1.6059304879745468,39852.28531324474,1.4622939536275226,1.4582689618691802,1.585574058117345,1.6598271729890257,,trial-0027.json,7.297947,3.163704,28970,6,34333,14774,10.461651,1.5365439775175809,22140,64,234973728,373897776,57501,138402,0,374497280,0,17.206102,12.794310000000001,25785,27,255897,362098,30.000412000000004,18.68101528967018,22140,64,1740544192,0,425064,0,0,0,0,,,,,,,,,,,,,,,,,,,,,,,,,,,,automatic_during_commits_plus_final_truncate,warm_after_write_checkpoint_and_validation,,,,,,,native,3.11.7,,,,,,,,,,,baseline,sqlite-native,sqlite-native-telemetry,nid005772,59115834,3.44.2,2026-09-30T07:41:23.606839+00:00,20260930T073512Z-dfcc55d8,59115834
28,measured,4,telemetry,lustre,1,1000000,20260818,1000,True,9.916650907951407,100840.49638151286,8.089157787617296,6.371228082571179,8.304084138944742,35.26061457814649,1000000,1000000,1000,0.03514805296435952,9.972817667992786,100272.5642131657,64000,100,64000,6400000,21.75693999696523,2941.590132110814,0.2527539264428924,0.25056302547454834,0.2696189854759723,0.28488911455497146,,trial-0028.json,6.926177,1.7195749999999999,12283,0,7110,48,8.645752,0.8718419232714575,22140,1,151502991,345082616,36991,131008,0,345436160,0,11.030781000000001,5.1973530000000006,6749,0,128006,5425,16.228134,0.7458831068276874,23860,1,1710911587,0,417705,0,0,0,0,,,,,,,,,,,,,,,,,,,,,,,,,,,,automatic_during_commits_plus_final_truncate,warm_after_write_checkpoint_and_validation,,,,,,,native,3.11.7,,,,,,,,,,,baseline,sqlite-native,sqlite-native-telemetry,nid005772,59115834,3.44.2,2026-09-30T07:41:34.231440+00:00,20260930T073512Z-dfcc55d8,59115834
29,measured,4,telemetry,tmpfs,64,1000000,20260818,1000,True,5.238747700001113,190885.31406079882,149.30924623296596,5.787673580925912,735.0633219873998,3841.262442767619,1000000,1000000,1000,0.003161920001730323,5.2657759609865025,189905.53479845688,64000,100,64000,6400000,0.8218148520682007,77876.42172556985,0.6974165355040896,0.7046170067042112,0.7546244072727859,0.7872778072487564,,trial-0029.json,6.724480999999999,0.407625,32182,16,2973,40,7.132105999999999,1.3614142937249076,23048,64,218595188,363698688,53533,136052,0,0,0,11.547005999999996,38.895213,25231,16,5,77,50.44221899999997,61.37905499402422,22140,64,1747744960,0,426822,0,0,0,0,,,,,,,,,,,,,,,,,,,,,,,,,,,,automatic_during_commits_plus_final_truncate,warm_after_write_checkpoint_and_validation,,,,,,,native,3.11.7,,,,,,,,,,,baseline,sqlite-native,sqlite-native-telemetry,nid005772,59115834,3.44.2,2026-09-30T07:42:07.020555+00:00,20260930T073512Z-dfcc55d8,59115834
30,measured,4,telemetry,tmpfs,16,1000000,20260818,1000,True,4.34024848905392,230401.5547777953,37.13216965517495,5.780158971901983,9.02027271222323,1138.3630910085021,1000000,1000000,1000,0.0021704810205847025,4.3636978070717305,229163.4398650195,64000,100,64000,6400000,0.7400297489948571,86483.00975322652,0.09629883027264441,0.09575497824698687,0.10648497845977545,0.11617399286478758,,trial-0030.json,6.389939,0.31636600000000004,9796,3,1281,21,6.7063049999999995,1.5451430988141024,22320,16,213801200,362096856,52245,135479,0,0,0,10.144115999999999,1.2059159999999998,7059,8,3,103,11.350032000000002,15.337264502428646,22140,16,1738671664,0,424512,0,0,0,0,,,,,,,,,,,,,,,,,,,,,,,,,,,,automatic_during_commits_plus_final_truncate,warm_after_write_checkpoint_and_validation,,,,,,,native,3.11.7,,,,,,,,,,,baseline,sqlite-native,sqlite-native-telemetry,nid005772,59115834,3.44.2,2026-09-30T07:42:15.439404+00:00,20260930T073512Z-dfcc55d8,59115834
31,measured,5,telemetry,tmpfs,64,1000000,20260819,1000,True,6.553050369024277,152600.68879172922,180.6359062885167,5.216578545514494,642.64206999796,4941.680182352428,1000000,1000000,1000,0.0010566660203039646,6.5810072590829805,151952.42318260917,64000,100,64000,6400000,0.792586522991769,80748.28191428211,0.6660019435876166,0.6703509716317058,0.7238039979711175,0.7555155607406051,,trial-0031.json,6.78956,0.3672399999999999,37303,5,3006,66,7.1568000000000005,1.0921326095446477,22140,64,215171108,366341672,52701,136741,0,0,0,11.285736000000002,37.164784999999995,25184,16,6,456,48.45052100000002,61.12963013440386,22140,64,1746073792,0,426414,0,0,0,0,,,,,,,,,,,,,,,,,,,,,,,,,,,,automatic_during_commits_plus_final_truncate,warm_after_write_checkpoint_and_validation,,,,,,,native,3.11.7,,,,,,,,,,,baseline,sqlite-native,sqlite-native-telemetry,nid005772,59115834,3.44.2,2026-09-30T07:42:21.609237+00:00,20260930T073512Z-dfcc55d8,59115834
32,measured,5,telemetry,tmpfs,1,1000000,20260819,1000,True,6.287897723959759,159035.66563901695,4.641724204993807,4.513874067924917,4.782684374367816,7.325243005761877,1000000,1000000,1000,0.0020987829193472862,6.309625846915878,158488.0029754532,64000,100,64000,6400000,9.82465740002226,6514.222063341872,0.07959178452983906,0.07938203634694219,0.08255895227193832,0.08728911285288633,,trial-0032.json,6.0850610000000005,0.202338,5183,0,0,11,6.287399000000001,0.9999206851030897,27284,1,151507087,345061992,36992,130997,0,0,0,9.25315,0.5709549999999999,3037,0,0,15,9.824105,0.99994377411855,23700,1,1711267939,0,417792,0,0,0,0,,,,,,,,,,,,,,,,,,,,,,,,,,,,automatic_during_commits_plus_final_truncate,warm_after_write_checkpoint_and_validation,,,,,,,native,3.11.7,,,,,,,,,,,baseline,sqlite-native,sqlite-native-telemetry,nid005772,59115834,3.44.2,2026-09-30T07:42:30.820648+00:00,20260930T073512Z-dfcc55d8,59115834
33,measured,5,telemetry,lustre,1,1000000,20260819,1000,True,9.40494406200014,106327.05451597666,7.579222884494811,6.362561020068824,7.591632701223715,32.94722241233103,1000000,1000000,1000,0.03448976494837552,9.462936305906624,105675.44445753217,64000,100,64000,6400000,22.04100407799706,2903.67896913959,0.2592674831048498,0.25738601107150316,0.27535996050573885,0.29332523467019206,,trial-0033.json,6.955092,1.656102,13746,0,7106,82,8.611194,0.9156028938856511,26492,1,151507087,345061992,36992,130997,0,345415680,0,11.344656,4.940152,6075,0,128063,25746,16.284808,0.7388414766574399,23592,1,1711267939,0,417792,0,0,0,0,,,,,,,,,,,,,,,,,,,,,,,,,,,,automatic_during_commits_plus_final_truncate,warm_after_write_checkpoint_and_validation,,,,,,,native,3.11.7,,,,,,,,,,,baseline,sqlite-native,sqlite-native-telemetry,nid005772,59115834,3.44.2,2026-09-30T07:42:47.849869+00:00,20260930T073512Z-dfcc55d8,59115834
34,measured,5,telemetry,lustre,16,1000000,20260819,1000,True,6.143464241991751,162774.61064472536,67.78413420531433,15.248305455315858,146.31579963024706,1448.0577181640538,1000000,1000000,1000,0.09473536105360836,6.261142914998345,159715.2490489453,64000,100,64000,6400000,1.9740637950599194,32420.431477523445,0.367547768575605,0.3560050390660763,0.4712590714916588,0.5605105508584532,,trial-0034.json,7.364045999999998,2.6183989999999993,9104,6,26666,10707,9.982445,1.6248885981573853,22140,16,232273588,374456992,56742,138521,0,376020992,0,14.643500999999999,8.680170999999998,25923,6,147279,249166,23.323672000000002,11.815054841878629,22140,16,1735566896,0,423754,0,0,0,0,,,,,,,,,,,,,,,,,,,,,,,,,,,,automatic_during_commits_plus_final_truncate,warm_after_write_checkpoint_and_validation,,,,,,,native,3.11.7,,,,,,,,,,,baseline,sqlite-native,sqlite-native-telemetry,nid005772,59115834,3.44.2,2026-09-30T07:43:20.398898+00:00,20260930T073512Z-dfcc55d8,59115834
35,measured,5,telemetry,tmpfs,16,1000000,20260819,1000,True,4.4925492679467425,222590.76981854363,37.696076578926295,5.739023501519114,8.937744051218033,838.1055033078856,1000000,1000000,1000,0.0021521160379052162,4.525555561995134,220967.34562223352,64000,100,64000,6400000,0.7520973929204047,85095.36211990725,0.09691477676096838,0.09595497976988554,0.10658497922122478,0.12213606154546143,,trial-0035.json,6.399652,0.26394599999999996,9338,4,1275,70,6.6635979999999995,1.4832554085813074,22140,16,212371652,362371912,51895,135572,0,0,0,10.195132,1.2536029999999998,6664,12,4,148,11.448735000000001,15.222410166247755,22140,16,1736742448,0,424041,0,0,0,0,,,,,,,,,,,,,,,,,,,,,,,,,,,,automatic_during_commits_plus_final_truncate,warm_after_write_checkpoint_and_validation,,,,,,,native,3.11.7,,,,,,,,,,,baseline,sqlite-native,sqlite-native-telemetry,nid005772,59115834,3.44.2,2026-09-30T07:43:29.836719+00:00,20260930T073512Z-dfcc55d8,59115834
36,measured,5,telemetry,lustre,64,1000000,20260819,1000,True,6.62685996608343,150901.03082274945,211.71199100837111,14.915679057594389,959.6853520546529,5172.094190143979,1000000,1000000,1000,0.04818417795468122,6.702966967015527,149187.66643500954,64000,100,64000,6400000,1.6092452539596707,39770.1965207125,1.465033991056771,1.4621459995396435,1.5884689113590866,1.6577031754422933,,trial-0036.json,7.353780999999999,3.201297,30411,10,34229,15053,10.555078000000004,1.5927721506145252,22140,64,237541920,375664616,58128,138917,0,376393728,0,17.655383999999994,12.356169000000001,25834,24,255895,359896,30.011552999999996,18.64945876096529,22140,64,1743624384,0,425816,0,0,0,0,,,,,,,,,,,,,,,,,,,,,,,,,,,,automatic_during_commits_plus_final_truncate,warm_after_write_checkpoint_and_validation,,,,,,,native,3.11.7,,,,,,,,,,,baseline,sqlite-native,sqlite-native-telemetry,nid005772,59115834,3.44.2,2026-09-30T07:43:36.132711+00:00,20260930T073512Z-dfcc55d8,59115834
1,warmup,1,metadata,tmpfs,16,1000000,20260813,1000,True,3.0789792869472876,324782.9578585665,32.918409991194494,2.24006554344669,131.0520323808305,731.7386999994051,1000000,1000000,1000,0.0031588549027219415,3.093949665897526,323211.46365834924,64000,100,64000,6400000,0.4476628479314968,142964.73405314516,0.09593315488928056,0.09537395089864731,0.10526208207011223,0.11200597626157105,,trial-0001.json,3.007435,0.26943,1560,0,1977,6,3.276865,1.0642699072032114,25956,16,205932798,283590128,50324,108225,0,0,0,5.95738,1.0187589999999997,431,0,0,20,6.976138999999999,15.583466513324591,27044,16,507041332,0,123821,0,0,0,0,,,,,,,,,,,,,,,,,,,,,,,,,,,,automatic_during_commits_plus_final_truncate,warm_after_write_checkpoint_and_validation,,,,,,sqlite,shifter,3.11.15,3.46.1,366e975effc41801a615a88b44c609e98932ed1247531b4d1a777c4b70f3e6ac,,,,,,,,,baseline,sqlite-shifter,sqlite-shifter-metadata,nid005384,59132736,3.46.1,2026-09-30T19:57:43.891553+00:00,20260930T195743Z-b1e24bac,59132736
2,warmup,1,metadata,tmpfs,1,1000000,20260813,1000,True,2.567757164943032,389444.92635548185,1.7787870090687647,1.7305740038864315,1.8685070564970374,3.216700702905655,1000000,1000000,1000,0.0016573729226365685,2.5828698188997805,387166.2414739771,64000,100,64000,6400000,5.692691130912863,11242.485939991118,0.07678281102926121,0.07664796430617571,0.0782510032877326,0.0840821140445769,,trial-0002.json,2.456873,0.110935,1015,0,0,6,2.567808,1.0000197974550171,27716,1,62697615,206911936,15310,85389,0,0,0,5.496673,0.19583899999999999,1881,0,0,7,5.692512000000001,0.9999685331754802,26680,1,473911395,0,115703,0,0,0,0,,,,,,,,,,,,,,,,,,,,,,,,,,,,automatic_during_commits_plus_final_truncate,warm_after_write_checkpoint_and_validation,,,,,,sqlite,shifter,3.11.15,3.46.1,366e975effc41801a615a88b44c609e98932ed1247531b4d1a777c4b70f3e6ac,,,,,,,,,baseline,sqlite-shifter,sqlite-shifter-metadata,nid005384,59132736,3.46.1,2026-09-30T19:57:48.388250+00:00,20260930T195743Z-b1e24bac,59132736
3,warmup,1,metadata,lustre,16,1000000,20260813,1000,True,4.5059596670325845,221928.30693013137,51.39634773763828,7.402465504128486,185.54098188178614,939.0651048137806,1000000,1000000,1000,0.09103165694978088,4.611016843933612,216871.9034968673,64000,100,64000,6400000,1.837617120007053,34827.712096932555,0.41529916250146925,0.40272600017488003,0.5512829637154938,0.6491810630541295,,trial-0003.json,3.219574,2.253484,1988,0,22023,12503,5.473058,1.214626495670411,26632,16,222631560,294193880,54387,110692,0,290508800,0,10.605913999999999,8.638042999999998,14539,0,170834,523013,19.243956999999998,10.472234281277341,26632,16,505566768,0,123461,0,0,0,0,,,,,,,,,,,,,,,,,,,,,,,,,,,,automatic_during_commits_plus_final_truncate,warm_after_write_checkpoint_and_validation,,,,,,sqlite,shifter,3.11.15,3.46.1,366e975effc41801a615a88b44c609e98932ed1247531b4d1a777c4b70f3e6ac,,,,,,,,,baseline,sqlite-shifter,sqlite-shifter-metadata,nid005384,59132736,3.46.1,2026-09-30T19:57:57.443711+00:00,20260930T195743Z-b1e24bac,59132736
4,warmup,1,metadata,lustre,1,1000000,20260813,1000,True,4.607296647969633,217047.0183292159,3.722836716915481,3.0160254682414234,3.837035648757592,22.42771914927289,1000000,1000000,1000,0.017531392979435623,4.639884616015479,215522.60083112892,64000,100,64000,6400000,16.615119748050347,3851.913255546045,0.23901997607572412,0.23760797921568155,0.24874908849596977,0.26329720974899834,,trial-0004.json,2.816721,1.144641,1133,0,6952,12,3.961362,0.8598018106226594,26632,1,62697615,206911936,15310,85389,0,207118336,0,7.484724,3.836382,2733,0,128000,383,11.321106,0.6813737229506542,26632,1,473911395,0,115703,0,0,0,0,,,,,,,,,,,,,,,,,,,,,,,,,,,,automatic_during_commits_plus_final_truncate,warm_after_write_checkpoint_and_validation,,,,,,sqlite,shifter,3.11.15,3.46.1,366e975effc41801a615a88b44c609e98932ed1247531b4d1a777c4b70f3e6ac,,,,,,,,,baseline,sqlite-shifter,sqlite-shifter-metadata,nid005384,59132736,3.46.1,2026-09-30T19:58:04.873830+00:00,20260930T195743Z-b1e24bac,59132736
5,warmup,1,metadata,lustre,64,1000000,20260813,1000,True,6.292080934043042,158929.93279688148,172.4574157843599,3.846951003652066,749.3229917134158,4675.082236021988,1000000,1000000,1000,0.04389792797155678,6.349327236996032,157497.0012843622,64000,100,64000,6400000,1.587082574958913,40325.564031636386,1.5421656379876367,1.535628514830023,1.6616220294963568,1.7322273273020983,,trial-0005.json,3.1413449999999994,2.673413,7031,1,28282,11147,5.8147579999999985,0.9241390981701287,26892,64,229223208,297266520,56103,111434,0,293679104,0,11.289335999999997,10.735343,2345,0,255917,255315,22.02467900000001,13.877462551417775,26632,64,513816768,0,125570,0,0,0,0,,,,,,,,,,,,,,,,,,,,,,,,,,,,automatic_during_commits_plus_final_truncate,warm_after_write_checkpoint_and_validation,,,,,,sqlite,shifter,3.11.15,3.46.1,366e975effc41801a615a88b44c609e98932ed1247531b4d1a777c4b70f3e6ac,,,,,,,,,baseline,sqlite-shifter,sqlite-shifter-metadata,nid005384,59132736,3.46.1,2026-09-30T19:58:26.977185+00:00,20260930T195743Z-b1e24bac,59132736
6,warmup,1,metadata,tmpfs,64,1000000,20260813,1000,True,5.889998750993982,169779.32292960884,177.3688987137284,2.1484490134753287,837.6030385319564,4841.277209771796,1000000,1000000,1000,0.0012700160732492805,5.907281325082295,169282.60987910017,64000,100,64000,6400000,0.7427440530154854,86166.9638957926,0.7110344624634308,0.7154579507187009,0.7860040059313178,0.8050111192278564,,trial-0006.json,2.9327650000000007,0.3864440000000001,9496,0,2484,29,3.319209,0.563533056681864,26632,64,210362184,287515016,51522,109051,0,0,0,7.480720999999997,39.047885,2692,0,0,147,46.528606,62.64419864568062,26964,64,512956608,0,125360,0,0,0,0,,,,,,,,,,,,,,,,,,,,,,,,,,,,automatic_during_commits_plus_final_truncate,warm_after_write_checkpoint_and_validation,,,,,,sqlite,shifter,3.11.15,3.46.1,366e975effc41801a615a88b44c609e98932ed1247531b4d1a777c4b70f3e6ac,,,,,,,,,baseline,sqlite-shifter,sqlite-shifter-metadata,nid005384,59132736,3.46.1,2026-09-30T19:58:36.198293+00:00,20260930T195743Z-b1e24bac,59132736
7,measured,1,metadata,lustre,16,1000000,20260815,1000,True,4.4971596989780664,222362.57258714645,51.296504576224834,7.384936499875039,184.5809227612335,1044.1671625082363,1000000,1000000,1000,0.08442846697289497,4.594393976032734,217656.56258837026,64000,100,64000,6400000,1.6576684849569574,38608.44347394456,0.37684124013685505,0.36517344415187836,0.4899935680441559,0.5709206475876273,,trial-0007.json,3.373984,2.07836,2144,0,21467,15547,5.452344,1.2123972384700925,26632,16,218740360,289646520,53437,109379,0,285528064,0,9.628131,8.128739999999999,15769,0,186773,229055,17.756871,10.711955473087896,26632,16,504374832,0,123170,0,0,0,0,,,,,,,,,,,,,,,,,,,,,,,,,,,,automatic_during_commits_plus_final_truncate,warm_after_write_checkpoint_and_validation,,,,,,sqlite,shifter,3.11.15,3.46.1,366e975effc41801a615a88b44c609e98932ed1247531b4d1a777c4b70f3e6ac,,,,,,,,,baseline,sqlite-shifter,sqlite-shifter-metadata,nid005384,59132736,3.46.1,2026-09-30T19:58:44.012353+00:00,20260930T195743Z-b1e24bac,59132736
8,measured,1,metadata,lustre,64,1000000,20260815,1000,True,5.537932030041702,180572.8193439871,162.40707925905008,6.848373042885214,846.3662470050576,4063.0231623025593,1000000,1000000,1000,0.05682569195050746,5.608146524988115,178312.03153204333,64000,100,64000,6400000,1.5770395869622007,40582.36744917804,1.5315196006231417,1.5276530757546425,1.6509004984982312,1.7190116038545968,,trial-0008.json,3.3594230000000014,2.463017,6385,0,27673,11382,5.822440000000001,1.0513744062612045,26632,64,232209016,297498792,56828,111450,0,293511168,0,11.07504,10.892962999999998,1971,0,255892,252279,21.968003000000003,13.92989952922884,26636,64,514140352,0,125649,0,0,0,0,,,,,,,,,,,,,,,,,,,,,,,,,,,,automatic_during_commits_plus_final_truncate,warm_after_write_checkpoint_and_validation,,,,,,sqlite,shifter,3.11.15,3.46.1,366e975effc41801a615a88b44c609e98932ed1247531b4d1a777c4b70f3e6ac,,,,,,,,,baseline,sqlite-shifter,sqlite-shifter-metadata,nid005384,59132736,3.46.1,2026-09-30T19:58:51.251332+00:00,20260930T195743Z-b1e24bac,59132736
9,measured,1,metadata,tmpfs,64,1000000,20260815,1000,True,5.691968244034797,175686.1523336859,166.88832084613387,2.143864519894123,637.4835363181728,4641.740575225557,1000000,1000000,1000,0.0013778840657323599,5.707784402999096,175199.32944113313,64000,100,64000,6400000,0.7012179560260847,91269.76776621398,0.6703936988251371,0.6797800306230783,0.7506560068577528,0.7674280623905361,,trial-0009.json,3.0266170000000012,0.3279520000000001,9200,0,2456,38,3.3545689999999997,0.5893513203478603,27732,64,210267888,287182432,51497,109106,0,0,0,8.028463999999998,35.96273899999999,3229,0,0,177,43.99120299999998,62.73542002447459,26940,64,514660544,0,125776,0,0,0,0,,,,,,,,,,,,,,,,,,,,,,,,,,,,automatic_during_commits_plus_final_truncate,warm_after_write_checkpoint_and_validation,,,,,,sqlite,shifter,3.11.15,3.46.1,366e975effc41801a615a88b44c609e98932ed1247531b4d1a777c4b70f3e6ac,,,,,,,,,baseline,sqlite-shifter,sqlite-shifter-metadata,nid005384,59132736,3.46.1,2026-09-30T19:58:59.707146+00:00,20260930T195743Z-b1e24bac,59132736
10,measured,1,metadata,lustre,1,1000000,20260815,1000,True,4.5585228719282895,219369.3062632353,3.674436472938396,2.972030022647232,4.129977192496881,23.14878384466283,1000000,1000000,1000,0.017359522986225784,4.591239820001647,217806.09142731325,64000,100,64000,6400000,16.979969055042602,3769.1470339278203,0.24409851197015087,0.2408639993518591,0.26037106290459633,0.27439915109425783,,trial-0010.json,2.7090080000000003,1.2031709999999998,1863,0,6961,53,3.912179,0.8582119932075977,28736,1,62357647,207033432,15227,85531,0,207237120,0,7.502993999999999,4.011016,3551,0,128023,14072,11.514009999999999,0.6780936975018009,26632,1,474476643,0,115841,0,0,0,0,,,,,,,,,,,,,,,,,,,,,,,,,,,,automatic_during_commits_plus_final_truncate,warm_after_write_checkpoint_and_validation,,,,,,sqlite,shifter,3.11.15,3.46.1,366e975effc41801a615a88b44c609e98932ed1247531b4d1a777c4b70f3e6ac,,,,,,,,,baseline,sqlite-shifter,sqlite-shifter-metadata,nid005384,59132736,3.46.1,2026-09-30T19:59:07.296753+00:00,20260930T195743Z-b1e24bac,59132736
11,measured,1,metadata,tmpfs,1,1000000,20260815,1000,True,2.597677486948669,384959.25880877464,1.7925962805747986,1.7460340168327093,1.8005490477662534,3.337431075051427,1000000,1000000,1000,0.0016514919698238373,2.6130402229027823,382695.9842543552,64000,100,64000,6400000,5.76092367595993,11109.329614462533,0.07742820706334896,0.07731898222118616,0.07898197509348392,0.0845119368750602,,trial-0011.json,2.493636,0.10404,819,0,0,5,2.597676,0.9999994275853424,26632,1,62357647,207033432,15227,85531,0,0,0,5.520295,0.24041999999999997,1546,0,0,9,5.760715,0.9999637773434145,26632,1,474476643,0,115841,0,0,0,0,,,,,,,,,,,,,,,,,,,,,,,,,,,,automatic_during_commits_plus_final_truncate,warm_after_write_checkpoint_and_validation,,,,,,sqlite,shifter,3.11.15,3.46.1,366e975effc41801a615a88b44c609e98932ed1247531b4d1a777c4b70f3e6ac,,,,,,,,,baseline,sqlite-shifter,sqlite-shifter-metadata,nid005384,59132736,3.46.1,2026-09-30T19:59:29.721717+00:00,20260930T195743Z-b1e24bac,59132736
12,measured,1,metadata,tmpfs,16,1000000,20260815,1000,True,2.9996614310657606,333370.95634979923,30.745364395785145,2.1675555617548525,80.74530914309435,833.0404072185038,1000000,1000000,1000,0.0035032089799642563,3.0143335160100833,331748.2935078956,64000,100,64000,6400000,0.4339171709725633,147493.58698240298,0.09269695927287103,0.09255798067897558,0.10081403888761997,0.10751802241429688,,trial-0012.json,2.9139580000000005,0.2778649999999999,1733,0,1652,8,3.191823,1.0640610860092852,26656,16,203540676,282715488,49739,107751,0,0,0,5.816603999999999,0.950383,418,0,0,30,6.766986999999999,15.595112276457659,26632,16,505120304,0,123352,0,0,0,0,,,,,,,,,,,,,,,,,,,,,,,,,,,,automatic_during_commits_plus_final_truncate,warm_after_write_checkpoint_and_validation,,,,,,sqlite,shifter,3.11.15,3.46.1,366e975effc41801a615a88b44c609e98932ed1247531b4d1a777c4b70f3e6ac,,,,,,,,,baseline,sqlite-shifter,sqlite-shifter-metadata,nid005384,59132736,3.46.1,2026-09-30T19:59:38.854611+00:00,20260930T195743Z-b1e24bac,59132736
13,measured,2,metadata,tmpfs,1,1000000,20260816,1000,True,2.6520327100297436,377069.2556762562,1.8676788022276014,1.8247549887746572,1.880212698597461,3.2829408603720367,1000000,1000000,1000,0.0017532070633023977,2.6672488630283624,374918.1465071887,64000,100,64000,6400000,5.722549419966526,11183.826526110519,0.0772125389012217,0.07713900413364172,0.07865100633352995,0.08423208259046078,,trial-0013.json,2.5638099999999997,0.088231,721,0,0,5,2.6520409999999996,1.000003125892914,26632,1,62197903,207153920,15188,85631,0,0,0,5.460655,0.261735,1829,0,0,6,5.72239,0.999972141792962,26632,1,474030179,0,115732,0,0,0,0,,,,,,,,,,,,,,,,,,,,,,,,,,,,automatic_during_commits_plus_final_truncate,warm_after_write_checkpoint_and_validation,,,,,,sqlite,shifter,3.11.15,3.46.1,366e975effc41801a615a88b44c609e98932ed1247531b4d1a777c4b70f3e6ac,,,,,,,,,baseline,sqlite-shifter,sqlite-shifter-metadata,nid005384,59132736,3.46.1,2026-09-30T19:59:43.194284+00:00,20260930T195743Z-b1e24bac,59132736
14,measured,2,metadata,tmpfs,64,1000000,20260816,1000,True,5.690725722932257,175724.51189665325,167.5497088272823,2.1526465425267816,737.7625332330308,4639.474515861365,1000000,1000000,1000,0.002039097947999835,5.709291117964312,175153.09332422988,64000,100,64000,6400000,0.9283130030380562,68942.26385987218,0.9117107874735666,0.9139009634964168,0.9356721304357052,0.9478363872040064,,trial-0014.json,2.917096999999999,0.39997400000000005,9422,0,2389,51,3.3170709999999994,0.5828906824015434,28712,64,209387380,287376352,51285,109042,0,0,0,6.208732999999998,53.03116999999999,4051,0,0,128,59.239903000000005,63.81457849467554,26976,64,513730752,0,125549,0,0,0,0,,,,,,,,,,,,,,,,,,,,,,,,,,,,automatic_during_commits_plus_final_truncate,warm_after_write_checkpoint_and_validation,,,,,,sqlite,shifter,3.11.15,3.46.1,366e975effc41801a615a88b44c609e98932ed1247531b4d1a777c4b70f3e6ac,,,,,,,,,baseline,sqlite-shifter,sqlite-shifter-metadata,nid005384,59132736,3.46.1,2026-09-30T19:59:52.355795+00:00,20260930T195743Z-b1e24bac,59132736
15,measured,2,metadata,tmpfs,16,1000000,20260816,1000,True,3.064952370012179,326269.3442756588,28.030604501604103,2.1368414745666087,56.072383408900336,931.8577217194252,1000000,1000000,1000,0.0018551629036664963,3.080310656921938,324642.5803685885,64000,100,64000,6400000,0.4385618700180203,145931.51930278452,0.09300606988472282,0.09244796819984913,0.10029445984400812,0.1065949909389019,,trial-0015.json,2.9500839999999995,0.184052,2035,0,1296,16,3.134136,1.022572497590736,26632,16,199293168,284121312,48703,108131,0,0,0,6.071712999999999,0.7292970000000001,627,0,0,32,6.801009999999999,15.507526907709849,26632,16,504952368,0,123311,0,0,0,0,,,,,,,,,,,,,,,,,,,,,,,,,,,,automatic_during_commits_plus_final_truncate,warm_after_write_checkpoint_and_validation,,,,,,sqlite,shifter,3.11.15,3.46.1,366e975effc41801a615a88b44c609e98932ed1247531b4d1a777c4b70f3e6ac,,,,,,,,,baseline,sqlite-shifter,sqlite-shifter-metadata,nid005384,59132736,3.46.1,2026-09-30T20:00:00.215722+00:00,20260930T195743Z-b1e24bac,59132736
16,measured,2,metadata,lustre,16,1000000,20260816,1000,True,4.6768720699474216,213818.12139480698,44.7494807546027,4.006858973298222,75.46181200887074,1079.2865521425842,1000000,1000000,1000,0.11398569901939481,4.804416217957623,208141.83339533894,64000,100,64000,6400000,1.7986261310288683,35582.714437374525,0.40734473810698546,0.39211002876982093,0.5446708761155606,0.6412762892432513,,trial-0016.json,3.154733,2.1456820000000003,2133,0,18548,9697,5.300415,1.133324777912856,26632,16,210974344,290299600,51541,109444,0,287666176,0,10.487727999999999,8.644021,14309,0,170858,441232,19.131749,10.636868146164463,26632,16,504837680,0,123283,0,0,0,0,,,,,,,,,,,,,,,,,,,,,,,,,,,,automatic_during_commits_plus_final_truncate,warm_after_write_checkpoint_and_validation,,,,,,sqlite,shifter,3.11.15,3.46.1,366e975effc41801a615a88b44c609e98932ed1247531b4d1a777c4b70f3e6ac,,,,,,,,,baseline,sqlite-shifter,sqlite-shifter-metadata,nid005384,59132736,3.46.1,2026-09-30T20:00:04.631369+00:00,20260930T195743Z-b1e24bac,59132736
17,measured,2,metadata,lustre,1,1000000,20260816,1000,True,4.528937901952304,220802.32090815966,3.6234098732238635,2.96801800141111,3.7590653693769127,22.038820611778647,1000000,1000000,1000,0.029471685993485153,4.5743277539731935,218611.35751180374,64000,100,64000,6400000,16.80883440596517,3807.5215957441687,0.2413145927057485,0.23812800645828247,0.25793700478971004,0.26866825297474867,,trial-0017.json,2.796141,1.1280839999999999,1219,0,6946,10,3.924225,0.8664779877658229,26632,1,62197903,207153920,15188,85631,0,207368192,0,7.38696,4.09776,2066,0,128006,3805,11.48472,0.6832549909542964,26632,1,474030179,0,115732,0,0,0,0,,,,,,,,,,,,,,,,,,,,,,,,,,,,automatic_during_commits_plus_final_truncate,warm_after_write_checkpoint_and_validation,,,,,,sqlite,shifter,3.11.15,3.46.1,366e975effc41801a615a88b44c609e98932ed1247531b4d1a777c4b70f3e6ac,,,,,,,,,baseline,sqlite-shifter,sqlite-shifter-metadata,nid005384,59132736,3.46.1,2026-09-30T20:00:12.225922+00:00,20260930T195743Z-b1e24bac,59132736
18,measured,2,metadata,lustre,64,1000000,20260816,1000,True,6.401572239003144,156211.62468608186,180.64323129551485,4.743924015201628,787.224924296604,4815.424464220412,1000000,1000000,1000,0.05005873600021005,6.466487885918468,154643.45060904184,64000,100,64000,6400000,1.5688449590234086,40794.34340015307,1.523584069820572,1.5197525499388576,1.6419034567661583,1.7098940443247557,,trial-0018.json,3.2638019999999996,2.6265479999999997,7432,0,30146,9790,5.890349999999999,0.9201411434696622,26944,64,230398804,294862912,56391,110708,0,291536896,0,11.245644999999998,10.852301999999998,2331,0,255865,256725,22.097947,14.085488099318475,26632,64,513059008,0,125385,0,0,0,0,,,,,,,,,,,,,,,,,,,,,,,,,,,,automatic_during_commits_plus_final_truncate,warm_after_write_checkpoint_and_validation,,,,,,sqlite,shifter,3.11.15,3.46.1,366e975effc41801a615a88b44c609e98932ed1247531b4d1a777c4b70f3e6ac,,,,,,,,,baseline,sqlite-shifter,sqlite-shifter-metadata,nid005384,59132736,3.46.1,2026-09-30T20:00:34.456190+00:00,20260930T195743Z-b1e24bac,59132736
19,measured,3,metadata,lustre,1,1000000,20260817,1000,True,4.522928728023544,221095.67939996833,3.631365819252096,2.954927447717637,3.8511890685185786,22.154609687859192,1000000,1000000,1000,0.030044118990190327,4.568329590954818,218898.39165282116,64000,100,64000,6400000,16.829057589988224,3802.946163668383,0.24177535087437718,0.23850996512919664,0.2544513961765915,0.2695993252564222,,trial-0019.json,2.813196,1.0928200000000001,1143,0,6973,11,3.906016,0.8636032612671467,26632,1,62582927,207089720,15282,85501,0,207294464,0,7.6166290000000005,3.8424579999999997,2733,0,128002,3514,11.459087,0.6809107960280038,26632,1,474345571,0,115809,0,0,0,0,,,,,,,,,,,,,,,,,,,,,,,,,,,,automatic_during_commits_plus_final_truncate,warm_after_write_checkpoint_and_validation,,,,,,sqlite,shifter,3.11.15,3.46.1,366e975effc41801a615a88b44c609e98932ed1247531b4d1a777c4b70f3e6ac,,,,,,,,,baseline,sqlite-shifter,sqlite-shifter-metadata,nid005384,59132736,3.46.1,2026-09-30T20:00:43.789841+00:00,20260930T195743Z-b1e24bac,59132736
20,measured,3,metadata,lustre,64,1000000,20260817,1000,True,5.602363731013611,178496.08629732337,165.90090908913407,5.712028534617275,739.5196872297673,4367.68903416232,1000000,1000000,1000,0.11916698003187776,5.739532941021025,174230.20483999635,64000,100,64000,6400000,1.5756267339456826,40618.75736249491,1.5305866444996354,1.5250379219651222,1.650371018331498,1.7252358747646217,,trial-0020.json,3.2895350000000003,2.50916,5973,1,28150,10052,5.7986949999999995,1.0350443631318573,26632,64,230341240,296955464,56372,111377,0,293572608,0,11.022750999999996,11.089160999999997,2180,0,255910,258107,22.111912,14.033724817950617,26632,64,514214080,0,125667,0,0,0,0,,,,,,,,,,,,,,,,,,,,,,,,,,,,automatic_during_commits_plus_final_truncate,warm_after_write_checkpoint_and_validation,,,,,,sqlite,shifter,3.11.15,3.46.1,366e975effc41801a615a88b44c609e98932ed1247531b4d1a777c4b70f3e6ac,,,,,,,,,baseline,sqlite-shifter,sqlite-shifter-metadata,nid005384,59132736,3.46.1,2026-09-30T20:01:06.035748+00:00,20260930T195743Z-b1e24bac,59132736
21,measured,3,metadata,tmpfs,1,1000000,20260817,1000,True,2.551055273041129,391994.64259662776,1.7712760787690058,1.72654096968472,1.7855771293397993,3.2540340872947127,1000000,1000000,1000,0.0015631919959560037,2.5676436299690977,389462.14666559285,64000,100,64000,6400000,5.720471239998005,11187.88947884341,0.07700042956639663,0.07688906043767929,0.07835100404918194,0.08389098686166108,,trial-0021.json,2.459069,0.091958,548,0,0,14,2.551027,0.9999889171193475,26984,1,62582927,207089720,15282,85501,0,0,0,5.536075,0.18392699999999998,1835,0,0,39,5.720002,0.999917971793176,26632,1,474345571,0,115809,0,0,0,0,,,,,,,,,,,,,,,,,,,,,,,,,,,,automatic_during_commits_plus_final_truncate,warm_after_write_checkpoint_and_validation,,,,,,sqlite,shifter,3.11.15,3.46.1,366e975effc41801a615a88b44c609e98932ed1247531b4d1a777c4b70f3e6ac,,,,,,,,,baseline,sqlite-shifter,sqlite-shifter-metadata,nid005384,59132736,3.46.1,2026-09-30T20:01:14.634267+00:00,20260930T195743Z-b1e24bac,59132736
22,measured,3,metadata,tmpfs,16,1000000,20260817,1000,True,3.029758112039417,330059.3522718127,30.542489476851188,2.1668595145456493,106.7744272237178,533.3904773788518,1000000,1000000,1000,0.002516809036023915,3.0435476870043203,328563.933553567,64000,100,64000,6400000,0.4334445010172203,147654.4283058221,0.09347927050839644,0.09311898611485958,0.10062404908239841,0.10562397190369666,,trial-0022.json,3.0094879999999997,0.17756699999999995,1836,0,1776,18,3.1870550000000004,1.051917308954642,26632,16,202807536,282711384,49561,107580,0,0,0,5.878506000000001,0.9507259999999998,312,0,0,35,6.829232000000001,15.755724167622287,26840,16,504915504,0,123302,0,0,0,0,,,,,,,,,,,,,,,,,,,,,,,,,,,,automatic_during_commits_plus_final_truncate,warm_after_write_checkpoint_and_validation,,,,,,sqlite,shifter,3.11.15,3.46.1,366e975effc41801a615a88b44c609e98932ed1247531b4d1a777c4b70f3e6ac,,,,,,,,,baseline,sqlite-shifter,sqlite-shifter-metadata,nid005384,59132736,3.46.1,2026-09-30T20:01:23.691360+00:00,20260930T195743Z-b1e24bac,59132736
23,measured,3,metadata,tmpfs,64,1000000,20260817,1000,True,5.691030779038556,175715.09254232855,167.1331710400991,2.1459294948726892,637.6070806814778,4640.8570678380775,1000000,1000000,1000,0.001556759001687169,5.70789317402523,175195.9907993155,64000,100,64000,6400000,0.7922625310020521,80781.30353969021,0.7607295552606956,0.7632600609213114,0.831953517626971,0.8530331472866237,,trial-0023.json,3.018359999999999,0.295585,8928,0,2465,31,3.3139449999999995,0.5823101523551869,27284,64,212176712,288998464,51965,109442,0,0,0,7.301734999999999,42.38459400000001,2269,0,0,63,49.68632899999999,62.71447538627987,26632,64,513206464,0,125421,0,0,0,0,,,,,,,,,,,,,,,,,,,,,,,,,,,,automatic_during_commits_plus_final_truncate,warm_after_write_checkpoint_and_validation,,,,,,sqlite,shifter,3.11.15,3.46.1,366e975effc41801a615a88b44c609e98932ed1247531b4d1a777c4b70f3e6ac,,,,,,,,,baseline,sqlite-shifter,sqlite-shifter-metadata,nid005384,59132736,3.46.1,2026-09-30T20:01:28.046487+00:00,20260930T195743Z-b1e24bac,59132736
24,measured,3,metadata,lustre,16,1000000,20260817,1000,True,4.56232382892631,219186.54560637323,54.16842235508375,7.443379028700292,180.9437390358651,1043.4959960624083,1000000,1000000,1000,0.12499506794847548,4.702147983945906,212668.76402320902,64000,100,64000,6400000,1.6890900030266494,37890.22484611215,0.3829681470597279,0.37136045284569263,0.4983004531823099,0.5789458367507906,,trial-0024.json,3.1660549999999987,2.355559,2166,0,22795,14446,5.5216140000000005,1.210263498831789,26632,16,223635124,290922400,54633,109774,0,286404608,0,9.861295999999998,8.302556,14631,0,180247,289007,18.163852,10.753631817992249,26632,16,505071152,0,123340,0,0,0,0,,,,,,,,,,,,,,,,,,,,,,,,,,,,automatic_during_commits_plus_final_truncate,warm_after_write_checkpoint_and_validation,,,,,,sqlite,shifter,3.11.15,3.46.1,366e975effc41801a615a88b44c609e98932ed1247531b4d1a777c4b70f3e6ac,,,,,,,,,baseline,sqlite-shifter,sqlite-shifter-metadata,nid005384,59132736,3.46.1,2026-09-30T20:01:35.743325+00:00,20260930T195743Z-b1e24bac,59132736
25,measured,4,metadata,tmpfs,1,1000000,20260818,1000,True,2.553529258002527,391614.8588727118,1.759297804441303,1.7134460504166782,1.761648920364678,3.2332020648755133,1000000,1000000,1000,0.0014408460119739175,2.5701742039527744,389078.68519653636,64000,100,64000,6400000,5.814145561889745,11007.636344625394,0.0781710325518361,0.07809000089764595,0.07965299300849438,0.08495304267853498,,trial-0025.json,2.453425,0.100052,938,0,0,21,2.553477,0.9999795349897154,27716,1,62943375,206943576,15370,85350,0,0,0,5.5661700000000005,0.247791,1713,0,0,12,5.813961000000001,0.9999682564036658,26632,1,473948259,0,115712,0,0,0,0,,,,,,,,,,,,,,,,,,,,,,,,,,,,automatic_during_commits_plus_final_truncate,warm_after_write_checkpoint_and_validation,,,,,,sqlite,shifter,3.11.15,3.46.1,366e975effc41801a615a88b44c609e98932ed1247531b4d1a777c4b70f3e6ac,,,,,,,,,baseline,sqlite-shifter,sqlite-shifter-metadata,nid005384,59132736,3.46.1,2026-09-30T20:01:43.127109+00:00,20260930T195743Z-b1e24bac,59132736
26,measured,4,metadata,lustre,16,1000000,20260818,1000,True,4.513550307950936,221555.08009702023,53.36206634656992,7.366886537056416,186.24497586861236,1038.3760531432927,1000000,1000000,1000,0.06614775094203651,4.593880430911668,217680.89418939172,64000,100,64000,6400000,1.8152535709086806,35256.78231717393,0.4093674354353425,0.39450504118576646,0.5463420471642166,0.6412851763889194,,trial-0026.json,3.3283660000000004,2.1736859999999996,2071,0,22817,10270,5.502051999999999,1.2190075715579702,26632,16,224163464,293823752,54761,110540,0,288677888,0,10.317713000000001,8.827802,14595,0,171263,459472,19.145514999999996,10.547019604768563,26632,16,505751088,0,123506,0,0,0,0,,,,,,,,,,,,,,,,,,,,,,,,,,,,automatic_during_commits_plus_final_truncate,warm_after_write_checkpoint_and_validation,,,,,,sqlite,shifter,3.11.15,3.46.1,366e975effc41801a615a88b44c609e98932ed1247531b4d1a777c4b70f3e6ac,,,,,,,,,baseline,sqlite-shifter,sqlite-shifter-metadata,nid005384,59132736,3.46.1,2026-09-30T20:01:52.280291+00:00,20260930T195743Z-b1e24bac,59132736
27,measured,4,metadata,lustre,64,1000000,20260818,1000,True,5.464301411062479,183006.01024231568,174.64414534310345,7.318103511352092,1138.866908143973,3860.326474494067,1000000,1000000,1000,0.06885922409128398,5.55060785706155,180160.44832419354,64000,100,64000,6400000,1.5572822589892894,41097.23823704087,1.5116183240133978,1.5067624626681209,1.628027018159628,1.6985735937487336,,trial-0027.json,3.3616189999999997,2.5973160000000006,5785,3,30111,11081,5.958935,1.0905209196432935,28676,64,236702240,297507240,57923,111471,0,294092800,0,11.040435999999998,11.088562,2795,0,255928,254771,22.128998,14.210010980515637,26632,64,512067776,0,125143,0,0,0,0,,,,,,,,,,,,,,,,,,,,,,,,,,,,automatic_during_commits_plus_final_truncate,warm_after_write_checkpoint_and_validation,,,,,,sqlite,shifter,3.11.15,3.46.1,366e975effc41801a615a88b44c609e98932ed1247531b4d1a777c4b70f3e6ac,,,,,,,,,baseline,sqlite-shifter,sqlite-shifter-metadata,nid005384,59132736,3.46.1,2026-09-30T20:01:59.661114+00:00,20260930T195743Z-b1e24bac,59132736
28,measured,4,metadata,lustre,1,1000000,20260818,1000,True,4.518483230960555,221313.203764489,3.6284757839748636,2.936637494713068,3.707754058996215,22.89268603315577,1000000,1000000,1000,0.016312886029481888,4.550024083000608,219779.05649688985,64000,100,64000,6400000,16.79950302001089,3809.6365067327165,0.24155297596371383,0.2379380166530609,0.25654403143562376,0.26969892089255154,,trial-0028.json,2.7877609999999997,1.116817,1549,0,6953,9,3.904578,0.8641346665283409,26632,1,62943375,206943576,15370,85350,0,207142912,0,7.479718,3.9683829999999998,2933,0,128010,8159,11.448101,0.6814547422244268,26944,1,473948259,0,115712,0,0,0,0,,,,,,,,,,,,,,,,,,,,,,,,,,,,automatic_during_commits_plus_final_truncate,warm_after_write_checkpoint_and_validation,,,,,,sqlite,shifter,3.11.15,3.46.1,366e975effc41801a615a88b44c609e98932ed1247531b4d1a777c4b70f3e6ac,,,,,,,,,baseline,sqlite-shifter,sqlite-shifter-metadata,nid005384,59132736,3.46.1,2026-09-30T20:02:08.060118+00:00,20260930T195743Z-b1e24bac,59132736
29,measured,4,metadata,tmpfs,64,1000000,20260818,1000,True,5.790820514084771,172687.09979315396,171.77772570645902,2.1524865296669304,737.7457031689073,4739.674916770308,1000000,1000000,1000,0.001394246006384492,5.806909379083663,172208.64572159055,64000,100,64000,6400000,0.7516484910156578,85146.18304298146,0.7195835552010976,0.7255170494318008,0.7978984911460429,0.8288070990238339,,trial-0029.json,2.9636599999999995,0.3771649999999999,8775,0,2509,39,3.340824999999999,0.5769173801664633,28692,64,210308936,287319368,51509,109043,0,0,0,7.406459000000002,39.668006,2239,0,0,68,47.07446500000001,62.62829708656914,26632,64,513620160,0,125522,0,0,0,0,,,,,,,,,,,,,,,,,,,,,,,,,,,,automatic_during_commits_plus_final_truncate,warm_after_write_checkpoint_and_validation,,,,,,sqlite,shifter,3.11.15,3.46.1,366e975effc41801a615a88b44c609e98932ed1247531b4d1a777c4b70f3e6ac,,,,,,,,,baseline,sqlite-shifter,sqlite-shifter-metadata,nid005384,59132736,3.46.1,2026-09-30T20:02:30.253389+00:00,20260930T195743Z-b1e24bac,59132736
30,measured,4,metadata,tmpfs,16,1000000,20260818,1000,True,3.016194749972783,331543.5782152408,27.559875208185986,2.136881463229656,36.18090478121303,633.3384734753045,1000000,1000000,1000,0.0021644800435751677,3.028756069019437,330168.5501281558,64000,100,64000,6400000,0.453612964018248,141089.44205004114,0.09410396633757045,0.09377102833241224,0.10324898175895214,0.11235604644753039,,trial-0030.json,2.827558,0.287298,2854,0,1151,18,3.1148559999999996,1.032710503865212,26632,16,198314224,284978800,48464,108569,0,0,0,5.928987000000001,0.929327,555,0,0,52,6.858314,15.11930774474978,26708,16,506705456,0,123739,0,0,0,0,,,,,,,,,,,,,,,,,,,,,,,,,,,,automatic_during_commits_plus_final_truncate,warm_after_write_checkpoint_and_validation,,,,,,sqlite,shifter,3.11.15,3.46.1,366e975effc41801a615a88b44c609e98932ed1247531b4d1a777c4b70f3e6ac,,,,,,,,,baseline,sqlite-shifter,sqlite-shifter-metadata,nid005384,59132736,3.46.1,2026-09-30T20:02:37.997282+00:00,20260930T195743Z-b1e24bac,59132736
31,measured,5,metadata,tmpfs,64,1000000,20260819,1000,True,5.59043294203002,178877.02265092835,162.38371700572316,2.1419209660962224,537.531944434154,4539.494915019021,1000000,1000000,1000,0.0008698760066181421,5.606368932989426,178368.5683108943,64000,100,64000,6400000,0.9393996690632775,68128.61671946042,0.9231020911611267,0.9249220602214336,0.9418541332706809,0.9555513469967992,,trial-0031.json,2.9713169999999995,0.3693360000000001,8425,0,2519,41,3.340652999999999,0.5975660623498916,28700,64,211799880,287127160,51873,108839,0,0,0,6.256087000000003,53.707826000000004,2428,0,0,141,59.963913000000005,63.83216321525111,26632,64,515389632,0,125954,0,0,0,0,,,,,,,,,,,,,,,,,,,,,,,,,,,,automatic_during_commits_plus_final_truncate,warm_after_write_checkpoint_and_validation,,,,,,sqlite,shifter,3.11.15,3.46.1,366e975effc41801a615a88b44c609e98932ed1247531b4d1a777c4b70f3e6ac,,,,,,,,,baseline,sqlite-shifter,sqlite-shifter-metadata,nid005384,59132736,3.46.1,2026-09-30T20:02:42.347156+00:00,20260930T195743Z-b1e24bac,59132736
32,measured,5,metadata,tmpfs,1,1000000,20260819,1000,True,2.5679372739978135,389417.6116082388,1.7811616935068741,1.7347265384159982,1.799116568872705,3.2598095620051026,1000000,1000000,1000,0.0012984310742467642,2.5826632929965854,387197.20170713024,64000,100,64000,6400000,5.857795148040168,10925.612518459675,0.07902188869775273,0.07878197357058525,0.08117699180729687,0.08979310048744084,,trial-0032.json,2.4631879999999997,0.10478,946,0,0,4,2.5679679999999996,1.0000119652463857,27716,1,63193231,207189024,15431,85397,0,0,0,5.5571079999999995,0.300446,1584,0,0,9,5.8575539999999995,0.9999588329680239,26632,1,474595427,0,115870,0,0,0,0,,,,,,,,,,,,,,,,,,,,,,,,,,,,automatic_during_commits_plus_final_truncate,warm_after_write_checkpoint_and_validation,,,,,,sqlite,shifter,3.11.15,3.46.1,366e975effc41801a615a88b44c609e98932ed1247531b4d1a777c4b70f3e6ac,,,,,,,,,baseline,sqlite-shifter,sqlite-shifter-metadata,nid005384,59132736,3.46.1,2026-09-30T20:02:50.066165+00:00,20260930T195743Z-b1e24bac,59132736
33,measured,5,metadata,lustre,1,1000000,20260819,1000,True,4.499764597974718,222233.847621737,3.625660165329464,2.942448074463755,3.8761378033086658,22.56501353927888,1000000,1000000,1000,0.01627414207905531,4.531725930981338,220666.47790049642,64000,100,64000,6400000,16.80990866792854,3807.278270470617,0.2418086195466458,0.23851008154451847,0.25512196589261293,0.2709924359805883,,trial-0033.json,2.825064,1.055397,1644,0,6966,6,3.8804609999999995,0.862369778576093,26632,1,63193231,207189024,15431,85397,0,207405056,0,7.345114,4.201187999999999,3325,0,128017,13094,11.546301999999999,0.6868747610764284,26632,1,474595427,0,115870,0,0,0,0,,,,,,,,,,,,,,,,,,,,,,,,,,,,automatic_during_commits_plus_final_truncate,warm_after_write_checkpoint_and_validation,,,,,,sqlite,shifter,3.11.15,3.46.1,366e975effc41801a615a88b44c609e98932ed1247531b4d1a777c4b70f3e6ac,,,,,,,,,baseline,sqlite-shifter,sqlite-shifter-metadata,nid005384,59132736,3.46.1,2026-09-30T20:02:59.270866+00:00,20260930T195743Z-b1e24bac,59132736
34,measured,5,metadata,lustre,16,1000000,20260819,1000,True,4.683880693046376,213498.17929491375,44.04976416891441,6.579885550308973,63.46754403202794,1375.0527665496331,1000000,1000000,1000,0.0787213739240542,4.776170406956226,209372.76411736815,64000,100,64000,6400000,1.6706429499899969,38308.604480917485,0.37926084765058476,0.3673969767987728,0.4948535119183362,0.5760301975533366,,trial-0034.json,3.2452549999999993,2.1237429999999997,2220,0,18890,12433,5.368997999999999,1.146271297638033,26632,16,217159304,297412264,53051,111942,0,294486016,0,9.894521,8.26786,15555,0,178366,282319,18.162380999999996,10.871491721261414,26632,16,506312240,0,123643,0,0,0,0,,,,,,,,,,,,,,,,,,,,,,,,,,,,automatic_during_commits_plus_final_truncate,warm_after_write_checkpoint_and_validation,,,,,,sqlite,shifter,3.11.15,3.46.1,366e975effc41801a615a88b44c609e98932ed1247531b4d1a777c4b70f3e6ac,,,,,,,,,baseline,sqlite-shifter,sqlite-shifter-metadata,nid005384,59132736,3.46.1,2026-09-30T20:03:21.450397+00:00,20260930T195743Z-b1e24bac,59132736
35,measured,5,metadata,tmpfs,16,1000000,20260819,1000,True,3.0569990479853004,327118.1915019061,31.36395286244806,2.141269971616566,56.27956867101601,735.5454728216855,1000000,1000000,1000,0.003795151016674936,3.0719630459789187,325524.74916941515,64000,100,64000,6400000,0.4860242820577696,131680.66362658163,0.10583483718073694,0.10509206913411617,0.11565303429961205,0.12239604257047176,,trial-0035.json,2.9418640000000003,0.189489,1617,0,1468,16,3.1313530000000003,1.0243225303140682,26632,16,198375576,281953704,48477,107568,0,0,0,5.716411,1.8724529999999997,438,0,0,83,7.588864,15.614166370185545,26632,16,505816624,0,123522,0,0,0,0,,,,,,,,,,,,,,,,,,,,,,,,,,,,automatic_during_commits_plus_final_truncate,warm_after_write_checkpoint_and_validation,,,,,,sqlite,shifter,3.11.15,3.46.1,366e975effc41801a615a88b44c609e98932ed1247531b4d1a777c4b70f3e6ac,,,,,,,,,baseline,sqlite-shifter,sqlite-shifter-metadata,nid005384,59132736,3.46.1,2026-09-30T20:03:28.865291+00:00,20260930T195743Z-b1e24bac,59132736
36,measured,5,metadata,lustre,64,1000000,20260819,1000,True,6.722384150023572,148756.7472615342,190.31608622323256,3.718804509844631,838.1590710487214,5087.902769428909,1000000,1000000,1000,0.12078035098966211,6.859829469001852,145776.21856618926,64000,100,64000,6400000,1.5633948580361903,40936.55526051276,1.5176367943149671,1.5143579803407192,1.633938547456637,1.698843671474606,,trial-0036.json,3.3026189999999995,2.538912,7426,2,30285,11951,5.841531,0.8689671505874171,27128,64,226777940,297073080,55507,111510,0,294690816,0,11.306747000000001,10.813782,3125,0,255878,256791,22.12052900000001,14.149035278129302,26632,64,513616064,0,125521,0,0,0,0,,,,,,,,,,,,,,,,,,,,,,,,,,,,automatic_during_commits_plus_final_truncate,warm_after_write_checkpoint_and_validation,,,,,,sqlite,shifter,3.11.15,3.46.1,366e975effc41801a615a88b44c609e98932ed1247531b4d1a777c4b70f3e6ac,,,,,,,,,baseline,sqlite-shifter,sqlite-shifter-metadata,nid005384,59132736,3.46.1,2026-09-30T20:03:33.326215+00:00,20260930T195743Z-b1e24bac,59132736
1,warmup,1,telemetry,tmpfs,16,1000000,20260813,1000,True,4.827628079918213,207141.06046399113,43.3183831195347,6.2328369822353125,13.529277307679875,1741.7422831896683,1000000,1000000,1000,0.0015782780246809125,4.839513206970878,206632.35272497885,64000,100,64000,6400000,0.8109839840326458,78916.47832767028,0.10497027199562581,0.10390998795628548,0.11670407839119434,0.12405903544276953,,trial-0001.json,6.968237,0.30175699999999994,5045,0,1626,96,7.269994000000001,1.505914266726853,25740,16,214370564,362341008,52384,135472,0,0,0,11.466254999999997,1.264207,990,0,0,31,12.730462000000001,15.697550445691098,26940,16,1734526515,0,423500,0,0,0,0,,,,,,,,,,,,,,,,,,,,,,,,,,,,automatic_during_commits_plus_final_truncate,warm_after_write_checkpoint_and_validation,,,,,,sqlite,shifter,3.11.15,3.46.1,366e975effc41801a615a88b44c609e98932ed1247531b4d1a777c4b70f3e6ac,,,,,,,,,baseline,sqlite-shifter,sqlite-shifter-telemetry,nid005415,59132737,3.46.1,2026-09-30T19:57:43.906654+00:00,20260930T195743Z-01b1b069,59132737
2,warmup,1,telemetry,tmpfs,1,1000000,20260813,1000,True,6.886638910975307,145208.71689762763,5.088223273982294,4.958694975357503,5.310847610235212,7.710649984655902,1000000,1000000,1000,0.0022516740718856454,6.899490687996149,144938.2346061887,64000,100,64000,6400000,11.251226424938068,5688.268779139096,0.0876358586610877,0.08741801138967276,0.09079498704522848,0.09563412168063225,,trial-0002.json,6.682469,0.203728,10774,0,0,7,6.886197,0.9999358306742927,26044,1,151502991,345086736,36991,131010,0,0,0,10.783751,0.46697299999999997,2156,0,0,12,11.250724,0.9999553448736083,25944,1,1711149155,0,417763,0,0,0,0,,,,,,,,,,,,,,,,,,,,,,,,,,,,automatic_during_commits_plus_final_truncate,warm_after_write_checkpoint_and_validation,,,,,,sqlite,shifter,3.11.15,3.46.1,366e975effc41801a615a88b44c609e98932ed1247531b4d1a777c4b70f3e6ac,,,,,,,,,baseline,sqlite-shifter,sqlite-shifter-telemetry,nid005415,59132737,3.46.1,2026-09-30T19:57:50.487037+00:00,20260930T195743Z-01b1b069,59132737
3,warmup,1,telemetry,lustre,16,1000000,20260813,1000,True,6.368718167999759,157017.46782022744,72.21838416205719,16.47679298184812,239.6127865475136,1343.9103229693137,1000000,1000000,1000,0.08359563397243619,6.470039202948101,154558.56891011508,64000,100,64000,6400000,2.2823259419528767,28041.568832731347,0.4105827804942237,0.3908919752575457,0.5538165860343724,0.6495817552786322,,trial-0003.json,7.960830999999999,2.815922,5772,0,29125,13291,10.776752999999998,1.692138467384039,24048,16,236955272,376826176,57884,139178,0,378765312,0,17.0539,9.991443999999998,17106,0,142285,443613,27.045344000000004,11.849904302826529,24960,16,1735628336,0,423769,0,0,0,0,,,,,,,,,,,,,,,,,,,,,,,,,,,,automatic_during_commits_plus_final_truncate,warm_after_write_checkpoint_and_validation,,,,,,sqlite,shifter,3.11.15,3.46.1,366e975effc41801a615a88b44c609e98932ed1247531b4d1a777c4b70f3e6ac,,,,,,,,,baseline,sqlite-shifter,sqlite-shifter-telemetry,nid005415,59132737,3.46.1,2026-09-30T19:58:09.450007+00:00,20260930T195743Z-01b1b069,59132737
4,warmup,1,telemetry,lustre,1,1000000,20260813,1000,True,10.083407626021653,99172.823026549,8.086558858514763,6.827128469012678,8.088324603158979,33.774423820432276,1000000,1000000,1000,0.019927027984522283,10.116565766977146,98847.77334856415,64000,100,64000,6400000,24.27748073998373,2636.1878600770706,0.27505597041817964,0.27338648214936256,0.2898179227486253,0.3071409882977605,,trial-0004.json,7.47383,1.757624,9996,0,7103,2419,9.231454000000001,0.915509353819728,24768,1,151502991,345086736,36991,131010,0,345440256,0,13.557471,4.960103,5535,0,128045,33680,18.517574,0.7627469340137312,22372,1,1711149155,0,417763,0,0,0,0,,,,,,,,,,,,,,,,,,,,,,,,,,,,automatic_during_commits_plus_final_truncate,warm_after_write_checkpoint_and_validation,,,,,,sqlite,shifter,3.11.15,3.46.1,366e975effc41801a615a88b44c609e98932ed1247531b4d1a777c4b70f3e6ac,,,,,,,,,baseline,sqlite-shifter,sqlite-shifter-telemetry,nid005415,59132737,3.46.1,2026-09-30T19:58:19.237503+00:00,20260930T195743Z-01b1b069,59132737
5,warmup,1,telemetry,lustre,64,1000000,20260813,1000,True,6.444006614037789,155182.95679920228,245.00439545628615,20.689465512987226,1543.6487863771615,4173.356120883252,1000000,1000000,1000,0.05399985006079078,6.5121783970389515,153558.44681016324,64000,100,64000,6400000,1.6053119850112125,39867.639809312815,1.4327751858436386,1.4260740135796368,1.5708255697973075,1.6546447400469335,,trial-0005.json,8.095706000000002,3.401679,20816,4,39798,19287,11.497385000000001,1.7841981997587963,26248,64,248527172,378680712,60805,139753,0,380612608,0,20.007786999999997,13.109321,2692,0,255932,460379,33.11710799999999,20.629702082345492,24444,64,1740298432,0,425004,0,0,0,0,,,,,,,,,,,,,,,,,,,,,,,,,,,,automatic_during_commits_plus_final_truncate,warm_after_write_checkpoint_and_validation,,,,,,sqlite,shifter,3.11.15,3.46.1,366e975effc41801a615a88b44c609e98932ed1247531b4d1a777c4b70f3e6ac,,,,,,,,,baseline,sqlite-shifter,sqlite-shifter-telemetry,nid005415,59132737,3.46.1,2026-09-30T19:58:54.557654+00:00,20260930T195743Z-01b1b069,59132737
6,warmup,1,telemetry,tmpfs,64,1000000,20260813,1000,True,5.753831658978015,173797.22926715206,169.3375272542471,6.174572452437133,736.1700460198335,4442.379698276053,1000000,1000000,1000,0.0032973160268738866,5.77177885803394,173256.81121827202,64000,100,64000,6400000,0.7351547760190442,87056.49760798409,0.5587295931145491,0.5699470639228821,0.6595791084691882,0.6914304709061981,,trial-0006.json,7.106428000000002,0.472516,20205,0,3282,46,7.578944000000001,1.3171994679709067,28584,64,216510456,362552160,53027,135617,0,0,0,15.056601999999998,28.398785000000004,2072,0,0,100,43.455387,59.11052803780505,25668,64,1745901760,0,426372,0,0,0,0,,,,,,,,,,,,,,,,,,,,,,,,,,,,automatic_during_commits_plus_final_truncate,warm_after_write_checkpoint_and_validation,,,,,,sqlite,shifter,3.11.15,3.46.1,366e975effc41801a615a88b44c609e98932ed1247531b4d1a777c4b70f3e6ac,,,,,,,,,baseline,sqlite-shifter,sqlite-shifter-telemetry,nid005415,59132737,3.46.1,2026-09-30T19:59:03.980000+00:00,20260930T195743Z-01b1b069,59132737
7,measured,1,telemetry,lustre,16,1000000,20260815,1000,True,6.497680058935657,153901.08329892185,77.73994289455004,17.12949847569689,247.76862779981457,1342.829438841436,1000000,1000000,1000,0.04917405603919178,6.56551246100571,152311.0352678882,64000,100,64000,6400000,2.126731430995278,30093.127447713963,0.3849291281057958,0.3684645052999258,0.5152209254447371,0.6141031987499448,,trial-0007.json,8.06054,2.869131,5753,0,29102,19736,10.929670999999999,1.6820882070008103,24928,16,237622964,376524624,58048,138991,0,378195968,0,16.11872,9.468378999999999,17251,0,142985,296450,25.587099000000002,12.031184862879291,25896,16,1732568624,0,423022,0,0,0,0,,,,,,,,,,,,,,,,,,,,,,,,,,,,automatic_during_commits_plus_final_truncate,warm_after_write_checkpoint_and_validation,,,,,,sqlite,shifter,3.11.15,3.46.1,366e975effc41801a615a88b44c609e98932ed1247531b4d1a777c4b70f3e6ac,,,,,,,,,baseline,sqlite-shifter,sqlite-shifter-telemetry,nid005415,59132737,3.46.1,2026-09-30T19:59:11.651296+00:00,20260930T195743Z-01b1b069,59132737
8,measured,1,telemetry,lustre,64,1000000,20260815,1000,True,6.634323050035164,150731.27920635394,234.49906956183258,19.747266953345388,1450.6328156625386,4569.525677609489,1000000,1000000,1000,0.04813863302115351,6.695620032027364,149351.36629866532,64000,100,64000,6400000,1.7207271020160988,37193.57934504203,1.506915429223227,1.5012200456112623,1.6729725175537171,1.7651482776273044,,trial-0008.json,8.121777,3.318879,20616,2,39014,20352,11.440656,1.7244647138398486,26216,64,245848476,377478432,60153,139362,0,379052032,0,23.057954000000002,14.097376999999998,3219,0,256677,932918,37.15533100000001,21.59280861937188,24172,64,1745008832,0,426154,0,0,0,0,,,,,,,,,,,,,,,,,,,,,,,,,,,,automatic_during_commits_plus_final_truncate,warm_after_write_checkpoint_and_validation,,,,,,sqlite,shifter,3.11.15,3.46.1,366e975effc41801a615a88b44c609e98932ed1247531b4d1a777c4b70f3e6ac,,,,,,,,,baseline,sqlite-shifter,sqlite-shifter-telemetry,nid005415,59132737,3.46.1,2026-09-30T19:59:21.390787+00:00,20260930T195743Z-01b1b069,59132737
9,measured,1,telemetry,tmpfs,64,1000000,20260815,1000,True,6.06047582696192,165003.5456871534,175.5414870941313,6.145238992758095,841.6279078461184,4543.707781502742,1000000,1000000,1000,0.0010784560581669211,6.073796137003228,164641.6800043265,64000,100,64000,6400000,0.7225143261021003,88579.5584777872,0.5388787325246085,0.5561610450968146,0.6559234287124127,0.6882561871316284,,trial-0009.json,7.075280000000001,0.48960299999999995,21054,0,3149,53,7.564882999999999,1.24823251770847,25968,64,217342032,365482728,53232,136412,0,0,0,15.418672999999998,27.121893999999994,2030,0,0,89,42.540567,58.878510035230065,24512,64,1744431296,0,426013,0,0,0,0,,,,,,,,,,,,,,,,,,,,,,,,,,,,automatic_during_commits_plus_final_truncate,warm_after_write_checkpoint_and_validation,,,,,,sqlite,shifter,3.11.15,3.46.1,366e975effc41801a615a88b44c609e98932ed1247531b4d1a777c4b70f3e6ac,,,,,,,,,baseline,sqlite-shifter,sqlite-shifter-telemetry,nid005415,59132737,3.46.1,2026-09-30T19:59:31.137934+00:00,20260930T195743Z-01b1b069,59132737
10,measured,1,telemetry,lustre,1,1000000,20260815,1000,True,10.08748694404494,99132.7181434759,8.077353880740702,6.824191485065967,8.370659191859877,33.8643502665218,1000000,1000000,1000,0.02674156497232616,10.127999657997862,98736.18026935079,64000,100,64000,6400000,24.118232164066285,2653.594159167001,0.27194133905140916,0.2701999619603157,0.2875529520679265,0.30529831768944865,,trial-0010.json,7.418067,1.8441149999999997,11281,0,7116,1422,9.262182,0.9181852775995757,22404,1,151502991,345090856,36991,131012,0,345444352,0,13.514656,4.929015,7182,0,128022,29964,18.443671000000002,0.7647190256124659,23620,1,1711407203,0,417826,0,0,0,0,,,,,,,,,,,,,,,,,,,,,,,,,,,,automatic_during_commits_plus_final_truncate,warm_after_write_checkpoint_and_validation,,,,,,sqlite,shifter,3.11.15,3.46.1,366e975effc41801a615a88b44c609e98932ed1247531b4d1a777c4b70f3e6ac,,,,,,,,,baseline,sqlite-shifter,sqlite-shifter-telemetry,nid005415,59132737,3.46.1,2026-09-30T19:59:39.072243+00:00,20260930T195743Z-01b1b069,59132737
11,measured,1,telemetry,tmpfs,1,1000000,20260815,1000,True,6.840224449057132,146194.03317062816,5.062377154012211,4.928622045554221,5.494043754879385,7.77641283813864,1000000,1000000,1000,0.001941947964951396,6.852322235004976,145935.92736948596,64000,100,64000,6400000,11.472334877005778,5578.637712910249,0.08835552387972712,0.08813897147774696,0.09176749736070636,0.09713694453239441,,trial-0011.json,6.662625,0.17713399999999999,9973,0,0,15,6.839759,0.9999319541251024,25156,1,151502991,345090856,36991,131012,0,0,0,10.971680999999998,0.500173,2125,0,0,11,11.471853999999999,0.9999580837718794,22372,1,1711407203,0,417826,0,0,0,0,,,,,,,,,,,,,,,,,,,,,,,,,,,,automatic_during_commits_plus_final_truncate,warm_after_write_checkpoint_and_validation,,,,,,sqlite,shifter,3.11.15,3.46.1,366e975effc41801a615a88b44c609e98932ed1247531b4d1a777c4b70f3e6ac,,,,,,,,,baseline,sqlite-shifter,sqlite-shifter-telemetry,nid005415,59132737,3.46.1,2026-09-30T20:00:14.261072+00:00,20260930T195743Z-01b1b069,59132737
12,measured,1,telemetry,tmpfs,16,1000000,20260815,1000,True,4.77380250801798,209476.61708259207,40.24915460788179,6.194954563397914,39.0695063280873,838.3635220373953,1000000,1000000,1000,0.0014491300098598003,4.7852334110066295,208976.2220793402,64000,100,64000,6400000,0.8346900870092213,76675.16482592773,0.10496109465202608,0.10485202074050903,0.11377001646906137,0.1201821560971439,,trial-0012.json,6.886789,0.3281360000000001,4928,0,1698,17,7.214924999999999,1.5113580815046204,26380,16,214784240,362223304,52485,135488,0,0,0,11.736702000000003,1.1865789999999998,719,0,0,38,12.923280999999998,15.482729699480936,24548,16,1736001072,0,423860,0,0,0,0,,,,,,,,,,,,,,,,,,,,,,,,,,,,automatic_during_commits_plus_final_truncate,warm_after_write_checkpoint_and_validation,,,,,,sqlite,shifter,3.11.15,3.46.1,366e975effc41801a615a88b44c609e98932ed1247531b4d1a777c4b70f3e6ac,,,,,,,,,baseline,sqlite-shifter,sqlite-shifter-telemetry,nid005415,59132737,3.46.1,2026-09-30T20:00:33.367645+00:00,20260930T195743Z-01b1b069,59132737
13,measured,2,telemetry,tmpfs,1,1000000,20260816,1000,True,6.821509954985231,146595.10967497592,5.0367875817464665,4.901705542579293,5.199170496780425,7.922207411611453,1000000,1000000,1000,0.0021461310097947717,6.83394603303168,146328.34312219164,64000,100,64000,6400000,11.258527814992703,5684.579818222129,0.08754823442541237,0.087368069216609,0.09071396780200303,0.09542410960420968,,trial-0013.json,6.676072,0.14493999999999999,10042,0,0,13,6.821012,0.9999270022343267,24328,1,151507087,345169112,36992,131049,0,0,0,10.778089,0.479891,2033,0,0,19,11.25798,0.9999513422179431,24780,1,1711140963,0,417761,0,0,0,0,,,,,,,,,,,,,,,,,,,,,,,,,,,,automatic_during_commits_plus_final_truncate,warm_after_write_checkpoint_and_validation,,,,,,sqlite,shifter,3.11.15,3.46.1,366e975effc41801a615a88b44c609e98932ed1247531b4d1a777c4b70f3e6ac,,,,,,,,,baseline,sqlite-shifter,sqlite-shifter-telemetry,nid005415,59132737,3.46.1,2026-09-30T20:00:39.853712+00:00,20260930T195743Z-01b1b069,59132737
14,measured,2,telemetry,tmpfs,64,1000000,20260816,1000,True,6.569608896970749,152216.06273413028,188.83349592715967,5.336832487955689,835.0690880673937,5145.194428685352,1000000,1000000,1000,0.0023943790001794696,6.586959033971652,151815.12361661723,64000,100,64000,6400000,0.6782529740594327,94360.07278663538,0.486301623581312,0.49761804984882474,0.5986719625070691,0.626186114968732,,trial-0014.json,6.944945999999999,0.6057620000000002,22473,0,3030,44,7.550707999999998,1.1493390426150991,25836,64,214388816,364500456,52511,136204,0,0,0,16.518036,23.203353000000007,2241,0,0,94,39.721389,58.56426808166029,24548,64,1742756032,0,425604,0,0,0,0,,,,,,,,,,,,,,,,,,,,,,,,,,,,automatic_during_commits_plus_final_truncate,warm_after_write_checkpoint_and_validation,,,,,,sqlite,shifter,3.11.15,3.46.1,366e975effc41801a615a88b44c609e98932ed1247531b4d1a777c4b70f3e6ac,,,,,,,,,baseline,sqlite-shifter,sqlite-shifter-telemetry,nid005415,59132737,3.46.1,2026-09-30T20:00:58.734047+00:00,20260930T195743Z-01b1b069,59132737
15,measured,2,telemetry,tmpfs,16,1000000,20260816,1000,True,4.659820617060177,214600.53555256544,43.4479458729038,6.269608566071838,108.74823844060302,937.2893693868518,1000000,1000000,1000,0.0008128349436447024,4.671326444018632,214071.95835787567,64000,100,64000,6400000,0.8302980120060965,77080.75784183628,0.10508496660986566,0.10513304732739925,0.11558202095329762,0.12265599798411131,,trial-0015.json,6.941519,0.33499500000000004,4695,0,2025,22,7.276513999999999,1.56154380135574,25920,16,216787184,361664496,52974,135279,0,0,0,11.475623999999998,1.3375640000000002,764,0,0,51,12.813187999999998,15.432035022030037,24792,16,1734424112,0,423475,0,0,0,0,,,,,,,,,,,,,,,,,,,,,,,,,,,,automatic_during_commits_plus_final_truncate,warm_after_write_checkpoint_and_validation,,,,,,sqlite,shifter,3.11.15,3.46.1,366e975effc41801a615a88b44c609e98932ed1247531b4d1a777c4b70f3e6ac,,,,,,,,,baseline,sqlite-shifter,sqlite-shifter-telemetry,nid005415,59132737,3.46.1,2026-09-30T20:01:07.280854+00:00,20260930T195743Z-01b1b069,59132737
16,measured,2,telemetry,lustre,16,1000000,20260816,1000,True,6.589080386911519,151766.2467719152,72.58057790971361,16.336736036464572,198.43206607038155,1645.4583841876583,1000000,1000000,1000,0.10180951992515475,6.708546523936093,149063.58574573495,64000,100,64000,6400000,2.1792206950485706,29368.296724335927,0.39326538891873497,0.3752924967557192,0.5264331528451294,0.62707765144296,,trial-0016.json,8.092745,2.7628239999999997,5792,1,27943,16017,10.855568999999997,1.6475089637035523,26664,16,234051208,375260760,57175,138765,0,377094144,0,16.461469999999995,9.798075,16969,0,141924,358091,26.259545,12.049970459469561,23656,16,1736250928,0,423921,0,0,0,0,,,,,,,,,,,,,,,,,,,,,,,,,,,,automatic_during_commits_plus_final_truncate,warm_after_write_checkpoint_and_validation,,,,,,sqlite,shifter,3.11.15,3.46.1,366e975effc41801a615a88b44c609e98932ed1247531b4d1a777c4b70f3e6ac,,,,,,,,,baseline,sqlite-shifter,sqlite-shifter-telemetry,nid005415,59132737,3.46.1,2026-09-30T20:01:13.693635+00:00,20260930T195743Z-01b1b069,59132737
17,measured,2,telemetry,lustre,1,1000000,20260816,1000,True,10.150051011005417,98521.67234585599,8.092726481729187,6.852063932456076,8.08539915597066,33.60280058346689,1000000,1000000,1000,0.0208956110291183,10.183757572085597,98195.5818293506,64000,100,64000,6400000,24.171370081952773,2647.7605441068786,0.2725482963378454,0.27103209868073463,0.2875130157917738,0.30410643084906047,,trial-0017.json,7.626612,1.7068860000000001,10034,0,7103,2236,9.333498,0.9195518317967023,27988,1,151507087,345169112,36992,131049,0,345526272,0,13.326159,5.218737,6962,0,128041,30707,18.544896,0.7672256863025856,22216,1,1711140963,0,417761,0,0,0,0,,,,,,,,,,,,,,,,,,,,,,,,,,,,automatic_during_commits_plus_final_truncate,warm_after_write_checkpoint_and_validation,,,,,,sqlite,shifter,3.11.15,3.46.1,366e975effc41801a615a88b44c609e98932ed1247531b4d1a777c4b70f3e6ac,,,,,,,,,baseline,sqlite-shifter,sqlite-shifter-telemetry,nid005415,59132737,3.46.1,2026-09-30T20:01:23.622074+00:00,20260930T195743Z-01b1b069,59132737
18,measured,2,telemetry,lustre,64,1000000,20260816,1000,True,7.872468090965413,127024.96706815722,240.71396997617558,11.916573450434953,1151.5396609320303,5976.840270376994,1000000,1000000,1000,0.04303442593663931,7.930522438953631,126095.09747909395,64000,100,64000,6400000,1.59085729601793,40229.88118431377,1.415017551755227,1.4088565367273986,1.5523085894528776,1.6362200886942448,,trial-0018.json,8.085515000000001,3.140351000000001,20267,0,35001,21617,11.225866,1.4259652589615457,25992,64,235596672,374115648,57661,138508,0,375377920,0,19.951848999999996,13.164044,2230,0,255782,469894,33.115893,20.81638188597575,24336,64,1743874240,0,425877,0,0,0,0,,,,,,,,,,,,,,,,,,,,,,,,,,,,automatic_during_commits_plus_final_truncate,warm_after_write_checkpoint_and_validation,,,,,,sqlite,shifter,3.11.15,3.46.1,366e975effc41801a615a88b44c609e98932ed1247531b4d1a777c4b70f3e6ac,,,,,,,,,baseline,sqlite-shifter,sqlite-shifter-telemetry,nid005415,59132737,3.46.1,2026-09-30T20:01:58.914883+00:00,20260930T195743Z-01b1b069,59132737
19,measured,3,telemetry,lustre,1,1000000,20260817,1000,True,10.154269800987095,98480.73959023526,8.12019390927162,6.807008001487702,8.167817507637665,35.270665442803875,1000000,1000000,1000,0.020331957028247416,10.187177355051972,98162.61807831246,64000,100,64000,6400000,24.17045222094748,2647.8610915080017,0.2725571876799222,0.27057097759097815,0.28684199787676334,0.3037950792349875,,trial-0019.json,7.502129,1.766946,12188,0,7102,1860,9.269075,0.9128253613173599,24948,1,151507087,345078472,36992,131005,0,345432064,0,13.597014,4.958345,5612,0,128035,28301,18.555359,0.7676877052353566,21828,1,1711259747,0,417790,0,0,0,0,,,,,,,,,,,,,,,,,,,,,,,,,,,,automatic_during_commits_plus_final_truncate,warm_after_write_checkpoint_and_validation,,,,,,sqlite,shifter,3.11.15,3.46.1,366e975effc41801a615a88b44c609e98932ed1247531b4d1a777c4b70f3e6ac,,,,,,,,,baseline,sqlite-shifter,sqlite-shifter-telemetry,nid005415,59132737,3.46.1,2026-09-30T20:02:09.725483+00:00,20260930T195743Z-01b1b069,59132737
20,measured,3,telemetry,lustre,64,1000000,20260817,1000,True,6.766858173999935,147779.06885092778,240.80736155388877,17.23063999088481,1449.5560033014044,4963.9358006743705,1000000,1000000,1000,0.07766220404300839,6.863021429046057,145708.4187101245,64000,100,64000,6400000,1.5908998879604042,40228.80414056129,1.418965398988803,1.4139519771561027,1.5552055381704122,1.6335851652547717,,trial-0020.json,8.097672000000001,3.2172259999999993,20401,0,37309,14799,11.314898000000001,1.6721050905832253,27136,64,241973704,375004480,59208,138759,0,376717312,0,20.061628,13.074988999999999,2618,0,255818,466441,33.13661700000001,20.828851174590532,24904,64,1745729728,0,426330,0,0,0,0,,,,,,,,,,,,,,,,,,,,,,,,,,,,automatic_during_commits_plus_final_truncate,warm_after_write_checkpoint_and_validation,,,,,,sqlite,shifter,3.11.15,3.46.1,366e975effc41801a615a88b44c609e98932ed1247531b4d1a777c4b70f3e6ac,,,,,,,,,baseline,sqlite-shifter,sqlite-shifter-telemetry,nid005415,59132737,3.46.1,2026-09-30T20:02:45.015461+00:00,20260930T195743Z-01b1b069,59132737
21,measured,3,telemetry,tmpfs,1,1000000,20260817,1000,True,6.808206991991028,146881.55063093267,5.034436293877661,4.905111039988697,5.176703532924873,7.62868964462541,1000000,1000000,1000,0.0019101171055808663,6.820273398072459,146621.68825704543,64000,100,64000,6400000,11.203156942036003,5712.675483448951,0.08767422886012355,0.08746806997805834,0.09079510346055031,0.09542296291328967,,trial-0021.json,6.625821999999999,0.181913,9676,0,0,13,6.807734999999999,0.9999306730844723,26188,1,151507087,345078472,36992,131005,0,0,0,10.660487,0.54214,1900,0,0,15,11.202627,0.9999526970800512,25184,1,1711259747,0,417790,0,0,0,0,,,,,,,,,,,,,,,,,,,,,,,,,,,,automatic_during_commits_plus_final_truncate,warm_after_write_checkpoint_and_validation,,,,,,sqlite,shifter,3.11.15,3.46.1,366e975effc41801a615a88b44c609e98932ed1247531b4d1a777c4b70f3e6ac,,,,,,,,,baseline,sqlite-shifter,sqlite-shifter-telemetry,nid005415,59132737,3.46.1,2026-09-30T20:02:54.769053+00:00,20260930T195743Z-01b1b069,59132737
22,measured,3,telemetry,tmpfs,16,1000000,20260817,1000,True,4.7195216960972175,211885.8783564751,41.822635688004084,6.225196993909776,59.06851026811636,738.0445905704964,1000000,1000000,1000,0.0037676820065826178,4.733633037074469,211254.22950360994,64000,100,64000,6400000,0.8569060650188476,74687.29959169134,0.10736676427222847,0.10731595102697611,0.11909997556358576,0.12528093182481825,,trial-0022.json,6.925621,0.29700000000000004,4713,0,1876,19,7.2226209999999975,1.5303713946209219,25824,16,213567728,359087768,52188,134636,0,0,0,11.782870999999997,1.2414200000000002,668,0,0,73,13.024291000000002,15.199205060724518,27016,16,1734239792,0,423430,0,0,0,0,,,,,,,,,,,,,,,,,,,,,,,,,,,,automatic_during_commits_plus_final_truncate,warm_after_write_checkpoint_and_validation,,,,,,sqlite,shifter,3.11.15,3.46.1,366e975effc41801a615a88b44c609e98932ed1247531b4d1a777c4b70f3e6ac,,,,,,,,,baseline,sqlite-shifter,sqlite-shifter-telemetry,nid005415,59132737,3.46.1,2026-09-30T20:03:13.579048+00:00,20260930T195743Z-01b1b069,59132737
23,measured,3,telemetry,tmpfs,64,1000000,20260817,1000,True,6.725056573050097,148697.63386190488,194.34821914334316,5.268510489258915,835.872920206748,5244.53899126849,1000000,1000000,1000,0.0028805549954995513,6.740213298005983,148363.25733131307,64000,100,64000,6400000,0.7637050319463015,83801.98810121241,0.5883277594220999,0.6000050343573093,0.6938950391486287,0.7389627711381764,,trial-0023.json,7.106708999999997,0.404231,23448,0,3121,47,7.5109400000000015,1.116859006078736,27364,64,212303908,363468432,52001,135959,0,0,0,14.904131000000005,30.272143999999983,2490,0,0,140,45.17627499999999,59.15408843761092,24852,64,1744017600,0,425912,0,0,0,0,,,,,,,,,,,,,,,,,,,,,,,,,,,,automatic_during_commits_plus_final_truncate,warm_after_write_checkpoint_and_validation,,,,,,sqlite,shifter,3.11.15,3.46.1,366e975effc41801a615a88b44c609e98932ed1247531b4d1a777c4b70f3e6ac,,,,,,,,,baseline,sqlite-shifter,sqlite-shifter-telemetry,nid005415,59132737,3.46.1,2026-09-30T20:03:20.049253+00:00,20260930T195743Z-01b1b069,59132737
24,measured,3,telemetry,lustre,16,1000000,20260817,1000,True,6.498274863930419,153886.99630891878,72.17079318664037,17.55631749983877,197.50408370164223,1150.039065850433,1000000,1000000,1000,0.07851861196104437,6.5949068809859455,151632.16373579775,64000,100,64000,6400000,2.3435210750903934,27309.33409571809,0.4213083475933672,0.401423079892993,0.5727834417484701,0.6696184154134245,,trial-0024.json,8.207763,2.846383,5871,0,28578,27469,11.054146,1.701089324700249,24432,16,235193992,375205616,57454,138673,0,377270272,0,17.073032999999995,10.583507,15553,0,142297,544301,27.65654,11.801276418618613,23228,16,1737299504,0,424177,0,0,0,0,,,,,,,,,,,,,,,,,,,,,,,,,,,,automatic_during_commits_plus_final_truncate,warm_after_write_checkpoint_and_validation,,,,,,sqlite,shifter,3.11.15,3.46.1,366e975effc41801a615a88b44c609e98932ed1247531b4d1a777c4b70f3e6ac,,,,,,,,,baseline,sqlite-shifter,sqlite-shifter-telemetry,nid005415,59132737,3.46.1,2026-09-30T20:03:28.667701+00:00,20260930T195743Z-01b1b069,59132737
25,measured,4,telemetry,tmpfs,1,1000000,20260818,1000,True,6.883278740104288,145279.60260764466,5.073109499993734,4.939162055961788,5.26100008864887,7.950448828050867,1000000,1000000,1000,0.001912250998429954,6.89563802909106,145019.21298380764,64000,100,64000,6400000,11.219634838984348,5704.285470826747,0.08733803217728564,0.08710694964975119,0.09053536923602226,0.0958549790084362,,trial-0025.json,6.68801,0.194691,9619,0,0,14,6.882701,0.9999160661472386,28972,1,151502991,345082616,36991,131008,0,0,0,10.622812999999999,0.5961069999999999,2325,0,0,29,11.218919999999999,0.9999362867869938,25000,1,1710911587,0,417705,0,0,0,0,,,,,,,,,,,,,,,,,,,,,,,,,,,,automatic_during_commits_plus_final_truncate,warm_after_write_checkpoint_and_validation,,,,,,sqlite,shifter,3.11.15,3.46.1,366e975effc41801a615a88b44c609e98932ed1247531b4d1a777c4b70f3e6ac,,,,,,,,,baseline,sqlite-shifter,sqlite-shifter-telemetry,nid005415,59132737,3.46.1,2026-09-30T20:03:38.632125+00:00,20260930T195743Z-01b1b069,59132737
26,measured,4,telemetry,lustre,16,1000000,20260818,1000,True,6.591820050030947,151703.1703550987,74.68955167254899,16.376280458644032,196.15049093845298,1446.0800338769322,1000000,1000000,1000,0.09266293805558234,6.700446364004165,149243.78849924906,64000,100,64000,6400000,2.33447167603299,27415.1966190296,0.42155134832137264,0.4025649977847934,0.5714104394428432,0.6610120029654354,,trial-0026.json,8.055599999999998,2.9725680000000008,5702,0,29127,22117,11.028167999999997,1.6730080488086478,25124,16,238302856,377830200,58213,139444,0,379887616,0,17.332833,10.29813,16467,0,142375,546987,27.630962999999998,11.83606692840831,23812,16,1735534128,0,423746,0,0,0,0,,,,,,,,,,,,,,,,,,,,,,,,,,,,automatic_during_commits_plus_final_truncate,warm_after_write_checkpoint_and_validation,,,,,,sqlite,shifter,3.11.15,3.46.1,366e975effc41801a615a88b44c609e98932ed1247531b4d1a777c4b70f3e6ac,,,,,,,,,baseline,sqlite-shifter,sqlite-shifter-telemetry,nid005415,59132737,3.46.1,2026-09-30T20:03:57.538734+00:00,20260930T195743Z-01b1b069,59132737
27,measured,4,telemetry,lustre,64,1000000,20260818,1000,True,6.966041993000545,143553.54173931145,246.00918413966428,19.166997459251434,1544.1005871631203,4466.76897650817,1000000,1000000,1000,0.08019512007012963,7.060446202987805,141634.10799402805,64000,100,64000,6400000,1.6380304150516167,39071.31357996382,1.4407460135626025,1.4363244408741593,1.5915939584374428,1.6735624766442925,,trial-0027.json,8.196226,3.1561310000000002,21054,0,38024,15623,11.352357,1.6296710544390645,26224,64,240704032,372472448,58900,138111,0,373354496,0,22.143045999999988,13.483438000000001,2657,0,255987,716603,35.62648399999999,21.749586376805677,24272,64,1742911680,0,425642,0,0,0,0,,,,,,,,,,,,,,,,,,,,,,,,,,,,automatic_during_commits_plus_final_truncate,warm_after_write_checkpoint_and_validation,,,,,,sqlite,shifter,3.11.15,3.46.1,366e975effc41801a615a88b44c609e98932ed1247531b4d1a777c4b70f3e6ac,,,,,,,,,baseline,sqlite-shifter,sqlite-shifter-telemetry,nid005415,59132737,3.46.1,2026-09-30T20:04:07.635448+00:00,20260930T195743Z-01b1b069,59132737
28,measured,4,telemetry,lustre,1,1000000,20260818,1000,True,10.128092154976912,98735.27853995713,8.096116336528212,6.825561984442174,8.331632969202472,34.519080803729594,1000000,1000000,1000,0.018531268928200006,10.163413069909438,98392.14377310658,64000,100,64000,6400000,23.987585493014194,2668.046770219473,0.26989703728941095,0.2682559425011277,0.2847685536835343,0.3014303022064269,,trial-0028.json,7.50749,1.7835539999999999,11284,0,7114,1805,9.291044,0.9173538172669974,20480,1,151502991,345082616,36991,131008,0,345436160,0,13.490506,4.993824999999999,6603,0,128047,24952,18.484330999999997,0.7705790566284011,27048,1,1710911587,0,417705,0,0,0,0,,,,,,,,,,,,,,,,,,,,,,,,,,,,automatic_during_commits_plus_final_truncate,warm_after_write_checkpoint_and_validation,,,,,,sqlite,shifter,3.11.15,3.46.1,366e975effc41801a615a88b44c609e98932ed1247531b4d1a777c4b70f3e6ac,,,,,,,,,baseline,sqlite-shifter,sqlite-shifter-telemetry,nid005415,59132737,3.46.1,2026-09-30T20:04:17.646042+00:00,20260930T195743Z-01b1b069,59132737
29,measured,4,telemetry,tmpfs,64,1000000,20260818,1000,True,5.947652240050957,168133.5692874055,176.7004500044277,5.335158959496766,935.1989983813837,4742.6460381166535,1000000,1000000,1000,0.001521699014119804,5.961276604095474,167749.30378385514,64000,100,64000,6400000,0.8196592290187255,78081.22904517176,0.7029049598622805,0.7192640332505107,0.7418085355311632,0.7567262277007103,,trial-0029.json,7.0462810000000005,0.466984,21931,0,2933,21,7.513265000000002,1.263232061452139,25548,64,213786660,364166328,52363,136025,0,0,0,12.633157999999998,38.86833300000001,2894,0,0,153,51.50149099999999,62.83280804591955,24420,64,1741351104,0,425261,0,0,0,0,,,,,,,,,,,,,,,,,,,,,,,,,,,,automatic_during_commits_plus_final_truncate,warm_after_write_checkpoint_and_validation,,,,,,sqlite,shifter,3.11.15,3.46.1,366e975effc41801a615a88b44c609e98932ed1247531b4d1a777c4b70f3e6ac,,,,,,,,,baseline,sqlite-shifter,sqlite-shifter-telemetry,nid005415,59132737,3.46.1,2026-09-30T20:04:52.737197+00:00,20260930T195743Z-01b1b069,59132737
30,measured,4,telemetry,tmpfs,16,1000000,20260818,1000,True,4.640794636099599,215480.33869485327,46.748562885914,6.266792013775557,110.85112289874704,1139.050772211046,1000000,1000000,1000,0.0007514259777963161,4.6521010380238295,214956.63826441547,64000,100,64000,6400000,0.8379962730687112,76372.65469646349,0.10555451259097026,0.10533200111240149,0.11601299047470093,0.12210501474328339,,trial-0030.json,6.8716159999999995,0.443055,4569,0,2134,15,7.314671000000001,1.5761677845214213,25472,16,218417392,362433840,53372,135438,0,0,0,11.639147,1.272265,693,0,0,64,12.911411999999997,15.407481411246481,24112,16,1729496624,0,422272,0,0,0,0,,,,,,,,,,,,,,,,,,,,,,,,,,,,automatic_during_commits_plus_final_truncate,warm_after_write_checkpoint_and_validation,,,,,,sqlite,shifter,3.11.15,3.46.1,366e975effc41801a615a88b44c609e98932ed1247531b4d1a777c4b70f3e6ac,,,,,,,,,baseline,sqlite-shifter,sqlite-shifter-telemetry,nid005415,59132737,3.46.1,2026-09-30T20:05:00.664046+00:00,20260930T195743Z-01b1b069,59132737
31,measured,5,telemetry,tmpfs,64,1000000,20260819,1000,True,6.174467638018541,161957.28257487665,178.390126921935,5.543800536543131,841.3817959662947,4742.489042473025,1000000,1000000,1000,0.002207849989645183,6.191799978958443,161503.92509420429,64000,100,64000,6400000,0.7301380699500442,87654.65414559038,0.5525233192747692,0.5681234761141241,0.6512629333883524,0.683736139908433,,trial-0031.json,7.0121959999999985,0.567165,22500,0,3003,41,7.579361,1.2275327112139995,28192,64,214003704,363962560,52415,136018,0,0,0,14.564848000000001,28.365164999999998,2780,0,0,86,42.930013,58.79711628094843,24548,64,1742784704,0,425611,0,0,0,0,,,,,,,,,,,,,,,,,,,,,,,,,,,,automatic_during_commits_plus_final_truncate,warm_after_write_checkpoint_and_validation,,,,,,sqlite,shifter,3.11.15,3.46.1,366e975effc41801a615a88b44c609e98932ed1247531b4d1a777c4b70f3e6ac,,,,,,,,,baseline,sqlite-shifter,sqlite-shifter-telemetry,nid005415,59132737,3.46.1,2026-09-30T20:05:07.035817+00:00,20260930T195743Z-01b1b069,59132737
32,measured,5,telemetry,tmpfs,1,1000000,20260819,1000,True,6.854535354999825,145888.80911826962,5.080958784441464,4.9452780513092875,5.262545088771731,7.805240759626031,1000000,1000000,1000,0.0022441500332206488,6.867199040018022,145619.77804525316,64000,100,64000,6400000,11.27955653599929,5673.9819332205725,0.08781727419955132,0.08761894423514605,0.09113503620028496,0.09651598636992276,,trial-0032.json,6.613975,0.24005300000000002,9515,0,0,10,6.854028,0.9999259825832753,23520,1,151507087,345061992,36992,130997,0,0,0,10.774464,0.504471,1309,0,0,14,11.278935,0.9999448971245185,24208,1,1711267939,0,417792,0,0,0,0,,,,,,,,,,,,,,,,,,,,,,,,,,,,automatic_during_commits_plus_final_truncate,warm_after_write_checkpoint_and_validation,,,,,,sqlite,shifter,3.11.15,3.46.1,366e975effc41801a615a88b44c609e98932ed1247531b4d1a777c4b70f3e6ac,,,,,,,,,baseline,sqlite-shifter,sqlite-shifter-telemetry,nid005415,59132737,3.46.1,2026-09-30T20:05:15.096309+00:00,20260930T195743Z-01b1b069,59132737
33,measured,5,telemetry,lustre,1,1000000,20260819,1000,True,10.097503482014872,99034.38030807773,8.097072930191644,6.857780506834388,8.155591861577697,33.75558623112738,1000000,1000000,1000,0.018137008999474347,10.128435328020714,98731.9331776213,64000,100,64000,6400000,24.153602211968973,2649.7082894031314,0.27280199032429664,0.27149298693984747,0.2868820447474718,0.3041055041830988,,trial-0033.json,7.512156,1.766388,9712,0,7100,1826,9.278544,0.9188948552012328,21368,1,151507087,345061992,36992,130997,0,345415680,0,13.426489,5.102873,6428,0,128036,18864,18.529362,0.7671469388867403,21796,1,1711267939,0,417792,0,0,0,0,,,,,,,,,,,,,,,,,,,,,,,,,,,,automatic_during_commits_plus_final_truncate,warm_after_write_checkpoint_and_validation,,,,,,sqlite,shifter,3.11.15,3.46.1,366e975effc41801a615a88b44c609e98932ed1247531b4d1a777c4b70f3e6ac,,,,,,,,,baseline,sqlite-shifter,sqlite-shifter-telemetry,nid005415,59132737,3.46.1,2026-09-30T20:05:34.033510+00:00,20260930T195743Z-01b1b069,59132737
34,measured,5,telemetry,lustre,16,1000000,20260819,1000,True,6.652110947994515,150328.22029245933,75.60911803599447,16.434844525065273,440.2962749067225,1243.5323110769968,1000000,1000000,1000,0.0793193990830332,6.745065663009882,148256.52557899122,64000,100,64000,6400000,2.37480319396127,26949.60161866944,0.42727112492320884,0.4079049685969949,0.5872809560969472,0.6838161440100521,,trial-0034.json,8.023299,2.7634089999999993,6264,0,28301,15470,10.786707999999999,1.6215466164544332,25940,16,233907892,374541192,57141,138466,0,376582144,0,17.44666,10.14928,16327,0,143197,518299,27.595940000000002,11.620306082698512,24320,16,1733305904,0,423202,0,0,0,0,,,,,,,,,,,,,,,,,,,,,,,,,,,,automatic_during_commits_plus_final_truncate,warm_after_write_checkpoint_and_validation,,,,,,sqlite,shifter,3.11.15,3.46.1,366e975effc41801a615a88b44c609e98932ed1247531b4d1a777c4b70f3e6ac,,,,,,,,,baseline,sqlite-shifter,sqlite-shifter-telemetry,nid005415,59132737,3.46.1,2026-09-30T20:06:09.252896+00:00,20260930T195743Z-01b1b069,59132737
35,measured,5,telemetry,tmpfs,16,1000000,20260819,1000,True,4.485095110023394,222960.71219653223,45.28445049119182,6.268330034799874,114.0590527444137,1135.2027738257311,1000000,1000000,1000,0.0042228089878335595,4.499445462948643,222249.61014299424,64000,100,64000,6400000,0.8630491020157933,74155.68807211253,0.10836985413152433,0.10839907918125391,0.12087298673577607,0.12715528369881218,,trial-0035.json,7.079300000000001,0.30107699999999993,4457,0,2057,23,7.380376999999999,1.6455341121989058,26148,16,216418500,359165736,52883,134661,0,0,0,11.711517999999998,1.3476759999999999,686,0,0,42,13.059194000000002,15.131461199018808,25796,16,1730922032,0,422620,0,0,0,0,,,,,,,,,,,,,,,,,,,,,,,,,,,,automatic_during_commits_plus_final_truncate,warm_after_write_checkpoint_and_validation,,,,,,sqlite,shifter,3.11.15,3.46.1,366e975effc41801a615a88b44c609e98932ed1247531b4d1a777c4b70f3e6ac,,,,,,,,,baseline,sqlite-shifter,sqlite-shifter-telemetry,nid005415,59132737,3.46.1,2026-09-30T20:06:19.408392+00:00,20260930T195743Z-01b1b069,59132737
36,measured,5,telemetry,lustre,64,1000000,20260819,1000,True,7.374602742027491,135600.52452738237,239.36088116385508,15.733264503069222,1254.9077891977502,5478.198287331033,1000000,1000000,1000,0.05097727396059781,7.43964967795182,134414.9312518847,64000,100,64000,6400000,1.578242462943308,40551.43712243341,1.4107313791791967,1.4066370204091072,1.539754931582138,1.6128578048665083,,trial-0036.json,8.070886,3.193107999999999,20830,1,35400,23734,11.263994000000002,1.527403494673288,25952,64,238054096,374931064,58257,138729,0,376258560,0,19.265147000000002,13.399193999999996,2529,0,255851,403136,32.66434099999999,20.696655784487866,24620,64,1742219456,0,425473,0,0,0,0,,,,,,,,,,,,,,,,,,,,,,,,,,,,automatic_during_commits_plus_final_truncate,warm_after_write_checkpoint_and_validation,,,,,,sqlite,shifter,3.11.15,3.46.1,366e975effc41801a615a88b44c609e98932ed1247531b4d1a777c4b70f3e6ac,,,,,,,,,baseline,sqlite-shifter,sqlite-shifter-telemetry,nid005415,59132737,3.46.1,2026-09-30T20:06:25.688388+00:00,20260930T195743Z-01b1b069,59132737
1,warmup,1,metadata,tmpfs,16,1000000,20260813,1000,True,1.5171412099152803,659134.4256319038,20.95997390791308,20.142641966231167,30.06725215818732,33.08835391304456,1000000,1000000,1000,0.04984707396943122,1.6297241989523172,613600.7556633564,64000,100,64000,6400000,0.9034534440143034,70839.28942218605,0.18091425210695888,0.17980352276936173,0.22602803073823452,0.2711264451500029,,trial-0001.json,9.578437000000001,3.096863,12524,12,4824,89,12.6753,8.35472658521207,31688,16,1584,0,32,0,49152,0,0,6.995812999999999,0.631687,1217,5,64033,36,7.627499999999999,8.442604376058188,32836,16,1584,0,32,0,0,0,0,,,,,,,,,,,,,,,,,,,,,,,,,,,,postgresql_automatic_plus_explicit_final_checkpoint,warm_after_write_checkpoint_and_validation,,,,,,postgresql,native,3.11.7,,,native,shifter,e4842c8a99ca99339e1693e6fe5fe62c7becb31991f066f989047dfb2fbf47af,16.12 (Debian 16.12-1.pgdg13+1),3.3.6,180006,client_processes_only,not_collected,baseline,postgres,postgres-metadata,nid004148,59136228,16.12 (Debian 16.12-1.pgdg13+1),2026-09-30T22:03:12.752814+00:00,20260930T220312Z-97eed23f,59136228
2,warmup,1,metadata,tmpfs,1,1000000,20260813,1000,True,9.441066168015823,105920.2405961068,8.656298189773224,8.545900520402938,8.915097406134008,13.65808445145376,1000000,1000000,1000,0.04128249699715525,9.542068121954799,104799.08414184942,64000,100,64000,6400000,10.583883470972069,6046.9297659530985,0.14855627293945872,0.13851793482899666,0.17381703946739435,0.1809410587884486,,trial-0002.json,6.857515,2.3920820000000003,3176,0,2997,13,9.249597000000001,0.9797195396570278,30976,1,102,0,2,0,0,0,0,6.012233,0.578213,2345,0,64003,9,6.590446,0.6226869388797897,30276,1,99,0,2,0,0,0,0,,,,,,,,,,,,,,,,,,,,,,,,,,,,postgresql_automatic_plus_explicit_final_checkpoint,warm_after_write_checkpoint_and_validation,,,,,,postgresql,native,3.11.7,,,native,shifter,e4842c8a99ca99339e1693e6fe5fe62c7becb31991f066f989047dfb2fbf47af,16.12 (Debian 16.12-1.pgdg13+1),3.3.6,180006,client_processes_only,not_collected,baseline,postgres,postgres-metadata,nid004148,59136228,16.12 (Debian 16.12-1.pgdg13+1),2026-09-30T22:03:23.359349+00:00,20260930T220312Z-97eed23f,59136228
3,warmup,1,metadata,lustre,16,1000000,20260813,1000,True,2.3499029419617727,425549.4906377574,34.51544893125538,31.49486891925335,58.69414040353146,64.74855481646955,1000000,1000000,1000,0.42470008798409253,2.8385045249015093,352298.1877348595,64000,100,64000,6400000,1.061034776037559,60318.47536516042,0.1922814228473726,0.1792380353435874,0.25651863543316733,0.30146541772410285,,trial-0003.json,9.584743,3.3325829999999996,22166,2,5359,22573,12.917326,5.49696149970186,32692,16,1587,0,32,0,0,0,0,6.891263,0.716667,1220,1,64033,16,7.6079300000000005,7.170292785701014,32692,16,1584,0,32,0,0,0,0,,,,,,,,,,,,,,,,,,,,,,,,,,,,postgresql_automatic_plus_explicit_final_checkpoint,warm_after_write_checkpoint_and_validation,,,,,,postgresql,native,3.11.7,,,native,shifter,e4842c8a99ca99339e1693e6fe5fe62c7becb31991f066f989047dfb2fbf47af,16.12 (Debian 16.12-1.pgdg13+1),3.3.6,180006,client_processes_only,not_collected,baseline,postgres,postgres-metadata,nid004148,59136228,16.12 (Debian 16.12-1.pgdg13+1),2026-09-30T22:03:47.192556+00:00,20260930T220312Z-97eed23f,59136228
4,warmup,1,metadata,lustre,1,1000000,20260813,1000,True,12.907160443020985,77476.3747932419,12.040456671616994,11.55064650811255,12.525315029779449,37.33397135394625,1000000,1000000,1000,0.38661288598086685,13.354265443980694,74882.44143377728,64000,100,64000,6400000,10.49308727600146,6099.253567286453,0.148012575094981,0.14722603373229504,0.1533469243440777,0.1623752422165126,,trial-0004.json,7.8251029999999995,2.678207,4903,0,3220,4795,10.503309999999999,0.8137583821296055,32692,1,102,0,2,0,0,0,0,5.726202,0.46577999999999997,3099,0,64002,17,6.191981999999999,0.5901010672198985,32692,1,99,0,2,0,0,0,0,,,,,,,,,,,,,,,,,,,,,,,,,,,,postgresql_automatic_plus_explicit_final_checkpoint,warm_after_write_checkpoint_and_validation,,,,,,postgresql,native,3.11.7,,,native,shifter,e4842c8a99ca99339e1693e6fe5fe62c7becb31991f066f989047dfb2fbf47af,16.12 (Debian 16.12-1.pgdg13+1),3.3.6,180006,client_processes_only,not_collected,baseline,postgres,postgres-metadata,nid004148,59136228,16.12 (Debian 16.12-1.pgdg13+1),2026-09-30T22:03:57.542083+00:00,20260930T220312Z-97eed23f,59136228
5,warmup,1,metadata,lustre,64,1000000,20260813,1000,True,1.9704894290771335,507488.1322597827,112.28012322285213,110.8206560020335,176.60878915921776,458.646979565965,1000000,1000000,1000,0.41611732402816415,2.4449367580236867,409008.53435911733,64000,100,64000,6400000,0.3133526199962944,204242.74735841318,0.25985542952003016,0.2525794552639127,0.33070300123654317,0.46019712579436683,,trial-0005.json,10.722627999999998,3.293274999999999,11953,4,6035,19880,14.015903,7.1129044354042845,32692,64,6339,0,128,0,0,0,0,8.555100999999995,0.9797709999999996,3334,9,64133,59,9.534872000000002,30.428569577981378,32692,64,6336,0,128,0,0,0,0,,,,,,,,,,,,,,,,,,,,,,,,,,,,postgresql_automatic_plus_explicit_final_checkpoint,warm_after_write_checkpoint_and_validation,,,,,,postgresql,native,3.11.7,,,native,shifter,e4842c8a99ca99339e1693e6fe5fe62c7becb31991f066f989047dfb2fbf47af,16.12 (Debian 16.12-1.pgdg13+1),3.3.6,180006,client_processes_only,not_collected,baseline,postgres,postgres-metadata,nid004148,59136228,16.12 (Debian 16.12-1.pgdg13+1),2026-09-30T22:04:27.440691+00:00,20260930T220312Z-97eed23f,59136228
6,warmup,1,metadata,tmpfs,64,1000000,20260813,1000,True,1.6195703679695725,617447.7008082599,96.2940617192071,100.11695901630446,136.5021965582855,144.1732534498442,1000000,1000000,1000,0.05351962603162974,1.7826920880470425,560949.3679278682,64000,100,64000,6400000,0.3015625970438123,212227.91097896604,0.2497202227696107,0.24239008780568838,0.31577401096001273,0.4228200833313167,,trial-0006.json,10.420235000000003,3.0723929999999986,11941,6,5990,198,13.492627999999993,8.330992136461145,32692,64,6339,0,128,0,0,0,0,9.563151000000001,0.9517,3344,9,62014,2174,10.514851000000004,34.86788846851707,32692,64,6336,0,128,0,0,0,0,,,,,,,,,,,,,,,,,,,,,,,,,,,,postgresql_automatic_plus_explicit_final_checkpoint,warm_after_write_checkpoint_and_validation,,,,,,postgresql,native,3.11.7,,,native,shifter,e4842c8a99ca99339e1693e6fe5fe62c7becb31991f066f989047dfb2fbf47af,16.12 (Debian 16.12-1.pgdg13+1),3.3.6,180006,client_processes_only,not_collected,baseline,postgres,postgres-metadata,nid004148,59136228,16.12 (Debian 16.12-1.pgdg13+1),2026-09-30T22:04:38.147615+00:00,20260930T220312Z-97eed23f,59136228
7,measured,1,metadata,lustre,16,1000000,20260815,1000,True,2.2501971640158445,444405.50187848276,33.415935611817986,28.707230056170374,55.974347138544545,107.77820252464151,1000000,1000000,1000,0.40242576296441257,2.7216878699837252,367419.0604398658,64000,100,64000,6400000,0.8583076000213623,74565.3423066592,0.1790302124009031,0.174278044141829,0.21211104467511177,0.23497511399909857,,trial-0007.json,10.320604999999999,3.2745219999999997,26622,5,5029,25562,13.595126999999996,6.041749237536711,32692,16,1587,0,32,0,0,0,0,6.322237999999999,0.704296,1215,6,64036,28,7.026534000000001,8.1864986396778,32692,16,1584,0,32,0,0,0,0,,,,,,,,,,,,,,,,,,,,,,,,,,,,postgresql_automatic_plus_explicit_final_checkpoint,warm_after_write_checkpoint_and_validation,,,,,,postgresql,native,3.11.7,,,native,shifter,e4842c8a99ca99339e1693e6fe5fe62c7becb31991f066f989047dfb2fbf47af,16.12 (Debian 16.12-1.pgdg13+1),3.3.6,180006,client_processes_only,not_collected,baseline,postgres,postgres-metadata,nid004148,59136228,16.12 (Debian 16.12-1.pgdg13+1),2026-09-30T22:04:45.573193+00:00,20260930T220312Z-97eed23f,59136228
8,measured,1,metadata,lustre,64,1000000,20260815,1000,True,1.982909583952278,504309.42897902033,112.60376851132605,108.39631000999361,173.57500617508776,451.5693895332515,1000000,1000000,1000,0.41404297098051757,2.469569014967419,404928.9547849275,64000,100,64000,6400000,0.32440072600729764,197286.8581020385,0.27265069419081556,0.26385101955384016,0.339288532268256,0.4774373362306506,,trial-0008.json,10.611051999999999,3.116729999999999,11998,9,6022,19905,13.727781999999994,6.92304990156847,32692,64,6339,0,128,0,0,0,0,9.303460999999999,1.0610939999999998,3351,1,64114,91,10.364554999999998,31.949851430871455,32692,64,6336,0,128,0,0,0,0,,,,,,,,,,,,,,,,,,,,,,,,,,,,postgresql_automatic_plus_explicit_final_checkpoint,warm_after_write_checkpoint_and_validation,,,,,,postgresql,native,3.11.7,,,native,shifter,e4842c8a99ca99339e1693e6fe5fe62c7becb31991f066f989047dfb2fbf47af,16.12 (Debian 16.12-1.pgdg13+1),3.3.6,180006,client_processes_only,not_collected,baseline,postgres,postgres-metadata,nid004148,59136228,16.12 (Debian 16.12-1.pgdg13+1),2026-09-30T22:04:55.644356+00:00,20260930T220312Z-97eed23f,59136228
9,measured,1,metadata,tmpfs,64,1000000,20260815,1000,True,1.6728166040265933,597794.1620097063,101.58574131154455,103.957075974904,139.16581193916497,146.19032202288508,1000000,1000000,1000,0.054164426983334124,1.8192420559935272,549679.464975802,64000,100,64000,6400000,0.2945298800477758,217295.44041378258,0.24801134199515218,0.2407970605418086,0.3088189987465739,0.412390590645373,,trial-0009.json,10.487039,3.190363999999999,11928,5,5997,75,13.677403,8.176271664854044,32692,64,6339,0,128,0,0,0,0,9.233025999999999,1.133349,3355,6,64132,71,10.366375000000003,35.196344079991036,32692,64,6336,0,128,0,0,0,0,,,,,,,,,,,,,,,,,,,,,,,,,,,,postgresql_automatic_plus_explicit_final_checkpoint,warm_after_write_checkpoint_and_validation,,,,,,postgresql,native,3.11.7,,,native,shifter,e4842c8a99ca99339e1693e6fe5fe62c7becb31991f066f989047dfb2fbf47af,16.12 (Debian 16.12-1.pgdg13+1),3.3.6,180006,client_processes_only,not_collected,baseline,postgres,postgres-metadata,nid004148,59136228,16.12 (Debian 16.12-1.pgdg13+1),2026-09-30T22:05:06.224932+00:00,20260930T220312Z-97eed23f,59136228
10,measured,1,metadata,lustre,1,1000000,20260815,1000,True,13.06259425508324,76554.4715293331,12.191000479273498,11.59086701227352,12.822027184301986,39.46230612462386,1000000,1000000,1000,0.3745736520504579,13.501629492035136,74065.1341817607,64000,100,64000,6400000,10.400819219066761,6153.361447017109,0.14694727415189845,0.1463040243834257,0.1523359736893326,0.1580669777467847,,trial-0010.json,7.979872,2.646506,5495,0,3239,4522,10.626378,0.8134967520609316,34972,1,102,0,2,0,0,0,0,5.56053,0.585403,2635,0,64003,8,6.145933,0.5909085496585968,34228,1,99,0,2,0,0,0,0,,,,,,,,,,,,,,,,,,,,,,,,,,,,postgresql_automatic_plus_explicit_final_checkpoint,warm_after_write_checkpoint_and_validation,,,,,,postgresql,native,3.11.7,,,native,shifter,e4842c8a99ca99339e1693e6fe5fe62c7becb31991f066f989047dfb2fbf47af,16.12 (Debian 16.12-1.pgdg13+1),3.3.6,180006,client_processes_only,not_collected,baseline,postgres,postgres-metadata,nid004148,59136228,16.12 (Debian 16.12-1.pgdg13+1),2026-09-30T22:05:13.718410+00:00,20260930T220312Z-97eed23f,59136228
11,measured,1,metadata,tmpfs,1,1000000,20260815,1000,True,9.398461313918233,106400.39540505364,8.61972878256347,8.489747997373343,9.034975891700014,13.493399524595588,1000000,1000000,1000,0.04129889700561762,9.497892341925763,105286.51662914545,64000,100,64000,6400000,9.780733224004507,6543.476704070311,0.13709169795947673,0.13647391460835934,0.14222599565982819,0.1478672015946359,,trial-0011.json,6.824069,2.3847669999999996,3493,0,2996,54,9.208836,0.9798237916202925,32692,1,102,0,2,0,0,0,0,5.714205,0.5043979999999999,2367,0,64003,6,6.218603,0.6358013103494023,34224,1,99,0,2,0,0,0,0,,,,,,,,,,,,,,,,,,,,,,,,,,,,postgresql_automatic_plus_explicit_final_checkpoint,warm_after_write_checkpoint_and_validation,,,,,,postgresql,native,3.11.7,,,native,shifter,e4842c8a99ca99339e1693e6fe5fe62c7becb31991f066f989047dfb2fbf47af,16.12 (Debian 16.12-1.pgdg13+1),3.3.6,180006,client_processes_only,not_collected,baseline,postgres,postgres-metadata,nid004148,59136228,16.12 (Debian 16.12-1.pgdg13+1),2026-09-30T22:05:43.791308+00:00,20260930T220312Z-97eed23f,59136228
12,measured,1,metadata,tmpfs,16,1000000,20260815,1000,True,1.6953382429201156,589852.7943766323,25.08249069948215,25.72033746400848,29.912229860201478,33.654246614314616,1000000,1000000,1000,0.06163029407616705,1.823097191983834,548517.1083565946,64000,100,64000,6400000,1.0009156710002571,63941.45066790903,0.18676265699104988,0.16494450392201543,0.2575199585407973,0.2830891008488834,,trial-0012.json,9.019404999999999,2.7736369999999995,7570,1,5504,210,11.793042,6.956158777900988,34740,16,1587,0,32,0,0,0,0,7.3327729999999995,0.6081079999999999,1216,3,64033,40,7.940880999999998,7.933616417519312,34740,16,1584,0,32,0,0,0,0,,,,,,,,,,,,,,,,,,,,,,,,,,,,postgresql_automatic_plus_explicit_final_checkpoint,warm_after_write_checkpoint_and_validation,,,,,,postgresql,native,3.11.7,,,native,shifter,e4842c8a99ca99339e1693e6fe5fe62c7becb31991f066f989047dfb2fbf47af,16.12 (Debian 16.12-1.pgdg13+1),3.3.6,180006,client_processes_only,not_collected,baseline,postgres,postgres-metadata,nid004148,59136228,16.12 (Debian 16.12-1.pgdg13+1),2026-09-30T22:06:06.820830+00:00,20260930T220312Z-97eed23f,59136228
13,measured,2,metadata,tmpfs,1,1000000,20260816,1000,True,9.396168363047764,106426.36033776193,8.607529730536044,8.461682067718357,9.104878042126074,13.47907465766184,1000000,1000000,1000,0.04153456701897085,9.493679972016253,105333.2325239126,64000,100,64000,6400000,9.843329775962047,6501.864862466715,0.1378962027210946,0.13735599350184202,0.14262693584896624,0.14833720051683488,,trial-0013.json,6.880372,2.3283560000000003,4722,0,2993,42,9.208728,0.9800514043804378,34740,1,102,0,2,0,0,0,0,5.728165,0.468835,2333,0,64001,7,6.197,0.6295633836360349,34740,1,99,0,2,0,0,0,0,,,,,,,,,,,,,,,,,,,,,,,,,,,,postgresql_automatic_plus_explicit_final_checkpoint,warm_after_write_checkpoint_and_validation,,,,,,postgresql,native,3.11.7,,,native,shifter,e4842c8a99ca99339e1693e6fe5fe62c7becb31991f066f989047dfb2fbf47af,16.12 (Debian 16.12-1.pgdg13+1),3.3.6,180006,client_processes_only,not_collected,baseline,postgres,postgres-metadata,nid004148,59136228,16.12 (Debian 16.12-1.pgdg13+1),2026-09-30T22:06:13.722952+00:00,20260930T220312Z-97eed23f,59136228
14,measured,2,metadata,tmpfs,64,1000000,20260816,1000,True,1.7486502210376784,571869.6557888994,106.7321295303991,108.66194550180808,130.12071285047568,134.72880799788982,1000000,1000000,1000,0.05518034507986158,1.9171273200772703,521613.7653078225,64000,100,64000,6400000,0.3104535980382934,206149.97025128957,0.25468616481884965,0.24673901498317719,0.3215730423107743,0.4292635794263334,,trial-0014.json,10.566548,3.197738,11895,3,5999,185,13.764286,7.871377496999967,34740,64,6339,0,128,0,0,0,0,9.763577,0.9580369999999996,3361,3,57728,6488,10.721613999999997,34.535318861653266,34740,64,6336,0,128,0,0,0,0,,,,,,,,,,,,,,,,,,,,,,,,,,,,postgresql_automatic_plus_explicit_final_checkpoint,warm_after_write_checkpoint_and_validation,,,,,,postgresql,native,3.11.7,,,native,shifter,e4842c8a99ca99339e1693e6fe5fe62c7becb31991f066f989047dfb2fbf47af,16.12 (Debian 16.12-1.pgdg13+1),3.3.6,180006,client_processes_only,not_collected,baseline,postgres,postgres-metadata,nid004148,59136228,16.12 (Debian 16.12-1.pgdg13+1),2026-09-30T22:06:36.842495+00:00,20260930T220312Z-97eed23f,59136228
15,measured,2,metadata,tmpfs,16,1000000,20260816,1000,True,1.625234905979596,615295.669764894,23.014905032119714,23.347690468654037,29.70800440525636,34.05346178566106,1000000,1000000,1000,0.055280769942328334,1.7420581079786643,574033.6647899275,64000,100,64000,6400000,0.9310083700111136,68742.66876809714,0.17811824461932702,0.16476900782436132,0.23194996756501496,0.2743921615183354,,trial-0015.json,8.953788,2.778261,7524,4,5264,113,11.732049,7.218678947169554,34740,16,1587,0,32,0,0,0,0,6.8658529999999995,0.674175,1225,3,64035,47,7.540028,8.09877573915903,35408,16,1584,0,32,0,0,0,0,,,,,,,,,,,,,,,,,,,,,,,,,,,,postgresql_automatic_plus_explicit_final_checkpoint,warm_after_write_checkpoint_and_validation,,,,,,postgresql,native,3.11.7,,,native,shifter,e4842c8a99ca99339e1693e6fe5fe62c7becb31991f066f989047dfb2fbf47af,16.12 (Debian 16.12-1.pgdg13+1),3.3.6,180006,client_processes_only,not_collected,baseline,postgres,postgres-metadata,nid004148,59136228,16.12 (Debian 16.12-1.pgdg13+1),2026-09-30T22:06:45.267842+00:00,20260930T220312Z-97eed23f,59136228
16,measured,2,metadata,lustre,16,1000000,20260816,1000,True,2.25484997802414,443488.4847089788,33.088358649984,30.39913548855111,55.07630503270775,62.670753640122705,1000000,1000000,1000,0.4121148780686781,2.7306726780952886,366210.1313063727,64000,100,64000,6400000,0.9604499929118901,66635.43180000964,0.19226656914725027,0.1767229987308383,0.24769150768406692,0.2818579773884269,,trial-0016.json,9.719363000000001,3.271153,22147,1,5268,19302,12.990515999999998,5.761144256427744,34740,16,1587,0,32,0,0,0,0,7.075603,0.7145080000000001,1229,3,64034,18,7.7901110000000005,8.110897035234451,34740,16,1584,0,32,0,0,0,0,,,,,,,,,,,,,,,,,,,,,,,,,,,,postgresql_automatic_plus_explicit_final_checkpoint,warm_after_write_checkpoint_and_validation,,,,,,postgresql,native,3.11.7,,,native,shifter,e4842c8a99ca99339e1693e6fe5fe62c7becb31991f066f989047dfb2fbf47af,16.12 (Debian 16.12-1.pgdg13+1),3.3.6,180006,client_processes_only,not_collected,baseline,postgres,postgres-metadata,nid004148,59136228,16.12 (Debian 16.12-1.pgdg13+1),2026-09-30T22:06:52.021999+00:00,20260930T220312Z-97eed23f,59136228
17,measured,2,metadata,lustre,1,1000000,20260816,1000,True,13.107957223895937,76289.5379439437,12.228616914944723,11.54206192586571,13.37398428004235,41.68203167500906,1000000,1000000,1000,0.37498520698864013,13.545352975954302,73826.05693444822,64000,100,64000,6400000,10.582490268046968,6047.725854588611,0.14929531609232072,0.14847808051854372,0.15529110096395016,0.16263519879430535,,trial-0017.json,7.791277,2.829295,3977,0,3184,6642,10.620572,0.810238530580386,35180,1,102,0,2,0,0,0,0,5.566266,0.695537,2689,0,64003,10,6.261803,0.5917135609287582,34740,1,99,0,2,0,0,0,0,,,,,,,,,,,,,,,,,,,,,,,,,,,,postgresql_automatic_plus_explicit_final_checkpoint,warm_after_write_checkpoint_and_validation,,,,,,postgresql,native,3.11.7,,,native,shifter,e4842c8a99ca99339e1693e6fe5fe62c7becb31991f066f989047dfb2fbf47af,16.12 (Debian 16.12-1.pgdg13+1),3.3.6,180006,client_processes_only,not_collected,baseline,postgres,postgres-metadata,nid004148,59136228,16.12 (Debian 16.12-1.pgdg13+1),2026-09-30T22:07:02.096969+00:00,20260930T220312Z-97eed23f,59136228
18,measured,2,metadata,lustre,64,1000000,20260816,1000,True,1.974266874953173,506517.13437866326,114.42601269087754,113.51747694425285,192.50187494908457,412.1812948677689,1000000,1000000,1000,0.41345208103302866,2.556456540012732,391166.4385247166,64000,100,64000,6400000,0.3142542380373925,203656.7602069531,0.2635763343550934,0.25723897852003574,0.3305020043626428,0.4528523446060726,,trial-0018.json,10.470246,3.4066029999999983,11949,6,6017,21722,13.876849000000002,7.02886178968542,34740,64,6339,0,128,0,0,0,0,8.974457999999998,0.9592609999999998,3348,7,64130,119,9.933719,31.610453567910216,34740,64,6336,0,128,0,0,0,0,,,,,,,,,,,,,,,,,,,,,,,,,,,,postgresql_automatic_plus_explicit_final_checkpoint,warm_after_write_checkpoint_and_validation,,,,,,postgresql,native,3.11.7,,,native,shifter,e4842c8a99ca99339e1693e6fe5fe62c7becb31991f066f989047dfb2fbf47af,16.12 (Debian 16.12-1.pgdg13+1),3.3.6,180006,client_processes_only,not_collected,baseline,postgres,postgres-metadata,nid004148,59136228,16.12 (Debian 16.12-1.pgdg13+1),2026-09-30T22:07:32.431221+00:00,20260930T220312Z-97eed23f,59136228
19,measured,3,metadata,lustre,1,1000000,20260817,1000,True,13.106875676079653,76295.83317289129,12.252794239087962,11.758176027797163,12.595581181813031,39.63248391868546,1000000,1000000,1000,0.3698716309154406,13.539666589000262,73857.06238973478,64000,100,64000,6400000,10.462398336967453,6117.144266421663,0.14762399508617818,0.14690507669001818,0.1527660060673952,0.1590491563547403,,trial-0019.json,8.010228999999999,2.6380369999999997,3329,0,3241,4606,10.648266,0.8124183263165704,34740,1,102,0,2,0,0,0,0,5.717314,0.49147,2715,0,64003,13,6.208784,0.593437928860165,34740,1,99,0,2,0,0,0,0,,,,,,,,,,,,,,,,,,,,,,,,,,,,postgresql_automatic_plus_explicit_final_checkpoint,warm_after_write_checkpoint_and_validation,,,,,,postgresql,native,3.11.7,,,native,shifter,e4842c8a99ca99339e1693e6fe5fe62c7becb31991f066f989047dfb2fbf47af,16.12 (Debian 16.12-1.pgdg13+1),3.3.6,180006,client_processes_only,not_collected,baseline,postgres,postgres-metadata,nid004148,59136228,16.12 (Debian 16.12-1.pgdg13+1),2026-09-30T22:07:43.809364+00:00,20260930T220312Z-97eed23f,59136228
20,measured,3,metadata,lustre,64,1000000,20260817,1000,True,1.9880994689883664,502992.9415497729,113.18749934853986,106.62256146315485,282.0042192994151,405.2316315250937,1000000,1000000,1000,0.44428568391595036,2.515666820923798,397508.9195765527,64000,100,64000,6400000,0.3210971080698073,199316.65029535626,0.2692753162846202,0.26277999859303236,0.3423941088840366,0.48308873083442483,,trial-0020.json,10.705939999999998,3.274066,11961,21,6049,18492,13.980006,7.031844340823475,34740,64,6342,0,128,0,0,0,0,9.212464000000002,0.9019570000000001,3355,8,64135,157,10.114421,31.499570521828247,34740,64,6342,0,128,0,0,0,0,,,,,,,,,,,,,,,,,,,,,,,,,,,,postgresql_automatic_plus_explicit_final_checkpoint,warm_after_write_checkpoint_and_validation,,,,,,postgresql,native,3.11.7,,,native,shifter,e4842c8a99ca99339e1693e6fe5fe62c7becb31991f066f989047dfb2fbf47af,16.12 (Debian 16.12-1.pgdg13+1),3.3.6,180006,client_processes_only,not_collected,baseline,postgres,postgres-metadata,nid004148,59136228,16.12 (Debian 16.12-1.pgdg13+1),2026-09-30T22:08:13.959209+00:00,20260930T220312Z-97eed23f,59136228
21,measured,3,metadata,tmpfs,1,1000000,20260817,1000,True,9.48248550191056,105457.58280342395,8.688047083793208,8.468782529234886,9.256885712966323,13.558977287029848,1000000,1000000,1000,0.048385368078015745,9.590665552997962,104268.05047824948,64000,100,64000,6400000,9.837792859994806,6505.524248254378,0.1380916127072851,0.13727694749832153,0.1434279838576913,0.14923999318853023,,trial-0021.json,6.889315,2.398656,4658,0,2990,87,9.287970999999999,0.9794869708083003,34740,1,102,0,2,0,0,0,0,5.606947,0.571447,3070,0,64002,16,6.178394,0.6280264372229587,34740,1,99,0,2,0,0,0,0,,,,,,,,,,,,,,,,,,,,,,,,,,,,postgresql_automatic_plus_explicit_final_checkpoint,warm_after_write_checkpoint_and_validation,,,,,,postgresql,native,3.11.7,,,native,shifter,e4842c8a99ca99339e1693e6fe5fe62c7becb31991f066f989047dfb2fbf47af,16.12 (Debian 16.12-1.pgdg13+1),3.3.6,180006,client_processes_only,not_collected,baseline,postgres,postgres-metadata,nid004148,59136228,16.12 (Debian 16.12-1.pgdg13+1),2026-09-30T22:08:24.790266+00:00,20260930T220312Z-97eed23f,59136228
22,measured,3,metadata,tmpfs,16,1000000,20260817,1000,True,1.7011275690747425,587845.3904217826,24.927990102325566,24.828955007251352,32.48021933832206,36.00429148878902,1000000,1000000,1000,0.057347381953150034,1.823879368021153,548281.8751795882,64000,100,64000,6400000,0.8999593609478325,71114.3222429461,0.18206577849014138,0.16922346549108624,0.23022646782919767,0.2759054116904736,,trial-0022.json,9.609074,2.8542909999999995,14980,1,5239,339,12.463365,7.326531664394181,34992,16,1587,0,32,0,0,0,0,7.056659999999999,0.6614930000000001,1216,2,64032,49,7.718153000000001,8.576112805661895,34740,16,1584,0,32,0,0,0,0,,,,,,,,,,,,,,,,,,,,,,,,,,,,postgresql_automatic_plus_explicit_final_checkpoint,warm_after_write_checkpoint_and_validation,,,,,,postgresql,native,3.11.7,,,native,shifter,e4842c8a99ca99339e1693e6fe5fe62c7becb31991f066f989047dfb2fbf47af,16.12 (Debian 16.12-1.pgdg13+1),3.3.6,180006,client_processes_only,not_collected,baseline,postgres,postgres-metadata,nid004148,59136228,16.12 (Debian 16.12-1.pgdg13+1),2026-09-30T22:08:47.997796+00:00,20260930T220312Z-97eed23f,59136228
23,measured,3,metadata,tmpfs,64,1000000,20260817,1000,True,1.6940274009248242,590309.223719798,101.0466195406625,104.113363486249,138.60171266132966,143.9877831772901,1000000,1000000,1000,0.057721437071450055,1.8691253319848329,535009.6020249724,64000,100,64000,6400000,0.2983027580194175,214547.1279747069,0.2459688940707565,0.23774098372086883,0.3063339972868562,0.4273920611012733,,trial-0023.json,10.326601,3.1708729999999994,11932,7,5999,99,13.497473999999995,7.967683399118154,34740,64,6339,0,128,0,0,0,0,9.277517999999999,1.0974089999999996,3363,4,64123,119,10.374927,34.77985610620691,34740,64,6336,0,128,0,0,0,0,,,,,,,,,,,,,,,,,,,,,,,,,,,,postgresql_automatic_plus_explicit_final_checkpoint,warm_after_write_checkpoint_and_validation,,,,,,postgresql,native,3.11.7,,,native,shifter,e4842c8a99ca99339e1693e6fe5fe62c7becb31991f066f989047dfb2fbf47af,16.12 (Debian 16.12-1.pgdg13+1),3.3.6,180006,client_processes_only,not_collected,baseline,postgres,postgres-metadata,nid004148,59136228,16.12 (Debian 16.12-1.pgdg13+1),2026-09-30T22:08:55.225905+00:00,20260930T220312Z-97eed23f,59136228
24,measured,3,metadata,lustre,16,1000000,20260817,1000,True,2.185144084971398,457635.72611876036,31.86568151973188,28.376123518683016,52.81151637900621,62.864404995925725,1000000,1000000,1000,0.40807507606223226,2.665888556977734,375109.4536125998,64000,100,64000,6400000,0.9319233279675245,68675.17753802838,0.18414905964164063,0.17539993859827518,0.22891457774676385,0.2802730246912688,,trial-0024.json,9.610228,3.0972919999999995,21998,4,5147,20561,12.707519999999997,5.815415142368669,34740,16,1587,0,32,0,0,0,0,6.595095,0.647384,1222,0,64032,27,7.242478999999998,7.771539549069408,34740,16,1584,0,32,0,0,0,0,,,,,,,,,,,,,,,,,,,,,,,,,,,,postgresql_automatic_plus_explicit_final_checkpoint,warm_after_write_checkpoint_and_validation,,,,,,postgresql,native,3.11.7,,,native,shifter,e4842c8a99ca99339e1693e6fe5fe62c7becb31991f066f989047dfb2fbf47af,16.12 (Debian 16.12-1.pgdg13+1),3.3.6,180006,client_processes_only,not_collected,baseline,postgres,postgres-metadata,nid004148,59136228,16.12 (Debian 16.12-1.pgdg13+1),2026-09-30T22:09:02.928293+00:00,20260930T220312Z-97eed23f,59136228
25,measured,4,metadata,tmpfs,1,1000000,20260818,1000,True,9.485341341933236,105425.8317072,8.693909336579964,8.496020978782326,9.347783448174596,13.89680581400171,1000000,1000000,1000,0.044618587009608746,9.593700188910589,104235.0688794617,64000,100,64000,6400000,9.934509358019568,6442.190317968388,0.139240516053178,0.13849791139364243,0.14446000568568707,0.15279614133760336,,trial-0025.json,6.829966,2.45156,5315,0,2992,88,9.281526,0.9785125980620012,34740,1,102,0,2,0,0,0,0,5.783489,0.472386,3059,0,64003,16,6.2558750000000005,0.6297115211784451,35060,1,99,0,2,0,0,0,0,,,,,,,,,,,,,,,,,,,,,,,,,,,,postgresql_automatic_plus_explicit_final_checkpoint,warm_after_write_checkpoint_and_validation,,,,,,postgresql,native,3.11.7,,,native,shifter,e4842c8a99ca99339e1693e6fe5fe62c7becb31991f066f989047dfb2fbf47af,16.12 (Debian 16.12-1.pgdg13+1),3.3.6,180006,client_processes_only,not_collected,baseline,postgres,postgres-metadata,nid004148,59136228,16.12 (Debian 16.12-1.pgdg13+1),2026-09-30T22:09:13.212785+00:00,20260930T220312Z-97eed23f,59136228
26,measured,4,metadata,lustre,16,1000000,20260818,1000,True,2.3210561360465363,430838.3517614114,34.1537799249636,30.844375491142273,56.241689610760645,64.32697974028997,1000000,1000000,1000,0.4223649880150333,2.8051621860358864,356485.6267413007,64000,100,64000,6400000,0.8712151179788634,73460.61687780848,0.18170195988750493,0.17578108236193657,0.2131229266524315,0.26933238492347306,,trial-0026.json,9.684929,3.1349099999999996,19258,3,5342,17981,12.819838999999996,5.523278304606659,34740,16,1587,0,32,0,0,0,0,6.460706999999998,0.6586319999999999,1216,5,64034,24,7.119338999999999,8.171734917222501,34740,16,1584,0,32,0,0,0,0,,,,,,,,,,,,,,,,,,,,,,,,,,,,postgresql_automatic_plus_explicit_final_checkpoint,warm_after_write_checkpoint_and_validation,,,,,,postgresql,native,3.11.7,,,native,shifter,e4842c8a99ca99339e1693e6fe5fe62c7becb31991f066f989047dfb2fbf47af,16.12 (Debian 16.12-1.pgdg13+1),3.3.6,180006,client_processes_only,not_collected,baseline,postgres,postgres-metadata,nid004148,59136228,16.12 (Debian 16.12-1.pgdg13+1),2026-09-30T22:09:36.548198+00:00,20260930T220312Z-97eed23f,59136228
27,measured,4,metadata,lustre,64,1000000,20260818,1000,True,2.042069706018083,489699.248293508,117.37833578162827,112.43681504856795,210.12816871516404,437.9619574430398,1000000,1000000,1000,0.4079531399765983,2.518239396973513,397102.8335121063,64000,100,64000,6400000,0.3193724990123883,200392.95868589322,0.27009915101916704,0.26143703144043684,0.3378274675924332,0.4857435089070353,,trial-0027.json,10.524179000000006,3.4570530000000006,11959,2,6030,21863,13.981232000000002,6.846598800617141,34740,64,6339,0,128,0,0,0,0,8.999299999999998,0.983615,3337,12,64138,45,9.982915,31.25790426812162,34740,64,6336,0,128,0,0,0,0,,,,,,,,,,,,,,,,,,,,,,,,,,,,postgresql_automatic_plus_explicit_final_checkpoint,warm_after_write_checkpoint_and_validation,,,,,,postgresql,native,3.11.7,,,native,shifter,e4842c8a99ca99339e1693e6fe5fe62c7becb31991f066f989047dfb2fbf47af,16.12 (Debian 16.12-1.pgdg13+1),3.3.6,180006,client_processes_only,not_collected,baseline,postgres,postgres-metadata,nid004148,59136228,16.12 (Debian 16.12-1.pgdg13+1),2026-09-30T22:09:46.633998+00:00,20260930T220312Z-97eed23f,59136228
28,measured,4,metadata,lustre,1,1000000,20260818,1000,True,13.274049846921116,75334.95892603925,12.401951335836202,11.809126008301973,12.811353942379355,42.55956795765087,1000000,1000000,1000,0.37745168898254633,13.714058109908365,72917.87682287149,64000,100,64000,6400000,10.602486714953557,6036.319754094627,0.14970111641923722,0.14887901488691568,0.15573352575302127,0.16469905152916908,,trial-0028.json,8.088143,2.7090479999999997,5251,0,3293,6527,10.797191,0.8134059405016008,34740,1,102,0,2,0,0,0,0,5.6388549999999995,0.585099,3347,0,64002,16,6.223953999999999,0.5870277574808791,35068,1,99,0,2,0,0,0,0,,,,,,,,,,,,,,,,,,,,,,,,,,,,postgresql_automatic_plus_explicit_final_checkpoint,warm_after_write_checkpoint_and_validation,,,,,,postgresql,native,3.11.7,,,native,shifter,e4842c8a99ca99339e1693e6fe5fe62c7becb31991f066f989047dfb2fbf47af,16.12 (Debian 16.12-1.pgdg13+1),3.3.6,180006,client_processes_only,not_collected,baseline,postgres,postgres-metadata,nid004148,59136228,16.12 (Debian 16.12-1.pgdg13+1),2026-09-30T22:09:57.254104+00:00,20260930T220312Z-97eed23f,59136228
29,measured,4,metadata,tmpfs,64,1000000,20260818,1000,True,1.6819851130712777,594535.5831205997,100.50397934298962,103.70807844446972,136.57415896304883,145.0478133605793,1000000,1000000,1000,0.057210094993934035,1.844290285021998,542213.9931665217,64000,100,64000,6400000,0.3088466180488467,207222.60261201195,0.2521999501132086,0.2430864260531962,0.3243889659643173,0.43757930048741406,,trial-0029.json,10.426333999999999,3.1476539999999997,11926,7,5993,147,13.573988000000002,8.070218870852024,34740,64,6339,0,128,0,0,0,0,9.628440000000001,1.0258909999999997,3354,7,64132,65,10.654331,34.49715935796625,34740,64,6336,0,128,0,0,0,0,,,,,,,,,,,,,,,,,,,,,,,,,,,,postgresql_automatic_plus_explicit_final_checkpoint,warm_after_write_checkpoint_and_validation,,,,,,postgresql,native,3.11.7,,,native,shifter,e4842c8a99ca99339e1693e6fe5fe62c7becb31991f066f989047dfb2fbf47af,16.12 (Debian 16.12-1.pgdg13+1),3.3.6,180006,client_processes_only,not_collected,baseline,postgres,postgres-metadata,nid004148,59136228,16.12 (Debian 16.12-1.pgdg13+1),2026-09-30T22:10:27.839854+00:00,20260930T220312Z-97eed23f,59136228
30,measured,4,metadata,tmpfs,16,1000000,20260818,1000,True,1.7024778400082141,587379.1578956324,24.466647541034035,24.48565448867157,30.93185173929669,34.560208374168724,1000000,1000000,1000,0.06278845097403973,1.825403000926599,547824.2336034216,64000,100,64000,6400000,0.7935992320999503,80645.23932394567,0.17131736621740856,0.16154407057911158,0.21681003272533417,0.24538644589483746,,trial-0030.json,8.536601999999998,2.8629029999999998,4561,0,5361,194,11.399505,6.695831647327051,34740,16,1587,0,32,0,0,0,0,6.6466639999999995,0.6450370000000001,1216,3,64034,19,7.291701,9.188140190994593,34740,16,1584,0,32,0,0,0,0,,,,,,,,,,,,,,,,,,,,,,,,,,,,postgresql_automatic_plus_explicit_final_checkpoint,warm_after_write_checkpoint_and_validation,,,,,,postgresql,native,3.11.7,,,native,shifter,e4842c8a99ca99339e1693e6fe5fe62c7becb31991f066f989047dfb2fbf47af,16.12 (Debian 16.12-1.pgdg13+1),3.3.6,180006,client_processes_only,not_collected,baseline,postgres,postgres-metadata,nid004148,59136228,16.12 (Debian 16.12-1.pgdg13+1),2026-09-30T22:10:35.506844+00:00,20260930T220312Z-97eed23f,59136228
31,measured,5,metadata,tmpfs,64,1000000,20260819,1000,True,1.6461256380425766,607487.0452714104,95.87365867441986,99.13960448466241,127.95522571541369,131.9391101715155,1000000,1000000,1000,0.05794171302113682,1.8412625839700922,543105.5889072707,64000,100,64000,6400000,0.30654419399797916,208779.03171254293,0.24893180942126492,0.2360380021855235,0.34094101283699274,0.4858423001132906,,trial-0031.json,10.345704,2.9369709999999993,11952,4,5997,129,13.282674999999994,8.069052989050427,34740,64,6339,0,128,0,0,0,0,9.479823000000001,0.8328530000000003,3340,7,64047,168,10.312676000000002,33.64172671320595,34740,64,6336,0,128,0,0,0,0,,,,,,,,,,,,,,,,,,,,,,,,,,,,postgresql_automatic_plus_explicit_final_checkpoint,warm_after_write_checkpoint_and_validation,,,,,,postgresql,native,3.11.7,,,native,shifter,e4842c8a99ca99339e1693e6fe5fe62c7becb31991f066f989047dfb2fbf47af,16.12 (Debian 16.12-1.pgdg13+1),3.3.6,180006,client_processes_only,not_collected,baseline,postgres,postgres-metadata,nid004148,59136228,16.12 (Debian 16.12-1.pgdg13+1),2026-09-30T22:10:42.123662+00:00,20260930T220312Z-97eed23f,59136228
32,measured,5,metadata,tmpfs,1,1000000,20260819,1000,True,9.388709889026359,106510.9063779692,8.61655882303603,8.495258050970733,8.91570181120187,13.529311685124412,1000000,1000000,1000,0.0408183200052008,9.486216322984546,105416.10753457715,64000,100,64000,6400000,9.754120833938941,6561.329420619378,0.13661679582946817,0.13604306150227785,0.14158396515995264,0.1477061142213643,,trial-0032.json,6.793778,2.400689,2703,0,2998,15,9.194467,0.9793110138323272,34740,1,102,0,2,0,0,0,0,5.59801,0.561564,2379,0,64003,7,6.159574,0.6314842828856592,37076,1,99,0,2,0,0,0,0,,,,,,,,,,,,,,,,,,,,,,,,,,,,postgresql_automatic_plus_explicit_final_checkpoint,warm_after_write_checkpoint_and_validation,,,,,,postgresql,native,3.11.7,,,native,shifter,e4842c8a99ca99339e1693e6fe5fe62c7becb31991f066f989047dfb2fbf47af,16.12 (Debian 16.12-1.pgdg13+1),3.3.6,180006,client_processes_only,not_collected,baseline,postgres,postgres-metadata,nid004148,59136228,16.12 (Debian 16.12-1.pgdg13+1),2026-09-30T22:10:50.428138+00:00,20260930T220312Z-97eed23f,59136228
33,measured,5,metadata,lustre,1,1000000,20260819,1000,True,13.142088736989535,76091.40525625994,12.247704452718608,11.50888204574585,13.721249188529326,41.19363315985538,1000000,1000000,1000,0.38477095402777195,13.58658323995769,73602.02210803326,64000,100,64000,6400000,10.621948276995681,6025.259992896689,0.15007555012743978,0.14909892342984676,0.15670398715883493,0.16778560471721005,,trial-0033.json,8.129375999999999,2.701225,5502,0,3193,6342,10.830600999999998,0.824115649859854,34740,1,102,0,2,0,0,0,0,5.703037,0.574638,3137,0,64002,18,6.277675,0.5910097504048082,34740,1,99,0,2,0,0,0,0,,,,,,,,,,,,,,,,,,,,,,,,,,,,postgresql_automatic_plus_explicit_final_checkpoint,warm_after_write_checkpoint_and_validation,,,,,,postgresql,native,3.11.7,,,native,shifter,e4842c8a99ca99339e1693e6fe5fe62c7becb31991f066f989047dfb2fbf47af,16.12 (Debian 16.12-1.pgdg13+1),3.3.6,180006,client_processes_only,not_collected,baseline,postgres,postgres-metadata,nid004148,59136228,16.12 (Debian 16.12-1.pgdg13+1),2026-09-30T22:11:13.425399+00:00,20260930T220312Z-97eed23f,59136228
34,measured,5,metadata,lustre,16,1000000,20260819,1000,True,2.3116614510072395,432589.29613775364,34.16382090712432,31.20539494557306,55.24878339492716,60.67928198259324,1000000,1000000,1000,0.4226766569772735,2.7955809829290956,357707.3982497337,64000,100,64000,6400000,0.9152048409450799,69929.70003732809,0.1904226517144707,0.17768400721251965,0.24075751425698402,0.2835905516985805,,trial-0034.json,9.856654999999998,3.1010360000000006,23168,9,5316,17259,12.957691,5.605358429260505,34740,16,1587,0,32,0,0,0,0,6.758721999999998,0.6756709999999999,1227,1,64033,18,7.434392999999999,8.123201132025182,34740,16,1584,0,32,0,0,0,0,,,,,,,,,,,,,,,,,,,,,,,,,,,,postgresql_automatic_plus_explicit_final_checkpoint,warm_after_write_checkpoint_and_validation,,,,,,postgresql,native,3.11.7,,,native,shifter,e4842c8a99ca99339e1693e6fe5fe62c7becb31991f066f989047dfb2fbf47af,16.12 (Debian 16.12-1.pgdg13+1),3.3.6,180006,client_processes_only,not_collected,baseline,postgres,postgres-metadata,nid004148,59136228,16.12 (Debian 16.12-1.pgdg13+1),2026-09-30T22:11:43.783423+00:00,20260930T220312Z-97eed23f,59136228
35,measured,5,metadata,tmpfs,16,1000000,20260819,1000,True,1.641854448011145,609067.3879230566,23.717298698378727,23.599586565978825,31.618409371003505,35.29036410851404,1000000,1000000,1000,0.05408504605293274,1.7587981120450422,568570.0895125763,64000,100,64000,6400000,0.8976744080428034,71295.33762641066,0.17323009192296013,0.16300601419061422,0.22504749940708282,0.2656553918495775,,trial-0035.json,9.38674,2.9923889999999993,13228,0,5136,647,12.379128999999999,7.539723764792559,35472,16,1587,0,32,0,0,0,0,6.661984,0.620241,1218,4,64034,95,7.282225000000001,8.112323281976382,34740,16,1584,0,32,0,0,0,0,,,,,,,,,,,,,,,,,,,,,,,,,,,,postgresql_automatic_plus_explicit_final_checkpoint,warm_after_write_checkpoint_and_validation,,,,,,postgresql,native,3.11.7,,,native,shifter,e4842c8a99ca99339e1693e6fe5fe62c7becb31991f066f989047dfb2fbf47af,16.12 (Debian 16.12-1.pgdg13+1),3.3.6,180006,client_processes_only,not_collected,baseline,postgres,postgres-metadata,nid004148,59136228,16.12 (Debian 16.12-1.pgdg13+1),2026-09-30T22:11:53.877774+00:00,20260930T220312Z-97eed23f,59136228
36,measured,5,metadata,lustre,64,1000000,20260819,1000,True,2.033090818906203,491861.9427625949,116.98488762660418,114.10255503142253,207.84851267235345,297.80367592698894,1000000,1000000,1000,0.4214301999891177,2.531065013958141,395090.60197397915,64000,100,64000,6400000,0.3200598940020427,199962.57325384085,0.26394886353591573,0.2567979972809553,0.32998092938214546,0.46022383612580614,,trial-0036.json,10.551977999999995,3.342753,11983,7,6008,21951,13.894730999999997,6.834289383823651,34740,64,6339,0,128,0,0,0,0,8.772594999999995,1.045803,3347,15,64147,67,9.818397999999998,30.67675202047444,34740,64,6336,0,128,0,0,0,0,,,,,,,,,,,,,,,,,,,,,,,,,,,,postgresql_automatic_plus_explicit_final_checkpoint,warm_after_write_checkpoint_and_validation,,,,,,postgresql,native,3.11.7,,,native,shifter,e4842c8a99ca99339e1693e6fe5fe62c7becb31991f066f989047dfb2fbf47af,16.12 (Debian 16.12-1.pgdg13+1),3.3.6,180006,client_processes_only,not_collected,baseline,postgres,postgres-metadata,nid004148,59136228,16.12 (Debian 16.12-1.pgdg13+1),2026-09-30T22:12:00.718698+00:00,20260930T220312Z-97eed23f,59136228
1,warmup,1,telemetry,tmpfs,16,1000000,20260813,1000,True,3.7392668949905783,267432.10048463783,56.07891269167885,56.86589848482981,67.39311077981256,72.79211837449111,1000000,1000000,1000,0.062048821011558175,3.86249401292298,258900.07768406617,64000,100,64000,6400000,1.3878021739656106,46116.082825494916,0.21119988318059768,0.19442604389041662,0.2934070536866784,0.34875533194281166,,trial-0001.json,12.216446,2.7756629999999998,34404,21,5986,101,14.992108999999997,4.009371200564642,32292,16,1584,0,32,0,49152,0,0,11.794307,0.874535,8416,7,121150,22,12.668842,9.128708858986073,29356,16,1584,0,32,0,0,0,0,,,,,,,,,,,,,,,,,,,,,,,,,,,,postgresql_automatic_plus_explicit_final_checkpoint,warm_after_write_checkpoint_and_validation,,,,,,postgresql,native,3.11.7,,,native,shifter,e4842c8a99ca99339e1693e6fe5fe62c7becb31991f066f989047dfb2fbf47af,16.12 (Debian 16.12-1.pgdg13+1),3.3.6,180006,client_processes_only,not_collected,baseline,postgres,postgres-telemetry,nid004158,59136230,16.12 (Debian 16.12-1.pgdg13+1),2026-09-30T22:03:13.729944+00:00,20260930T220313Z-9a86d46a,59136230
2,warmup,1,telemetry,tmpfs,1,1000000,20260813,1000,True,12.027837713016197,83140.46330354353,10.269224678748287,10.152495000511408,10.429811745416373,15.013485987437889,1000000,1000000,1000,0.05288446100894362,12.12686677405145,82461.53096525783,64000,100,64000,6400000,14.796700946055353,4325.2884702695665,0.1645196537974698,0.16362708993256092,0.1709701435174793,0.1793471002019942,,trial-0002.json,9.314357000000001,2.53617,27005,0,2991,23,11.850527000000001,0.9852583051711519,35204,1,102,0,2,0,0,0,0,9.89551,0.8123319999999999,2533,0,126303,23,10.707842,0.7236641491260658,35204,1,99,0,2,0,0,0,0,,,,,,,,,,,,,,,,,,,,,,,,,,,,postgresql_automatic_plus_explicit_final_checkpoint,warm_after_write_checkpoint_and_validation,,,,,,postgresql,native,3.11.7,,,native,shifter,e4842c8a99ca99339e1693e6fe5fe62c7becb31991f066f989047dfb2fbf47af,16.12 (Debian 16.12-1.pgdg13+1),3.3.6,180006,client_processes_only,not_collected,baseline,postgres,postgres-telemetry,nid004158,59136230,16.12 (Debian 16.12-1.pgdg13+1),2026-09-30T22:03:27.130684+00:00,20260930T220313Z-9a86d46a,59136230
3,warmup,1,telemetry,lustre,16,1000000,20260813,1000,True,4.4873366709798574,222849.33654903132,67.75278215180151,66.8892425019294,93.9445471507497,102.28965838556178,1000000,1000000,1000,0.46984050900209695,5.024673552019522,199017.90427720005,64000,100,64000,6400000,1.5081756520085037,42435.37542511603,0.25319609764665074,0.23134698858484626,0.35952513571828604,0.43846866465173673,,trial-0003.json,13.031368000000004,2.988696,37661,2,5950,15343,16.020063999999998,3.57006063387302,37252,16,1587,0,32,0,0,0,0,12.994641999999999,0.8417759999999999,13458,5,115890,392,13.836418,9.174274880763017,37252,16,1584,0,32,0,0,0,0,,,,,,,,,,,,,,,,,,,,,,,,,,,,postgresql_automatic_plus_explicit_final_checkpoint,warm_after_write_checkpoint_and_validation,,,,,,postgresql,native,3.11.7,,,native,shifter,e4842c8a99ca99339e1693e6fe5fe62c7becb31991f066f989047dfb2fbf47af,16.12 (Debian 16.12-1.pgdg13+1),3.3.6,180006,client_processes_only,not_collected,baseline,postgres,postgres-telemetry,nid004158,59136230,16.12 (Debian 16.12-1.pgdg13+1),2026-09-30T22:03:57.798410+00:00,20260930T220313Z-9a86d46a,59136230
4,warmup,1,telemetry,lustre,1,1000000,20260813,1000,True,16.102153350017034,62103.49499614858,14.089391916291788,13.435535482130945,14.648750534979621,43.44561128411441,1000000,1000000,1000,0.4296493149595335,16.591093666967936,60273.302054279375,64000,100,64000,6400000,15.57870313199237,4108.172513318507,0.17702676691806118,0.17513905186206102,0.18676102627068758,0.2031130553223193,,trial-0004.json,10.697056,2.9775669999999996,33761,0,3032,7754,13.674623,0.8492418810547183,37252,1,102,0,2,0,0,0,0,9.953394999999999,0.7250009999999999,3590,0,127661,56,10.678396,0.6854483270864109,37252,1,102,0,2,0,0,0,0,,,,,,,,,,,,,,,,,,,,,,,,,,,,postgresql_automatic_plus_explicit_final_checkpoint,warm_after_write_checkpoint_and_validation,,,,,,postgresql,native,3.11.7,,,native,shifter,e4842c8a99ca99339e1693e6fe5fe62c7becb31991f066f989047dfb2fbf47af,16.12 (Debian 16.12-1.pgdg13+1),3.3.6,180006,client_processes_only,not_collected,baseline,postgres,postgres-telemetry,nid004158,59136230,16.12 (Debian 16.12-1.pgdg13+1),2026-09-30T22:04:10.821453+00:00,20260930T220313Z-9a86d46a,59136230
5,warmup,1,telemetry,lustre,64,1000000,20260813,1000,True,4.312671840074472,231874.81846120057,261.2357325970661,259.4111679936759,360.7843399106058,599.8036602290813,1000000,1000000,1000,0.4457257650792599,4.860795461107045,205727.64437453827,64000,100,64000,6400000,0.48035286099184304,133235.38839313126,0.337875437193361,0.3239865181967616,0.45945107704028504,0.6714124535210437,,trial-0005.json,12.665938000000002,3.1242570000000005,24826,5,6323,12890,15.790194999999999,3.6613485990919563,39300,64,6339,0,128,0,0,0,0,16.725117,1.245298,3687,57,103236,246,17.970415,37.410862845480494,39300,64,6336,0,128,0,0,0,0,,,,,,,,,,,,,,,,,,,,,,,,,,,,postgresql_automatic_plus_explicit_final_checkpoint,warm_after_write_checkpoint_and_validation,,,,,,postgresql,native,3.11.7,,,native,shifter,e4842c8a99ca99339e1693e6fe5fe62c7becb31991f066f989047dfb2fbf47af,16.12 (Debian 16.12-1.pgdg13+1),3.3.6,180006,client_processes_only,not_collected,baseline,postgres,postgres-telemetry,nid004158,59136230,16.12 (Debian 16.12-1.pgdg13+1),2026-09-30T22:04:49.253672+00:00,20260930T220313Z-9a86d46a,59136230
6,warmup,1,telemetry,tmpfs,64,1000000,20260813,1000,True,3.596621114993468,278038.7391463713,221.0839253515005,221.50225593941286,274.682554329047,288.87631016084924,1000000,1000000,1000,0.06068558001425117,3.7827696569729596,264356.5669288513,64000,100,64000,6400000,0.44776564999483526,142931.91092424846,0.29497008518956136,0.2879170933738351,0.3805875137913972,0.5035266513004907,,trial-0006.json,12.736779999999996,2.915402,24826,3,6010,272,15.652182000000002,4.351912948169529,39300,64,6339,0,128,0,0,0,0,16.303572999999997,1.21452,3728,4,100658,81,17.518093,39.12335169122969,39300,64,6336,0,128,0,0,0,0,,,,,,,,,,,,,,,,,,,,,,,,,,,,postgresql_automatic_plus_explicit_final_checkpoint,warm_after_write_checkpoint_and_validation,,,,,,postgresql,native,3.11.7,,,native,shifter,e4842c8a99ca99339e1693e6fe5fe62c7becb31991f066f989047dfb2fbf47af,16.12 (Debian 16.12-1.pgdg13+1),3.3.6,180006,client_processes_only,not_collected,baseline,postgres,postgres-telemetry,nid004158,59136230,16.12 (Debian 16.12-1.pgdg13+1),2026-09-30T22:05:03.494758+00:00,20260930T220313Z-9a86d46a,59136230
7,measured,1,telemetry,lustre,16,1000000,20260815,1000,True,4.374342162976973,228605.80236810894,66.38317236676812,65.02284703310579,89.40169056877494,96.40131310326979,1000000,1000000,1000,0.45841610699426383,4.912961054011248,203543.2377758292,64000,100,64000,6400000,1.4488014449598268,44174.44517511137,0.23983345226588426,0.21657906472682953,0.3309299936518073,0.4022988420911135,,trial-0007.json,12.732592999999998,3.19306,38752,0,5950,17633,15.925652999999997,3.6406966823010807,39300,16,1587,0,32,0,0,0,0,12.129071,0.8887889999999998,11279,3,121160,418,13.017859999999999,8.985261607301176,39300,16,1584,0,32,0,0,0,0,,,,,,,,,,,,,,,,,,,,,,,,,,,,postgresql_automatic_plus_explicit_final_checkpoint,warm_after_write_checkpoint_and_validation,,,,,,postgresql,native,3.11.7,,,native,shifter,e4842c8a99ca99339e1693e6fe5fe62c7becb31991f066f989047dfb2fbf47af,16.12 (Debian 16.12-1.pgdg13+1),3.3.6,180006,client_processes_only,not_collected,baseline,postgres,postgres-telemetry,nid004158,59136230,16.12 (Debian 16.12-1.pgdg13+1),2026-09-30T22:05:13.446043+00:00,20260930T220313Z-9a86d46a,59136230
8,measured,1,telemetry,lustre,64,1000000,20260815,1000,True,4.432710174936801,225595.61995596913,273.8479042079998,263.06286751059815,385.9536105359439,410.7459163549356,1000000,1000000,1000,0.4425675179809332,4.979085783939809,200840.0825761087,64000,100,64000,6400000,0.4857520409859717,131754.4644178825,0.3326929073755309,0.3180094645358622,0.46534960856661206,0.6993542180862282,,trial-0008.json,12.855207999999996,3.090204,24805,1,6592,20179,15.945411999999994,3.597215105593348,39300,64,6339,0,128,0,0,0,0,16.715709000000007,1.047327,3721,9,105983,304,17.763036000000003,36.56811397836822,39300,64,6336,0,128,0,0,0,0,,,,,,,,,,,,,,,,,,,,,,,,,,,,postgresql_automatic_plus_explicit_final_checkpoint,warm_after_write_checkpoint_and_validation,,,,,,postgresql,native,3.11.7,,,native,shifter,e4842c8a99ca99339e1693e6fe5fe62c7becb31991f066f989047dfb2fbf47af,16.12 (Debian 16.12-1.pgdg13+1),3.3.6,180006,client_processes_only,not_collected,baseline,postgres,postgres-telemetry,nid004158,59136230,16.12 (Debian 16.12-1.pgdg13+1),2026-09-30T22:05:26.219559+00:00,20260930T220313Z-9a86d46a,59136230
9,measured,1,telemetry,tmpfs,64,1000000,20260815,1000,True,3.6743086309870705,272160.04435951775,226.49190065229777,226.05248750187457,281.8396724469494,297.49290299834684,1000000,1000000,1000,0.06168866599909961,3.833598259021528,260851.53749397723,64000,100,64000,6400000,0.4397088310215622,145550.86340047058,0.29778391793661285,0.2919890102930367,0.38169851177372044,0.46456903102807723,,trial-0009.json,12.503097999999998,2.969306,24805,4,6032,277,15.472404000000001,4.21097015898838,39300,64,6339,0,128,0,0,0,0,16.327084000000006,1.3072789999999999,3710,20,103496,135,17.634362999999997,40.10463687761425,39300,64,6336,0,128,0,0,0,0,,,,,,,,,,,,,,,,,,,,,,,,,,,,postgresql_automatic_plus_explicit_final_checkpoint,warm_after_write_checkpoint_and_validation,,,,,,postgresql,native,3.11.7,,,native,shifter,e4842c8a99ca99339e1693e6fe5fe62c7becb31991f066f989047dfb2fbf47af,16.12 (Debian 16.12-1.pgdg13+1),3.3.6,180006,client_processes_only,not_collected,baseline,postgres,postgres-telemetry,nid004158,59136230,16.12 (Debian 16.12-1.pgdg13+1),2026-09-30T22:05:39.721278+00:00,20260930T220313Z-9a86d46a,59136230
10,measured,1,telemetry,lustre,1,1000000,20260815,1000,True,16.007241014041938,62471.727583958775,14.015802887035534,13.41017393860966,14.712058915756641,43.0772644712124,1000000,1000000,1000,0.45670534693636,16.51585332804825,60547.88572757168,64000,100,64000,6400000,15.71406610601116,4072.7841901796405,0.17917431014393514,0.17345498781651258,0.21849200129508972,0.2291940455324948,,trial-0010.json,10.594028999999999,2.985437,32812,0,3024,7983,13.579466,0.8483327006876303,39300,1,102,0,2,0,0,0,0,10.067428000000001,0.766657,2996,0,127657,96,10.834085000000002,0.68945140786035,39300,1,99,0,2,0,0,0,0,,,,,,,,,,,,,,,,,,,,,,,,,,,,postgresql_automatic_plus_explicit_final_checkpoint,warm_after_write_checkpoint_and_validation,,,,,,postgresql,native,3.11.7,,,native,shifter,e4842c8a99ca99339e1693e6fe5fe62c7becb31991f066f989047dfb2fbf47af,16.12 (Debian 16.12-1.pgdg13+1),3.3.6,180006,client_processes_only,not_collected,baseline,postgres,postgres-telemetry,nid004158,59136230,16.12 (Debian 16.12-1.pgdg13+1),2026-09-30T22:05:49.827103+00:00,20260930T220313Z-9a86d46a,59136230
11,measured,1,telemetry,tmpfs,1,1000000,20260815,1000,True,11.945029675029218,83716.82843873337,10.246854901080951,10.141983046196401,10.400424560066313,15.01683077425696,1000000,1000000,1000,0.04692449502181262,12.041632849955931,83045.21591551928,64000,100,64000,6400000,14.592764453962445,4385.7351499031265,0.161398454423761,0.16045104712247849,0.1679949986282736,0.17971696914173663,,trial-0011.json,9.487401,2.282912,15168,0,2997,108,11.770313,0.985373274091193,39300,1,102,0,2,0,0,0,0,9.772053,0.848267,2059,0,127174,14,10.62032,0.7277798551127995,39300,1,99,0,2,0,0,0,0,,,,,,,,,,,,,,,,,,,,,,,,,,,,postgresql_automatic_plus_explicit_final_checkpoint,warm_after_write_checkpoint_and_validation,,,,,,postgresql,native,3.11.7,,,native,shifter,e4842c8a99ca99339e1693e6fe5fe62c7becb31991f066f989047dfb2fbf47af,16.12 (Debian 16.12-1.pgdg13+1),3.3.6,180006,client_processes_only,not_collected,baseline,postgres,postgres-telemetry,nid004158,59136230,16.12 (Debian 16.12-1.pgdg13+1),2026-09-30T22:06:28.349503+00:00,20260930T220313Z-9a86d46a,59136230
12,measured,1,telemetry,tmpfs,16,1000000,20260815,1000,True,3.579194285091944,279392.4890205594,53.04451004834846,54.41132799023762,65.45144788688049,68.88990318402648,1000000,1000000,1000,0.06697279505897313,3.7287311650579795,268187.74423080473,64000,100,64000,6400000,1.436799261951819,44543.452724954244,0.2421574771979067,0.2359870122745633,0.340046948986128,0.3661381604615599,,trial-0012.json,12.534495999999999,2.799284,36916,5,5934,162,15.333779999999999,4.284142960293673,39300,16,1587,0,32,0,0,0,0,13.745809999999999,0.9631850000000002,14196,2,110313,81,14.708994999999998,10.237334740845128,39300,16,1584,0,32,0,0,0,0,,,,,,,,,,,,,,,,,,,,,,,,,,,,postgresql_automatic_plus_explicit_final_checkpoint,warm_after_write_checkpoint_and_validation,,,,,,postgresql,native,3.11.7,,,native,shifter,e4842c8a99ca99339e1693e6fe5fe62c7becb31991f066f989047dfb2fbf47af,16.12 (Debian 16.12-1.pgdg13+1),3.3.6,180006,client_processes_only,not_collected,baseline,postgres,postgres-telemetry,nid004158,59136230,16.12 (Debian 16.12-1.pgdg13+1),2026-09-30T22:06:58.848111+00:00,20260930T220313Z-9a86d46a,59136230
13,measured,2,telemetry,tmpfs,1,1000000,20260816,1000,True,11.993164469022304,83380.82935349931,10.247223749989644,10.122335515916348,10.52298562717624,14.966913858661428,1000000,1000000,1000,0.04712078406009823,12.0891396390507,82718.87246382449,64000,100,64000,6400000,14.593200717004947,4385.6040385590695,0.16184048970717413,0.16076001338660717,0.1682764675933868,0.17961697769351304,,trial-0013.json,9.24047,2.5762490000000002,29110,0,2994,41,11.816719,0.9852878304572532,39300,1,102,0,2,0,0,0,0,9.838647,0.798067,3364,0,126937,28,10.636714,0.7288814980530904,39300,1,99,0,2,0,0,0,0,,,,,,,,,,,,,,,,,,,,,,,,,,,,postgresql_automatic_plus_explicit_final_checkpoint,warm_after_write_checkpoint_and_validation,,,,,,postgresql,native,3.11.7,,,native,shifter,e4842c8a99ca99339e1693e6fe5fe62c7becb31991f066f989047dfb2fbf47af,16.12 (Debian 16.12-1.pgdg13+1),3.3.6,180006,client_processes_only,not_collected,baseline,postgres,postgres-telemetry,nid004158,59136230,16.12 (Debian 16.12-1.pgdg13+1),2026-09-30T22:07:08.123528+00:00,20260930T220313Z-9a86d46a,59136230
14,measured,2,telemetry,tmpfs,64,1000000,20260816,1000,True,3.348643040051684,298628.4259144462,206.66707355505787,208.2646699855104,256.3685635395814,277.8229557129089,1000000,1000000,1000,0.053022770094685256,3.5176571920746937,284280.11753192067,64000,100,64000,6400000,0.46322183101437986,138162.74561121286,0.3054583397497481,0.2997700357809663,0.39652850246056925,0.5366290512029084,,trial-0014.json,12.732991,3.0564479999999996,24802,9,6011,176,15.789438999999998,4.715175314642166,39300,64,6339,0,128,0,0,0,0,16.776716999999994,1.3087139999999997,3737,5,104419,694,18.085431000000003,39.042700039408494,39300,64,6336,0,128,0,0,0,0,,,,,,,,,,,,,,,,,,,,,,,,,,,,postgresql_automatic_plus_explicit_final_checkpoint,warm_after_write_checkpoint_and_validation,,,,,,postgresql,native,3.11.7,,,native,shifter,e4842c8a99ca99339e1693e6fe5fe62c7becb31991f066f989047dfb2fbf47af,16.12 (Debian 16.12-1.pgdg13+1),3.3.6,180006,client_processes_only,not_collected,baseline,postgres,postgres-telemetry,nid004158,59136230,16.12 (Debian 16.12-1.pgdg13+1),2026-09-30T22:07:38.662528+00:00,20260930T220313Z-9a86d46a,59136230
15,measured,2,telemetry,tmpfs,16,1000000,20260816,1000,True,2.9057758869603276,344142.16336762276,42.59146597434301,43.799645034596324,54.88387825316749,58.06680712848902,1000000,1000000,1000,0.05334386101458222,3.0367947480408475,329294.5631722849,64000,100,64000,6400000,1.2965293229790404,49362.554988688535,0.21313486456529063,0.19360502483323216,0.28194548794999724,0.33750373520888405,,trial-0015.json,13.054767,3.0498199999999995,38744,7,5885,112,16.104587000000002,5.542267410322094,39300,16,1587,0,32,0,0,0,0,11.963352,1.043955,10702,3,117365,65,13.007307,10.032404797535209,39300,16,1584,0,32,0,0,0,0,,,,,,,,,,,,,,,,,,,,,,,,,,,,postgresql_automatic_plus_explicit_final_checkpoint,warm_after_write_checkpoint_and_validation,,,,,,postgresql,native,3.11.7,,,native,shifter,e4842c8a99ca99339e1693e6fe5fe62c7becb31991f066f989047dfb2fbf47af,16.12 (Debian 16.12-1.pgdg13+1),3.3.6,180006,client_processes_only,not_collected,baseline,postgres,postgres-telemetry,nid004158,59136230,16.12 (Debian 16.12-1.pgdg13+1),2026-09-30T22:07:48.398005+00:00,20260930T220313Z-9a86d46a,59136230
16,measured,2,telemetry,lustre,16,1000000,20260816,1000,True,3.958585210959427,252615.50445635951,59.80421979422681,58.23719303589314,84.30086461012252,91.08193987165578,1000000,1000000,1000,0.46211467997636646,4.5100646949140355,221726.30940919588,64000,100,64000,6400000,1.746242121909745,36650.129553631195,0.3087028108911909,0.30417804373428226,0.4005345632322133,0.4834655160084368,,trial-0016.json,13.376452,3.1715749999999994,38180,1,5897,22945,16.548027,4.180288188362458,39300,16,1587,0,32,0,0,0,0,16.982974,1.1146140000000002,13765,3,102960,3221,18.097588000000002,10.363733512628771,39300,16,1584,0,32,0,0,0,0,,,,,,,,,,,,,,,,,,,,,,,,,,,,postgresql_automatic_plus_explicit_final_checkpoint,warm_after_write_checkpoint_and_validation,,,,,,postgresql,native,3.11.7,,,native,shifter,e4842c8a99ca99339e1693e6fe5fe62c7becb31991f066f989047dfb2fbf47af,16.12 (Debian 16.12-1.pgdg13+1),3.3.6,180006,client_processes_only,not_collected,baseline,postgres,postgres-telemetry,nid004158,59136230,16.12 (Debian 16.12-1.pgdg13+1),2026-09-30T22:07:56.819397+00:00,20260930T220313Z-9a86d46a,59136230
17,measured,2,telemetry,lustre,1,1000000,20260816,1000,True,16.19661143689882,61741.309526128316,14.173736724886112,13.374066445976496,15.657461568480354,42.294967139605426,1000000,1000000,1000,0.4409370080102235,16.72014228592161,59808.10347780364,64000,100,64000,6400000,15.4976324159652,4129.663053181536,0.1758904199268727,0.174087006598711,0.1852880697697401,0.20023723132908347,,trial-0017.json,10.932953,2.7052549999999997,37266,0,3062,7698,13.638207999999999,0.8420408215097194,39300,1,102,0,2,0,0,0,0,9.871198,0.76418,2407,0,127898,17,10.635378,0.6862582434878085,39300,1,102,0,2,0,0,0,0,,,,,,,,,,,,,,,,,,,,,,,,,,,,postgresql_automatic_plus_explicit_final_checkpoint,warm_after_write_checkpoint_and_validation,,,,,,postgresql,native,3.11.7,,,native,shifter,e4842c8a99ca99339e1693e6fe5fe62c7becb31991f066f989047dfb2fbf47af,16.12 (Debian 16.12-1.pgdg13+1),3.3.6,180006,client_processes_only,not_collected,baseline,postgres,postgres-telemetry,nid004158,59136230,16.12 (Debian 16.12-1.pgdg13+1),2026-09-30T22:08:09.414019+00:00,20260930T220313Z-9a86d46a,59136230
18,measured,2,telemetry,lustre,64,1000000,20260816,1000,True,3.9155369830550626,255392.81184869795,237.64522067282815,238.0595764843747,326.75839981529856,464.26980230840854,1000000,1000000,1000,0.4543851320631802,4.463624868076295,224033.16352858607,64000,100,64000,6400000,0.5896497219800949,108539.01496821274,0.37415992458227265,0.38136704824864864,0.4952289862558246,0.702703073620797,,trial-0018.json,12.888055999999997,3.1128029999999995,24808,3,6193,14640,16.000859,4.086504372004545,39300,64,6339,0,128,0,0,0,0,18.546637999999998,1.3746090000000002,3721,25,59203,27638,19.921247,33.784883223725984,39300,64,6336,0,128,0,0,0,0,,,,,,,,,,,,,,,,,,,,,,,,,,,,postgresql_automatic_plus_explicit_final_checkpoint,warm_after_write_checkpoint_and_validation,,,,,,postgresql,native,3.11.7,,,native,shifter,e4842c8a99ca99339e1693e6fe5fe62c7becb31991f066f989047dfb2fbf47af,16.12 (Debian 16.12-1.pgdg13+1),3.3.6,180006,client_processes_only,not_collected,baseline,postgres,postgres-telemetry,nid004158,59136230,16.12 (Debian 16.12-1.pgdg13+1),2026-09-30T22:08:47.810613+00:00,20260930T220313Z-9a86d46a,59136230
19,measured,3,telemetry,lustre,1,1000000,20260817,1000,True,15.990514323930256,62537.07540247607,13.953064445173368,13.373642519582063,14.841760508716106,41.431544587248936,1000000,1000000,1000,0.4455761560238898,16.48148619197309,60674.13996239161,64000,100,64000,6400000,15.530806599068455,4120.8419918022,0.1753677938686451,0.17200293950736523,0.19428644445724788,0.22557599120773375,,trial-0019.json,10.813756,2.799962,30048,0,3030,6962,13.613717999999999,0.8513621090740455,39300,1,102,0,2,0,0,0,0,9.883136,0.8339,2068,0,127724,94,10.717036,0.6900501871321231,39300,1,99,0,2,0,0,0,0,,,,,,,,,,,,,,,,,,,,,,,,,,,,postgresql_automatic_plus_explicit_final_checkpoint,warm_after_write_checkpoint_and_validation,,,,,,postgresql,native,3.11.7,,,native,shifter,e4842c8a99ca99339e1693e6fe5fe62c7becb31991f066f989047dfb2fbf47af,16.12 (Debian 16.12-1.pgdg13+1),3.3.6,180006,client_processes_only,not_collected,baseline,postgres,postgres-telemetry,nid004158,59136230,16.12 (Debian 16.12-1.pgdg13+1),2026-09-30T22:09:01.387069+00:00,20260930T220313Z-9a86d46a,59136230
20,measured,3,telemetry,lustre,64,1000000,20260817,1000,True,4.231268801027909,236335.72978324335,256.05073353124317,252.84887349698693,349.51438560965454,561.6393646458163,1000000,1000000,1000,0.45249932492151856,4.7881881250068545,208847.2662085658,64000,100,64000,6400000,0.47398840298410505,135024.40059097018,0.33187598832410004,0.31771406065672636,0.4623560409527273,0.6784112413879503,,trial-0020.json,12.837276000000001,2.9362239999999993,24922,3,6280,12042,15.773500000000002,3.7278416337359896,39300,64,6339,0,128,0,0,0,0,16.230159,1.2250449999999997,3700,32,104077,306,17.455203999999995,36.82622589520475,39300,64,6336,0,128,0,0,0,0,,,,,,,,,,,,,,,,,,,,,,,,,,,,postgresql_automatic_plus_explicit_final_checkpoint,warm_after_write_checkpoint_and_validation,,,,,,postgresql,native,3.11.7,,,native,shifter,e4842c8a99ca99339e1693e6fe5fe62c7becb31991f066f989047dfb2fbf47af,16.12 (Debian 16.12-1.pgdg13+1),3.3.6,180006,client_processes_only,not_collected,baseline,postgres,postgres-telemetry,nid004158,59136230,16.12 (Debian 16.12-1.pgdg13+1),2026-09-30T22:09:39.631748+00:00,20260930T220313Z-9a86d46a,59136230
21,measured,3,telemetry,tmpfs,1,1000000,20260817,1000,True,12.114791273023002,82543.72506002492,10.324230585247278,10.161351470742375,10.631767043378204,15.079462563153356,1000000,1000000,1000,0.057072997093200684,12.23102963308338,81759.26557279586,64000,100,64000,6400000,14.88746555102989,4298.918427762379,0.16387064957234543,0.1629350008442998,0.1703089801594615,0.1786049793008715,,trial-0021.json,9.397602999999998,2.53543,30724,0,2990,111,11.933032999999998,0.9849969950842042,39300,1,102,0,2,0,0,0,0,9.977955,0.850514,3773,0,126336,22,10.828469,0.727354764508651,39300,1,99,0,2,0,0,0,0,,,,,,,,,,,,,,,,,,,,,,,,,,,,postgresql_automatic_plus_explicit_final_checkpoint,warm_after_write_checkpoint_and_validation,,,,,,postgresql,native,3.11.7,,,native,shifter,e4842c8a99ca99339e1693e6fe5fe62c7becb31991f066f989047dfb2fbf47af,16.12 (Debian 16.12-1.pgdg13+1),3.3.6,180006,client_processes_only,not_collected,baseline,postgres,postgres-telemetry,nid004158,59136230,16.12 (Debian 16.12-1.pgdg13+1),2026-09-30T22:09:52.862628+00:00,20260930T220313Z-9a86d46a,59136230
22,measured,3,telemetry,tmpfs,16,1000000,20260817,1000,True,3.760358400992118,265932.0983170551,55.898077818681486,56.96481198538095,67.07338663982227,70.40583880851045,1000000,1000000,1000,0.05924789304845035,3.8855276430258527,257365.30321561437,64000,100,64000,6400000,1.4845837240573019,43109.727638055214,0.2364847782864672,0.2129569766111672,0.3366315795574338,0.41498408303596124,,trial-0022.json,12.528074999999998,3.1244989999999997,36944,0,5959,84,15.652574000000001,4.162521847882981,39300,16,1587,0,32,0,0,0,0,12.8814,1.1321750000000002,14271,7,116539,98,14.013575,9.439396898210305,39300,16,1584,0,32,0,0,0,0,,,,,,,,,,,,,,,,,,,,,,,,,,,,postgresql_automatic_plus_explicit_final_checkpoint,warm_after_write_checkpoint_and_validation,,,,,,postgresql,native,3.11.7,,,native,shifter,e4842c8a99ca99339e1693e6fe5fe62c7becb31991f066f989047dfb2fbf47af,16.12 (Debian 16.12-1.pgdg13+1),3.3.6,180006,client_processes_only,not_collected,baseline,postgres,postgres-telemetry,nid004158,59136230,16.12 (Debian 16.12-1.pgdg13+1),2026-09-30T22:10:23.767218+00:00,20260930T220313Z-9a86d46a,59136230
23,measured,3,telemetry,tmpfs,64,1000000,20260817,1000,True,3.6953725629718974,270608.7093951303,228.43361536681186,226.65985400089994,286.9018906727433,306.85841868515126,1000000,1000000,1000,0.06215897190850228,3.8846542639657855,257423.1661427483,64000,100,64000,6400000,0.550641585025005,116228.05421986738,0.34477287739355233,0.352732022292912,0.49630255089141445,0.6555391370784494,,trial-0023.json,12.576419000000001,2.913817,24826,8,6053,279,15.490236000000003,4.191792772185987,39300,64,6339,0,128,0,0,0,0,18.14961,1.3160789999999998,3726,6,70077,21377,19.465688999999994,35.35092432061055,39300,64,6336,0,128,0,0,0,0,,,,,,,,,,,,,,,,,,,,,,,,,,,,postgresql_automatic_plus_explicit_final_checkpoint,warm_after_write_checkpoint_and_validation,,,,,,postgresql,native,3.11.7,,,native,shifter,e4842c8a99ca99339e1693e6fe5fe62c7becb31991f066f989047dfb2fbf47af,16.12 (Debian 16.12-1.pgdg13+1),3.3.6,180006,client_processes_only,not_collected,baseline,postgres,postgres-telemetry,nid004158,59136230,16.12 (Debian 16.12-1.pgdg13+1),2026-09-30T22:10:33.166580+00:00,20260930T220313Z-9a86d46a,59136230
24,measured,3,telemetry,lustre,16,1000000,20260817,1000,True,4.390701354946941,227754.046371957,66.5969994503539,65.62899798154831,88.47964984015562,96.29723532008937,1000000,1000000,1000,0.4248031990136951,4.8964073959505185,204231.37192935194,64000,100,64000,6400000,1.5379211149411276,41614.61818699976,0.2424488871001813,0.21652900613844395,0.34446806530468177,0.42531621758826144,,trial-0024.json,12.756946,3.2865309999999996,37482,2,5962,15299,16.043477,3.653966804625425,39300,16,1587,0,32,0,0,0,0,12.539183000000001,0.948849,9925,5,120644,221,13.488032000000002,8.770301590219296,39300,16,1584,0,32,0,0,0,0,,,,,,,,,,,,,,,,,,,,,,,,,,,,postgresql_automatic_plus_explicit_final_checkpoint,warm_after_write_checkpoint_and_validation,,,,,,postgresql,native,3.11.7,,,native,shifter,e4842c8a99ca99339e1693e6fe5fe62c7becb31991f066f989047dfb2fbf47af,16.12 (Debian 16.12-1.pgdg13+1),3.3.6,180006,client_processes_only,not_collected,baseline,postgres,postgres-telemetry,nid004158,59136230,16.12 (Debian 16.12-1.pgdg13+1),2026-09-30T22:10:43.184293+00:00,20260930T220313Z-9a86d46a,59136230
25,measured,4,telemetry,tmpfs,1,1000000,20260818,1000,True,11.909887762973085,83963.84751071477,10.221614821697585,10.113123513292521,10.41103052557446,15.005180608714,1000000,1000000,1000,0.048480719910003245,12.002525229938328,83315.80070381059,64000,100,64000,6400000,15.031084196991287,4257.843224164138,0.16813183038539137,0.16217399388551712,0.20707992371171713,0.21563714253716174,,trial-0025.json,9.201725,2.530466,13721,0,2997,70,11.732191,0.9850798960905803,39300,1,102,0,2,0,0,0,0,10.034163,0.704213,2206,0,127855,13,10.738375999999999,0.7144112732832311,39300,1,99,0,2,0,0,0,0,,,,,,,,,,,,,,,,,,,,,,,,,,,,postgresql_automatic_plus_explicit_final_checkpoint,warm_after_write_checkpoint_and_validation,,,,,,postgresql,native,3.11.7,,,native,shifter,e4842c8a99ca99339e1693e6fe5fe62c7becb31991f066f989047dfb2fbf47af,16.12 (Debian 16.12-1.pgdg13+1),3.3.6,180006,client_processes_only,not_collected,baseline,postgres,postgres-telemetry,nid004158,59136230,16.12 (Debian 16.12-1.pgdg13+1),2026-09-30T22:10:56.212850+00:00,20260930T220313Z-9a86d46a,59136230
26,measured,4,telemetry,lustre,16,1000000,20260818,1000,True,4.437107939971611,225372.02464504348,67.03345390583854,64.86488605150953,94.7071058617439,117.78262664796782,1000000,1000000,1000,0.45089729700703174,4.98757255601231,200498.33636897008,64000,100,64000,6400000,1.4793900789227337,43261.07151306821,0.24555067949404474,0.21914404351264238,0.3531544760335237,0.4311430803500116,,trial-0026.json,13.244124999999999,3.1750259999999995,35837,1,5951,19130,16.419151,3.70041730382269,39300,16,1587,0,32,0,0,0,0,12.916014,0.9142650000000001,14035,5,117691,414,13.830278999999999,9.348635763510709,39300,16,1584,0,32,0,0,0,0,,,,,,,,,,,,,,,,,,,,,,,,,,,,postgresql_automatic_plus_explicit_final_checkpoint,warm_after_write_checkpoint_and_validation,,,,,,postgresql,native,3.11.7,,,native,shifter,e4842c8a99ca99339e1693e6fe5fe62c7becb31991f066f989047dfb2fbf47af,16.12 (Debian 16.12-1.pgdg13+1),3.3.6,180006,client_processes_only,not_collected,baseline,postgres,postgres-telemetry,nid004158,59136230,16.12 (Debian 16.12-1.pgdg13+1),2026-09-30T22:11:27.051136+00:00,20260930T220313Z-9a86d46a,59136230
27,measured,4,telemetry,lustre,64,1000000,20260818,1000,True,4.393298154929653,227619.42502762197,271.0373200471513,258.99746996583417,393.1495376687962,462.04090875573456,1000000,1000000,1000,0.44061767600942403,4.941325986990705,202374.8286659803,64000,100,64000,6400000,0.48632874991744757,131598.22447441932,0.3363563147104287,0.3239064244553447,0.47129156300798064,0.6952209561131907,,trial-0027.json,12.863576999999994,3.10227,24786,4,6491,13459,15.965846999999998,3.6341369142189826,41348,64,6339,0,128,0,0,0,0,16.503126,1.186346,3717,13,107305,818,17.689472000000002,36.373486048280554,41348,64,6336,0,128,0,0,0,0,,,,,,,,,,,,,,,,,,,,,,,,,,,,postgresql_automatic_plus_explicit_final_checkpoint,warm_after_write_checkpoint_and_validation,,,,,,postgresql,native,3.11.7,,,native,shifter,e4842c8a99ca99339e1693e6fe5fe62c7becb31991f066f989047dfb2fbf47af,16.12 (Debian 16.12-1.pgdg13+1),3.3.6,180006,client_processes_only,not_collected,baseline,postgres,postgres-telemetry,nid004158,59136230,16.12 (Debian 16.12-1.pgdg13+1),2026-09-30T22:11:39.888612+00:00,20260930T220313Z-9a86d46a,59136230
28,measured,4,telemetry,lustre,1,1000000,20260818,1000,True,15.815263196011074,63230.05742024072,13.866471474175341,13.317906006705016,14.122100034728646,43.04941287497058,1000000,1000000,1000,0.4386479579843581,16.314719352987595,61294.34275661489,64000,100,64000,6400000,15.757931799045764,4061.4466933963745,0.17937762104338617,0.17529894830659032,0.21703050006181004,0.22808121517300609,,trial-0028.json,10.700371,2.72402,23296,0,3040,5888,13.424391,0.8488250137617628,41348,1,102,0,2,0,0,0,0,10.115976999999999,0.731995,3352,0,127742,165,10.847971999999999,0.688413437647757,41348,1,99,0,2,0,0,0,0,,,,,,,,,,,,,,,,,,,,,,,,,,,,postgresql_automatic_plus_explicit_final_checkpoint,warm_after_write_checkpoint_and_validation,,,,,,postgresql,native,3.11.7,,,native,shifter,e4842c8a99ca99339e1693e6fe5fe62c7becb31991f066f989047dfb2fbf47af,16.12 (Debian 16.12-1.pgdg13+1),3.3.6,180006,client_processes_only,not_collected,baseline,postgres,postgres-telemetry,nid004158,59136230,16.12 (Debian 16.12-1.pgdg13+1),2026-09-30T22:11:53.374762+00:00,20260930T220313Z-9a86d46a,59136230
29,measured,4,telemetry,tmpfs,64,1000000,20260818,1000,True,3.6437915209680796,274439.4113234889,225.82919496716931,225.14800197677687,274.66142488992773,293.5363665979821,1000000,1000000,1000,0.060267554013989866,3.8298460990190506,261107.0978168373,64000,100,64000,6400000,0.5540802979376167,115506.7239138788,0.3496228025887831,0.34265301655977964,0.501422997331247,0.662652550963685,,trial-0029.json,12.875804999999998,2.9971820000000005,24805,3,6020,412,15.872986999999998,4.356173208225392,41348,64,6339,0,128,0,0,0,0,18.2022,1.416047,3727,3,87610,8647,19.618247,35.40686624848877,41348,64,6336,0,128,0,0,0,0,,,,,,,,,,,,,,,,,,,,,,,,,,,,postgresql_automatic_plus_explicit_final_checkpoint,warm_after_write_checkpoint_and_validation,,,,,,postgresql,native,3.11.7,,,native,shifter,e4842c8a99ca99339e1693e6fe5fe62c7becb31991f066f989047dfb2fbf47af,16.12 (Debian 16.12-1.pgdg13+1),3.3.6,180006,client_processes_only,not_collected,baseline,postgres,postgres-telemetry,nid004158,59136230,16.12 (Debian 16.12-1.pgdg13+1),2026-09-30T22:12:31.655856+00:00,20260930T220313Z-9a86d46a,59136230
30,measured,4,telemetry,tmpfs,16,1000000,20260818,1000,True,3.7226696360157803,268624.4275681306,55.77015627734363,56.73247203230858,66.36927629006095,69.92333538713865,1000000,1000000,1000,0.06896074605174363,3.863907121005468,258805.3927496527,64000,100,64000,6400000,1.3343527760589495,47963.32810055366,0.22347118989637238,0.2043849672190845,0.2923965570516885,0.3471112251281739,,trial-0030.json,12.259705000000002,2.983107,38979,2,5950,103,15.242811999999999,4.094591648028631,41348,16,1587,0,32,0,0,0,0,12.101975999999997,1.038577,11206,1,114632,72,13.140553,9.847885233776793,41348,16,1584,0,32,0,0,0,0,,,,,,,,,,,,,,,,,,,,,,,,,,,,postgresql_automatic_plus_explicit_final_checkpoint,warm_after_write_checkpoint_and_validation,,,,,,postgresql,native,3.11.7,,,native,shifter,e4842c8a99ca99339e1693e6fe5fe62c7becb31991f066f989047dfb2fbf47af,16.12 (Debian 16.12-1.pgdg13+1),3.3.6,180006,client_processes_only,not_collected,baseline,postgres,postgres-telemetry,nid004158,59136230,16.12 (Debian 16.12-1.pgdg13+1),2026-09-30T22:12:41.613787+00:00,20260930T220313Z-9a86d46a,59136230
31,measured,5,telemetry,tmpfs,64,1000000,20260819,1000,True,3.7097960399696603,269556.5980517296,230.3099706962239,228.753621049691,284.49135360424407,297.29799244203605,1000000,1000000,1000,0.06018578598741442,3.882114624022506,257591.56976252192,64000,100,64000,6400000,0.47341641900129616,135187.537717877,0.3193915968749934,0.30776497442275286,0.4088434507139029,0.607867379439995,,trial-0031.json,13.081101999999996,2.9516450000000005,24844,4,6048,214,16.032747,4.321732738744074,41348,64,6339,0,128,0,0,0,0,17.744625999999997,1.5981519999999998,3729,4,92869,176,19.342778000000003,40.857852038180035,41348,64,6336,0,128,0,0,0,0,,,,,,,,,,,,,,,,,,,,,,,,,,,,postgresql_automatic_plus_explicit_final_checkpoint,warm_after_write_checkpoint_and_validation,,,,,,postgresql,native,3.11.7,,,native,shifter,e4842c8a99ca99339e1693e6fe5fe62c7becb31991f066f989047dfb2fbf47af,16.12 (Debian 16.12-1.pgdg13+1),3.3.6,180006,client_processes_only,not_collected,baseline,postgres,postgres-telemetry,nid004158,59136230,16.12 (Debian 16.12-1.pgdg13+1),2026-09-30T22:12:50.876605+00:00,20260930T220313Z-9a86d46a,59136230
32,measured,5,telemetry,tmpfs,1,1000000,20260819,1000,True,12.10559377190657,82606.43953877737,10.303823820548132,10.164507490117103,10.484738583909348,15.143297482281923,1000000,1000000,1000,0.056399505003355443,12.214433574932627,81870.35394357334,64000,100,64000,6400000,14.725143063929863,4346.307517838106,0.1639518942029099,0.16264407895505428,0.17085997969843447,0.17976692062802613,,trial-0032.json,9.355497,2.5669269999999997,31331,0,2989,38,11.922424,0.9848689973116683,41348,1,102,0,2,0,0,0,0,9.917785,0.7237429999999999,3750,0,122258,22,10.641528000000001,0.7226773929325735,41348,1,99,0,2,0,0,0,0,,,,,,,,,,,,,,,,,,,,,,,,,,,,postgresql_automatic_plus_explicit_final_checkpoint,warm_after_write_checkpoint_and_validation,,,,,,postgresql,native,3.11.7,,,native,shifter,e4842c8a99ca99339e1693e6fe5fe62c7becb31991f066f989047dfb2fbf47af,16.12 (Debian 16.12-1.pgdg13+1),3.3.6,180006,client_processes_only,not_collected,baseline,postgres,postgres-telemetry,nid004158,59136230,16.12 (Debian 16.12-1.pgdg13+1),2026-09-30T22:13:01.088510+00:00,20260930T220313Z-9a86d46a,59136230
33,measured,5,telemetry,lustre,1,1000000,20260819,1000,True,16.196256113937125,61742.6640431726,14.212403137353249,13.479754445143044,15.57369967922568,42.98381631029769,1000000,1000000,1000,0.4208160659763962,16.66315291891806,60012.652159284764,64000,100,64000,6400000,15.774695999105461,4057.1304831249527,0.17962440645533206,0.17289398238062859,0.21729001309722662,0.22593709407374266,,trial-0033.json,11.105699,2.7110399999999997,33365,0,2990,6282,13.816738999999998,0.8530822742492004,41348,1,102,0,2,0,0,0,0,9.906171,0.979698,2483,0,127699,16,10.885869,0.6900842336750773,41348,1,99,0,2,0,0,0,0,,,,,,,,,,,,,,,,,,,,,,,,,,,,postgresql_automatic_plus_explicit_final_checkpoint,warm_after_write_checkpoint_and_validation,,,,,,postgresql,native,3.11.7,,,native,shifter,e4842c8a99ca99339e1693e6fe5fe62c7becb31991f066f989047dfb2fbf47af,16.12 (Debian 16.12-1.pgdg13+1),3.3.6,180006,client_processes_only,not_collected,baseline,postgres,postgres-telemetry,nid004158,59136230,16.12 (Debian 16.12-1.pgdg13+1),2026-09-30T22:13:31.927354+00:00,20260930T220313Z-9a86d46a,59136230
34,measured,5,telemetry,lustre,16,1000000,20260819,1000,True,4.240645151003264,235813.17568234095,64.4490035920171,63.73169500147924,90.42340472224167,99.52861077268608,1000000,1000000,1000,0.44678491703234613,4.771110162022524,209594.82511216836,64000,100,64000,6400000,1.6674190210178494,38382.67357711454,0.27854927789303474,0.269430922344327,0.3763985878322274,0.45580172562040405,,trial-0034.json,12.954197,3.192412,39177,2,5934,15242,16.146608999999998,3.8075831447910673,41348,16,1587,0,32,0,0,0,0,14.783082000000002,1.0258189999999998,15075,5,112300,234,15.808901,9.481060729623744,41348,16,1584,0,32,0,0,0,0,,,,,,,,,,,,,,,,,,,,,,,,,,,,postgresql_automatic_plus_explicit_final_checkpoint,warm_after_write_checkpoint_and_validation,,,,,,postgresql,native,3.11.7,,,native,shifter,e4842c8a99ca99339e1693e6fe5fe62c7becb31991f066f989047dfb2fbf47af,16.12 (Debian 16.12-1.pgdg13+1),3.3.6,180006,client_processes_only,not_collected,baseline,postgres,postgres-telemetry,nid004158,59136230,16.12 (Debian 16.12-1.pgdg13+1),2026-09-30T22:14:10.571497+00:00,20260930T220313Z-9a86d46a,59136230
35,measured,5,telemetry,tmpfs,16,1000000,20260819,1000,True,2.879325937014073,347303.50848609477,42.303099547862075,42.96725749736652,51.16266858531162,53.820346342399716,1000000,1000000,1000,0.05641036597080529,3.0013170139864087,333187.06265946233,64000,100,64000,6400000,1.4693363859551027,43557.0782917749,0.24406267710583052,0.2361620427109301,0.34122094511985784,0.3625712799839676,,trial-0035.json,12.704196999999997,3.050343,38581,5,5896,112,15.754539999999999,5.471607016584519,41348,16,1587,0,32,0,0,0,0,13.653481000000003,1.0050029999999999,13578,8,115409,206,14.658484000000003,9.976261487917656,41348,16,1584,0,32,0,0,0,0,,,,,,,,,,,,,,,,,,,,,,,,,,,,postgresql_automatic_plus_explicit_final_checkpoint,warm_after_write_checkpoint_and_validation,,,,,,postgresql,native,3.11.7,,,native,shifter,e4842c8a99ca99339e1693e6fe5fe62c7becb31991f066f989047dfb2fbf47af,16.12 (Debian 16.12-1.pgdg13+1),3.3.6,180006,client_processes_only,not_collected,baseline,postgres,postgres-telemetry,nid004158,59136230,16.12 (Debian 16.12-1.pgdg13+1),2026-09-30T22:14:23.487849+00:00,20260930T220313Z-9a86d46a,59136230
36,measured,5,telemetry,lustre,64,1000000,20260819,1000,True,4.13360320602078,241919.68850407674,249.10217425436713,246.76603748230264,336.456564994296,610.1327247335576,1000000,1000000,1000,0.45156337798107415,4.664618490962312,214379.80446578813,64000,100,64000,6400000,0.4845472270390019,132082.0684313782,0.331651608194079,0.3173940349370241,0.46976248850114666,0.6719428405631339,,trial-0036.json,12.70142,3.1290089999999995,24835,35,6353,14841,15.830428999999997,3.829692452565902,41348,64,6339,0,128,0,0,0,0,16.267128,1.193198,3686,57,107309,591,17.460326,36.03431208697144,41348,64,6336,0,128,0,0,0,0,,,,,,,,,,,,,,,,,,,,,,,,,,,,postgresql_automatic_plus_explicit_final_checkpoint,warm_after_write_checkpoint_and_validation,,,,,,postgresql,native,3.11.7,,,native,shifter,e4842c8a99ca99339e1693e6fe5fe62c7becb31991f066f989047dfb2fbf47af,16.12 (Debian 16.12-1.pgdg13+1),3.3.6,180006,client_processes_only,not_collected,baseline,postgres,postgres-telemetry,nid004158,59136230,16.12 (Debian 16.12-1.pgdg13+1),2026-09-30T22:14:32.005948+00:00,20260930T220313Z-9a86d46a,59136230
1,warmup,1,metadata,tmpfs,16,1000000,20260813,1000,True,1.4563000199850649,686671.6928358317,21.62932867661584,20.914346969220787,34.814842022024095,77.73456079652533,1000000,1000000,1000,,1.4563000199850649,686671.6928358317,1024,100,1024,102400,10.167432203073986,100.71372786635425,157.2698126716432,157.83538855612278,182.14008949580602,284.38957792823203,,trial-0001.json,3.911486,0.099024,3064,2,1001,32,4.01051,2.753903690835031,19756,16,1584,0,32,0,0,0,0,0.8568189999999999,0.08127199999999998,596,1,1238,22,0.9380909999999999,0.09226429852331651,21636,16,1584,0,32,0,0,0,0,,,,,,,,,,,,,,,,,,,,,False,2.9.1,1,1000000,1000,HTTP_batch_request_not_SQL_transaction,synchronous_HTTP_204_acknowledgements,no_explicit_checkpoint_API_used,warm_after_acknowledged_writes_and_validation_no_checkpoint,0s,True,0.26408717094454914,0,0,influxdb,native,3.11.7,,,native,shifter,db0bdab1e5ad5ee899c127b8c13d9c986a3ced78cd9200dd80a1064bf1533b6e,,python_stdlib_http.client,,client_processes_only,not_collected,baseline,influx,influx-metadata,nid004584,59188702,2.9.1,2026-10-02T06:01:20.093843+00:00,20261002T060120Z-6d8d2b02,59188702
2,warmup,1,metadata,tmpfs,1,1000000,20260813,1000,True,11.154980223043822,89646.05763569282,9.959581030649133,9.496420563664287,13.188918889500199,20.05696133128367,1000000,1000000,1000,,11.154980223043822,89646.05763569282,1024,100,1024,102400,69.54709799808916,14.72383506250879,67.87276744148585,67.62413453543559,86.41554844216444,91.61101704346947,,trial-0002.json,3.421612,0.07449399999999999,3243,0,1000,81,3.496106,0.3134121199764915,19152,1,102,0,2,0,0,0,0,0.757678,0.075472,45,0,1047,15,0.83315,0.011979651545243357,18668,1,99,0,2,0,0,0,0,,,,,,,,,,,,,,,,,,,,,False,2.9.1,1,1000000,1000,HTTP_batch_request_not_SQL_transaction,synchronous_HTTP_204_acknowledgements,no_explicit_checkpoint_API_used,warm_after_acknowledged_writes_and_validation_no_checkpoint,0s,True,0.2641943290363997,0,0,influxdb,native,3.11.7,,,native,shifter,db0bdab1e5ad5ee899c127b8c13d9c986a3ced78cd9200dd80a1064bf1533b6e,,python_stdlib_http.client,,client_processes_only,not_collected,baseline,influx,influx-metadata,nid004584,59188702,2.9.1,2026-10-02T06:01:46.834473+00:00,20261002T060120Z-6d8d2b02,59188702
3,warmup,1,metadata,lustre,16,1000000,20260813,1000,True,1.5557806439464912,642764.135092552,23.335103251039982,21.93461504066363,35.8041715750005,134.85651488299482,1000000,1000000,1000,,1.5557806439464912,642764.135092552,1024,100,1024,102400,10.378978693042882,98.66095983860107,160.35619310798666,160.28501751134172,185.25318813626654,269.27955150953494,,trial-0003.json,3.920191999999999,0.08180899999999999,3098,0,1000,1665,4.002001,2.572342711404528,19596,16,1587,0,32,0,0,0,0,0.8401919999999999,0.09019699999999997,596,0,1242,21,0.930389,0.08964167164382443,19720,16,1584,0,32,0,0,0,0,,,,,,,,,,,,,,,,,,,,,False,2.9.1,1,1000000,1000,HTTP_batch_request_not_SQL_transaction,synchronous_HTTP_204_acknowledgements,no_explicit_checkpoint_API_used,warm_after_acknowledged_writes_and_validation_no_checkpoint,0s,True,0.3142218290595338,0,0,influxdb,native,3.11.7,,,native,shifter,db0bdab1e5ad5ee899c127b8c13d9c986a3ced78cd9200dd80a1064bf1533b6e,,python_stdlib_http.client,,client_processes_only,not_collected,baseline,influx,influx-metadata,nid004584,59188702,2.9.1,2026-10-02T06:03:18.598107+00:00,20261002T060120Z-6d8d2b02,59188702
4,warmup,1,metadata,lustre,1,1000000,20260813,1000,True,12.676852889941074,78883.9318939709,11.561256580636837,11.017976037692279,14.933754183584815,21.46562219131738,1000000,1000000,1000,,12.676852889941074,78883.9318939709,1024,100,1024,102400,75.47122904495336,13.568084327738575,73.65767927490197,72.83932546852157,94.25164737040177,101.58739947364663,,trial-0004.json,3.409394,0.062882,3075,0,1000,96,3.472276,0.27390678350106973,19580,1,102,0,2,0,0,0,0,0.786136,0.053912,45,0,1043,25,0.8400479999999999,0.01113070517905091,19612,1,99,0,2,0,0,0,0,,,,,,,,,,,,,,,,,,,,,False,2.9.1,1,1000000,1000,HTTP_batch_request_not_SQL_transaction,synchronous_HTTP_204_acknowledgements,no_explicit_checkpoint_API_used,warm_after_acknowledged_writes_and_validation_no_checkpoint,0s,True,0.3142645410262048,0,0,influxdb,native,3.11.7,,,native,shifter,db0bdab1e5ad5ee899c127b8c13d9c986a3ced78cd9200dd80a1064bf1533b6e,,python_stdlib_http.client,,client_processes_only,not_collected,baseline,influx,influx-metadata,nid004584,59188702,2.9.1,2026-10-02T06:03:42.023144+00:00,20261002T060120Z-6d8d2b02,59188702
5,warmup,1,metadata,lustre,64,1000000,20260813,1000,True,1.2901425870368257,775108.1237437332,76.22333997825626,64.78800653712824,231.53135440079492,288.1153216678649,1000000,1000000,1000,,1.2901425870368257,775108.1237437332,1024,100,1024,102400,7.85166067793034,130.4182697143659,481.9238857436403,485.3651575394906,579.6494627487846,612.400787497172,,trial-0005.json,4.127124,0.130127,12408,3,1001,2058,4.257250999999999,3.2998298349161312,20568,64,6339,0,128,0,0,0,0,0.8022259999999998,0.12370500000000001,2379,3,1598,17,0.9259310000000002,0.1179280457957935,18780,64,6336,0,128,0,0,0,0,,,,,,,,,,,,,,,,,,,,,False,2.9.1,1,1000000,1000,HTTP_batch_request_not_SQL_transaction,synchronous_HTTP_204_acknowledgements,no_explicit_checkpoint_API_used,warm_after_acknowledged_writes_and_validation_no_checkpoint,0s,True,0.26401227700989693,0,0,influxdb,native,3.11.7,,,native,shifter,db0bdab1e5ad5ee899c127b8c13d9c986a3ced78cd9200dd80a1064bf1533b6e,,python_stdlib_http.client,,client_processes_only,not_collected,baseline,influx,influx-metadata,nid004584,59188702,2.9.1,2026-10-02T06:05:21.412273+00:00,20261002T060120Z-6d8d2b02,59188702
6,warmup,1,metadata,tmpfs,64,1000000,20260813,1000,True,1.1826089889509603,845588.0255798287,71.03711997694336,66.15657906513661,148.63975683692803,173.73736035660838,1000000,1000000,1000,,1.1826089889509603,845588.0255798287,1024,100,1024,102400,7.169996632030234,142.81736136744144,442.13885185558865,440.8402660046704,537.0643845468294,563.2826699665746,,trial-0006.json,4.025345999999999,0.15614299999999998,12382,4,1003,71,4.181488999999997,3.53581702749377,19804,64,6339,0,128,0,0,0,0,0.826034,0.08194500000000003,2375,4,1511,19,0.9079789999999999,0.1266359032783673,19464,64,6336,0,128,0,0,0,0,,,,,,,,,,,,,,,,,,,,,False,2.9.1,1,1000000,1000,HTTP_batch_request_not_SQL_transaction,synchronous_HTTP_204_acknowledgements,no_explicit_checkpoint_API_used,warm_after_acknowledged_writes_and_validation_no_checkpoint,0s,True,0.21440833795350045,0,0,influxdb,native,3.11.7,,,native,shifter,db0bdab1e5ad5ee899c127b8c13d9c986a3ced78cd9200dd80a1064bf1533b6e,,python_stdlib_http.client,,client_processes_only,not_collected,baseline,influx,influx-metadata,nid004584,59188702,2.9.1,2026-10-02T06:05:43.616122+00:00,20261002T060120Z-6d8d2b02,59188702
7,measured,1,metadata,lustre,16,1000000,20260815,1000,True,1.5965049179503694,626368.2552784263,23.750429144361988,21.673303504940122,36.46945433574729,147.6148541632574,1000000,1000000,1000,,1.5965049179503694,626368.2552784263,1024,100,1024,102400,10.5260943089379,97.28204687758715,163.07048916974054,162.99837303813547,189.92800495470874,295.79879497992806,,trial-0007.json,3.8949879999999992,0.10943100000000001,3084,1,1000,1821,4.0044189999999995,2.50824094243378,19592,16,1587,0,32,0,0,0,0,0.863745,0.05579499999999999,596,1,1243,30,0.9195399999999999,0.0873581380720864,18392,16,1584,0,32,0,0,0,0,,,,,,,,,,,,,,,,,,,,,False,2.9.1,1,1000000,1000,HTTP_batch_request_not_SQL_transaction,synchronous_HTTP_204_acknowledgements,no_explicit_checkpoint_API_used,warm_after_acknowledged_writes_and_validation_no_checkpoint,0s,True,0.3143642640206963,0,0,influxdb,native,3.11.7,,,native,shifter,db0bdab1e5ad5ee899c127b8c13d9c986a3ced78cd9200dd80a1064bf1533b6e,,python_stdlib_http.client,,client_processes_only,not_collected,baseline,influx,influx-metadata,nid004584,59188702,2.9.1,2026-10-02T06:06:04.345048+00:00,20261002T060120Z-6d8d2b02,59188702
8,measured,1,metadata,lustre,64,1000000,20260815,1000,True,1.3353875629836693,748846.2733363267,78.66959574550856,66.16666907211766,232.72955600987189,308.18760816473514,1000000,1000000,1000,,1.3353875629836693,748846.2733363267,1024,100,1024,102400,7.905113097047433,129.5364136387201,485.9672257365446,488.8136385125108,588.4621012082789,615.9540032420772,,trial-0008.json,4.049497999999999,0.17553400000000005,12407,2,1000,2725,4.225032000000001,3.1638994679267274,19876,64,6339,0,128,0,0,0,0,0.7916980000000001,0.13300799999999996,2376,5,1552,24,0.924706,0.11697568252949835,18820,64,6336,0,128,0,0,0,0,,,,,,,,,,,,,,,,,,,,,False,2.9.1,1,1000000,1000,HTTP_batch_request_not_SQL_transaction,synchronous_HTTP_204_acknowledgements,no_explicit_checkpoint_API_used,warm_after_acknowledged_writes_and_validation_no_checkpoint,0s,True,0.4143499389756471,0,0,influxdb,native,3.11.7,,,native,shifter,db0bdab1e5ad5ee899c127b8c13d9c986a3ced78cd9200dd80a1064bf1533b6e,,python_stdlib_http.client,,client_processes_only,not_collected,baseline,influx,influx-metadata,nid004584,59188702,2.9.1,2026-10-02T06:06:27.980946+00:00,20261002T060120Z-6d8d2b02,59188702
9,measured,1,metadata,tmpfs,64,1000000,20260815,1000,True,1.2005805909866467,832930.3401266816,72.30745767243207,67.22717505181208,151.2060877517797,182.75024069356732,1000000,1000000,1000,,1.2005805909866467,832930.3401266816,1024,100,1024,102400,7.400245019001886,138.3737967284376,454.11869402937555,455.96333348657936,543.9031011250336,583.2830486388411,,trial-0009.json,4.1203199999999995,0.13066699999999998,12489,2,1000,67,4.250986999999999,3.5407760477841013,18812,64,6339,0,128,0,0,0,0,0.8130109999999998,0.09997700000000001,2381,2,1557,25,0.9129880000000002,0.12337267180420199,18376,64,6336,0,128,0,0,0,0,,,,,,,,,,,,,,,,,,,,,False,2.9.1,1,1000000,1000,HTTP_batch_request_not_SQL_transaction,synchronous_HTTP_204_acknowledgements,no_explicit_checkpoint_API_used,warm_after_acknowledged_writes_and_validation_no_checkpoint,0s,True,0.3158733950695023,0,0,influxdb,native,3.11.7,,,native,shifter,db0bdab1e5ad5ee899c127b8c13d9c986a3ced78cd9200dd80a1064bf1533b6e,,python_stdlib_http.client,,client_processes_only,not_collected,baseline,influx,influx-metadata,nid004584,59188702,2.9.1,2026-10-02T06:06:49.988729+00:00,20261002T060120Z-6d8d2b02,59188702
10,measured,1,metadata,lustre,1,1000000,20260815,1000,True,12.699036738020368,78746.1301695461,11.547072823508643,10.973521508276463,15.137303672963752,21.555981133133173,1000000,1000000,1000,,12.699036738020368,78746.1301695461,1024,100,1024,102400,77.1706500359578,13.26929343633707,75.31432366170066,74.2899559554644,94.55501487245783,100.69760676589793,,trial-0010.json,3.455748,0.06416,3516,0,1000,90,3.519908,0.2771791335528267,19160,1,102,0,2,0,0,0,0,0.8012739999999999,0.075267,45,0,1040,19,0.8765409999999999,0.011358476306621417,18608,1,99,0,2,0,0,0,0,,,,,,,,,,,,,,,,,,,,,False,2.9.1,1,1000000,1000,HTTP_batch_request_not_SQL_transaction,synchronous_HTTP_204_acknowledgements,no_explicit_checkpoint_API_used,warm_after_acknowledged_writes_and_validation_no_checkpoint,0s,True,0.3645948659395799,0,0,influxdb,native,3.11.7,,,native,shifter,db0bdab1e5ad5ee899c127b8c13d9c986a3ced78cd9200dd80a1064bf1533b6e,,python_stdlib_http.client,,client_processes_only,not_collected,baseline,influx,influx-metadata,nid004584,59188702,2.9.1,2026-10-02T06:07:11.130158+00:00,20261002T060120Z-6d8d2b02,59188702
11,measured,1,metadata,tmpfs,1,1000000,20260815,1000,True,11.210564619977959,89201.57314984249,10.030981432995759,9.557744022458792,13.974982924992213,20.009343627607446,1000000,1000000,1000,,11.210564619977959,89201.57314984249,1024,100,1024,102400,69.59841938503087,14.71297780966906,67.92260564077424,67.09374894853681,86.35694907279685,92.29713804321362,,trial-0011.json,3.501346,0.062551,3762,0,1000,101,3.563897,0.3179052189440042,20164,1,102,0,2,0,0,0,0,0.7442949999999999,0.08935099999999999,45,0,1043,32,0.8336459999999999,0.011977944432733761,18656,1,99,0,2,0,0,0,0,,,,,,,,,,,,,,,,,,,,,False,2.9.1,1,1000000,1000,HTTP_batch_request_not_SQL_transaction,synchronous_HTTP_204_acknowledgements,no_explicit_checkpoint_API_used,warm_after_acknowledged_writes_and_validation_no_checkpoint,0s,True,0.41502086201217026,0,0,influxdb,native,3.11.7,,,native,shifter,db0bdab1e5ad5ee899c127b8c13d9c986a3ced78cd9200dd80a1064bf1533b6e,,python_stdlib_http.client,,client_processes_only,not_collected,baseline,influx,influx-metadata,nid004584,59188702,2.9.1,2026-10-02T06:08:52.157592+00:00,20261002T060120Z-6d8d2b02,59188702
12,measured,1,metadata,tmpfs,16,1000000,20260815,1000,True,1.416128069977276,706150.8215256594,21.185807729139924,20.60397044988349,35.676550923381,74.91369427531026,1000000,1000000,1000,,1.416128069977276,706150.8215256594,1024,100,1024,102400,10.008356145001017,102.31450451645533,153.85845872015125,154.816911497619,179.31296520400792,269.696938295383,,trial-0012.json,3.8874749999999993,0.08012200000000001,3134,1,1000,35,3.967596999999999,2.801721881032741,19396,16,1587,0,32,0,0,0,0,0.8486,0.072401,594,3,1243,18,0.921001,0.092023204076328,19720,16,1584,0,32,0,0,0,0,,,,,,,,,,,,,,,,,,,,,False,2.9.1,1,1000000,1000,HTTP_batch_request_not_SQL_transaction,synchronous_HTTP_204_acknowledgements,no_explicit_checkpoint_API_used,warm_after_acknowledged_writes_and_validation_no_checkpoint,0s,True,0.36453067895490676,0,0,influxdb,native,3.11.7,,,native,shifter,db0bdab1e5ad5ee899c127b8c13d9c986a3ced78cd9200dd80a1064bf1533b6e,,python_stdlib_http.client,,client_processes_only,not_collected,baseline,influx,influx-metadata,nid004584,59188702,2.9.1,2026-10-02T06:10:24.078333+00:00,20261002T060120Z-6d8d2b02,59188702
13,measured,2,metadata,tmpfs,1,1000000,20260816,1000,True,11.215725464979187,89160.52761120751,10.032628568354994,9.54534305492416,14.076717110583544,20.269212146522477,1000000,1000000,1000,,11.215725464979187,89160.52761120751,1024,100,1024,102400,68.9200844799634,14.85778793985227,67.25934677092482,66.65572850033641,85.96241665654816,91.09815808944404,,trial-0013.json,3.4712780000000003,0.051383000000000005,3372,0,1000,91,3.5226610000000003,0.3140823133554239,19756,1,102,0,2,0,0,0,0,0.7952469999999999,0.05711499999999999,45,0,1045,30,0.852362,0.012367396332019883,19152,1,99,0,2,0,0,0,0,,,,,,,,,,,,,,,,,,,,,False,2.9.1,1,1000000,1000,HTTP_batch_request_not_SQL_transaction,synchronous_HTTP_204_acknowledgements,no_explicit_checkpoint_API_used,warm_after_acknowledged_writes_and_validation_no_checkpoint,0s,True,0.4159484899137169,0,0,influxdb,native,3.11.7,,,native,shifter,db0bdab1e5ad5ee899c127b8c13d9c986a3ced78cd9200dd80a1064bf1533b6e,,python_stdlib_http.client,,client_processes_only,not_collected,baseline,influx,influx-metadata,nid004584,59188702,2.9.1,2026-10-02T06:10:46.872999+00:00,20261002T060120Z-6d8d2b02,59188702
14,measured,2,metadata,tmpfs,64,1000000,20260816,1000,True,1.1763369250111282,850096.5826525763,70.45938233600464,66.67765905149281,130.46637167572032,154.44904013187625,1000000,1000000,1000,,1.1763369250111282,850096.5826525763,1024,100,1024,102400,6.694166137021966,152.96901496614885,410.5226555753916,408.99428306147456,515.6301529961638,551.4343899337109,,trial-0014.json,4.3403670000000005,0.125916,12465,3,1000,43,4.466283000000001,3.796771915459297,17428,64,6339,0,128,0,0,0,0,0.8102879999999999,0.115509,2377,7,1539,20,0.925797,0.13829907729357002,18372,64,6336,0,128,0,0,0,0,,,,,,,,,,,,,,,,,,,,,False,2.9.1,1,1000000,1000,HTTP_batch_request_not_SQL_transaction,synchronous_HTTP_204_acknowledgements,no_explicit_checkpoint_API_used,warm_after_acknowledged_writes_and_validation_no_checkpoint,0s,True,0.3645406599389389,0,0,influxdb,native,3.11.7,,,native,shifter,db0bdab1e5ad5ee899c127b8c13d9c986a3ced78cd9200dd80a1064bf1533b6e,,python_stdlib_http.client,,client_processes_only,not_collected,baseline,influx,influx-metadata,nid004584,59188702,2.9.1,2026-10-02T06:12:18.164366+00:00,20261002T060120Z-6d8d2b02,59188702
15,measured,2,metadata,tmpfs,16,1000000,20260816,1000,True,1.3967444309964776,715950.5903929549,20.699282099143602,19.816316023934633,32.41127822548151,73.04531852365471,1000000,1000000,1000,,1.3967444309964776,715950.5903929549,1024,100,1024,102400,9.766383017995395,104.84946147547076,150.12733464448047,151.76263795001432,174.27455263677984,269.6319866052363,,trial-0015.json,3.8524689999999993,0.08132899999999998,3073,1,1000,23,3.933798,2.816405000586625,20544,16,1587,0,32,0,0,0,0,0.809299,0.09545100000000001,596,0,1266,24,0.9047499999999999,0.09263920924798064,15432,16,1584,0,32,0,0,0,0,,,,,,,,,,,,,,,,,,,,,False,2.9.1,1,1000000,1000,HTTP_batch_request_not_SQL_transaction,synchronous_HTTP_204_acknowledgements,no_explicit_checkpoint_API_used,warm_after_acknowledged_writes_and_validation_no_checkpoint,0s,True,0.3140874159289524,0,0,influxdb,native,3.11.7,,,native,shifter,db0bdab1e5ad5ee899c127b8c13d9c986a3ced78cd9200dd80a1064bf1533b6e,,python_stdlib_http.client,,client_processes_only,not_collected,baseline,influx,influx-metadata,nid004584,59188702,2.9.1,2026-10-02T06:12:38.548502+00:00,20261002T060120Z-6d8d2b02,59188702
16,measured,2,metadata,lustre,16,1000000,20260816,1000,True,1.5894764820113778,629137.9654353651,23.602528378134593,21.53416397050023,37.787795544136316,144.37640128890052,1000000,1000000,1000,,1.5894764820113778,629137.9654353651,1024,100,1024,102400,10.239314596052282,100.00669384597269,158.50402346563897,158.4468680084683,182.33711402863264,271.57625598600134,,trial-0016.json,3.9394329999999997,0.057969,3152,3,1002,1785,3.9974019999999992,2.514917361307259,19756,16,1587,0,32,0,0,0,0,0.828836,0.09820599999999997,594,1,1221,27,0.927042,0.09053750534800607,17632,16,1584,0,32,0,0,0,0,,,,,,,,,,,,,,,,,,,,,False,2.9.1,1,1000000,1000,HTTP_batch_request_not_SQL_transaction,synchronous_HTTP_204_acknowledgements,no_explicit_checkpoint_API_used,warm_after_acknowledged_writes_and_validation_no_checkpoint,0s,True,0.2640360030345619,0,0,influxdb,native,3.11.7,,,native,shifter,db0bdab1e5ad5ee899c127b8c13d9c986a3ced78cd9200dd80a1064bf1533b6e,,python_stdlib_http.client,,client_processes_only,not_collected,baseline,influx,influx-metadata,nid004584,59188702,2.9.1,2026-10-02T06:13:00.907036+00:00,20261002T060120Z-6d8d2b02,59188702
17,measured,2,metadata,lustre,1,1000000,20260816,1000,True,12.590152313001454,79427.15664903684,11.459891343256459,10.915058548562229,14.392603334272263,21.75835757050663,1000000,1000000,1000,,12.590152313001454,79427.15664903684,1024,100,1024,102400,73.66890287504066,13.90003054256066,71.8978193096973,71.22031005565077,91.48831411730498,96.36010343325324,,trial-0017.json,3.429456,0.06897699999999998,3112,0,1000,105,3.498433,0.2778705859171599,19748,1,102,0,2,0,0,0,0,0.7630319999999999,0.073687,46,0,1048,17,0.836719,0.011357831694864075,19392,1,99,0,2,0,0,0,0,,,,,,,,,,,,,,,,,,,,,False,2.9.1,1,1000000,1000,HTTP_batch_request_not_SQL_transaction,synchronous_HTTP_204_acknowledgements,no_explicit_checkpoint_API_used,warm_after_acknowledged_writes_and_validation_no_checkpoint,0s,True,0.414525679894723,0,0,influxdb,native,3.11.7,,,native,shifter,db0bdab1e5ad5ee899c127b8c13d9c986a3ced78cd9200dd80a1064bf1533b6e,,python_stdlib_http.client,,client_processes_only,not_collected,baseline,influx,influx-metadata,nid004584,59188702,2.9.1,2026-10-02T06:13:24.099913+00:00,20261002T060120Z-6d8d2b02,59188702
18,measured,2,metadata,lustre,64,1000000,20260816,1000,True,1.2996861070860177,769416.5495406166,77.2646198059665,66.61093450384215,238.49219332332723,296.743750104215,1000000,1000000,1000,,1.2996861070860177,769416.5495406166,1024,100,1024,102400,7.857020497089252,130.32930235823565,482.46396066508623,483.41190349310637,584.9343416979536,616.7153667577076,,trial-0018.json,3.965443,0.215883,12404,2,1001,2490,4.181326,3.217181423424468,19396,64,6339,0,128,0,0,0,0,0.7869599999999998,0.15778399999999998,2372,4,1569,40,0.9447439999999997,0.1202420179952431,18684,64,6336,0,128,0,0,0,0,,,,,,,,,,,,,,,,,,,,,False,2.9.1,1,1000000,1000,HTTP_batch_request_not_SQL_transaction,synchronous_HTTP_204_acknowledgements,no_explicit_checkpoint_API_used,warm_after_acknowledged_writes_and_validation_no_checkpoint,0s,True,0.31499868305400014,0,0,influxdb,native,3.11.7,,,native,shifter,db0bdab1e5ad5ee899c127b8c13d9c986a3ced78cd9200dd80a1064bf1533b6e,,python_stdlib_http.client,,client_processes_only,not_collected,baseline,influx,influx-metadata,nid004584,59188702,2.9.1,2026-10-02T06:15:01.605760+00:00,20261002T060120Z-6d8d2b02,59188702
19,measured,3,metadata,lustre,1,1000000,20260817,1000,True,12.652883504983038,79033.36813353049,11.520039855968207,10.967228503432125,15.781720814993578,20.731153263477605,1000000,1000000,1000,,12.652883504983038,79033.36813353049,1024,100,1024,102400,75.56947808200493,13.550444253284331,73.7527798987685,72.81175197567791,93.07816596119665,100.60988343786448,,trial-0019.json,3.481609,0.076705,3444,0,1000,112,3.558314,0.28122554029669544,19856,1,102,0,2,0,0,0,0,0.79665,0.04092699999999999,45,0,1047,23,0.837577,0.011083535592122197,16828,1,99,0,2,0,0,0,0,,,,,,,,,,,,,,,,,,,,,False,2.9.1,1,1000000,1000,HTTP_batch_request_not_SQL_transaction,synchronous_HTTP_204_acknowledgements,no_explicit_checkpoint_API_used,warm_after_acknowledged_writes_and_validation_no_checkpoint,0s,True,0.2640704739606008,0,0,influxdb,native,3.11.7,,,native,shifter,db0bdab1e5ad5ee899c127b8c13d9c986a3ced78cd9200dd80a1064bf1533b6e,,python_stdlib_http.client,,client_processes_only,not_collected,baseline,influx,influx-metadata,nid004584,59188702,2.9.1,2026-10-02T06:15:23.201169+00:00,20261002T060120Z-6d8d2b02,59188702
20,measured,3,metadata,lustre,64,1000000,20260817,1000,True,1.2783870599232614,782235.7025891889,75.9856276906794,62.28356499923393,244.08936883555725,297.2754830820486,1000000,1000000,1000,,1.2783870599232614,782235.7025891889,1024,100,1024,102400,7.431905496981926,137.78431391731814,456.70827501851363,454.3036309769377,550.4254895087798,593.4373517055064,,trial-0020.json,4.1331999999999995,0.13164999999999993,12354,5,1001,2156,4.26485,3.3361179361875024,18084,64,6339,0,128,0,0,0,0,0.7955519999999997,0.11917699999999998,2380,3,1578,54,0.9147289999999998,0.12308135516140085,17792,64,6336,0,128,0,0,0,0,,,,,,,,,,,,,,,,,,,,,False,2.9.1,1,1000000,1000,HTTP_batch_request_not_SQL_transaction,synchronous_HTTP_204_acknowledgements,no_explicit_checkpoint_API_used,warm_after_acknowledged_writes_and_validation_no_checkpoint,0s,True,0.31408080796245486,0,0,influxdb,native,3.11.7,,,native,shifter,db0bdab1e5ad5ee899c127b8c13d9c986a3ced78cd9200dd80a1064bf1533b6e,,python_stdlib_http.client,,client_processes_only,not_collected,baseline,influx,influx-metadata,nid004584,59188702,2.9.1,2026-10-02T06:17:02.562999+00:00,20261002T060120Z-6d8d2b02,59188702
21,measured,3,metadata,tmpfs,1,1000000,20260817,1000,True,11.307252526981756,88438.81372718664,10.103668738040142,9.646057966165245,13.148685795022164,20.133652910590172,1000000,1000000,1000,,11.307252526981756,88438.81372718664,1024,100,1024,102400,69.66011362196878,14.699947312131,67.98165515920118,67.58452148642391,86.28477301681414,92.01095544965938,,trial-0021.json,3.505351,0.05941199999999999,3395,0,1000,109,3.564763,0.3152634109385671,19552,1,102,0,2,0,0,0,0,0.772482,0.078435,45,0,1043,20,0.850917,0.012215268620113844,19208,1,99,0,2,0,0,0,0,,,,,,,,,,,,,,,,,,,,,False,2.9.1,1,1000000,1000,HTTP_batch_request_not_SQL_transaction,synchronous_HTTP_204_acknowledgements,no_explicit_checkpoint_API_used,warm_after_acknowledged_writes_and_validation_no_checkpoint,0s,True,0.21468914800789207,0,0,influxdb,native,3.11.7,,,native,shifter,db0bdab1e5ad5ee899c127b8c13d9c986a3ced78cd9200dd80a1064bf1533b6e,,python_stdlib_http.client,,client_processes_only,not_collected,baseline,influx,influx-metadata,nid004584,59188702,2.9.1,2026-10-02T06:17:23.552325+00:00,20261002T060120Z-6d8d2b02,59188702
22,measured,3,metadata,tmpfs,16,1000000,20260817,1000,True,1.4205592760117725,703948.0976869231,20.9426689237589,19.961712998338044,35.09515131008809,72.96644316636957,1000000,1000000,1000,,1.4205592760117725,703948.0976869231,1024,100,1024,102400,9.833040848956443,104.13869073966825,151.5101970168189,152.65906596323475,173.36288589285687,278.99579239892773,,trial-0022.json,3.788674,0.10306399999999999,3131,1,1000,42,3.891738,2.739581561795911,19480,16,1587,0,32,0,0,0,0,0.7881740000000002,0.10726799999999999,597,3,1243,15,0.895442,0.09106460694659181,16632,16,1584,0,32,0,0,0,0,,,,,,,,,,,,,,,,,,,,,False,2.9.1,1,1000000,1000,HTTP_batch_request_not_SQL_transaction,synchronous_HTTP_204_acknowledgements,no_explicit_checkpoint_API_used,warm_after_acknowledged_writes_and_validation_no_checkpoint,0s,True,0.41430082102306187,0,0,influxdb,native,3.11.7,,,native,shifter,db0bdab1e5ad5ee899c127b8c13d9c986a3ced78cd9200dd80a1064bf1533b6e,,python_stdlib_http.client,,client_processes_only,not_collected,baseline,influx,influx-metadata,nid004584,59188702,2.9.1,2026-10-02T06:18:55.210387+00:00,20261002T060120Z-6d8d2b02,59188702
23,measured,3,metadata,tmpfs,64,1000000,20260817,1000,True,1.1880413390463218,841721.5522169721,71.06001836119685,68.4941319632344,125.63799398485561,162.0888024638407,1000000,1000000,1000,,1.1880413390463218,841721.5522169721,1024,100,1024,102400,7.269831437966786,140.8560856930117,447.94620165987453,447.57256348384544,549.0979954600334,596.3779861968942,,trial-0023.json,4.198454,0.11267599999999997,12359,7,1003,48,4.311130000000001,3.628771035409156,19476,64,6339,0,128,0,0,0,0,0.7962349999999998,0.105654,2376,2,1565,32,0.9018889999999999,0.12405913502889121,19116,64,6336,0,128,0,0,0,0,,,,,,,,,,,,,,,,,,,,,False,2.9.1,1,1000000,1000,HTTP_batch_request_not_SQL_transaction,synchronous_HTTP_204_acknowledgements,no_explicit_checkpoint_API_used,warm_after_acknowledged_writes_and_validation_no_checkpoint,0s,True,0.3646875210106373,0,0,influxdb,native,3.11.7,,,native,shifter,db0bdab1e5ad5ee899c127b8c13d9c986a3ced78cd9200dd80a1064bf1533b6e,,python_stdlib_http.client,,client_processes_only,not_collected,baseline,influx,influx-metadata,nid004584,59188702,2.9.1,2026-10-02T06:19:17.772519+00:00,20261002T060120Z-6d8d2b02,59188702
24,measured,3,metadata,lustre,16,1000000,20260817,1000,True,1.6225950570078567,616296.7128989337,24.046302171656862,21.996968484017998,37.71732516470364,145.2551906579174,1000000,1000000,1000,,1.6225950570078567,616296.7128989337,1024,100,1024,102400,11.322886509937234,90.43630341974313,175.64215085155865,175.47500698128715,199.36470077373087,311.39212506241165,,trial-0024.json,3.984696,0.056874999999999995,3157,0,1000,1889,4.041570999999999,2.490806922247656,19780,16,1587,0,32,0,0,0,0,0.848185,0.083929,594,2,1185,26,0.9321139999999999,0.08232123488846722,19176,16,1584,0,32,0,0,0,0,,,,,,,,,,,,,,,,,,,,,False,2.9.1,1,1000000,1000,HTTP_batch_request_not_SQL_transaction,synchronous_HTTP_204_acknowledgements,no_explicit_checkpoint_API_used,warm_after_acknowledged_writes_and_validation_no_checkpoint,0s,True,0.3642138160066679,0,0,influxdb,native,3.11.7,,,native,shifter,db0bdab1e5ad5ee899c127b8c13d9c986a3ced78cd9200dd80a1064bf1533b6e,,python_stdlib_http.client,,client_processes_only,not_collected,baseline,influx,influx-metadata,nid004584,59188702,2.9.1,2026-10-02T06:19:38.693821+00:00,20261002T060120Z-6d8d2b02,59188702
25,measured,4,metadata,tmpfs,1,1000000,20260818,1000,True,11.129916524048895,89847.93352575974,9.949557527317666,9.475962491706014,13.530367886414748,19.920667419210076,1000000,1000000,1000,,11.129916524048895,89847.93352575974,1024,100,1024,102400,67.93046637892257,15.074237740221465,66.29479883076783,65.72616042103618,84.8219187813811,89.5707884838339,,trial-0025.json,3.432279,0.084375,3355,0,1000,110,3.516654,0.3159640948250971,20604,1,102,0,2,0,0,0,0,0.76957,0.058774,45,0,1037,33,0.828344,0.012193998424498056,21892,1,99,0,2,0,0,0,0,,,,,,,,,,,,,,,,,,,,,False,2.9.1,1,1000000,1000,HTTP_batch_request_not_SQL_transaction,synchronous_HTTP_204_acknowledgements,no_explicit_checkpoint_API_used,warm_after_acknowledged_writes_and_validation_no_checkpoint,0s,True,0.2642213189974427,0,0,influxdb,native,3.11.7,,,native,shifter,db0bdab1e5ad5ee899c127b8c13d9c986a3ced78cd9200dd80a1064bf1533b6e,,python_stdlib_http.client,,client_processes_only,not_collected,baseline,influx,influx-metadata,nid004584,59188702,2.9.1,2026-10-02T06:20:02.924900+00:00,20261002T060120Z-6d8d2b02,59188702
26,measured,4,metadata,lustre,16,1000000,20260818,1000,True,1.5653481939807534,638835.5024430401,23.307727314182557,21.692437469027936,35.70819758460856,136.55839650542475,1000000,1000000,1000,,1.5653481939807534,638835.5024430401,1024,100,1024,102400,10.359591821092181,98.84559330949033,160.9012721964973,160.6745650060475,184.6001725527458,300.3542621934321,,trial-0026.json,3.9259859999999995,0.07540799999999999,3111,0,1000,1700,4.0013939999999995,2.5562325464625655,19668,16,1587,0,32,0,0,0,0,0.827485,0.09068100000000004,594,1,1232,23,0.9181659999999999,0.08862955373691551,19400,16,1584,0,32,0,0,0,0,,,,,,,,,,,,,,,,,,,,,False,2.9.1,1,1000000,1000,HTTP_batch_request_not_SQL_transaction,synchronous_HTTP_204_acknowledgements,no_explicit_checkpoint_API_used,warm_after_acknowledged_writes_and_validation_no_checkpoint,0s,True,0.41506181901786476,0,0,influxdb,native,3.11.7,,,native,shifter,db0bdab1e5ad5ee899c127b8c13d9c986a3ced78cd9200dd80a1064bf1533b6e,,python_stdlib_http.client,,client_processes_only,not_collected,baseline,influx,influx-metadata,nid004584,59188702,2.9.1,2026-10-02T06:21:32.941132+00:00,20261002T060120Z-6d8d2b02,59188702
27,measured,4,metadata,lustre,64,1000000,20260818,1000,True,1.361253582057543,734616.9833312717,80.96315319323912,69.12021298194304,257.09514803020255,307.5173460470978,1000000,1000000,1000,,1.361253582057543,734616.9833312717,1024,100,1024,102400,7.9655558209633455,128.55348992785773,488.3345651064701,492.64883348951116,575.3615494177211,613.5921006638091,,trial-0027.json,4.0365720000000005,0.17023200000000002,12481,4,1001,2138,4.206803999999999,3.0903896639459263,18880,64,6339,0,128,0,0,0,0,0.8168580000000001,0.11470799999999999,2379,2,1607,22,0.9315659999999999,0.11694927773255342,17608,64,6336,0,128,0,0,0,0,,,,,,,,,,,,,,,,,,,,,False,2.9.1,1,1000000,1000,HTTP_batch_request_not_SQL_transaction,synchronous_HTTP_204_acknowledgements,no_explicit_checkpoint_API_used,warm_after_acknowledged_writes_and_validation_no_checkpoint,0s,True,0.364143542945385,0,0,influxdb,native,3.11.7,,,native,shifter,db0bdab1e5ad5ee899c127b8c13d9c986a3ced78cd9200dd80a1064bf1533b6e,,python_stdlib_http.client,,client_processes_only,not_collected,baseline,influx,influx-metadata,nid004584,59188702,2.9.1,2026-10-02T06:21:56.133000+00:00,20261002T060120Z-6d8d2b02,59188702
28,measured,4,metadata,lustre,1,1000000,20260818,1000,True,12.703427969943732,78718.90975931824,11.573983412934467,11.02975948015228,15.325430047232652,21.546251277904958,1000000,1000000,1000,,12.703427969943732,78718.90975931824,1024,100,1024,102400,75.09616773400921,13.635848950734879,73.29098256820998,72.80319393612444,93.05146243423223,99.38533717999235,,trial-0028.json,3.474835,0.07860299999999998,3237,0,1000,92,3.553438,0.2797227652573323,16940,1,102,0,2,0,0,0,0,0.793487,0.04721499999999999,46,0,1049,36,0.8407020000000001,0.011195005356035855,18612,1,99,0,2,0,0,0,0,,,,,,,,,,,,,,,,,,,,,False,2.9.1,1,1000000,1000,HTTP_batch_request_not_SQL_transaction,synchronous_HTTP_204_acknowledgements,no_explicit_checkpoint_API_used,warm_after_acknowledged_writes_and_validation_no_checkpoint,0s,True,0.31613615609239787,0,0,influxdb,native,3.11.7,,,native,shifter,db0bdab1e5ad5ee899c127b8c13d9c986a3ced78cd9200dd80a1064bf1533b6e,,python_stdlib_http.client,,client_processes_only,not_collected,baseline,influx,influx-metadata,nid004584,59188702,2.9.1,2026-10-02T06:22:18.110633+00:00,20261002T060120Z-6d8d2b02,59188702
29,measured,4,metadata,tmpfs,64,1000000,20260818,1000,True,1.1497179629513994,869778.5302344378,68.99885200080462,66.76736957160756,113.9908054727129,141.00915668648668,1000000,1000000,1000,,1.1497179629513994,869778.5302344378,1024,100,1024,102400,6.4434685880551115,158.92061643604333,395.1310455250905,394.81030596653,486.92251818138175,528.8793393259402,,trial-0029.json,4.162794000000001,0.13944300000000004,12339,6,1003,49,4.302237000000001,3.741993374580218,18644,64,6339,0,128,0,0,0,0,0.8087679999999998,0.09670599999999993,2377,3,1556,32,0.905474,0.14052586547540027,15036,64,6336,0,128,0,0,0,0,,,,,,,,,,,,,,,,,,,,,False,2.9.1,1,1000000,1000,HTTP_batch_request_not_SQL_transaction,synchronous_HTTP_204_acknowledgements,no_explicit_checkpoint_API_used,warm_after_acknowledged_writes_and_validation_no_checkpoint,0s,True,0.41466676094569266,0,0,influxdb,native,3.11.7,,,native,shifter,db0bdab1e5ad5ee899c127b8c13d9c986a3ced78cd9200dd80a1064bf1533b6e,,python_stdlib_http.client,,client_processes_only,not_collected,baseline,influx,influx-metadata,nid004584,59188702,2.9.1,2026-10-02T06:23:57.331133+00:00,20261002T060120Z-6d8d2b02,59188702
30,measured,4,metadata,tmpfs,16,1000000,20260818,1000,True,1.4206774359336123,703889.5492436959,20.918608285021037,19.997261988464743,35.95478430506771,73.91429989715107,1000000,1000000,1000,,1.4206774359336123,703889.5492436959,1024,100,1024,102400,9.71944379399065,105.35582299813494,150.2356191514309,151.11879754113033,175.13113095774315,263.82075081113726,,trial-0030.json,3.929965,0.09998699999999998,3133,0,1000,40,4.029952000000001,2.836641096753731,19372,16,1587,0,32,0,0,0,0,0.835522,0.08671099999999998,595,1,1287,20,0.922233,0.094885367881874,19432,16,1584,0,32,0,0,0,0,,,,,,,,,,,,,,,,,,,,,False,2.9.1,1,1000000,1000,HTTP_batch_request_not_SQL_transaction,synchronous_HTTP_204_acknowledgements,no_explicit_checkpoint_API_used,warm_after_acknowledged_writes_and_validation_no_checkpoint,0s,True,0.36418888706248254,0,0,influxdb,native,3.11.7,,,native,shifter,db0bdab1e5ad5ee899c127b8c13d9c986a3ced78cd9200dd80a1064bf1533b6e,,python_stdlib_http.client,,client_processes_only,not_collected,baseline,influx,influx-metadata,nid004584,59188702,2.9.1,2026-10-02T06:24:17.289906+00:00,20261002T060120Z-6d8d2b02,59188702
31,measured,5,metadata,tmpfs,64,1000000,20260819,1000,True,1.254111581016332,797377.2151833572,74.32889630435966,68.57004802441224,158.59056686749682,190.71466013207097,1000000,1000000,1000,,1.254111581016332,797377.2151833572,1024,100,1024,102400,7.492149078054354,136.67640477142294,460.6823620738396,462.40093652158976,554.5101831492502,582.2565259470138,,trial-0031.json,4.166779,0.12795300000000004,12419,3,1003,201,4.294732000000001,3.424521442118851,17088,64,6339,0,128,0,0,0,0,0.7889739999999998,0.13410999999999995,2377,4,1554,22,0.923084,0.12320683830275798,16864,64,6336,0,128,0,0,0,0,,,,,,,,,,,,,,,,,,,,,False,2.9.1,1,1000000,1000,HTTP_batch_request_not_SQL_transaction,synchronous_HTTP_204_acknowledgements,no_explicit_checkpoint_API_used,warm_after_acknowledged_writes_and_validation_no_checkpoint,0s,True,0.31412223004736006,0,0,influxdb,native,3.11.7,,,native,shifter,db0bdab1e5ad5ee899c127b8c13d9c986a3ced78cd9200dd80a1064bf1533b6e,,python_stdlib_http.client,,client_processes_only,not_collected,baseline,influx,influx-metadata,nid004584,59188702,2.9.1,2026-10-02T06:24:39.430349+00:00,20261002T060120Z-6d8d2b02,59188702
32,measured,5,metadata,tmpfs,1,1000000,20260819,1000,True,11.154936748091131,89646.40701984466,9.962712459731847,9.482610505074263,13.346360798459495,20.43775754282251,1000000,1000000,1000,,11.154936748091131,89646.40701984466,1024,100,1024,102400,69.23194683506154,14.790859520960485,67.56635469002958,67.26674450328574,86.01825903751887,89.62325311847962,,trial-0032.json,3.4336450000000003,0.072448,3101,0,1000,98,3.5060930000000003,0.31430864012742826,20124,1,102,0,2,0,0,0,0,0.73578,0.07954399999999999,46,0,1045,23,0.8153239999999999,0.011776701902409752,21500,1,99,0,2,0,0,0,0,,,,,,,,,,,,,,,,,,,,,False,2.9.1,1,1000000,1000,HTTP_batch_request_not_SQL_transaction,synchronous_HTTP_204_acknowledgements,no_explicit_checkpoint_API_used,warm_after_acknowledged_writes_and_validation_no_checkpoint,0s,True,0.26422414602711797,0,0,influxdb,native,3.11.7,,,native,shifter,db0bdab1e5ad5ee899c127b8c13d9c986a3ced78cd9200dd80a1064bf1533b6e,,python_stdlib_http.client,,client_processes_only,not_collected,baseline,influx,influx-metadata,nid004584,59188702,2.9.1,2026-10-02T06:25:00.177493+00:00,20261002T060120Z-6d8d2b02,59188702
33,measured,5,metadata,lustre,1,1000000,20260819,1000,True,12.77330910100136,78288.24872965811,11.621501837624237,11.04222796857357,15.714876155834643,22.429591080872342,1000000,1000000,1000,,12.77330910100136,78288.24872965811,1024,100,1024,102400,75.90179143100977,13.491117675802887,74.07787987233405,73.09110747883096,95.00908467452973,100.01882509677671,,trial-0033.json,3.4858029999999998,0.08077799999999999,2967,0,1000,102,3.566581,0.27922138044247274,18864,1,102,0,2,0,0,0,0,0.775338,0.075863,45,0,1047,22,0.851201,0.011214504742930755,19964,1,99,0,2,0,0,0,0,,,,,,,,,,,,,,,,,,,,,False,2.9.1,1,1000000,1000,HTTP_batch_request_not_SQL_transaction,synchronous_HTTP_204_acknowledgements,no_explicit_checkpoint_API_used,warm_after_acknowledged_writes_and_validation_no_checkpoint,0s,True,0.36423084198031574,0,0,influxdb,native,3.11.7,,,native,shifter,db0bdab1e5ad5ee899c127b8c13d9c986a3ced78cd9200dd80a1064bf1533b6e,,python_stdlib_http.client,,client_processes_only,not_collected,baseline,influx,influx-metadata,nid004584,59188702,2.9.1,2026-10-02T06:26:31.429695+00:00,20261002T060120Z-6d8d2b02,59188702
34,measured,5,metadata,lustre,16,1000000,20260819,1000,True,1.5912911439081654,628420.5148933517,23.695358070312068,22.251044458243996,35.40249148500151,140.32223733142015,1000000,1000000,1000,,1.5912911439081654,628420.5148933517,1024,100,1024,102400,10.579495368059725,96.79100603338146,163.45626692373116,163.44728105468675,189.7544562641997,290.04082088707946,,trial-0034.json,3.8210010000000008,0.141651,3073,2,1001,1493,3.9626519999999994,2.49021181018317,19756,16,1587,0,32,0,0,0,0,0.8635659999999998,0.06803899999999999,595,1,1236,17,0.931605,0.0880576027106722,19276,16,1584,0,32,0,0,0,0,,,,,,,,,,,,,,,,,,,,,False,2.9.1,1,1000000,1000,HTTP_batch_request_not_SQL_transaction,synchronous_HTTP_204_acknowledgements,no_explicit_checkpoint_API_used,warm_after_acknowledged_writes_and_validation_no_checkpoint,0s,True,0.41426320804748684,0,0,influxdb,native,3.11.7,,,native,shifter,db0bdab1e5ad5ee899c127b8c13d9c986a3ced78cd9200dd80a1064bf1533b6e,,python_stdlib_http.client,,client_processes_only,not_collected,baseline,influx,influx-metadata,nid004584,59188702,2.9.1,2026-10-02T06:28:11.224688+00:00,20261002T060120Z-6d8d2b02,59188702
35,measured,5,metadata,tmpfs,16,1000000,20260819,1000,True,1.4286736299982294,699949.9248832915,21.06913919490762,20.878157985862345,35.17962493351658,71.38561127940193,1000000,1000000,1000,,1.4286736299982294,699949.9248832915,1024,100,1024,102400,9.433975949999876,108.54384253544906,146.0655948914109,147.8245030157268,168.33992018946446,255.21573343430646,,trial-0035.json,3.8190729999999995,0.103696,3110,2,1001,42,3.9227689999999997,2.745741866884504,19092,16,1587,0,32,0,0,0,0,0.821551,0.09793299999999999,595,0,1248,25,0.9194839999999999,0.09746516260728987,18496,16,1584,0,32,0,0,0,0,,,,,,,,,,,,,,,,,,,,,False,2.9.1,1,1000000,1000,HTTP_batch_request_not_SQL_transaction,synchronous_HTTP_204_acknowledgements,no_explicit_checkpoint_API_used,warm_after_acknowledged_writes_and_validation_no_checkpoint,0s,True,0.2640757580520585,0,0,influxdb,native,3.11.7,,,native,shifter,db0bdab1e5ad5ee899c127b8c13d9c986a3ced78cd9200dd80a1064bf1533b6e,,python_stdlib_http.client,,client_processes_only,not_collected,baseline,influx,influx-metadata,nid004584,59188702,2.9.1,2026-10-02T06:28:35.246612+00:00,20261002T060120Z-6d8d2b02,59188702
36,measured,5,metadata,lustre,64,1000000,20260819,1000,True,1.3314429780002683,751064.8345616184,79.74777828983497,67.22085899673402,259.6693858562499,299.45968212792644,1000000,1000000,1000,,1.3314429780002683,751064.8345616184,1024,100,1024,102400,7.755182954017073,132.04072761037608,476.98845970683124,477.25772904232144,565.1210818556137,597.2596947848796,,trial-0036.json,4.145478000000001,0.174342,12548,4,1001,1759,4.31982,3.2444648936359703,17160,64,6339,0,128,0,0,0,0,0.7929379999999999,0.13454800000000003,2389,1,1586,35,0.9274859999999998,0.11959563114105198,18104,64,6336,0,128,0,0,0,0,,,,,,,,,,,,,,,,,,,,,False,2.9.1,1,1000000,1000,HTTP_batch_request_not_SQL_transaction,synchronous_HTTP_204_acknowledgements,no_explicit_checkpoint_API_used,warm_after_acknowledged_writes_and_validation_no_checkpoint,0s,True,0.41525618091691285,0,0,influxdb,native,3.11.7,,,native,shifter,db0bdab1e5ad5ee899c127b8c13d9c986a3ced78cd9200dd80a1064bf1533b6e,,python_stdlib_http.client,,client_processes_only,not_collected,baseline,influx,influx-metadata,nid004584,59188702,2.9.1,2026-10-02T06:28:57.254427+00:00,20261002T060120Z-6d8d2b02,59188702
1,warmup,1,telemetry,tmpfs,16,1000000,20260813,1000,True,1.5539244409883395,643531.9334857569,21.203799599199556,18.839327502064407,40.3180550376419,58.6434068728704,1000000,1000000,1000,,1.5539244409883395,643531.9334857569,1024,100,1024,102400,4.959544667974114,206.4705670688688,76.04187347135394,75.49149403348565,98.06135845719837,161.92465610452925,,trial-0001.json,8.315063999999998,0.095995,6016,2,1000,32,8.411058999999998,5.412785060932776,20084,16,1584,0,32,0,0,0,0,0.951179,0.075787,668,1,1321,8,1.026966,0.20706860584028117,18780,16,1584,0,32,0,0,0,0,,,,,,,,,,,,,,,,,,,,,False,2.9.1,1,1000000,1000,HTTP_batch_request_not_SQL_transaction,synchronous_HTTP_204_acknowledgements,no_explicit_checkpoint_API_used,warm_after_acknowledged_writes_and_validation_no_checkpoint,0s,True,0.31408084102440625,0,0,influxdb,native,3.11.7,,,native,shifter,db0bdab1e5ad5ee899c127b8c13d9c986a3ced78cd9200dd80a1064bf1533b6e,,python_stdlib_http.client,,client_processes_only,not_collected,baseline,influx,influx-telemetry,nid004722,59188703,2.9.1,2026-10-02T06:01:18.025439+00:00,20261002T060117Z-db0b5b66,59188703
2,warmup,1,telemetry,tmpfs,1,1000000,20260813,1000,True,13.978508658939973,71538.3897094379,11.1893557717558,10.554363019764423,15.653957589529453,21.756911495467644,1000000,1000000,1000,,13.978508658939973,71538.3897094379,1024,100,1024,102400,15.980360883986577,64.07865300627338,15.502589705988612,13.091600500047207,29.703876929124817,32.59387740748934,,trial-0002.json,7.248227,0.101545,18552,0,1000,82,7.349772,0.5257908536115149,17828,1,102,0,2,0,0,0,0,0.772272,0.08951200000000001,51,0,1493,13,0.861784,0.053927693264021775,19664,1,102,0,2,0,0,0,0,,,,,,,,,,,,,,,,,,,,,False,2.9.1,1,1000000,1000,HTTP_batch_request_not_SQL_transaction,synchronous_HTTP_204_acknowledgements,no_explicit_checkpoint_API_used,warm_after_acknowledged_writes_and_validation_no_checkpoint,0s,True,0.2643315480090678,0,0,influxdb,native,3.11.7,,,native,shifter,db0bdab1e5ad5ee899c127b8c13d9c986a3ced78cd9200dd80a1064bf1533b6e,,python_stdlib_http.client,,client_processes_only,not_collected,baseline,influx,influx-telemetry,nid004722,59188703,2.9.1,2026-10-02T06:01:39.882612+00:00,20261002T060117Z-db0b5b66,59188703
3,warmup,1,telemetry,lustre,16,1000000,20260813,1000,True,1.7215496889548376,580871.9936553824,23.779957829159684,20.79864451661706,42.70513158407993,99.19429490575567,1000000,1000000,1000,,1.7215496889548376,580871.9936553824,1024,100,1024,102400,5.234207825968042,195.63609891829543,80.26163676140641,79.06729995738715,104.20926495571621,188.69996460503899,,trial-0003.json,8.263586,0.09671100000000002,5953,3,1000,3326,8.360297000000001,4.856262385941113,20060,16,1587,0,32,0,0,0,0,0.9302439999999998,0.09894299999999999,670,0,1374,13,1.0291869999999996,0.1966270798217028,17828,16,1587,0,32,0,0,0,0,,,,,,,,,,,,,,,,,,,,,False,2.9.1,1,1000000,1000,HTTP_batch_request_not_SQL_transaction,synchronous_HTTP_204_acknowledgements,no_explicit_checkpoint_API_used,warm_after_acknowledged_writes_and_validation_no_checkpoint,0s,True,0.4643261859891936,0,0,influxdb,native,3.11.7,,,native,shifter,db0bdab1e5ad5ee899c127b8c13d9c986a3ced78cd9200dd80a1064bf1533b6e,,python_stdlib_http.client,,client_processes_only,not_collected,baseline,influx,influx-telemetry,nid004722,59188703,2.9.1,2026-10-02T06:02:20.624339+00:00,20261002T060117Z-db0b5b66,59188703
4,warmup,1,telemetry,lustre,1,1000000,20260813,1000,True,15.32011136203073,65273.67695762277,12.570015516364947,12.011925980914384,16.872628207784143,22.99717554589733,1000000,1000000,1000,,15.32011136203073,65273.67695762277,1024,100,1024,102400,19.409264727961272,52.758309722305476,18.84186394124754,15.725564502645284,36.898085684515536,39.66733480221591,,trial-0004.json,7.193239,0.109407,19616,0,1000,101,7.302646,0.4766705559398761,19788,1,102,0,2,0,0,0,0,0.886931,0.070071,1178,0,1338,15,0.957002,0.0493064530477205,17828,1,99,0,2,0,0,0,0,,,,,,,,,,,,,,,,,,,,,False,2.9.1,1,1000000,1000,HTTP_batch_request_not_SQL_transaction,synchronous_HTTP_204_acknowledgements,no_explicit_checkpoint_API_used,warm_after_acknowledged_writes_and_validation_no_checkpoint,0s,True,0.2640502080321312,0,0,influxdb,native,3.11.7,,,native,shifter,db0bdab1e5ad5ee899c127b8c13d9c986a3ced78cd9200dd80a1064bf1533b6e,,python_stdlib_http.client,,client_processes_only,not_collected,baseline,influx,influx-telemetry,nid004722,59188703,2.9.1,2026-10-02T06:02:39.245859+00:00,20261002T060117Z-db0b5b66,59188703
5,warmup,1,telemetry,lustre,64,1000000,20260813,1000,True,1.2547033521113917,797001.1384103011,73.75813108636066,74.9010710278526,130.39445960312148,138.4181822219398,1000000,1000000,1000,,1.2547033521113917,797001.1384103011,1024,100,1024,102400,2.762447976041585,370.6857138599684,167.7471980867722,162.18574048252776,261.25641678809194,332.9393937753048,,trial-0005.json,8.396201000000001,0.21178999999999992,21790,3,1002,2448,8.607990999999997,6.860578626425623,20092,64,6339,0,128,0,0,0,0,0.9280789999999995,0.14070100000000005,2680,6,1775,20,1.06878,0.3868959738859932,19512,64,6336,0,128,0,0,0,0,,,,,,,,,,,,,,,,,,,,,False,2.9.1,1,1000000,1000,HTTP_batch_request_not_SQL_transaction,synchronous_HTTP_204_acknowledgements,no_explicit_checkpoint_API_used,warm_after_acknowledged_writes_and_validation_no_checkpoint,0s,True,0.3141350509831682,0,0,influxdb,native,3.11.7,,,native,shifter,db0bdab1e5ad5ee899c127b8c13d9c986a3ced78cd9200dd80a1064bf1533b6e,,python_stdlib_http.client,,client_processes_only,not_collected,baseline,influx,influx-telemetry,nid004722,59188703,2.9.1,2026-10-02T06:03:25.207989+00:00,20261002T060117Z-db0b5b66,59188703
6,warmup,1,telemetry,tmpfs,64,1000000,20260813,1000,True,1.160405536997132,861767.690791768,68.11295815533958,66.74839451443404,108.74753008247352,116.92693454911931,1000000,1000000,1000,,1.160405536997132,861767.690791768,1024,100,1024,102400,2.8456207889830694,359.85118043994316,172.0398760369335,171.06024594977498,266.96337636676617,279.75022501894273,,trial-0006.json,8.315277999999998,0.19022199999999995,21872,1,1000,105,8.5055,7.329765094029383,19940,64,6339,0,128,0,0,0,0,0.9365219999999999,0.134353,2682,4,1799,24,1.0708750000000005,0.3763238602086175,19300,64,6336,0,128,0,0,0,0,,,,,,,,,,,,,,,,,,,,,False,2.9.1,1,1000000,1000,HTTP_batch_request_not_SQL_transaction,synchronous_HTTP_204_acknowledgements,no_explicit_checkpoint_API_used,warm_after_acknowledged_writes_and_validation_no_checkpoint,0s,True,0.2152141280239448,0,0,influxdb,native,3.11.7,,,native,shifter,db0bdab1e5ad5ee899c127b8c13d9c986a3ced78cd9200dd80a1064bf1533b6e,,python_stdlib_http.client,,client_processes_only,not_collected,baseline,influx,influx-telemetry,nid004722,59188703,2.9.1,2026-10-02T06:03:41.571890+00:00,20261002T060117Z-db0b5b66,59188703
7,measured,1,telemetry,lustre,16,1000000,20260815,1000,True,1.7380586449289694,575354.5790400344,24.11070136690978,20.650726510211825,41.453438031021484,100.86906819953583,1000000,1000000,1000,,1.7380586449289694,575354.5790400344,1024,100,1024,102400,5.328886469942518,192.16022067196448,81.78312561210532,80.3981595672667,105.05405199364759,211.73926557297816,,trial-0007.json,8.349158,0.15576299999999996,5985,4,1003,2815,8.504921,4.893345241723749,20988,16,1587,0,32,0,0,0,0,0.969112,0.077938,671,1,1378,7,1.04705,0.1964857022017387,18084,16,1584,0,32,0,0,0,0,,,,,,,,,,,,,,,,,,,,,False,2.9.1,1,1000000,1000,HTTP_batch_request_not_SQL_transaction,synchronous_HTTP_204_acknowledgements,no_explicit_checkpoint_API_used,warm_after_acknowledged_writes_and_validation_no_checkpoint,0s,True,0.3643036059802398,0,0,influxdb,native,3.11.7,,,native,shifter,db0bdab1e5ad5ee899c127b8c13d9c986a3ced78cd9200dd80a1064bf1533b6e,,python_stdlib_http.client,,client_processes_only,not_collected,baseline,influx,influx-telemetry,nid004722,59188703,2.9.1,2026-10-02T06:03:57.846019+00:00,20261002T060117Z-db0b5b66,59188703
8,measured,1,telemetry,lustre,64,1000000,20260815,1000,True,1.2383998880395666,807493.6130550185,72.00620575051289,69.2776269861497,133.64806227618828,142.87582373130135,1000000,1000000,1000,,1.2383998880395666,807493.6130550185,1024,100,1024,102400,2.8470882680267096,359.6657017977616,173.5753853732831,168.6264384770766,260.58893227018416,301.235866730567,,trial-0008.json,8.547279000000001,0.12968899999999997,21715,5,1001,2832,8.676968000000002,7.0065962406827795,19628,64,6339,0,128,0,0,0,0,0.9433370000000004,0.13492099999999996,2679,8,1801,28,1.0782579999999997,0.37872306668852607,18128,64,6336,0,128,0,0,0,0,,,,,,,,,,,,,,,,,,,,,False,2.9.1,1,1000000,1000,HTTP_batch_request_not_SQL_transaction,synchronous_HTTP_204_acknowledgements,no_explicit_checkpoint_API_used,warm_after_acknowledged_writes_and_validation_no_checkpoint,0s,True,0.2639371600234881,0,0,influxdb,native,3.11.7,,,native,shifter,db0bdab1e5ad5ee899c127b8c13d9c986a3ced78cd9200dd80a1064bf1533b6e,,python_stdlib_http.client,,client_processes_only,not_collected,baseline,influx,influx-telemetry,nid004722,59188703,2.9.1,2026-10-02T06:04:16.621061+00:00,20261002T060117Z-db0b5b66,59188703
9,measured,1,telemetry,tmpfs,64,1000000,20260815,1000,True,1.168342042947188,855913.7335137416,68.29067835165188,68.10971099184826,108.09824778116307,117.96038002241403,1000000,1000000,1000,,1.168342042947188,855913.7335137416,1024,100,1024,102400,3.03006484801881,337.9465626517981,184.598914824619,182.71105998428538,264.8846998461522,307.82337788376026,,trial-0009.json,8.407854999999998,0.16974700000000006,21645,3,1001,243,8.577602,7.341687352414938,19048,64,6339,0,128,0,0,0,0,0.9558689999999999,0.135432,2684,6,1841,29,1.0913009999999996,0.3601576384457713,20820,64,6336,0,128,0,0,0,0,,,,,,,,,,,,,,,,,,,,,False,2.9.1,1,1000000,1000,HTTP_batch_request_not_SQL_transaction,synchronous_HTTP_204_acknowledgements,no_explicit_checkpoint_API_used,warm_after_acknowledged_writes_and_validation_no_checkpoint,0s,True,0.314070669002831,0,0,influxdb,native,3.11.7,,,native,shifter,db0bdab1e5ad5ee899c127b8c13d9c986a3ced78cd9200dd80a1064bf1533b6e,,python_stdlib_http.client,,client_processes_only,not_collected,baseline,influx,influx-telemetry,nid004722,59188703,2.9.1,2026-10-02T06:04:33.180569+00:00,20261002T060117Z-db0b5b66,59188703
10,measured,1,telemetry,lustre,1,1000000,20260815,1000,True,15.322309796931222,65264.311533518376,12.561733039328828,12.046142015606165,17.088911181781437,21.974049780983478,1000000,1000000,1000,,15.322309796931222,65264.311533518376,1024,100,1024,102400,16.473495308076963,62.16045719805027,15.983559931669333,13.349575572647154,31.688597128959373,34.075985114322975,,trial-0010.json,7.267577,0.10693,19382,0,1000,130,7.374507,0.48129212225411205,19524,1,102,0,2,0,0,0,0,0.8014969999999999,0.08644099999999999,51,0,1476,16,0.8879379999999999,0.0539010078550023,19248,1,99,0,2,0,0,0,0,,,,,,,,,,,,,,,,,,,,,False,2.9.1,1,1000000,1000,HTTP_batch_request_not_SQL_transaction,synchronous_HTTP_204_acknowledgements,no_explicit_checkpoint_API_used,warm_after_acknowledged_writes_and_validation_no_checkpoint,0s,True,0.36424131609965116,0,0,influxdb,native,3.11.7,,,native,shifter,db0bdab1e5ad5ee899c127b8c13d9c986a3ced78cd9200dd80a1064bf1533b6e,,python_stdlib_http.client,,client_processes_only,not_collected,baseline,influx,influx-telemetry,nid004722,59188703,2.9.1,2026-10-02T06:04:49.289029+00:00,20261002T060117Z-db0b5b66,59188703
11,measured,1,telemetry,tmpfs,1,1000000,20260815,1000,True,14.107583614997566,70883.86128272985,11.309400243451819,10.675672441720963,15.623201144626355,21.218939343234524,1000000,1000000,1000,,14.107583614997566,70883.86128272985,1024,100,1024,102400,15.856636633980088,64.57863818393947,15.380974676190817,13.187630975153297,28.647157485829666,31.90070677548647,,trial-0011.json,7.346251,0.13816499999999998,15725,0,1000,90,7.4844159999999995,0.5305243055262437,21472,1,102,0,2,0,0,0,0,0.8078019999999999,0.068782,51,0,1473,28,0.8765839999999999,0.05528183688850624,17960,1,99,0,2,0,0,0,0,,,,,,,,,,,,,,,,,,,,,False,2.9.1,1,1000000,1000,HTTP_batch_request_not_SQL_transaction,synchronous_HTTP_204_acknowledgements,no_explicit_checkpoint_API_used,warm_after_acknowledged_writes_and_validation_no_checkpoint,0s,True,0.3143607589881867,0,0,influxdb,native,3.11.7,,,native,shifter,db0bdab1e5ad5ee899c127b8c13d9c986a3ced78cd9200dd80a1064bf1533b6e,,python_stdlib_http.client,,client_processes_only,not_collected,baseline,influx,influx-telemetry,nid004722,59188703,2.9.1,2026-10-02T06:05:32.470447+00:00,20261002T060117Z-db0b5b66,59188703
12,measured,1,telemetry,tmpfs,16,1000000,20260815,1000,True,1.5958994169486687,626605.9059736874,22.107410355238244,19.77122446987778,39.94751694845036,58.92138288356364,1000000,1000000,1000,,1.5958994169486687,626605.9059736874,1024,100,1024,102400,4.921157427015714,208.0811303411144,75.5061651784672,75.06447547348216,95.68714996566997,171.74789420911108,,trial-0012.json,8.23801,0.134121,5982,4,1000,33,8.372131,5.246026730185393,21512,16,1587,0,32,0,0,0,0,0.9672010000000001,0.07707499999999999,667,5,1311,9,1.044276,0.21220129928525153,21680,16,1584,0,32,0,0,0,0,,,,,,,,,,,,,,,,,,,,,False,2.9.1,1,1000000,1000,HTTP_batch_request_not_SQL_transaction,synchronous_HTTP_204_acknowledgements,no_explicit_checkpoint_API_used,warm_after_acknowledged_writes_and_validation_no_checkpoint,0s,True,0.31408163998275995,0,0,influxdb,native,3.11.7,,,native,shifter,db0bdab1e5ad5ee899c127b8c13d9c986a3ced78cd9200dd80a1064bf1533b6e,,python_stdlib_http.client,,client_processes_only,not_collected,baseline,influx,influx-telemetry,nid004722,59188703,2.9.1,2026-10-02T06:06:14.194978+00:00,20261002T060117Z-db0b5b66,59188703
13,measured,2,telemetry,tmpfs,1,1000000,20260816,1000,True,13.963979036081582,71612.82592992269,11.159208655008115,10.569940961431712,15.438029600773005,20.905610552290447,1000000,1000000,1000,,13.963979036081582,71612.82592992269,1024,100,1024,102400,15.290591010008939,66.96928845521461,14.828769146106424,12.800357479136437,27.382663497701287,29.93129930575378,,trial-0013.json,7.276509,0.10181799999999999,18534,0,1000,93,7.378327,0.5283828471050487,20436,1,102,0,2,0,0,0,0,0.8597659999999999,0.032066,51,0,1338,22,0.891832,0.05832554146639742,18804,1,99,0,2,0,0,0,0,,,,,,,,,,,,,,,,,,,,,False,2.9.1,1,1000000,1000,HTTP_batch_request_not_SQL_transaction,synchronous_HTTP_204_acknowledgements,no_explicit_checkpoint_API_used,warm_after_acknowledged_writes_and_validation_no_checkpoint,0s,True,0.4143458029720932,0,0,influxdb,native,3.11.7,,,native,shifter,db0bdab1e5ad5ee899c127b8c13d9c986a3ced78cd9200dd80a1064bf1533b6e,,python_stdlib_http.client,,client_processes_only,not_collected,baseline,influx,influx-telemetry,nid004722,59188703,2.9.1,2026-10-02T06:06:32.364488+00:00,20261002T060117Z-db0b5b66,59188703
14,measured,2,telemetry,tmpfs,64,1000000,20260816,1000,True,1.238272474030964,807576.701390032,73.08440745389089,71.45404600305483,109.51347933732904,120.4310657957103,1000000,1000000,1000,,1.238272474030964,807576.701390032,1024,100,1024,102400,3.2086306889541447,319.1392526179987,194.1659294126339,189.67492005322129,266.18590673897415,351.6633743676357,,trial-0014.json,8.413603000000002,0.165461,21830,3,1000,251,8.579064000000002,6.928252206133975,18680,64,6339,0,128,0,0,0,0,0.9748260000000002,0.09441299999999998,2682,3,1788,23,1.0692390000000005,0.3332384134082192,21332,64,6336,0,128,0,0,0,0,,,,,,,,,,,,,,,,,,,,,False,2.9.1,1,1000000,1000,HTTP_batch_request_not_SQL_transaction,synchronous_HTTP_204_acknowledgements,no_explicit_checkpoint_API_used,warm_after_acknowledged_writes_and_validation_no_checkpoint,0s,True,0.2640241179615259,0,0,influxdb,native,3.11.7,,,native,shifter,db0bdab1e5ad5ee899c127b8c13d9c986a3ced78cd9200dd80a1064bf1533b6e,,python_stdlib_http.client,,client_processes_only,not_collected,baseline,influx,influx-telemetry,nid004722,59188703,2.9.1,2026-10-02T06:07:12.485474+00:00,20261002T060117Z-db0b5b66,59188703
15,measured,2,telemetry,tmpfs,16,1000000,20260816,1000,True,1.5841431949520484,631256.0652260162,21.9517409974942,20.218474499415606,40.17618711222894,57.79936528764665,1000000,1000000,1000,,1.5841431949520484,631256.0652260162,1024,100,1024,102400,4.843764432007447,211.4058217268865,74.09908792703845,73.33081652177498,94.57707850378938,174.04602906899524,,trial-0015.json,8.231373,0.09346499999999999,5970,2,1000,163,8.324838,5.255104479524018,19040,16,1587,0,32,0,0,0,0,0.971981,0.06444299999999999,667,4,1367,14,1.0364239999999998,0.21397076892330721,19368,16,1584,0,32,0,0,0,0,,,,,,,,,,,,,,,,,,,,,False,2.9.1,1,1000000,1000,HTTP_batch_request_not_SQL_transaction,synchronous_HTTP_204_acknowledgements,no_explicit_checkpoint_API_used,warm_after_acknowledged_writes_and_validation_no_checkpoint,0s,True,0.4145957980072126,0,0,influxdb,native,3.11.7,,,native,shifter,db0bdab1e5ad5ee899c127b8c13d9c986a3ced78cd9200dd80a1064bf1533b6e,,python_stdlib_http.client,,client_processes_only,not_collected,baseline,influx,influx-telemetry,nid004722,59188703,2.9.1,2026-10-02T06:07:29.003864+00:00,20261002T060117Z-db0b5b66,59188703
16,measured,2,telemetry,lustre,16,1000000,20260816,1000,True,1.7309750290587544,577709.0848871263,24.263933278154582,21.580519038252532,39.94701273622922,112.43196918512695,1000000,1000000,1000,,1.7309750290587544,577709.0848871263,1024,100,1024,102400,2.2953771899919957,446.1140436807995,35.19114939319934,36.13838745513931,54.0083211613819,59.65987550909631,,trial-0016.json,8.178072,0.11582399999999997,6025,0,1000,3137,8.293896,4.791459068308998,19732,16,1587,0,32,0,0,0,0,0.8732149999999999,0.081794,671,1,1503,26,0.9550089999999998,0.41605754564605135,17828,16,1584,0,32,0,0,0,0,,,,,,,,,,,,,,,,,,,,,False,2.9.1,1,1000000,1000,HTTP_batch_request_not_SQL_transaction,synchronous_HTTP_204_acknowledgements,no_explicit_checkpoint_API_used,warm_after_acknowledged_writes_and_validation_no_checkpoint,0s,True,0.3140604159561917,0,0,influxdb,native,3.11.7,,,native,shifter,db0bdab1e5ad5ee899c127b8c13d9c986a3ced78cd9200dd80a1064bf1533b6e,,python_stdlib_http.client,,client_processes_only,not_collected,baseline,influx,influx-telemetry,nid004722,59188703,2.9.1,2026-10-02T06:07:46.779005+00:00,20261002T060117Z-db0b5b66,59188703
17,measured,2,telemetry,lustre,1,1000000,20260816,1000,True,15.37193824199494,65053.605098937864,12.594111302052625,12.069982010871172,16.703962237806987,21.68603521189652,1000000,1000000,1000,,15.37193824199494,65053.605098937864,1024,100,1024,102400,15.751568321022205,65.00939964393,15.277956237923718,12.896971544250846,29.500453738728538,32.73225428420119,,trial-0017.json,7.240348999999999,0.126369,19274,0,1000,102,7.366718,0.47923156364723735,20400,1,102,0,2,0,0,0,0,0.815584,0.07098499999999999,51,0,1408,25,0.8865689999999999,0.05628449065714782,17828,1,99,0,2,0,0,0,0,,,,,,,,,,,,,,,,,,,,,False,2.9.1,1,1000000,1000,HTTP_batch_request_not_SQL_transaction,synchronous_HTTP_204_acknowledgements,no_explicit_checkpoint_API_used,warm_after_acknowledged_writes_and_validation_no_checkpoint,0s,True,0.41449403506703675,0,0,influxdb,native,3.11.7,,,native,shifter,db0bdab1e5ad5ee899c127b8c13d9c986a3ced78cd9200dd80a1064bf1533b6e,,python_stdlib_http.client,,client_processes_only,not_collected,baseline,influx,influx-telemetry,nid004722,59188703,2.9.1,2026-10-02T06:08:02.085551+00:00,20261002T060117Z-db0b5b66,59188703
18,measured,2,telemetry,lustre,64,1000000,20260816,1000,True,1.257982247043401,794923.777621084,73.84033658658154,71.38951547676697,136.35517532820813,154.0122541866731,1000000,1000000,1000,,1.257982247043401,794923.777621084,1024,100,1024,102400,2.8183303540572524,363.3356886377267,171.12037454091933,164.71617703791708,263.5420731676277,338.0336627876386,,trial-0018.json,8.656605,0.16505999999999996,21791,5,1001,2935,8.821665,7.012551266707699,17896,64,6339,0,128,0,0,0,0,0.9805820000000001,0.11745899999999998,2682,5,1800,17,1.0980409999999998,0.3896069168822832,18984,64,6339,0,128,0,0,0,0,,,,,,,,,,,,,,,,,,,,,False,2.9.1,1,1000000,1000,HTTP_batch_request_not_SQL_transaction,synchronous_HTTP_204_acknowledgements,no_explicit_checkpoint_API_used,warm_after_acknowledged_writes_and_validation_no_checkpoint,0s,True,0.36416677304077893,0,0,influxdb,native,3.11.7,,,native,shifter,db0bdab1e5ad5ee899c127b8c13d9c986a3ced78cd9200dd80a1064bf1533b6e,,python_stdlib_http.client,,client_processes_only,not_collected,baseline,influx,influx-telemetry,nid004722,59188703,2.9.1,2026-10-02T06:08:44.679562+00:00,20261002T060117Z-db0b5b66,59188703
19,measured,3,telemetry,lustre,1,1000000,20260817,1000,True,15.559220919967629,64270.57017467173,12.791988263605163,12.209734006319195,17.11070167366415,22.587049972498786,1000000,1000000,1000,,15.559220919967629,64270.57017467173,1024,100,1024,102400,13.084736123913899,78.25912500661892,12.678038345711684,11.052573507186025,23.794848576653752,25.93019910273142,,trial-0019.json,7.393357,0.102492,19714,0,1000,116,7.495849,0.48176248917324294,18004,1,102,0,2,0,0,0,0,0.777817,0.057021999999999996,51,0,1478,22,0.834839,0.06380250943496164,17828,1,99,0,2,0,0,0,0,,,,,,,,,,,,,,,,,,,,,False,2.9.1,1,1000000,1000,HTTP_batch_request_not_SQL_transaction,synchronous_HTTP_204_acknowledgements,no_explicit_checkpoint_API_used,warm_after_acknowledged_writes_and_validation_no_checkpoint,0s,True,0.4146154990885407,0,0,influxdb,native,3.11.7,,,native,shifter,db0bdab1e5ad5ee899c127b8c13d9c986a3ced78cd9200dd80a1064bf1533b6e,,python_stdlib_http.client,,client_processes_only,not_collected,baseline,influx,influx-telemetry,nid004722,59188703,2.9.1,2026-10-02T06:09:01.466402+00:00,20261002T060117Z-db0b5b66,59188703
20,measured,3,telemetry,lustre,64,1000000,20260817,1000,True,1.2293563180137426,813433.8151982568,71.74969528231304,68.50430596387014,135.83630276843894,163.10892151552252,1000000,1000000,1000,,1.2293563180137426,813433.8151982568,1024,100,1024,102400,2.7603442849358544,370.9682178372891,165.89714385952448,162.33892703894526,264.5302298478782,283.3895901986397,,trial-0020.json,8.406749,0.18831399999999995,21648,5,1000,2471,8.595063,6.991514887959374,18432,64,6339,0,128,0,0,0,0,0.9416129999999998,0.10951199999999997,2677,5,1739,20,1.0511249999999994,0.38079489059982446,20952,64,6336,0,128,0,0,0,0,,,,,,,,,,,,,,,,,,,,,False,2.9.1,1,1000000,1000,HTTP_batch_request_not_SQL_transaction,synchronous_HTTP_204_acknowledgements,no_explicit_checkpoint_API_used,warm_after_acknowledged_writes_and_validation_no_checkpoint,0s,True,0.4146143919788301,0,0,influxdb,native,3.11.7,,,native,shifter,db0bdab1e5ad5ee899c127b8c13d9c986a3ced78cd9200dd80a1064bf1533b6e,,python_stdlib_http.client,,client_processes_only,not_collected,baseline,influx,influx-telemetry,nid004722,59188703,2.9.1,2026-10-02T06:09:41.806232+00:00,20261002T060117Z-db0b5b66,59188703
21,measured,3,telemetry,tmpfs,1,1000000,20260817,1000,True,13.900940535007976,71937.57843087027,11.122718675527722,10.53573505487293,15.296059730462728,20.854965376202017,1000000,1000000,1000,,13.900940535007976,71937.57843087027,1024,100,1024,102400,15.165239403955638,67.52283776891146,14.706580533470515,12.473850976675749,28.48348431289196,31.446414914680645,,trial-0021.json,7.222802000000001,0.106874,15925,0,1000,89,7.329676000000001,0.5272791421228675,17832,1,102,0,2,0,0,0,0,0.822244,0.04878999999999999,51,0,1400,15,0.871034,0.05743621823555275,18504,1,99,0,2,0,0,0,0,,,,,,,,,,,,,,,,,,,,,False,2.9.1,1,1000000,1000,HTTP_batch_request_not_SQL_transaction,synchronous_HTTP_204_acknowledgements,no_explicit_checkpoint_API_used,warm_after_acknowledged_writes_and_validation_no_checkpoint,0s,True,0.36425447603687644,0,0,influxdb,native,3.11.7,,,native,shifter,db0bdab1e5ad5ee899c127b8c13d9c986a3ced78cd9200dd80a1064bf1533b6e,,python_stdlib_http.client,,client_processes_only,not_collected,baseline,influx,influx-telemetry,nid004722,59188703,2.9.1,2026-10-02T06:09:58.186710+00:00,20261002T060117Z-db0b5b66,59188703
22,measured,3,telemetry,tmpfs,16,1000000,20260817,1000,True,1.6164615569869056,618635.1884940624,21.777001491282135,19.337366509716958,42.862480023177326,54.642077886965126,1000000,1000000,1000,,1.6164615569869056,618635.1884940624,1024,100,1024,102400,4.989790541003458,205.2190350647607,77.03047395955309,76.51281298603863,99.1552391438745,188.19202633807433,,trial-0022.json,8.287502000000002,0.09859700000000005,6015,2,1000,27,8.386099,5.187935935594869,19564,16,1587,0,32,0,0,0,0,0.9614739999999998,0.06915099999999998,671,1,1321,5,1.030625,0.2065467461070498,19512,16,1584,0,32,0,0,0,0,,,,,,,,,,,,,,,,,,,,,False,2.9.1,1,1000000,1000,HTTP_batch_request_not_SQL_transaction,synchronous_HTTP_204_acknowledgements,no_explicit_checkpoint_API_used,warm_after_acknowledged_writes_and_validation_no_checkpoint,0s,True,0.414390140096657,0,0,influxdb,native,3.11.7,,,native,shifter,db0bdab1e5ad5ee899c127b8c13d9c986a3ced78cd9200dd80a1064bf1533b6e,,python_stdlib_http.client,,client_processes_only,not_collected,baseline,influx,influx-telemetry,nid004722,59188703,2.9.1,2026-10-02T06:10:38.238576+00:00,20261002T060117Z-db0b5b66,59188703
23,measured,3,telemetry,tmpfs,64,1000000,20260817,1000,True,1.1779923590365797,848901.9409411529,68.79339831601828,70.40203252108768,100.9924342506565,115.56841021869332,1000000,1000000,1000,,1.1779923590365797,848901.9409411529,1024,100,1024,102400,3.0882528270594776,331.579069895976,186.38197830193803,180.57614151621237,285.748225991847,314.44439033046365,,trial-0023.json,8.473719999999998,0.162365,21770,3,1000,76,8.636085000000003,7.331189318632779,19488,64,6339,0,128,0,0,0,0,0.9705280000000003,0.10997800000000002,2681,7,1834,22,1.0805060000000004,0.3498761469697476,18708,64,6336,0,128,0,0,0,0,,,,,,,,,,,,,,,,,,,,,False,2.9.1,1,1000000,1000,HTTP_batch_request_not_SQL_transaction,synchronous_HTTP_204_acknowledgements,no_explicit_checkpoint_API_used,warm_after_acknowledged_writes_and_validation_no_checkpoint,0s,True,0.4142259319778532,0,0,influxdb,native,3.11.7,,,native,shifter,db0bdab1e5ad5ee899c127b8c13d9c986a3ced78cd9200dd80a1064bf1533b6e,,python_stdlib_http.client,,client_processes_only,not_collected,baseline,influx,influx-telemetry,nid004722,59188703,2.9.1,2026-10-02T06:10:56.792148+00:00,20261002T060117Z-db0b5b66,59188703
24,measured,3,telemetry,lustre,16,1000000,20260817,1000,True,1.7818517609266564,561213.9134851192,24.699379568803124,21.955256001092494,43.03146786405704,102.38534474163315,1000000,1000000,1000,,1.7818517609266564,561213.9134851192,1024,100,1024,102400,2.3483670910354704,436.04767070232003,35.74908041389335,35.93675646698102,54.77882823324762,61.37884856783785,,trial-0024.json,8.203402,0.10241700000000001,6001,1,1000,2854,8.305819,4.66134118568906,19492,16,1587,0,32,0,0,0,0,0.908812,0.06204899999999998,665,6,1532,19,0.970861,0.4134196070563722,18608,16,1584,0,32,0,0,0,0,,,,,,,,,,,,,,,,,,,,,False,2.9.1,1,1000000,1000,HTTP_batch_request_not_SQL_transaction,synchronous_HTTP_204_acknowledgements,no_explicit_checkpoint_API_used,warm_after_acknowledged_writes_and_validation_no_checkpoint,0s,True,0.3139750739792362,0,0,influxdb,native,3.11.7,,,native,shifter,db0bdab1e5ad5ee899c127b8c13d9c986a3ced78cd9200dd80a1064bf1533b6e,,python_stdlib_http.client,,client_processes_only,not_collected,baseline,influx,influx-telemetry,nid004722,59188703,2.9.1,2026-10-02T06:11:13.698762+00:00,20261002T060117Z-db0b5b66,59188703
25,measured,4,telemetry,tmpfs,1,1000000,20260818,1000,True,13.956784576992504,71649.7409903769,11.203184508020058,10.644265508744866,15.492769941920413,21.29866609233431,1000000,1000000,1000,,13.956784576992504,71649.7409903769,1024,100,1024,102400,15.559373703086749,65.81241761658141,15.092627245508083,12.856688466854393,28.46847414621152,31.328639338025823,,trial-0025.json,7.180404,0.13841199999999998,17837,0,1000,76,7.318816,0.5243912707562263,19972,1,102,0,2,0,0,0,0,0.807945,0.061546000000000003,51,0,1461,16,0.869491,0.055882133599471674,21392,1,99,0,2,0,0,0,0,,,,,,,,,,,,,,,,,,,,,False,2.9.1,1,1000000,1000,HTTP_batch_request_not_SQL_transaction,synchronous_HTTP_204_acknowledgements,no_explicit_checkpoint_API_used,warm_after_acknowledged_writes_and_validation_no_checkpoint,0s,True,0.31420740904286504,0,0,influxdb,native,3.11.7,,,native,shifter,db0bdab1e5ad5ee899c127b8c13d9c986a3ced78cd9200dd80a1064bf1533b6e,,python_stdlib_http.client,,client_processes_only,not_collected,baseline,influx,influx-telemetry,nid004722,59188703,2.9.1,2026-10-02T06:11:29.217496+00:00,20261002T060117Z-db0b5b66,59188703
26,measured,4,telemetry,lustre,16,1000000,20260818,1000,True,1.644274096004665,608171.1087159053,22.89524817466736,19.73540848121047,38.85945553774945,101.49430482648313,1000000,1000000,1000,,1.644274096004665,608171.1087159053,1024,100,1024,102400,5.211659554042853,196.48251950871386,80.04226592629493,78.75944505212829,105.69479960249737,181.31727518630194,,trial-0026.json,8.223833000000003,0.055867,6059,2,1001,2962,8.2797,5.035474328835082,18608,16,1587,0,32,0,0,0,0,0.9863369999999999,0.056255,667,3,1386,6,1.042592,0.20004990525354396,23752,16,1584,0,32,0,0,0,0,,,,,,,,,,,,,,,,,,,,,False,2.9.1,1,1000000,1000,HTTP_batch_request_not_SQL_transaction,synchronous_HTTP_204_acknowledgements,no_explicit_checkpoint_API_used,warm_after_acknowledged_writes_and_validation_no_checkpoint,0s,True,0.4644882860593498,0,0,influxdb,native,3.11.7,,,native,shifter,db0bdab1e5ad5ee899c127b8c13d9c986a3ced78cd9200dd80a1064bf1533b6e,,python_stdlib_http.client,,client_processes_only,not_collected,baseline,influx,influx-telemetry,nid004722,59188703,2.9.1,2026-10-02T06:12:09.707799+00:00,20261002T060117Z-db0b5b66,59188703
27,measured,4,telemetry,lustre,64,1000000,20260818,1000,True,1.18394828599412,844631.4858763742,68.62273864960298,69.47571347700432,131.38821471948177,148.32608062191866,1000000,1000000,1000,,1.18394828599412,844631.4858763742,1024,100,1024,102400,2.7975978669710457,366.02830309871626,169.2285612015212,171.60694650374353,259.81566253467463,280.9075423609465,,trial-0027.json,8.580102000000002,0.22455399999999995,21786,6,1004,2799,8.804656000000001,7.436689679910335,20872,64,6339,0,128,0,0,0,0,0.9324539999999999,0.142584,2678,8,1799,29,1.075038,0.38427181143226335,18184,64,6336,0,128,0,0,0,0,,,,,,,,,,,,,,,,,,,,,False,2.9.1,1,1000000,1000,HTTP_batch_request_not_SQL_transaction,synchronous_HTTP_204_acknowledgements,no_explicit_checkpoint_API_used,warm_after_acknowledged_writes_and_validation_no_checkpoint,0s,True,0.4643459579674527,0,0,influxdb,native,3.11.7,,,native,shifter,db0bdab1e5ad5ee899c127b8c13d9c986a3ced78cd9200dd80a1064bf1533b6e,,python_stdlib_http.client,,client_processes_only,not_collected,baseline,influx,influx-telemetry,nid004722,59188703,2.9.1,2026-10-02T06:12:28.969162+00:00,20261002T060117Z-db0b5b66,59188703
28,measured,4,telemetry,lustre,1,1000000,20260818,1000,True,15.389386085909791,64979.85003544616,12.606584258726798,12.034964049234986,17.23794472636655,24.54807871370576,1000000,1000000,1000,,15.389386085909791,64979.85003544616,1024,100,1024,102400,20.147135177976452,50.82608474873245,19.56521622571472,16.088338976260275,37.71883201552555,41.03397223632783,,trial-0028.json,7.3002080000000005,0.09573499999999999,20508,0,1000,81,7.395943000000001,0.4805872670107078,19756,1,102,0,2,0,0,0,0,0.838958,0.09802599999999997,1112,0,1416,14,0.9369839999999999,0.04650705878145149,18076,1,99,0,2,0,0,0,0,,,,,,,,,,,,,,,,,,,,,False,2.9.1,1,1000000,1000,HTTP_batch_request_not_SQL_transaction,synchronous_HTTP_204_acknowledgements,no_explicit_checkpoint_API_used,warm_after_acknowledged_writes_and_validation_no_checkpoint,0s,True,0.31546558008994907,0,0,influxdb,native,3.11.7,,,native,shifter,db0bdab1e5ad5ee899c127b8c13d9c986a3ced78cd9200dd80a1064bf1533b6e,,python_stdlib_http.client,,client_processes_only,not_collected,baseline,influx,influx-telemetry,nid004722,59188703,2.9.1,2026-10-02T06:12:45.780272+00:00,20261002T060117Z-db0b5b66,59188703
29,measured,4,telemetry,tmpfs,64,1000000,20260818,1000,True,1.1329249939881265,882670.9670159156,66.0621403689729,65.95324154477566,99.58265952300279,106.35905911680311,1000000,1000000,1000,,1.1329249939881265,882670.9670159156,1024,100,1024,102400,2.573502558050677,397.9012947924319,155.17716766737522,150.79944295575842,238.53652978432365,271.27525106538087,,trial-0029.json,8.353412,0.164292,21755,5,1001,114,8.517703999999998,7.518330026435331,18756,64,6339,0,128,0,0,0,0,0.9583999999999997,0.14415099999999997,2675,10,1851,103,1.1025509999999998,0.42842428757293993,17828,64,6336,0,128,0,0,0,0,,,,,,,,,,,,,,,,,,,,,False,2.9.1,1,1000000,1000,HTTP_batch_request_not_SQL_transaction,synchronous_HTTP_204_acknowledgements,no_explicit_checkpoint_API_used,warm_after_acknowledged_writes_and_validation_no_checkpoint,0s,True,0.3641698800493032,0,0,influxdb,native,3.11.7,,,native,shifter,db0bdab1e5ad5ee899c127b8c13d9c986a3ced78cd9200dd80a1064bf1533b6e,,python_stdlib_http.client,,client_processes_only,not_collected,baseline,influx,influx-telemetry,nid004722,59188703,2.9.1,2026-10-02T06:13:32.603752+00:00,20261002T060117Z-db0b5b66,59188703
30,measured,4,telemetry,tmpfs,16,1000000,20260818,1000,True,1.5795589439803734,633088.1185605349,21.563214894616976,19.56915156915784,39.27696325699799,56.76418689312413,1000000,1000000,1000,,1.5795589439803734,633088.1185605349,1024,100,1024,102400,4.787852386012673,213.87459709316306,73.08428713645299,72.85515748662874,98.76562495483087,157.47497053467663,,trial-0030.json,8.361464,0.11011599999999999,5951,3,1001,32,8.47158,5.363256643435056,19824,16,1587,0,32,0,0,0,0,0.9225860000000001,0.10387400000000002,672,0,1361,16,1.02646,0.21438839739477358,19524,16,1587,0,32,0,0,0,0,,,,,,,,,,,,,,,,,,,,,False,2.9.1,1,1000000,1000,HTTP_batch_request_not_SQL_transaction,synchronous_HTTP_204_acknowledgements,no_explicit_checkpoint_API_used,warm_after_acknowledged_writes_and_validation_no_checkpoint,0s,True,0.3646440180018544,0,0,influxdb,native,3.11.7,,,native,shifter,db0bdab1e5ad5ee899c127b8c13d9c986a3ced78cd9200dd80a1064bf1533b6e,,python_stdlib_http.client,,client_processes_only,not_collected,baseline,influx,influx-telemetry,nid004722,59188703,2.9.1,2026-10-02T06:13:48.552610+00:00,20261002T060117Z-db0b5b66,59188703
31,measured,5,telemetry,tmpfs,64,1000000,20260819,1000,True,1.2148621040396392,823138.6893004702,70.31137150607537,71.37240149313584,107.19139138818718,112.53089220495895,1000000,1000000,1000,,1.2148621040396392,823138.6893004702,1024,100,1024,102400,2.783274632995017,367.9119508584381,167.65419602552356,162.5670570647344,271.3187917077449,288.9801283250563,,trial-0031.json,8.42329,0.22477200000000008,21710,2,1001,172,8.648062,7.118554419669202,19228,64,6339,0,128,0,0,0,0,0.9202559999999997,0.12996800000000006,2681,6,1797,35,1.0502239999999996,0.3773339459749533,19612,64,6336,0,128,0,0,0,0,,,,,,,,,,,,,,,,,,,,,False,2.9.1,1,1000000,1000,HTTP_batch_request_not_SQL_transaction,synchronous_HTTP_204_acknowledgements,no_explicit_checkpoint_API_used,warm_after_acknowledged_writes_and_validation_no_checkpoint,0s,True,0.2649331360589713,0,0,influxdb,native,3.11.7,,,native,shifter,db0bdab1e5ad5ee899c127b8c13d9c986a3ced78cd9200dd80a1064bf1533b6e,,python_stdlib_http.client,,client_processes_only,not_collected,baseline,influx,influx-telemetry,nid004722,59188703,2.9.1,2026-10-02T06:14:06.323520+00:00,20261002T060117Z-db0b5b66,59188703
32,measured,5,telemetry,tmpfs,1,1000000,20260819,1000,True,14.00672922108788,71394.25516232915,11.197403424535878,10.573714505881071,15.885505516780539,21.470267872791734,1000000,1000000,1000,,14.00672922108788,71394.25516232915,1024,100,1024,102400,15.894863152992912,64.42332910599401,15.418423035498563,12.986681482288986,30.434244411299005,32.60873292689212,,trial-0032.json,7.282951,0.109403,18113,0,1000,80,7.392354,0.5277716077262645,20452,1,102,0,2,0,0,0,0,0.836825,0.055161999999999996,51,0,1450,14,0.8919870000000001,0.056117941464129184,17828,1,99,0,2,0,0,0,0,,,,,,,,,,,,,,,,,,,,,False,2.9.1,1,1000000,1000,HTTP_batch_request_not_SQL_transaction,synchronous_HTTP_204_acknowledgements,no_explicit_checkpoint_API_used,warm_after_acknowledged_writes_and_validation_no_checkpoint,0s,True,0.36448443902190775,0,0,influxdb,native,3.11.7,,,native,shifter,db0bdab1e5ad5ee899c127b8c13d9c986a3ced78cd9200dd80a1064bf1533b6e,,python_stdlib_http.client,,client_processes_only,not_collected,baseline,influx,influx-telemetry,nid004722,59188703,2.9.1,2026-10-02T06:14:22.672950+00:00,20261002T060117Z-db0b5b66,59188703
33,measured,5,telemetry,lustre,1,1000000,20260819,1000,True,15.423339662025683,64836.80071328088,12.676659702905454,12.064086040481925,17.79175453702919,24.05525778187439,1000000,1000000,1000,,15.423339662025683,64836.80071328088,1024,100,1024,102400,16.300034313928336,62.82195363999907,15.813943864486646,13.466206495650113,30.01540189725347,33.186082346364856,,trial-0033.json,7.251176,0.091379,17074,0,1000,135,7.342555,0.47606777526130406,19860,1,102,0,2,0,0,0,0,0.8424119999999999,0.053395000000000005,51,0,1377,16,0.8958069999999999,0.05495736896912758,17828,1,99,0,2,0,0,0,0,,,,,,,,,,,,,,,,,,,,,False,2.9.1,1,1000000,1000,HTTP_batch_request_not_SQL_transaction,synchronous_HTTP_204_acknowledgements,no_explicit_checkpoint_API_used,warm_after_acknowledged_writes_and_validation_no_checkpoint,0s,True,0.414744645007886,0,0,influxdb,native,3.11.7,,,native,shifter,db0bdab1e5ad5ee899c127b8c13d9c986a3ced78cd9200dd80a1064bf1533b6e,,python_stdlib_http.client,,client_processes_only,not_collected,baseline,influx,influx-telemetry,nid004722,59188703,2.9.1,2026-10-02T06:15:03.537174+00:00,20261002T060117Z-db0b5b66,59188703
34,measured,5,telemetry,lustre,16,1000000,20260819,1000,True,1.7909292560070753,558369.34744677,25.040016107959673,22.83863053889945,40.51649470929988,124.95576060493477,1000000,1000000,1000,,1.7909292560070753,558369.34744677,1024,100,1024,102400,2.37247968907468,431.6159184483399,36.10689983099746,35.767399007454515,57.3598068440333,63.98740451550111,,trial-0034.json,8.320368,0.08539799999999996,6023,2,1000,3269,8.405766,4.693522076210247,17828,16,1587,0,32,0,0,0,0,0.910221,0.057123999999999994,669,2,1592,26,0.967345,0.4077358404603607,17936,16,1584,0,32,0,0,0,0,,,,,,,,,,,,,,,,,,,,,False,2.9.1,1,1000000,1000,HTTP_batch_request_not_SQL_transaction,synchronous_HTTP_204_acknowledgements,no_explicit_checkpoint_API_used,warm_after_acknowledged_writes_and_validation_no_checkpoint,0s,True,0.36437680502422154,0,0,influxdb,native,3.11.7,,,native,shifter,db0bdab1e5ad5ee899c127b8c13d9c986a3ced78cd9200dd80a1064bf1533b6e,,python_stdlib_http.client,,client_processes_only,not_collected,baseline,influx,influx-telemetry,nid004722,59188703,2.9.1,2026-10-02T06:15:46.678720+00:00,20261002T060117Z-db0b5b66,59188703
35,measured,5,telemetry,tmpfs,16,1000000,20260819,1000,True,1.6381070390343666,610460.7184824023,22.420917214476503,20.336320449132472,40.2785112906713,61.35409132228233,1000000,1000000,1000,,1.6381070390343666,610460.7184824023,1024,100,1024,102400,5.26624637003988,194.4458971432902,81.40045305867716,80.16436448087916,105.46931301942097,186.39559890725644,,trial-0035.json,8.311971999999999,0.06861300000000002,6046,4,1001,125,8.380585,5.116017940402843,19152,16,1587,0,32,0,0,0,0,0.935359,0.0975,671,1,1394,34,1.032859,0.19612811999757968,18280,16,1584,0,32,0,0,0,0,,,,,,,,,,,,,,,,,,,,,False,2.9.1,1,1000000,1000,HTTP_batch_request_not_SQL_transaction,synchronous_HTTP_204_acknowledgements,no_explicit_checkpoint_API_used,warm_after_acknowledged_writes_and_validation_no_checkpoint,0s,True,0.3641270709922537,0,0,influxdb,native,3.11.7,,,native,shifter,db0bdab1e5ad5ee899c127b8c13d9c986a3ced78cd9200dd80a1064bf1533b6e,,python_stdlib_http.client,,client_processes_only,not_collected,baseline,influx,influx-telemetry,nid004722,59188703,2.9.1,2026-10-02T06:16:02.236689+00:00,20261002T060117Z-db0b5b66,59188703
36,measured,5,telemetry,lustre,64,1000000,20260819,1000,True,1.2213811150286347,818745.2611599906,70.93713084317278,70.07114152656868,141.8605113402009,163.93465526634827,1000000,1000000,1000,,1.2213811150286347,818745.2611599906,1024,100,1024,102400,2.976682855049148,344.0070877094136,180.45243352628404,176.41078255837783,265.9556020691526,298.482693224214,,trial-0036.json,8.308921,0.23024200000000006,21794,6,1001,3353,8.539162999999997,6.991399240522726,17828,64,6339,0,128,0,0,0,0,1.0077729999999998,0.07830999999999999,2684,4,1855,43,1.0860830000000001,0.3648635252350616,17828,64,6336,0,128,0,0,0,0,,,,,,,,,,,,,,,,,,,,,False,2.9.1,1,1000000,1000,HTTP_batch_request_not_SQL_transaction,synchronous_HTTP_204_acknowledgements,no_explicit_checkpoint_API_used,warm_after_acknowledged_writes_and_validation_no_checkpoint,0s,True,0.26396753592416644,0,0,influxdb,native,3.11.7,,,native,shifter,db0bdab1e5ad5ee899c127b8c13d9c986a3ced78cd9200dd80a1064bf1533b6e,,python_stdlib_http.client,,client_processes_only,not_collected,baseline,influx,influx-telemetry,nid004722,59188703,2.9.1,2026-10-02T06:16:20.396639+00:00,20261002T060117Z-db0b5b66,59188703
