trial,phase,repetition,workload,storage,clients,records,seed,batch_size,success,workload_wall_s,throughput_records_s,transaction_latency_mean_ms,transaction_latency_p50_ms,transaction_latency_p95_ms,transaction_latency_p99_ms,committed_records,stored_records,transactions,final_checkpoint_s,completion_wall_s,completion_throughput_records_s,read_queries,query_window,read_queries_completed,read_rows_returned,read_wall_s,read_queries_per_s,read_latency_mean_ms,read_latency_p50_ms,read_latency_p95_ms,read_latency_p99_ms,error,raw_file,write_worker_user_cpu_s,write_worker_system_cpu_s,write_worker_minor_faults,write_worker_major_faults,write_worker_voluntary_switches,write_worker_involuntary_switches,write_worker_cpu_s,write_worker_cpu_core_equivalents,write_worker_peak_rss_max_kib,write_worker_io_available_workers,write_worker_io_rchar,write_worker_io_wchar,write_worker_io_syscr,write_worker_io_syscw,write_worker_io_read_bytes,write_worker_io_write_bytes,write_worker_io_cancelled_write_bytes,read_worker_user_cpu_s,read_worker_system_cpu_s,read_worker_minor_faults,read_worker_major_faults,read_worker_voluntary_switches,read_worker_involuntary_switches,read_worker_cpu_s,read_worker_cpu_core_equivalents,read_worker_peak_rss_max_kib,read_worker_io_available_workers,read_worker_io_rchar,read_worker_io_wchar,read_worker_io_syscr,read_worker_io_syscw,read_worker_io_read_bytes,read_worker_io_write_bytes,read_worker_io_cancelled_write_bytes,run_label,run_directory,deployment,hostname,slurm_job_id,python_version,engine_version,timestamp_utc,checkpoint_policy,read_cache_state,runtime,database,sqlite_version,shifter_image_id,client_runtime,server_runtime,server_image_id,postgresql_version,driver_version,libpq_version,worker_metrics_scope,server_resource_metrics_status,server_profiling,server_lifecycle_user_cpu_s,server_lifecycle_system_cpu_s,server_lifecycle_max_process_rss_kib,server_lifecycle_kernel_input_blocks,server_lifecycle_kernel_output_blocks,server_lifecycle_major_faults,server_lifecycle_minor_faults,server_lifecycle_voluntary_switches,server_lifecycle_involuntary_switches,server_lifecycle_wall_s,server_lifecycle_exit_code,server_lifecycle_cpu_s,server_lifecycle_sampled_peak_pss_kib,server_lifecycle_memory_samples,server_lifecycle_complete_memory_samples,server_lifecycle_sampler_wall_s,server_lifecycle_sampled_max_postgres_processes,pair_id,profiling_comparison,influxdb_version,influx_schema_version,acknowledged_records,write_batches,write_latency_unit,write_completion_policy,server_wal_fsync_delay,server_wal_flush_on_shutdown,server_shutdown_s,server_launcher_exit_code,server_exit_code
1,warmup,1,metadata,tmpfs,16,1000000,20260813,1000,True,2.675467216060497,373766.4935668523,25.479571438510902,1.8118445295840502,80.93961131526157,531.4566725271288,1000000,1000000,1000,0.001227681990712881,2.7032162389950827,369929.7102372205,64000,100,64000,6400000,0.4108058689162135,155791.34779365387,0.0832257768161071,0.08101807907223701,0.09291095775552094,0.14753811643458906,,trial-0001.json,2.509922,0.252922,7927,5,1170,12,2.762844,1.0326585141522164,22656,16,198416580,288599360,48488,109610,0,0,0,5.313702,0.7870060000000001,7163,4,0,188,6.100708,14.8505862783676,19436,16,507295280,0,123883,0,0,0,0,sqlite-native-metadata,20260930T073514Z-1cf71cab,sqlite-native,nid005486,59115833,3.11.7,3.44.2,2026-09-30T07:35:14.278296+00:00,automatic_during_commits_plus_final_truncate,warm_after_write_checkpoint_and_validation,native,,,,,,,,,,,,,,,,,,,,,,,,,,,,,,,,,,,,,,,,,,
2,warmup,1,metadata,tmpfs,1,1000000,20260813,1000,True,2.235404217033647,447346.3870113779,1.4885203518206254,1.4432264724746346,1.4931541052646935,2.9665457212831825,1000000,1000000,1000,0.0018283410463482141,2.347080343053676,426061.2564710703,64000,100,64000,6400000,5.233769463957287,12228.2802941055,0.07000465217788587,0.06998598109930754,0.07117900531738997,0.07631906424649061,,trial-0002.json,2.12866,0.10671399999999999,1629,0,0,5,2.235374,0.9999864825191719,25744,1,62697615,206911936,15310,85389,0,0,0,4.97248,0.260961,2425,0,0,9,5.233441,0.9999372414166215,21752,1,473911395,0,115703,0,0,0,0,sqlite-native-metadata,20260930T073514Z-1cf71cab,sqlite-native,nid005486,59115833,3.11.7,3.44.2,2026-09-30T07:35:19.016457+00:00,automatic_during_commits_plus_final_truncate,warm_after_write_checkpoint_and_validation,native,,,,,,,,,,,,,,,,,,,,,,,,,,,,,,,,,,,,,,,,,,
3,warmup,1,metadata,lustre,16,1000000,20260813,1000,True,4.250606578076258,235260.54026213373,42.403931644395925,5.575059505645186,109.1117373725865,840.8569478301779,1000000,1000000,1000,0.08985424903221428,4.4576551030622795,224333.19242510016,64000,100,64000,6400000,1.7581928949803114,36401.01161978401,0.3951203796896152,0.3847390180453658,0.5158655403647572,0.5980260425712915,,trial-0003.json,3.07005,1.885001,7319,1,19526,7089,4.955051,1.165727975286426,21752,16,216352392,294403376,52854,110768,0,290004992,0,9.241559,8.590760000000001,21841,3,179229,506364,17.832319000000002,10.142413298854613,21752,16,505718320,0,123498,0,0,0,0,sqlite-native-metadata,20260930T073514Z-1cf71cab,sqlite-native,nid005486,59115833,3.11.7,3.44.2,2026-09-30T07:35:27.778336+00:00,automatic_during_commits_plus_final_truncate,warm_after_write_checkpoint_and_validation,native,,,,,,,,,,,,,,,,,,,,,,,,,,,,,,,,,,,,,,,,,,
4,warmup,1,metadata,lustre,1,1000000,20260813,1000,True,4.093969781068154,244261.69548791612,3.2445294891949743,2.582415530923754,3.3963829802814867,21.618883280316368,1000000,1000000,1000,0.017305810004472733,4.143526223022491,241340.3333720309,64000,100,64000,6400000,16.151125042000785,3962.5722563331565,0.23227273595693987,0.2289159456267953,0.24803208652883768,0.2651060768403113,,trial-0004.json,2.4299350000000004,1.06374,2570,0,6960,8,3.4936750000000005,0.8533709789837455,22776,1,62697615,206911936,15310,85389,0,207118336,0,6.545054,4.066102,4044,0,128030,12486,10.611156000000001,0.6569917558316112,21752,1,473911395,0,115703,0,0,0,0,sqlite-native-metadata,20260930T073514Z-1cf71cab,sqlite-native,nid005486,59115833,3.11.7,3.44.2,2026-09-30T07:35:35.694651+00:00,automatic_during_commits_plus_final_truncate,warm_after_write_checkpoint_and_validation,native,,,,,,,,,,,,,,,,,,,,,,,,,,,,,,,,,,,,,,,,,,
5,warmup,1,metadata,lustre,64,1000000,20260813,1000,True,5.336256170994602,187397.3002712151,156.58095475740265,4.654070537071675,662.8843624377585,4064.957141315098,1000000,1000000,1000,0.05197354091797024,5.41805764392484,184567.9883308883,64000,100,64000,6400000,1.6173188890097663,39571.664212235344,1.5744542958782404,1.5727035352028906,1.6867964179255068,1.7481470142956825,,trial-0005.json,3.0441199999999986,2.3552539999999995,22463,7,28116,9550,5.399373999999999,1.0118281107545917,21760,64,228862587,295764280,56011,111102,0,291581952,0,9.259123000000002,10.902171000000001,22134,11,255933,228675,20.16129399999999,12.465874316439919,21752,64,514574528,0,125755,0,0,0,0,sqlite-native-metadata,20260930T073514Z-1cf71cab,sqlite-native,nid005486,59115833,3.11.7,3.44.2,2026-09-30T07:35:56.940949+00:00,automatic_during_commits_plus_final_truncate,warm_after_write_checkpoint_and_validation,native,,,,,,,,,,,,,,,,,,,,,,,,,,,,,,,,,,,,,,,,,,
6,warmup,1,metadata,tmpfs,64,1000000,20260813,1000,True,5.080594895989634,196827.3441343158,138.91318328515626,1.853680529166013,431.4549586561043,4038.3044370927373,1000000,1000000,1000,0.002670652000233531,5.107815847033635,195778.397253838,64000,100,64000,6400000,0.6368153500370681,100500.09001239472,0.6094505240180297,0.6257989443838596,0.6696044409181923,0.6862760055810213,,trial-0006.json,2.575072999999999,0.34926299999999993,26995,5,2294,22,2.9243360000000003,0.5755892882363686,21752,64,209268552,285709920,51255,108662,0,0,0,7.722255999999999,32.419521,22993,5,2,107,40.141777,63.035190652460564,21752,64,513779904,0,125561,0,0,0,0,sqlite-native-metadata,20260930T073514Z-1cf71cab,sqlite-native,nid005486,59115833,3.11.7,3.44.2,2026-09-30T07:36:06.020498+00:00,automatic_during_commits_plus_final_truncate,warm_after_write_checkpoint_and_validation,native,,,,,,,,,,,,,,,,,,,,,,,,,,,,,,,,,,,,,,,,,,
7,measured,1,metadata,lustre,16,1000000,20260815,1000,True,4.104105256963521,243658.46814071815,45.31383687455673,6.8670850014314055,129.97363599133658,939.6942926151678,1000000,1000000,1000,0.07206894597038627,4.20025677094236,238080.68280921842,64000,100,64000,6400000,1.6475670849904418,38845.1557348096,0.3728271660656901,0.36309706047177315,0.4790145729202778,0.5544902291148901,,trial-0007.json,2.8557319999999997,2.117915,6592,3,20799,6070,4.973647,1.2118712090926782,22324,16,217228936,292113536,53068,110032,0,287899648,0,8.831414,8.161743999999999,25052,6,194804,266386,16.993158,10.314091702128527,21752,16,505349680,0,123408,0,0,0,0,sqlite-native-metadata,20260930T073514Z-1cf71cab,sqlite-native,nid005486,59115833,3.11.7,3.44.2,2026-09-30T07:36:13.829993+00:00,automatic_during_commits_plus_final_truncate,warm_after_write_checkpoint_and_validation,native,,,,,,,,,,,,,,,,,,,,,,,,,,,,,,,,,,,,,,,,,,
8,measured,1,metadata,lustre,64,1000000,20260815,1000,True,4.837735302979127,206708.2916637026,150.55440749845002,6.909643474500626,741.0496103053442,3461.19434028631,1000000,1000000,1000,0.12293401104398072,4.98401690099854,200641.3741894919,64000,100,64000,6400000,1.6015187719604,39962.066708502185,1.5577973306681088,1.554367016069591,1.6687410592567176,1.7353622219525282,,trial-0008.json,3.003096999999999,2.4476709999999993,21434,7,29645,9702,5.450768000000001,1.126718941535177,21752,64,232303004,295440576,56846,110873,0,290074624,0,9.367250999999998,10.918852999999999,24847,12,255904,230162,20.286104,12.666791270368954,21752,64,512354496,0,125213,0,0,0,0,sqlite-native-metadata,20260930T073514Z-1cf71cab,sqlite-native,nid005486,59115833,3.11.7,3.44.2,2026-09-30T07:36:20.761010+00:00,automatic_during_commits_plus_final_truncate,warm_after_write_checkpoint_and_validation,native,,,,,,,,,,,,,,,,,,,,,,,,,,,,,,,,,,,,,,,,,,
9,measured,1,metadata,tmpfs,64,1000000,20260815,1000,True,5.4844772790092975,182332.78198221244,157.0492536620004,1.8856130191124976,539.7392494080077,4440.291243963874,1000000,1000000,1000,0.0012256680056452751,5.51225254999008,181414.03916658348,64000,100,64000,6400000,0.7175132539123297,89196.95859418916,0.6910289876541356,0.7034855079837143,0.7593289541546255,0.7873340242076665,,trial-0009.json,2.7114590000000005,0.29171500000000006,29338,10,2424,398,3.0031739999999996,0.5475770701966488,24788,64,212225870,289471928,51977,109658,0,0,0,6.602748999999999,38.59054799999999,24274,12,4,73,45.193296999999994,62.98601001943582,23800,64,513374403,0,125462,0,0,0,0,sqlite-native-metadata,20260930T073514Z-1cf71cab,sqlite-native,nid005486,59115833,3.11.7,3.44.2,2026-09-30T07:36:29.344547+00:00,automatic_during_commits_plus_final_truncate,warm_after_write_checkpoint_and_validation,native,,,,,,,,,,,,,,,,,,,,,,,,,,,,,,,,,,,,,,,,,,
10,measured,1,metadata,lustre,1,1000000,20260815,1000,True,4.060365790966898,246283.22951215418,3.2244738794397563,2.6001689839176834,3.3455916040111333,20.555730998748913,1000000,1000000,1000,0.01977948599960655,4.105066999909468,243601.38336890817,64000,100,64000,6400000,16.268526057014242,3933.9765493018426,0.23422912955902575,0.2320520579814911,0.24931509979069233,0.267309962073341,,trial-0010.json,2.309997,1.16848,909,0,6959,5,3.478477,0.8566905493437494,23920,1,62357647,207033432,15227,85531,0,207237120,0,6.750266999999999,3.861576,4198,0,128030,19630,10.611842999999999,0.6522928360448892,23800,1,474476643,0,115841,0,0,0,0,sqlite-native-metadata,20260930T073514Z-1cf71cab,sqlite-native,nid005486,59115833,3.11.7,3.44.2,2026-09-30T07:36:37.841144+00:00,automatic_during_commits_plus_final_truncate,warm_after_write_checkpoint_and_validation,native,,,,,,,,,,,,,,,,,,,,,,,,,,,,,,,,,,,,,,,,,,
11,measured,1,metadata,tmpfs,1,1000000,20260815,1000,True,2.277522603981197,439073.5785682046,1.5298340081935748,1.4839500072412193,1.5364886028692126,2.9919284826610237,1000000,1000000,1000,0.0016702431021258235,2.3034821080509573,434125.3602556214,64000,100,64000,6400000,5.233548628981225,12228.796278990225,0.07024988828379719,0.07024698425084352,0.07146899588406086,0.07634910871274771,,trial-0011.json,2.152076,0.125436,1384,0,0,3,2.277512,0.999995344072029,25044,1,62357647,207033432,15227,85531,0,0,0,4.976437000000001,0.25685899999999995,2145,0,0,3,5.233296000000001,0.9999517289321006,23800,1,474476643,0,115841,0,0,0,0,sqlite-native-metadata,20260930T073514Z-1cf71cab,sqlite-native,nid005486,59115833,3.11.7,3.44.2,2026-09-30T07:36:59.181120+00:00,automatic_during_commits_plus_final_truncate,warm_after_write_checkpoint_and_validation,native,,,,,,,,,,,,,,,,,,,,,,,,,,,,,,,,,,,,,,,,,,
12,measured,1,metadata,tmpfs,16,1000000,20260815,1000,True,2.6535547350067645,376852.9764272795,30.158431921503507,1.8184115178883076,106.09121261513792,732.838788087246,1000000,1000000,1000,0.001049213926307857,2.676985671976581,373554.48348800436,64000,100,64000,6400000,0.42412516404874623,150898.8511529211,0.09153339729527943,0.09114702697843313,0.100655946880579,0.1062571373768151,,trial-0012.json,2.536721,0.254049,7919,0,1343,6,2.79077,1.0517099810239587,23800,16,199887044,286105984,48847,108707,0,0,0,5.378169,1.2758779999999998,6071,4,1,23,6.654046999999999,15.68887574714908,23800,16,506156592,0,123605,0,0,0,0,sqlite-native-metadata,20260930T073514Z-1cf71cab,sqlite-native,nid005486,59115833,3.11.7,3.44.2,2026-09-30T07:37:07.565644+00:00,automatic_during_commits_plus_final_truncate,warm_after_write_checkpoint_and_validation,native,,,,,,,,,,,,,,,,,,,,,,,,,,,,,,,,,,,,,,,,,,
13,measured,2,metadata,tmpfs,1,1000000,20260816,1000,True,2.217357758898288,450987.21484477905,1.4750831126002595,1.4244435005821288,1.5178451663814485,2.9038627620320767,1000000,1000000,1000,0.001617699977941811,2.249302474898286,444582.2699080168,64000,100,64000,6400000,5.242081942036748,12208.8896563745,0.07038084971281933,0.07040693890303373,0.07152999751269817,0.07643899880349636,,trial-0013.json,2.101948,0.11588799999999999,2121,0,0,7,2.217836,1.0002156806224856,25024,1,62197903,207153920,15188,85631,0,0,0,5.039969,0.20186700000000002,2499,0,0,9,5.241836,0.9999530831376794,23800,1,474030179,0,115732,0,0,0,0,sqlite-native-metadata,20260930T073514Z-1cf71cab,sqlite-native,nid005486,59115833,3.11.7,3.44.2,2026-09-30T07:37:11.749259+00:00,automatic_during_commits_plus_final_truncate,warm_after_write_checkpoint_and_validation,native,,,,,,,,,,,,,,,,,,,,,,,,,,,,,,,,,,,,,,,,,,
14,measured,2,metadata,tmpfs,64,1000000,20260816,1000,True,5.277636487036943,189478.75672305658,147.94382980838418,1.8592909327708185,436.8397799029435,4238.277876330539,1000000,1000000,1000,0.00358814699575305,5.305868812021799,188470.54750661095,64000,100,64000,6400000,0.826834082021378,77403.6791559655,0.8014499699456792,0.8065110305324197,0.8513780776411295,0.8717881015036255,,trial-0014.json,2.6236689999999996,0.321105,29340,24,2401,24,2.944774,0.5579721163503822,23800,64,209497884,285846424,51310,108581,0,0,0,5.931078,46.27222400000001,22185,7,1,93,52.203301999999994,63.1363693576558,23800,64,513042624,0,125381,0,0,0,0,sqlite-native-metadata,20260930T073514Z-1cf71cab,sqlite-native,nid005486,59115833,3.11.7,3.44.2,2026-09-30T07:37:20.120849+00:00,automatic_during_commits_plus_final_truncate,warm_after_write_checkpoint_and_validation,native,,,,,,,,,,,,,,,,,,,,,,,,,,,,,,,,,,,,,,,,,,
15,measured,2,metadata,tmpfs,16,1000000,20260816,1000,True,2.7094191840151325,369082.79305754515,24.057850185898133,1.7830320284701884,55.48748057917692,436.536927397824,1000000,1000000,1000,0.0013740250142291188,2.731464001000859,366104.03784695006,64000,100,64000,6400000,0.41156397305894643,155504.37888020283,0.0886074837999331,0.08825102122500539,0.09729003068059683,0.10341205401346089,,trial-0015.json,2.5087689999999996,0.192355,8274,3,767,10,2.701123999999999,0.9969383903147683,23800,16,192374936,283801520,47012,107701,0,0,0,5.348299,1.1212820000000001,6663,4,1,90,6.469581,15.719502734690025,23800,16,506062384,0,123582,0,0,0,0,sqlite-native-metadata,20260930T073514Z-1cf71cab,sqlite-native,nid005486,59115833,3.11.7,3.44.2,2026-09-30T07:37:28.509221+00:00,automatic_during_commits_plus_final_truncate,warm_after_write_checkpoint_and_validation,native,,,,,,,,,,,,,,,,,,,,,,,,,,,,,,,,,,,,,,,,,,
16,measured,2,metadata,lustre,16,1000000,20260816,1000,True,4.256360920961015,234942.482221225,39.19222820410505,3.633425512816757,59.339521953370415,1141.8407320033284,1000000,1000000,1000,0.06013366696424782,4.339999328949489,230414.78217049708,64000,100,64000,6400000,1.6372691709548235,39089.47968688401,0.36986520647587895,0.3605620004236698,0.47477498301304877,0.5464651971124115,,trial-0016.json,2.727813,2.1765619999999997,8457,2,17973,6287,4.904374999999999,1.15224603624372,23800,16,213067400,295845736,52052,111313,0,291921920,0,8.814331999999999,8.100370999999997,26996,3,195682,255133,16.914703,10.33104592700275,23800,16,506074675,0,123585,0,0,0,0,sqlite-native-metadata,20260930T073514Z-1cf71cab,sqlite-native,nid005486,59115833,3.11.7,3.44.2,2026-09-30T07:37:32.701765+00:00,automatic_during_commits_plus_final_truncate,warm_after_write_checkpoint_and_validation,native,,,,,,,,,,,,,,,,,,,,,,,,,,,,,,,,,,,,,,,,,,
17,measured,2,metadata,lustre,1,1000000,20260816,1000,True,4.145815477939323,241207.0689882826,3.302474415046163,2.6182634755969048,3.3882965275552115,21.753413220867515,1000000,1000000,1000,0.017096992931328714,4.189989366917871,238664.09015152074,64000,100,64000,6400000,16.40553472598549,3901.1224607404856,0.23590305724246718,0.2333344891667366,0.2516199660021812,0.26834198273718357,,trial-0017.json,2.457103,1.056698,1856,0,6944,8,3.513801,0.8475536402180964,23800,1,62197903,207153920,15188,85631,0,207368192,0,6.751037,4.0959840000000005,4920,0,128021,20220,10.847021000000002,0.6611805821128708,23800,1,474030179,0,115732,0,0,0,0,sqlite-native-metadata,20260930T073514Z-1cf71cab,sqlite-native,nid005486,59115833,3.11.7,3.44.2,2026-09-30T07:37:39.845380+00:00,automatic_during_commits_plus_final_truncate,warm_after_write_checkpoint_and_validation,native,,,,,,,,,,,,,,,,,,,,,,,,,,,,,,,,,,,,,,,,,,
18,measured,2,metadata,lustre,64,1000000,20260816,1000,True,5.437825520057231,183897.03684157107,157.57055249426048,4.225678450893611,751.3345222745515,3959.489663245621,1000000,1000000,1000,0.07672998507041484,5.546047750045545,180308.5810055977,64000,100,64000,6400000,1.589821746922098,40256.08539064476,1.54685092037289,1.544672530144453,1.6550235741306096,1.7161024070810527,,trial-0018.json,2.9525089999999987,2.3844099999999995,23948,11,27665,9994,5.336918999999998,0.9814435899634802,23800,64,225274444,292286680,55134,110095,0,287637504,0,9.428746999999998,10.865106999999995,23669,10,255920,231296,20.293853999999996,12.764861242644962,23800,64,512751808,0,125310,0,0,0,0,sqlite-native-metadata,20260930T073514Z-1cf71cab,sqlite-native,nid005486,59115833,3.11.7,3.44.2,2026-09-30T07:38:01.373029+00:00,automatic_during_commits_plus_final_truncate,warm_after_write_checkpoint_and_validation,native,,,,,,,,,,,,,,,,,,,,,,,,,,,,,,,,,,,,,,,,,,
19,measured,3,metadata,lustre,1,1000000,20260817,1000,True,4.112613121047616,243154.4058647723,3.2769594015553594,2.5978335179388523,3.394305479014291,21.638582929736003,1000000,1000000,1000,0.03602291701827198,4.176792128011584,239418.18729582382,64000,100,64000,6400000,15.965455711004324,4008.654758027825,0.22992543992768333,0.2274430589750409,0.24664995726197958,0.2616993768606336,,trial-0019.json,2.386841,1.1038270000000001,3016,0,6949,777,3.4906680000000003,0.8487713036111731,23800,1,62582927,207089720,15282,85501,0,207294464,0,6.434328,4.158947,5722,0,128017,12287,10.593275,0.6635122223726126,23800,1,474345571,0,115809,0,0,0,0,sqlite-native-metadata,20260930T073514Z-1cf71cab,sqlite-native,nid005486,59115833,3.11.7,3.44.2,2026-09-30T07:38:10.821924+00:00,automatic_during_commits_plus_final_truncate,warm_after_write_checkpoint_and_validation,native,,,,,,,,,,,,,,,,,,,,,,,,,,,,,,,,,,,,,,,,,,
20,measured,3,metadata,lustre,64,1000000,20260817,1000,True,5.1763745489297435,193185.402359796,152.91147246584296,4.608067451044917,740.2225847763474,3960.212886669905,1000000,1000000,1000,0.10044781200122088,5.36216305103153,186491.90456967324,64000,100,64000,6400000,1.6055757079739124,39861.09137186814,1.5566985123896302,1.5555580612272024,1.6644509800244123,1.7233665741514417,,trial-0020.json,2.871918,2.5108800000000002,23446,10,27631,10448,5.382797999999998,1.0398779974515049,23800,64,230726264,298720616,56466,111976,0,294486016,0,9.395028000000002,10.908238999999998,24314,3,255884,228465,20.303266999999998,12.645474703663048,23800,64,513829056,0,125573,0,0,0,0,sqlite-native-metadata,20260930T073514Z-1cf71cab,sqlite-native,nid005486,59115833,3.11.7,3.44.2,2026-09-30T07:38:31.929052+00:00,automatic_during_commits_plus_final_truncate,warm_after_write_checkpoint_and_validation,native,,,,,,,,,,,,,,,,,,,,,,,,,,,,,,,,,,,,,,,,,,
21,measured,3,metadata,tmpfs,1,1000000,20260817,1000,True,2.2306022790726274,448309.4137318598,1.4756754013942555,1.4311664854176342,1.491010474273935,2.9095925367437303,1000000,1000000,1000,0.0018844190053641796,2.258011445053853,442867.55153101106,64000,100,64000,6400000,5.204457277082838,12297.151574635038,0.06995851134161057,0.0698859803378582,0.07126806303858757,0.07741992478258908,,trial-0021.json,2.1113869999999997,0.11912700000000001,1313,0,0,4,2.230514,0.9999604236607056,23800,1,62582927,207089720,15282,85501,0,0,0,4.890937,0.31321,3194,0,0,24,5.204147,0.9999403824325344,23800,1,474345571,0,115809,0,0,0,0,sqlite-native-metadata,20260930T073514Z-1cf71cab,sqlite-native,nid005486,59115833,3.11.7,3.44.2,2026-09-30T07:38:41.326665+00:00,automatic_during_commits_plus_final_truncate,warm_after_write_checkpoint_and_validation,native,,,,,,,,,,,,,,,,,,,,,,,,,,,,,,,,,,,,,,,,,,
22,measured,3,metadata,tmpfs,16,1000000,20260817,1000,True,2.676430830033496,373631.92382127984,29.819077463587746,1.8035320099443197,130.543865688378,531.6698590479791,1000000,1000000,1000,0.0028464419301599264,2.699789909995161,370399.1915436829,64000,100,64000,6400000,0.4348698960384354,147170.4539289228,0.09485442077675543,0.09463506285101175,0.10436295997351408,0.10988405672833325,,trial-0022.json,2.4961790000000006,0.267273,7130,4,1466,11,2.763451999999999,1.032513887147763,23800,16,196151536,281143200,47936,107391,0,0,0,5.2073350000000005,1.643423,6979,3,0,15,6.850758,15.753580697143738,23800,16,506312240,0,123643,0,0,0,0,sqlite-native-metadata,20260930T073514Z-1cf71cab,sqlite-native,nid005486,59115833,3.11.7,3.44.2,2026-09-30T07:38:49.681362+00:00,automatic_during_commits_plus_final_truncate,warm_after_write_checkpoint_and_validation,native,,,,,,,,,,,,,,,,,,,,,,,,,,,,,,,,,,,,,,,,,,
23,measured,3,metadata,tmpfs,64,1000000,20260817,1000,True,4.282645302009769,233500.54218375683,113.70406883885153,1.8926954362541437,531.8078814656473,3236.76559412619,1000000,1000000,1000,0.001587130012921989,4.383593279053457,228123.35368301516,64000,100,64000,6400000,0.840779363992624,76119.85110586214,0.8174467217850179,0.8269100217148662,0.8648530347272754,0.8868669392541051,,trial-0023.json,2.5808490000000006,0.37328899999999987,27319,11,2242,46,2.9541379999999995,0.6897928246856389,23800,64,214396568,289589000,52503,109616,0,0,0,5.896076,47.29903799999999,23936,8,2,107,53.19511399999999,63.26881495686502,23800,64,513046720,0,125382,0,0,0,0,sqlite-native-metadata,20260930T073514Z-1cf71cab,sqlite-native,nid005486,59115833,3.11.7,3.44.2,2026-09-30T07:38:53.983223+00:00,automatic_during_commits_plus_final_truncate,warm_after_write_checkpoint_and_validation,native,,,,,,,,,,,,,,,,,,,,,,,,,,,,,,,,,,,,,,,,,,
24,measured,3,metadata,lustre,16,1000000,20260817,1000,True,4.247785519924946,235416.78253511936,48.2529230597429,6.918620492797345,108.86446972144768,1139.060070925625,1000000,1000000,1000,0.044205429032444954,4.383973228977993,228103.58270210592,64000,100,64000,6400000,1.7273305150447413,37051.391984667316,0.38815596893255133,0.37601194344460964,0.5068075028248131,0.5922639649361374,,trial-0024.json,2.7060880000000003,2.3290450000000003,6790,0,21944,5244,5.035132999999999,1.185354810496403,23800,16,223319688,295009288,54555,110734,0,290361344,0,9.112133,8.476935,22542,2,186822,374795,17.589067999999997,10.18280395489013,23800,16,505947696,0,123554,0,0,0,0,sqlite-native-metadata,20260930T073514Z-1cf71cab,sqlite-native,nid005486,59115833,3.11.7,3.44.2,2026-09-30T07:39:01.783333+00:00,automatic_during_commits_plus_final_truncate,warm_after_write_checkpoint_and_validation,native,,,,,,,,,,,,,,,,,,,,,,,,,,,,,,,,,,,,,,,,,,
25,measured,4,metadata,tmpfs,1,1000000,20260818,1000,True,2.2014747670618817,454240.95472809515,1.4513994683511555,1.4062930131331086,1.4579996292013675,2.8851142432540655,1000000,1000000,1000,0.00171245401725173,2.228491149027832,448734.11340953497,64000,100,64000,6400000,5.252549221972004,12184.559781425904,0.07040807320845488,0.07040693890303373,0.07163907866925001,0.07673900108784437,,trial-0025.json,2.0750040000000003,0.126406,1252,0,0,4,2.20141,0.9999705801479759,24768,1,62943375,206943576,15370,85350,0,0,0,4.984169,0.268096,2433,0,0,6,5.2522649999999995,0.9999458887561081,23800,1,473948259,0,115712,0,0,0,0,sqlite-native-metadata,20260930T073514Z-1cf71cab,sqlite-native,nid005486,59115833,3.11.7,3.44.2,2026-09-30T07:39:09.307600+00:00,automatic_during_commits_plus_final_truncate,warm_after_write_checkpoint_and_validation,native,,,,,,,,,,,,,,,,,,,,,,,,,,,,,,,,,,,,,,,,,,
26,measured,4,metadata,lustre,16,1000000,20260818,1000,True,4.146007239934988,241195.91262838233,49.339849861804396,7.012016023509204,147.24983712658144,1041.4980790601112,1000000,1000000,1000,0.061721379053778946,4.234765570028685,236140.58050283673,64000,100,64000,6400000,1.618623767979443,39539.76289369106,0.36855702936736634,0.3587470855563879,0.47395143774338067,0.5493772425688804,,trial-0026.json,2.8998279999999994,2.1770110000000003,6388,4,22838,8034,5.076839,1.2245128158723637,23800,16,224781960,295563328,54912,110914,0,290201600,0,8.587914,8.26634,23620,1,197299,240849,16.854253999999997,10.412706357969439,23800,16,506218032,0,123620,0,0,0,0,sqlite-native-metadata,20260930T073514Z-1cf71cab,sqlite-native,nid005486,59115833,3.11.7,3.44.2,2026-09-30T07:39:17.892817+00:00,automatic_during_commits_plus_final_truncate,warm_after_write_checkpoint_and_validation,native,,,,,,,,,,,,,,,,,,,,,,,,,,,,,,,,,,,,,,,,,,
27,measured,4,metadata,lustre,64,1000000,20260818,1000,True,5.033987998962402,198649.65911840045,151.755378588452,6.564983516000211,640.518813487142,3965.6743502395684,1000000,1000000,1000,0.08211030508391559,5.1438600739929825,194406.53237360288,64000,100,64000,6400000,1.5932190680177882,40170.244811108074,1.550737099176331,1.546614512335509,1.6580714494921267,1.719751029741019,,trial-0027.json,2.936038,2.4491370000000003,21511,14,28626,11217,5.385175,1.0697631780429322,23800,64,230480372,296524072,56403,111226,0,292233216,0,9.507935999999999,10.720679999999996,23842,4,255921,230585,20.228616,12.696694639217151,23800,64,512252096,0,125188,0,0,0,0,sqlite-native-metadata,20260930T073514Z-1cf71cab,sqlite-native,nid005486,59115833,3.11.7,3.44.2,2026-09-30T07:39:25.147914+00:00,automatic_during_commits_plus_final_truncate,warm_after_write_checkpoint_and_validation,native,,,,,,,,,,,,,,,,,,,,,,,,,,,,,,,,,,,,,,,,,,
28,measured,4,metadata,lustre,1,1000000,20260818,1000,True,4.138250993099064,241647.9816394891,3.29980450659059,2.638610021676868,3.4371351532172407,21.314553470583633,1000000,1000000,1000,0.028216823004186153,4.197445282014087,238240.1515238249,64000,100,64000,6400000,15.98735067108646,4003.164834292755,0.23024616126895125,0.228345044888556,0.24315400514751673,0.2578321879263968,,trial-0028.json,2.44566,1.0874000000000001,2315,0,6969,9,3.5330600000000003,0.8537568180112134,23800,1,62943375,206943576,15370,85350,0,207142912,0,6.755648,3.763877,4080,0,128004,7187,10.519525,0.6579905086478671,23800,1,473948259,0,115712,0,0,0,0,sqlite-native-metadata,20260930T073514Z-1cf71cab,sqlite-native,nid005486,59115833,3.11.7,3.44.2,2026-09-30T07:39:34.064572+00:00,automatic_during_commits_plus_final_truncate,warm_after_write_checkpoint_and_validation,native,,,,,,,,,,,,,,,,,,,,,,,,,,,,,,,,,,,,,,,,,,
29,measured,4,metadata,tmpfs,64,1000000,20260818,1000,True,5.5847353669814765,179059.51388713613,161.30266127933282,1.8490160000510514,537.1122084499757,4539.678569742245,1000000,1000000,1000,0.0007149518933147192,5.612170859938487,178184.16882820288,64000,100,64000,6400000,0.7473075569141656,85640.77722467207,0.7214901704428485,0.7324465550482273,0.7846480002626777,0.803615365875885,,trial-0029.json,2.5443550000000004,0.40417400000000003,30227,11,2401,37,2.9485289999999993,0.5279621694221235,23800,64,209764124,287412128,51375,109006,0,0,0,6.477633999999999,40.716847999999985,24851,5,2,95,47.19448200000001,63.15268936243432,23800,64,513460416,0,125483,0,0,0,0,sqlite-native-metadata,20260930T073514Z-1cf71cab,sqlite-native,nid005486,59115833,3.11.7,3.44.2,2026-09-30T07:39:55.186259+00:00,automatic_during_commits_plus_final_truncate,warm_after_write_checkpoint_and_validation,native,,,,,,,,,,,,,,,,,,,,,,,,,,,,,,,,,,,,,,,,,,
30,measured,4,metadata,tmpfs,16,1000000,20260818,1000,True,2.6971804900094867,370757.538735008,29.692667527939193,1.8380950205028057,105.87364602251908,531.8218847922981,1000000,1000000,1000,0.0020906010176986456,2.721220028004609,367482.22845223977,64000,100,64000,6400000,0.41723199002444744,153391.88156749427,0.091633076153812,0.09121804032474756,0.09946397040039301,0.10558600421063603,,trial-0030.json,2.518543,0.2925,7673,1,1513,39,2.811043,1.042215383958273,23800,16,199178480,283431504,48675,108063,0,0,0,5.200831999999999,1.452922,6192,1,0,70,6.653753999999998,15.947372586675643,23800,16,506922544,0,123792,0,0,0,0,sqlite-native-metadata,20260930T073514Z-1cf71cab,sqlite-native,nid005486,59115833,3.11.7,3.44.2,2026-09-30T07:40:03.603486+00:00,automatic_during_commits_plus_final_truncate,warm_after_write_checkpoint_and_validation,native,,,,,,,,,,,,,,,,,,,,,,,,,,,,,,,,,,,,,,,,,,
31,measured,5,metadata,tmpfs,64,1000000,20260819,1000,True,5.38028415304143,185863.7892637526,152.52702632080764,1.8566009239293635,439.41012431750556,4339.141738915349,1000000,1000000,1000,0.0033949019853025675,5.410452358075418,184827.42917187716,64000,100,64000,6400000,0.8080608069431037,79201.96036002808,0.7841042895852297,0.7916564936749637,0.8351574477273971,0.857370289741084,,trial-0031.json,2.6151530000000003,0.34876100000000004,29797,9,2395,30,2.9639140000000004,0.5508842870918861,23800,64,210022084,286686992,51436,108823,0,0,0,6.102219,44.987226,23255,13,4,54,51.08944500000001,63.22475308915369,23800,64,514922688,0,125840,0,0,0,0,sqlite-native-metadata,20260930T073514Z-1cf71cab,sqlite-native,nid005486,59115833,3.11.7,3.44.2,2026-09-30T07:40:07.781082+00:00,automatic_during_commits_plus_final_truncate,warm_after_write_checkpoint_and_validation,native,,,,,,,,,,,,,,,,,,,,,,,,,,,,,,,,,,,,,,,,,,
32,measured,5,metadata,tmpfs,1,1000000,20260819,1000,True,2.229712131083943,448488.38828080654,1.4824045969871804,1.4329410041682422,1.5346939850132912,2.9393570288084447,1000000,1000000,1000,0.001225205953232944,2.2621141660492867,442064.33742752665,64000,100,64000,6400000,5.241288116085343,12210.738769270492,0.07022352160856826,0.07017701864242554,0.07164000999182463,0.07650908082723618,,trial-0032.json,2.111719,0.11818699999999999,1986,0,0,69,2.2299059999999997,1.0000869479577001,24876,1,63193231,207189024,15431,85397,0,0,0,4.963873,0.277117,2884,0,0,7,5.24099,0.9999431215993587,23800,1,474595427,0,115870,0,0,0,0,sqlite-native-metadata,20260930T073514Z-1cf71cab,sqlite-native,nid005486,59115833,3.11.7,3.44.2,2026-09-30T07:40:16.271231+00:00,automatic_during_commits_plus_final_truncate,warm_after_write_checkpoint_and_validation,native,,,,,,,,,,,,,,,,,,,,,,,,,,,,,,,,,,,,,,,,,,
33,measured,5,metadata,lustre,1,1000000,20260819,1000,True,4.160048453952186,240381.8155170684,3.3235919915605336,2.612006035633385,3.4546631039120252,22.238998037064448,1000000,1000000,1000,0.0647853510454297,4.250068975961767,235290.29897066683,64000,100,64000,6400000,16.047530864947475,3988.1524789458304,0.23112323992609163,0.22862397599965334,0.24292203597724438,0.25879236869514,,trial-0033.json,2.415101,1.079321,1865,0,6977,6,3.494422,0.8399955045427853,23800,1,63193231,207189024,15431,85397,0,207405056,0,6.56949,3.862809,3900,0,127999,15226,10.432299,0.6500874862180329,23800,1,474595427,0,115870,0,0,0,0,sqlite-native-metadata,20260930T073514Z-1cf71cab,sqlite-native,nid005486,59115833,3.11.7,3.44.2,2026-09-30T07:40:24.666848+00:00,automatic_during_commits_plus_final_truncate,warm_after_write_checkpoint_and_validation,native,,,,,,,,,,,,,,,,,,,,,,,,,,,,,,,,,,,,,,,,,,
34,measured,5,metadata,lustre,16,1000000,20260819,1000,True,4.181686588097364,239137.95999116055,44.54948023380712,6.6085314610973,84.72875806037325,1138.5247269482352,1000000,1000000,1000,0.06485486903693527,4.27019792504143,234181.1825947852,64000,100,64000,6400000,1.698909074999392,37671.23322949046,0.3743998303270928,0.36400899989530444,0.483822578098625,0.5645593139342965,,trial-0034.json,2.986396,1.964493,7014,2,20304,7591,4.950888999999999,1.1839454956026767,23800,16,219797216,296416336,53697,111319,0,291311616,0,9.091907999999998,8.067172000000001,24704,4,193233,270499,17.159079999999996,10.100057885679453,23800,16,505693744,0,123492,0,0,0,0,sqlite-native-metadata,20260930T073514Z-1cf71cab,sqlite-native,nid005486,59115833,3.11.7,3.44.2,2026-09-30T07:40:46.176074+00:00,automatic_during_commits_plus_final_truncate,warm_after_write_checkpoint_and_validation,native,,,,,,,,,,,,,,,,,,,,,,,,,,,,,,,,,,,,,,,,,,
35,measured,5,metadata,tmpfs,16,1000000,20260819,1000,True,2.7011146349832416,370217.53429069265,30.771659736637957,1.814959046896547,130.65886771655641,632.8956675075451,1000000,1000000,1000,0.003544891020283103,2.725837858975865,366859.67828464817,64000,100,64000,6400000,0.41526859591249377,154117.11993142436,0.0877181838168326,0.08704897481948137,0.09641796350479126,0.14612506725825372,,trial-0035.json,2.5174139999999996,0.250704,7629,12,1436,12,2.7681180000000003,1.0248058205856836,23800,16,193726660,279069544,47343,106840,0,0,0,5.253811999999998,1.1405509999999996,5641,7,3,16,6.394362999999999,15.398137646188474,23800,16,504796720,0,123273,0,0,0,0,sqlite-native-metadata,20260930T073514Z-1cf71cab,sqlite-native,nid005486,59115833,3.11.7,3.44.2,2026-09-30T07:40:53.267624+00:00,automatic_during_commits_plus_final_truncate,warm_after_write_checkpoint_and_validation,native,,,,,,,,,,,,,,,,,,,,,,,,,,,,,,,,,,,,,,,,,,
36,measured,5,metadata,lustre,64,1000000,20260819,1000,True,4.296506737009622,232747.22029087335,158.73276358179282,8.662520442157984,856.495109293606,3150.937055152608,1000000,1000000,1000,0.11092971498146653,4.431996288942173,225631.9578820495,64000,100,64000,6400000,1.5951710320077837,40121.089661116486,1.5504240245445544,1.546772022265941,1.6617659770417958,1.7255792149808258,,trial-0036.json,3.251354,2.4486750000000006,18707,11,33021,11745,5.7000290000000025,1.326665905327367,23800,64,243005764,299773328,59457,112075,0,293773312,0,9.619906000000002,10.647148999999994,25133,6,255892,265973,20.267055,12.705255169090298,23800,64,514099392,0,125639,0,0,0,0,sqlite-native-metadata,20260930T073514Z-1cf71cab,sqlite-native,nid005486,59115833,3.11.7,3.44.2,2026-09-30T07:40:57.628842+00:00,automatic_during_commits_plus_final_truncate,warm_after_write_checkpoint_and_validation,native,,,,,,,,,,,,,,,,,,,,,,,,,,,,,,,,,,,,,,,,,,
1,warmup,1,telemetry,tmpfs,16,1000000,20260813,1000,True,4.294154686038382,232874.7036643341,40.60532831028104,5.827392509672791,60.40610364870989,837.1532655402534,1000000,1000000,1000,0.0025673749623820186,4.318288475042209,231573.2276293157,64000,100,64000,6400000,0.7343042270513251,87157.3356686215,0.0963804340990464,0.0960140023380518,0.10803795885294676,0.11807691771537066,,trial-0001.json,6.527441999999999,0.289327,7792,0,1802,16,6.816769000000001,1.5874530608232194,22832,16,216488176,361163888,52901,135120,0,0,0,9.948140000000002,1.3032129999999997,7176,5,0,35,11.251353,15.322467971049242,19392,16,1732970032,0,423120,0,0,0,0,sqlite-native-telemetry,20260930T073512Z-dfcc55d8,sqlite-native,nid005772,59115834,3.11.7,3.44.2,2026-09-30T07:35:12.479373+00:00,automatic_during_commits_plus_final_truncate,warm_after_write_checkpoint_and_validation,native,,,,,,,,,,,,,,,,,,,,,,,,,,,,,,,,,,,,,,,,,,
2,warmup,1,telemetry,tmpfs,1,1000000,20260813,1000,True,6.302769221016206,158660.41813264557,4.673022843198851,4.549120960291475,4.866530577419325,7.238853732123971,1000000,1000000,1000,0.0020902850665152073,6.326653358992189,158061.44943577185,64000,100,64000,6400000,9.875595809076913,6480.62164929593,0.07915577486164693,0.07883110083639622,0.08227897342294455,0.08905210648663343,,trial-0002.json,6.131438,0.170921,6444,0,0,7,6.302359,0.9999349141620419,25588,1,151502991,345086736,36991,131010,0,0,0,9.364203,0.510682,3359,0,0,82,9.874884999999999,0.9999280236766819,22140,1,1711149155,0,417763,0,0,0,0,sqlite-native-telemetry,20260930T073512Z-dfcc55d8,sqlite-native,nid005772,59115834,3.11.7,3.44.2,2026-09-30T07:35:18.860816+00:00,automatic_during_commits_plus_final_truncate,warm_after_write_checkpoint_and_validation,native,,,,,,,,,,,,,,,,,,,,,,,,,,,,,,,,,,,,,,,,,,
3,warmup,1,telemetry,lustre,16,1000000,20260813,1000,True,6.043818642967381,165458.30692051048,71.84576215490233,16.071927966549993,202.14474885142232,1254.0341294486989,1000000,1000000,1000,0.09086487698368728,6.16196805704385,162285.813678778,64000,100,64000,6400000,2.103042253991589,30432.10371951755,0.38302701651264215,0.36999292206019163,0.4964069928973914,0.5858380883000791,,trial-0003.json,7.345345000000001,2.869345,9126,5,28076,12111,10.214689999999997,1.6901053131178687,22140,16,235959988,375914736,57642,138867,0,377303040,0,14.089933,9.967459,27300,13,146447,343910,24.057391999999997,11.439328883829555,22140,16,1733375536,0,423219,0,0,0,0,sqlite-native-telemetry,20260930T073512Z-dfcc55d8,sqlite-native,nid005772,59115834,3.11.7,3.44.2,2026-09-30T07:35:35.985309+00:00,automatic_during_commits_plus_final_truncate,warm_after_write_checkpoint_and_validation,native,,,,,,,,,,,,,,,,,,,,,,,,,,,,,,,,,,,,,,,,,,
4,warmup,1,telemetry,lustre,1,1000000,20260813,1000,True,9.534436098998412,104882.9725866063,7.710050794179551,6.413822004105896,9.050946251954882,33.974606320261955,1000000,1000000,1000,0.050543592078611255,9.606175973080099,104099.69615405273,64000,100,64000,6400000,21.89069488295354,2923.6166481785517,0.2552245350070734,0.25330798234790564,0.2679765748325736,0.2823241357691586,,trial-0004.json,6.923983,1.756456,12279,0,7120,23,8.680439,0.9104302456767082,23820,1,151502991,345086736,36991,131010,0,345440256,0,10.942652,5.261489,3728,0,128004,2479,16.204141,0.740229631203635,22336,1,1711149158,0,417763,0,0,0,0,sqlite-native-telemetry,20260930T073512Z-dfcc55d8,sqlite-native,nid005772,59115834,3.11.7,3.44.2,2026-09-30T07:35:45.412668+00:00,automatic_during_commits_plus_final_truncate,warm_after_write_checkpoint_and_validation,native,,,,,,,,,,,,,,,,,,,,,,,,,,,,,,,,,,,,,,,,,,
5,warmup,1,telemetry,lustre,64,1000000,20260813,1000,True,5.965550425928086,167629.12532826772,224.13113224809058,18.834883987437934,1351.0204659658484,4164.616660795871,1000000,1000000,1000,0.04960447398480028,6.039387428900227,165579.70684488775,64000,100,64000,6400000,1.6246592140523717,39392.876639258655,1.4811971541184903,1.4762930222786963,1.6101930697914215,1.689614529022947,,trial-0005.json,7.547874999999999,3.1719709999999997,28495,15,37515,22683,10.719846000000002,1.7969584086337298,22140,64,246249884,377603960,60251,139487,0,378085376,0,16.707673999999997,13.164665000000005,24715,17,255905,353727,29.872338999999997,18.386833830517425,22140,64,1748469952,0,426999,0,0,0,0,sqlite-native-telemetry,20260930T073512Z-dfcc55d8,sqlite-native,nid005772,59115834,3.11.7,3.44.2,2026-09-30T07:36:17.964368+00:00,automatic_during_commits_plus_final_truncate,warm_after_write_checkpoint_and_validation,native,,,,,,,,,,,,,,,,,,,,,,,,,,,,,,,,,,,,,,,,,,
6,warmup,1,telemetry,tmpfs,64,1000000,20260813,1000,True,6.045511202071793,165411.98363130988,173.67576884140726,5.052344989962876,740.2136715303595,4843.9306806586665,1000000,1000000,1000,0.002280342043377459,6.070176636101678,164739.85189370188,64000,100,64000,6400000,0.7744424699340016,82640.09592017095,0.6427873858301609,0.6510434905067086,0.7111399958375841,0.7442233117762954,,trial-0006.json,6.771981,0.3888929999999999,39647,6,2735,35,7.160874000000002,1.1844943728738728,22140,64,212533284,365264040,52057,136462,0,0,0,11.642074000000001,35.52817799999999,24991,14,5,261,47.170252,60.90865859154118,22140,64,1746610368,0,426545,0,0,0,0,sqlite-native-telemetry,20260930T073512Z-dfcc55d8,sqlite-native,nid005772,59115834,3.11.7,3.44.2,2026-09-30T07:36:27.533970+00:00,automatic_during_commits_plus_final_truncate,warm_after_write_checkpoint_and_validation,native,,,,,,,,,,,,,,,,,,,,,,,,,,,,,,,,,,,,,,,,,,
7,measured,1,telemetry,lustre,16,1000000,20260815,1000,True,6.204095007968135,161183.86303170168,63.98375960555859,15.74140100274235,145.77616013702934,1052.722122623817,1000000,1000000,1000,0.06424269103445113,6.290471966029145,158970.58367009132,64000,100,64000,6400000,1.9716138080693781,32460.718086910423,0.37210687342121673,0.3593020373955369,0.4766585538163781,0.5670731549616905,,trial-0007.json,7.340476000000001,2.7568989999999998,8524,7,26988,13807,10.097375,1.6275339089797287,22140,16,234596064,375614824,57310,138733,0,377237504,0,13.765470999999998,9.595963,27014,7,148351,240936,23.361433999999996,11.848889424686938,22140,16,1733330483,0,423208,0,0,0,0,sqlite-native-telemetry,20260930T073512Z-dfcc55d8,sqlite-native,nid005772,59115834,3.11.7,3.44.2,2026-09-30T07:36:36.335378+00:00,automatic_during_commits_plus_final_truncate,warm_after_write_checkpoint_and_validation,native,,,,,,,,,,,,,,,,,,,,,,,,,,,,,,,,,,,,,,,,,,
8,measured,1,telemetry,lustre,64,1000000,20260815,1000,True,6.847489362000488,146038.92713574818,219.1125872634584,12.674975499976426,1151.0514333844142,5192.649933261563,1000000,1000000,1000,0.023064489010721445,6.900893721031025,144908.76695469458,64000,100,64000,6400000,1.6386937939096242,39055.496663173224,1.4951333029857778,1.4889469603076577,1.6194904339499772,1.697659636847675,,trial-0008.json,7.276160999999999,3.1685770000000018,30763,2,33328,14598,10.444737999999996,1.5253383317339795,22140,64,237275768,375795680,58065,138940,0,376037376,0,16.817565000000005,12.994542999999998,25584,18,255906,353653,29.812108000000006,18.192604445565,22140,64,1748379840,0,426977,0,0,0,0,sqlite-native-telemetry,20260930T073512Z-dfcc55d8,sqlite-native,nid005772,59115834,3.11.7,3.44.2,2026-09-30T07:36:45.797888+00:00,automatic_during_commits_plus_final_truncate,warm_after_write_checkpoint_and_validation,native,,,,,,,,,,,,,,,,,,,,,,,,,,,,,,,,,,,,,,,,,,
9,measured,1,telemetry,tmpfs,64,1000000,20260815,1000,True,6.044074818026274,165451.29405372837,173.08718992269132,5.13475900515914,746.0562438180114,4841.975321706849,1000000,1000000,1000,0.0017931939801201224,6.095493171946146,164055.6345141018,64000,100,64000,6400000,0.8152304500108585,78505.40911364087,0.6833569614318549,0.6924030603840947,0.7554940471891314,0.7869961962569505,,trial-0009.json,6.663177999999999,0.42001299999999997,39785,18,2767,40,7.083190999999999,1.1719231169797224,22140,64,212254800,364331536,51990,136122,0,0,0,11.877604999999999,37.99893799999998,26012,13,5,249,49.876542999999984,61.180912709204684,23804,64,1744464064,0,426021,0,0,0,0,sqlite-native-telemetry,20260930T073512Z-dfcc55d8,sqlite-native,nid005772,59115834,3.11.7,3.44.2,2026-09-30T07:36:56.464055+00:00,automatic_during_commits_plus_final_truncate,warm_after_write_checkpoint_and_validation,native,,,,,,,,,,,,,,,,,,,,,,,,,,,,,,,,,,,,,,,,,,
10,measured,1,telemetry,lustre,1,1000000,20260815,1000,True,9.55104658100754,104700.56778788214,7.699700022931211,6.467105005867779,7.823583087883871,32.95379427727312,1000000,1000000,1000,0.04664692503865808,9.61939244507812,103956.66937485873,64000,100,64000,6400000,21.628018758026883,2959.124491060812,0.2526816767804121,0.2506129676476121,0.26893801987171173,0.28417732799425727,,trial-0010.json,6.923218,1.8162230000000001,10412,0,7110,16,8.739441000000001,0.9150244348486967,22140,1,151502991,345090856,36991,131012,0,345444352,0,10.947788,5.070987,4973,0,128011,7034,16.018774999999998,0.7406492096764478,23776,1,1711407203,0,417826,0,0,0,0,sqlite-native-telemetry,20260930T073512Z-dfcc55d8,sqlite-native,nid005772,59115834,3.11.7,3.44.2,2026-09-30T07:37:05.096323+00:00,automatic_during_commits_plus_final_truncate,warm_after_write_checkpoint_and_validation,native,,,,,,,,,,,,,,,,,,,,,,,,,,,,,,,,,,,,,,,,,,
11,measured,1,telemetry,tmpfs,1,1000000,20260815,1000,True,6.324292224016972,158120.4606900398,4.7141577928559855,4.5918680261820555,4.812962817959487,7.260014703497291,1000000,1000000,1000,0.002029036986641586,6.3463681290159,157570.43708636312,64000,100,64000,6400000,9.768209981033579,6551.8657076645,0.07825408187090943,0.07802003528922796,0.08101598359644413,0.08587492629885674,,trial-0011.json,6.132784,0.191019,6357,0,0,10,6.323803,0.9999226436730557,25472,1,151502991,345090856,36991,131012,0,0,0,9.273542,0.49409099999999995,3322,0,0,12,9.767633,0.999940932777377,23872,1,1711407203,0,417826,0,0,0,0,sqlite-native-telemetry,20260930T073512Z-dfcc55d8,sqlite-native,nid005772,59115834,3.11.7,3.44.2,2026-09-30T07:37:37.489142+00:00,automatic_during_commits_plus_final_truncate,warm_after_write_checkpoint_and_validation,native,,,,,,,,,,,,,,,,,,,,,,,,,,,,,,,,,,,,,,,,,,
12,measured,1,telemetry,tmpfs,16,1000000,20260815,1000,True,4.493511385982856,222543.11029886757,36.98738916567527,5.7890539756044745,9.019332448951898,1034.9357934028376,1000000,1000000,1000,0.0013335180701687932,4.514525165082887,221507.23795591912,64000,100,64000,6400000,0.7531832779059187,84972.67780285788,0.09632698242057813,0.09590404806658626,0.10648497845977545,0.11962093529291451,,trial-0012.json,6.486633,0.20905899999999994,9300,4,1377,8,6.695692000000001,1.4900801232832455,22140,16,212760772,361614744,51990,135242,0,0,0,10.228482,1.1143069999999997,6607,15,5,62,11.342789,15.059799298168759,22140,16,1731561008,0,422776,0,0,0,0,sqlite-native-telemetry,20260930T073512Z-dfcc55d8,sqlite-native,nid005772,59115834,3.11.7,3.44.2,2026-09-30T07:37:54.548414+00:00,automatic_during_commits_plus_final_truncate,warm_after_write_checkpoint_and_validation,native,,,,,,,,,,,,,,,,,,,,,,,,,,,,,,,,,,,,,,,,,,
13,measured,2,telemetry,tmpfs,1,1000000,20260816,1000,True,6.3377406689105555,157784.93508032698,4.719616918009706,4.5938870171085,4.870535421650857,7.310876938281581,1000000,1000000,1000,0.0019885289948433638,6.360386991989799,157223.13772092626,64000,100,64000,6400000,9.849538168055005,6497.766586414286,0.07918279402292683,0.07888197433203459,0.08234893903136253,0.08915211656130852,,trial-0013.json,6.160945,0.176282,7136,0,0,8,6.3372269999999995,0.9999189507842952,26264,1,151507087,345169112,36992,131049,0,0,0,9.234993,0.6136919999999999,3989,0,0,76,9.848685,0.9999133798924935,23912,1,1711140963,0,417761,0,0,0,0,sqlite-native-telemetry,20260930T073512Z-dfcc55d8,sqlite-native,nid005772,59115834,3.11.7,3.44.2,2026-09-30T07:38:01.328118+00:00,automatic_during_commits_plus_final_truncate,warm_after_write_checkpoint_and_validation,native,,,,,,,,,,,,,,,,,,,,,,,,,,,,,,,,,,,,,,,,,,
14,measured,2,telemetry,tmpfs,64,1000000,20260816,1000,True,5.756232674000785,173724.7357141602,168.80281847948208,5.317465518601239,841.8991746031635,4442.089524252804,1000000,1000000,1000,0.0011816760525107384,5.781922228983603,172952.86245588065,64000,100,64000,6400000,0.775178266922012,82561.65417810768,0.636086630724094,0.6500520394183695,0.715067028068006,0.7366792508400978,,trial-0014.json,6.827323000000002,0.3259399999999999,38578,6,2894,51,7.153263000000001,1.242698724168881,23228,64,214339576,364525552,52497,136062,0,0,0,13.001213,34.350161,26251,16,6,151,47.35137400000001,61.0844963288475,22140,64,1741703360,0,425347,0,0,0,0,sqlite-native-telemetry,20260930T073512Z-dfcc55d8,sqlite-native,nid005772,59115834,3.11.7,3.44.2,2026-09-30T07:38:18.455965+00:00,automatic_during_commits_plus_final_truncate,warm_after_write_checkpoint_and_validation,native,,,,,,,,,,,,,,,,,,,,,,,,,,,,,,,,,,,,,,,,,,
15,measured,2,telemetry,tmpfs,16,1000000,20260816,1000,True,4.146544525981881,241164.6598111002,45.71819308772683,5.829260975588113,108.69119041599332,937.4417291849368,1000000,1000000,1000,0.0010195840150117874,4.169417876983061,239841.6348527741,64000,100,64000,6400000,0.7341459749732167,87176.12325305586,0.095540704412997,0.09525299537926912,0.1065150136128068,0.11535198427736759,,trial-0015.json,6.582218,0.30551700000000004,7213,7,1868,37,6.887734999999999,1.6610782681440082,22976,16,218122480,362442192,53300,135616,0,0,0,10.026731,1.195662,6646,5,0,153,11.222393,15.286323677534865,22140,16,1737393712,0,424200,0,0,0,0,sqlite-native-telemetry,20260930T073512Z-dfcc55d8,sqlite-native,nid005772,59115834,3.11.7,3.44.2,2026-09-30T07:38:26.963285+00:00,automatic_during_commits_plus_final_truncate,warm_after_write_checkpoint_and_validation,native,,,,,,,,,,,,,,,,,,,,,,,,,,,,,,,,,,,,,,,,,,
16,measured,2,telemetry,lustre,16,1000000,20260816,1000,True,5.999766226042993,166673.16064071495,74.46538861875888,15.497295476961881,338.67236709338613,1450.7290239422582,1000000,1000000,1000,0.07526793598663062,6.10271216602996,163861.5705270165,64000,100,64000,6400000,1.946883549913764,32873.049855927355,0.3658279796036368,0.35361095797270536,0.4687228996772319,0.5625449959188702,,trial-0016.json,7.3111049999999995,2.8751379999999997,8978,4,28450,12780,10.186243,1.6977733158643582,22140,16,237663880,377204752,58057,139173,0,379215872,0,13.967315999999999,9.035592999999999,27211,8,149084,216046,23.002909,11.815246474818126,22140,16,1730831920,0,422598,0,0,0,0,sqlite-native-telemetry,20260930T073512Z-dfcc55d8,sqlite-native,nid005772,59115834,3.11.7,3.44.2,2026-09-30T07:38:32.964573+00:00,automatic_during_commits_plus_final_truncate,warm_after_write_checkpoint_and_validation,native,,,,,,,,,,,,,,,,,,,,,,,,,,,,,,,,,,,,,,,,,,
17,measured,2,telemetry,lustre,1,1000000,20260816,1000,True,9.556772020994686,104637.8419201757,7.719430431141518,6.445283011998981,7.680838496889919,34.29761755163781,1000000,1000000,1000,0.04027583892457187,9.620479047996923,103944.9277952754,64000,100,64000,6400000,22.04658003197983,2902.94457948418,0.25722104631495313,0.2556124818511307,0.2735669258981943,0.29317539185285574,,trial-0017.json,6.964036999999999,1.751837,12269,0,7118,18,8.715874,0.9120102458081695,24760,1,151507087,345169112,36992,131049,0,345526272,0,11.425032999999999,4.888069,7945,0,128028,23117,16.313102,0.7399379847730083,22740,1,1711140963,0,417761,0,0,0,0,sqlite-native-telemetry,20260930T073512Z-dfcc55d8,sqlite-native,nid005772,59115834,3.11.7,3.44.2,2026-09-30T07:38:42.201862+00:00,automatic_during_commits_plus_final_truncate,warm_after_write_checkpoint_and_validation,native,,,,,,,,,,,,,,,,,,,,,,,,,,,,,,,,,,,,,,,,,,
18,measured,2,telemetry,lustre,64,1000000,20260816,1000,True,7.67074665799737,130365.40568803946,232.53682825958822,10.324740025680512,1157.090552343284,6174.540953164686,1000000,1000000,1000,0.04158879804890603,7.736723726964556,129253.6783386399,64000,100,64000,6400000,1.6463201390579343,38874.57759984787,1.4913780838396633,1.4835670590400696,1.6337980690877885,1.710503944195807,,trial-0018.json,7.333400999999999,3.0368579999999996,33820,6,30687,15285,10.370259,1.3519230216250426,22140,64,230009772,373542296,56298,138356,0,373579776,0,17.608651,13.258032000000004,25995,12,255892,496823,30.866683000000005,18.748894742709457,22140,64,1742969024,0,425656,0,0,0,0,sqlite-native-telemetry,20260930T073512Z-dfcc55d8,sqlite-native,nid005772,59115834,3.11.7,3.44.2,2026-09-30T07:39:14.929961+00:00,automatic_during_commits_plus_final_truncate,warm_after_write_checkpoint_and_validation,native,,,,,,,,,,,,,,,,,,,,,,,,,,,,,,,,,,,,,,,,,,
19,measured,3,telemetry,lustre,1,1000000,20260817,1000,True,9.43695853301324,105966.34461216585,7.6263779839500785,6.41527003608644,7.4064626009203485,32.92173673864454,1000000,1000000,1000,0.03561414103023708,9.494337350944988,105325.93935062442,64000,100,64000,6400000,21.86825440393295,2926.616766836669,0.2542399951526022,0.2528470358811319,0.2688985841814429,0.28425802709534764,,trial-0019.json,6.891068,1.790538,10266,0,7113,13,8.681606,0.9199580531830467,26368,1,151507087,345078472,36992,131005,0,345432064,0,11.398181999999998,4.809538,4235,0,128006,3187,16.20772,0.7411528922530314,22140,1,1711259747,0,417790,0,0,0,0,sqlite-native-telemetry,20260930T073512Z-dfcc55d8,sqlite-native,nid005772,59115834,3.11.7,3.44.2,2026-09-30T07:39:27.284900+00:00,automatic_during_commits_plus_final_truncate,warm_after_write_checkpoint_and_validation,native,,,,,,,,,,,,,,,,,,,,,,,,,,,,,,,,,,,,,,,,,,
20,measured,3,telemetry,lustre,64,1000000,20260817,1000,True,8.265908308094367,120978.84016215772,250.51327910856344,9.666805970482528,1152.3297565348864,6581.445050508481,1000000,1000000,1000,0.04453757090959698,8.33957965800073,119910.12029492775,64000,100,64000,6400000,1.602347841951996,39941.38995565068,1.4570121214364917,1.4535600203089416,1.583170483354479,1.6552991745993495,,trial-0020.json,7.215616,3.163011,37000,9,31189,16667,10.378626999999998,1.2555942569356542,22140,64,225868892,371962136,55291,138006,0,371982336,0,16.906537999999998,13.195004,25283,5,255864,361336,30.101542,18.785897301381205,22140,64,1748658368,0,427045,0,0,0,0,sqlite-native-telemetry,20260930T073512Z-dfcc55d8,sqlite-native,nid005772,59115834,3.11.7,3.44.2,2026-09-30T07:40:00.155252+00:00,automatic_during_commits_plus_final_truncate,warm_after_write_checkpoint_and_validation,native,,,,,,,,,,,,,,,,,,,,,,,,,,,,,,,,,,,,,,,,,,
21,measured,3,telemetry,tmpfs,1,1000000,20260817,1000,True,6.290464446996339,158970.77368865733,4.647384582669474,4.5186339993961155,4.822887404588981,7.243136377073824,1000000,1000000,1000,0.0019309789640828967,6.312520271982066,158415.3328486675,64000,100,64000,6400000,9.687756362953223,6606.276789199743,0.07858541504720051,0.07832096889615059,0.08158700075000525,0.0874579418450594,,trial-0021.json,6.073959,0.21604999999999996,7398,0,0,8,6.290009,0.9999275972386179,26672,1,151507087,345078472,36992,131005,0,0,0,9.17638,0.510687,3083,0,0,41,9.687067,0.9999288418362936,23808,1,1711259747,0,417790,0,0,0,0,sqlite-native-telemetry,20260930T073512Z-dfcc55d8,sqlite-native,nid005772,59115834,3.11.7,3.44.2,2026-09-30T07:40:12.493843+00:00,automatic_during_commits_plus_final_truncate,warm_after_write_checkpoint_and_validation,native,,,,,,,,,,,,,,,,,,,,,,,,,,,,,,,,,,,,,,,,,,
22,measured,3,telemetry,tmpfs,16,1000000,20260817,1000,True,4.572962007019669,218676.64731632636,39.52115045685787,5.781221087090671,9.156252245884387,1036.8700785899982,1000000,1000000,1000,0.002148368046618998,4.665111911017448,214357.12991971994,64000,100,64000,6400000,0.7573160140309483,84508.97487212597,0.09694482027589402,0.0961449695751071,0.10734748211689296,0.12221541721373805,,trial-0022.json,6.449992,0.2344,9922,7,1394,20,6.684392,1.4617204319080732,27404,16,212834544,362488184,52009,135666,0,0,0,10.222304999999999,1.2036799999999999,6663,8,2,45,11.425984999999999,15.087473113348251,23588,16,1736861232,0,424070,0,0,0,0,sqlite-native-telemetry,20260930T073512Z-dfcc55d8,sqlite-native,nid005772,59115834,3.11.7,3.44.2,2026-09-30T07:40:29.464738+00:00,automatic_during_commits_plus_final_truncate,warm_after_write_checkpoint_and_validation,native,,,,,,,,,,,,,,,,,,,,,,,,,,,,,,,,,,,,,,,,,,
23,measured,3,telemetry,tmpfs,64,1000000,20260817,1000,True,6.64498065598309,150489.5276255782,185.28618113230914,4.947149544022977,740.710077824765,5044.25254548434,1000000,1000000,1000,0.0022801620652899146,6.687965987017378,149522.2915219951,64000,100,64000,6400000,0.7743188770255074,82653.28651918133,0.6401300393354177,0.6515259156003594,0.7131639868021011,0.7391140097752213,,trial-0023.json,6.750291999999997,0.33712099999999995,39430,13,2786,45,7.087412999999999,1.0665814344573818,23952,64,209301628,362685680,51270,135581,0,0,0,12.094345000000002,35.114912000000004,24750,14,5,96,47.20925699999999,60.968753830916654,22884,64,1738365120,0,424532,0,0,0,0,sqlite-native-telemetry,20260930T073512Z-dfcc55d8,sqlite-native,nid005772,59115834,3.11.7,3.44.2,2026-09-30T07:40:36.681947+00:00,automatic_during_commits_plus_final_truncate,warm_after_write_checkpoint_and_validation,native,,,,,,,,,,,,,,,,,,,,,,,,,,,,,,,,,,,,,,,,,,
24,measured,3,telemetry,lustre,16,1000000,20260817,1000,True,6.142411569016986,162802.5065992179,68.45396490208805,15.47940750606358,238.79208570579064,1247.4924902687771,1000000,1000000,1000,0.08445253793615848,6.250629534944892,159983.88552855043,64000,100,64000,6400000,1.9601836310466751,32650.002268321186,0.3671136662742356,0.35566050792112947,0.4694044240750373,0.5566744296811524,,trial-0024.json,7.179550999999999,2.8853859999999996,9260,5,27402,11992,10.064936999999999,1.638596972363212,22140,16,232580788,374045400,56817,138338,0,375480320,0,14.047775999999999,9.147594999999999,25866,6,148216,235225,23.195370999999998,11.833264308821114,22140,16,1735173680,0,423658,0,0,0,0,sqlite-native-telemetry,20260930T073512Z-dfcc55d8,sqlite-native,nid005772,59115834,3.11.7,3.44.2,2026-09-30T07:40:47.082340+00:00,automatic_during_commits_plus_final_truncate,warm_after_write_checkpoint_and_validation,native,,,,,,,,,,,,,,,,,,,,,,,,,,,,,,,,,,,,,,,,,,
25,measured,4,telemetry,tmpfs,1,1000000,20260818,1000,True,6.338820260949433,157758.06204200833,4.7309392967727035,4.601443477440625,4.829127917764707,7.315953044453636,1000000,1000000,1000,0.0021117079304531217,6.360404516919516,157222.7045213662,64000,100,64000,6400000,10.011302469065413,6392.774586299619,0.07906224729231326,0.07884192746132612,0.08189794607460499,0.08691809838637711,,trial-0025.json,6.182655,0.1557,7118,0,0,8,6.338355,0.9999266013342737,26236,1,151502991,345082616,36991,131008,0,0,0,9.524528,0.486325,3367,0,0,13,10.010853000000001,0.9999551038372079,24740,1,1710911587,0,417705,0,0,0,0,sqlite-native-telemetry,20260930T073512Z-dfcc55d8,sqlite-native,nid005772,59115834,3.11.7,3.44.2,2026-09-30T07:40:56.673906+00:00,automatic_during_commits_plus_final_truncate,warm_after_write_checkpoint_and_validation,native,,,,,,,,,,,,,,,,,,,,,,,,,,,,,,,,,,,,,,,,,,
26,measured,4,telemetry,lustre,16,1000000,20260818,1000,True,6.176535892067477,161903.0501035863,70.99803207069635,15.909956011455506,191.48808622849154,1355.6711024360247,1000000,1000000,1000,0.08932674396783113,6.287590840016492,159043.4278317921,64000,100,64000,6400000,1.9921715579694137,32125.747275116257,0.3720519872804289,0.3597730537876487,0.4786530102137477,0.5673535971436651,,trial-0026.json,7.405538999999999,2.8441649999999994,8323,2,27642,17364,10.249704,1.6594583402589291,22140,16,235390600,376632224,57502,139071,0,378535936,0,14.246507000000001,9.209936,27370,2,147635,287980,23.456443,11.774308746737027,22140,16,1735046704,0,423627,0,0,0,0,sqlite-native-telemetry,20260930T073512Z-dfcc55d8,sqlite-native,nid005772,59115834,3.11.7,3.44.2,2026-09-30T07:41:13.949785+00:00,automatic_during_commits_plus_final_truncate,warm_after_write_checkpoint_and_validation,native,,,,,,,,,,,,,,,,,,,,,,,,,,,,,,,,,,,,,,,,,,
27,measured,4,telemetry,lustre,64,1000000,20260818,1000,True,6.808559437980875,146873.9472878211,221.5349118844606,13.003441970795393,1053.0561598017762,5474.418503334745,1000000,1000000,1000,0.058658770052716136,6.895382608985528,145024.58481373862,64000,100,64000,6400000,1.6059304879745468,39852.28531324474,1.4622939536275226,1.4582689618691802,1.585574058117345,1.6598271729890257,,trial-0027.json,7.297947,3.163704,28970,6,34333,14774,10.461651,1.5365439775175809,22140,64,234973728,373897776,57501,138402,0,374497280,0,17.206102,12.794310000000001,25785,27,255897,362098,30.000412000000004,18.68101528967018,22140,64,1740544192,0,425064,0,0,0,0,sqlite-native-telemetry,20260930T073512Z-dfcc55d8,sqlite-native,nid005772,59115834,3.11.7,3.44.2,2026-09-30T07:41:23.606839+00:00,automatic_during_commits_plus_final_truncate,warm_after_write_checkpoint_and_validation,native,,,,,,,,,,,,,,,,,,,,,,,,,,,,,,,,,,,,,,,,,,
28,measured,4,telemetry,lustre,1,1000000,20260818,1000,True,9.916650907951407,100840.49638151286,8.089157787617296,6.371228082571179,8.304084138944742,35.26061457814649,1000000,1000000,1000,0.03514805296435952,9.972817667992786,100272.5642131657,64000,100,64000,6400000,21.75693999696523,2941.590132110814,0.2527539264428924,0.25056302547454834,0.2696189854759723,0.28488911455497146,,trial-0028.json,6.926177,1.7195749999999999,12283,0,7110,48,8.645752,0.8718419232714575,22140,1,151502991,345082616,36991,131008,0,345436160,0,11.030781000000001,5.1973530000000006,6749,0,128006,5425,16.228134,0.7458831068276874,23860,1,1710911587,0,417705,0,0,0,0,sqlite-native-telemetry,20260930T073512Z-dfcc55d8,sqlite-native,nid005772,59115834,3.11.7,3.44.2,2026-09-30T07:41:34.231440+00:00,automatic_during_commits_plus_final_truncate,warm_after_write_checkpoint_and_validation,native,,,,,,,,,,,,,,,,,,,,,,,,,,,,,,,,,,,,,,,,,,
29,measured,4,telemetry,tmpfs,64,1000000,20260818,1000,True,5.238747700001113,190885.31406079882,149.30924623296596,5.787673580925912,735.0633219873998,3841.262442767619,1000000,1000000,1000,0.003161920001730323,5.2657759609865025,189905.53479845688,64000,100,64000,6400000,0.8218148520682007,77876.42172556985,0.6974165355040896,0.7046170067042112,0.7546244072727859,0.7872778072487564,,trial-0029.json,6.724480999999999,0.407625,32182,16,2973,40,7.132105999999999,1.3614142937249076,23048,64,218595188,363698688,53533,136052,0,0,0,11.547005999999996,38.895213,25231,16,5,77,50.44221899999997,61.37905499402422,22140,64,1747744960,0,426822,0,0,0,0,sqlite-native-telemetry,20260930T073512Z-dfcc55d8,sqlite-native,nid005772,59115834,3.11.7,3.44.2,2026-09-30T07:42:07.020555+00:00,automatic_during_commits_plus_final_truncate,warm_after_write_checkpoint_and_validation,native,,,,,,,,,,,,,,,,,,,,,,,,,,,,,,,,,,,,,,,,,,
30,measured,4,telemetry,tmpfs,16,1000000,20260818,1000,True,4.34024848905392,230401.5547777953,37.13216965517495,5.780158971901983,9.02027271222323,1138.3630910085021,1000000,1000000,1000,0.0021704810205847025,4.3636978070717305,229163.4398650195,64000,100,64000,6400000,0.7400297489948571,86483.00975322652,0.09629883027264441,0.09575497824698687,0.10648497845977545,0.11617399286478758,,trial-0030.json,6.389939,0.31636600000000004,9796,3,1281,21,6.7063049999999995,1.5451430988141024,22320,16,213801200,362096856,52245,135479,0,0,0,10.144115999999999,1.2059159999999998,7059,8,3,103,11.350032000000002,15.337264502428646,22140,16,1738671664,0,424512,0,0,0,0,sqlite-native-telemetry,20260930T073512Z-dfcc55d8,sqlite-native,nid005772,59115834,3.11.7,3.44.2,2026-09-30T07:42:15.439404+00:00,automatic_during_commits_plus_final_truncate,warm_after_write_checkpoint_and_validation,native,,,,,,,,,,,,,,,,,,,,,,,,,,,,,,,,,,,,,,,,,,
31,measured,5,telemetry,tmpfs,64,1000000,20260819,1000,True,6.553050369024277,152600.68879172922,180.6359062885167,5.216578545514494,642.64206999796,4941.680182352428,1000000,1000000,1000,0.0010566660203039646,6.5810072590829805,151952.42318260917,64000,100,64000,6400000,0.792586522991769,80748.28191428211,0.6660019435876166,0.6703509716317058,0.7238039979711175,0.7555155607406051,,trial-0031.json,6.78956,0.3672399999999999,37303,5,3006,66,7.1568000000000005,1.0921326095446477,22140,64,215171108,366341672,52701,136741,0,0,0,11.285736000000002,37.164784999999995,25184,16,6,456,48.45052100000002,61.12963013440386,22140,64,1746073792,0,426414,0,0,0,0,sqlite-native-telemetry,20260930T073512Z-dfcc55d8,sqlite-native,nid005772,59115834,3.11.7,3.44.2,2026-09-30T07:42:21.609237+00:00,automatic_during_commits_plus_final_truncate,warm_after_write_checkpoint_and_validation,native,,,,,,,,,,,,,,,,,,,,,,,,,,,,,,,,,,,,,,,,,,
32,measured,5,telemetry,tmpfs,1,1000000,20260819,1000,True,6.287897723959759,159035.66563901695,4.641724204993807,4.513874067924917,4.782684374367816,7.325243005761877,1000000,1000000,1000,0.0020987829193472862,6.309625846915878,158488.0029754532,64000,100,64000,6400000,9.82465740002226,6514.222063341872,0.07959178452983906,0.07938203634694219,0.08255895227193832,0.08728911285288633,,trial-0032.json,6.0850610000000005,0.202338,5183,0,0,11,6.287399000000001,0.9999206851030897,27284,1,151507087,345061992,36992,130997,0,0,0,9.25315,0.5709549999999999,3037,0,0,15,9.824105,0.99994377411855,23700,1,1711267939,0,417792,0,0,0,0,sqlite-native-telemetry,20260930T073512Z-dfcc55d8,sqlite-native,nid005772,59115834,3.11.7,3.44.2,2026-09-30T07:42:30.820648+00:00,automatic_during_commits_plus_final_truncate,warm_after_write_checkpoint_and_validation,native,,,,,,,,,,,,,,,,,,,,,,,,,,,,,,,,,,,,,,,,,,
33,measured,5,telemetry,lustre,1,1000000,20260819,1000,True,9.40494406200014,106327.05451597666,7.579222884494811,6.362561020068824,7.591632701223715,32.94722241233103,1000000,1000000,1000,0.03448976494837552,9.462936305906624,105675.44445753217,64000,100,64000,6400000,22.04100407799706,2903.67896913959,0.2592674831048498,0.25738601107150316,0.27535996050573885,0.29332523467019206,,trial-0033.json,6.955092,1.656102,13746,0,7106,82,8.611194,0.9156028938856511,26492,1,151507087,345061992,36992,130997,0,345415680,0,11.344656,4.940152,6075,0,128063,25746,16.284808,0.7388414766574399,23592,1,1711267939,0,417792,0,0,0,0,sqlite-native-telemetry,20260930T073512Z-dfcc55d8,sqlite-native,nid005772,59115834,3.11.7,3.44.2,2026-09-30T07:42:47.849869+00:00,automatic_during_commits_plus_final_truncate,warm_after_write_checkpoint_and_validation,native,,,,,,,,,,,,,,,,,,,,,,,,,,,,,,,,,,,,,,,,,,
34,measured,5,telemetry,lustre,16,1000000,20260819,1000,True,6.143464241991751,162774.61064472536,67.78413420531433,15.248305455315858,146.31579963024706,1448.0577181640538,1000000,1000000,1000,0.09473536105360836,6.261142914998345,159715.2490489453,64000,100,64000,6400000,1.9740637950599194,32420.431477523445,0.367547768575605,0.3560050390660763,0.4712590714916588,0.5605105508584532,,trial-0034.json,7.364045999999998,2.6183989999999993,9104,6,26666,10707,9.982445,1.6248885981573853,22140,16,232273588,374456992,56742,138521,0,376020992,0,14.643500999999999,8.680170999999998,25923,6,147279,249166,23.323672000000002,11.815054841878629,22140,16,1735566896,0,423754,0,0,0,0,sqlite-native-telemetry,20260930T073512Z-dfcc55d8,sqlite-native,nid005772,59115834,3.11.7,3.44.2,2026-09-30T07:43:20.398898+00:00,automatic_during_commits_plus_final_truncate,warm_after_write_checkpoint_and_validation,native,,,,,,,,,,,,,,,,,,,,,,,,,,,,,,,,,,,,,,,,,,
35,measured,5,telemetry,tmpfs,16,1000000,20260819,1000,True,4.4925492679467425,222590.76981854363,37.696076578926295,5.739023501519114,8.937744051218033,838.1055033078856,1000000,1000000,1000,0.0021521160379052162,4.525555561995134,220967.34562223352,64000,100,64000,6400000,0.7520973929204047,85095.36211990725,0.09691477676096838,0.09595497976988554,0.10658497922122478,0.12213606154546143,,trial-0035.json,6.399652,0.26394599999999996,9338,4,1275,70,6.6635979999999995,1.4832554085813074,22140,16,212371652,362371912,51895,135572,0,0,0,10.195132,1.2536029999999998,6664,12,4,148,11.448735000000001,15.222410166247755,22140,16,1736742448,0,424041,0,0,0,0,sqlite-native-telemetry,20260930T073512Z-dfcc55d8,sqlite-native,nid005772,59115834,3.11.7,3.44.2,2026-09-30T07:43:29.836719+00:00,automatic_during_commits_plus_final_truncate,warm_after_write_checkpoint_and_validation,native,,,,,,,,,,,,,,,,,,,,,,,,,,,,,,,,,,,,,,,,,,
36,measured,5,telemetry,lustre,64,1000000,20260819,1000,True,6.62685996608343,150901.03082274945,211.71199100837111,14.915679057594389,959.6853520546529,5172.094190143979,1000000,1000000,1000,0.04818417795468122,6.702966967015527,149187.66643500954,64000,100,64000,6400000,1.6092452539596707,39770.1965207125,1.465033991056771,1.4621459995396435,1.5884689113590866,1.6577031754422933,,trial-0036.json,7.353780999999999,3.201297,30411,10,34229,15053,10.555078000000004,1.5927721506145252,22140,64,237541920,375664616,58128,138917,0,376393728,0,17.655383999999994,12.356169000000001,25834,24,255895,359896,30.011552999999996,18.64945876096529,22140,64,1743624384,0,425816,0,0,0,0,sqlite-native-telemetry,20260930T073512Z-dfcc55d8,sqlite-native,nid005772,59115834,3.11.7,3.44.2,2026-09-30T07:43:36.132711+00:00,automatic_during_commits_plus_final_truncate,warm_after_write_checkpoint_and_validation,native,,,,,,,,,,,,,,,,,,,,,,,,,,,,,,,,,,,,,,,,,,
1,warmup,1,metadata,tmpfs,16,1000000,20260813,1000,True,3.0789792869472876,324782.9578585665,32.918409991194494,2.24006554344669,131.0520323808305,731.7386999994051,1000000,1000000,1000,0.0031588549027219415,3.093949665897526,323211.46365834924,64000,100,64000,6400000,0.4476628479314968,142964.73405314516,0.09593315488928056,0.09537395089864731,0.10526208207011223,0.11200597626157105,,trial-0001.json,3.007435,0.26943,1560,0,1977,6,3.276865,1.0642699072032114,25956,16,205932798,283590128,50324,108225,0,0,0,5.95738,1.0187589999999997,431,0,0,20,6.976138999999999,15.583466513324591,27044,16,507041332,0,123821,0,0,0,0,sqlite-shifter-metadata,20260930T195743Z-b1e24bac,sqlite-shifter,nid005384,59132736,3.11.15,3.46.1,2026-09-30T19:57:43.891553+00:00,automatic_during_commits_plus_final_truncate,warm_after_write_checkpoint_and_validation,shifter,sqlite,3.46.1,366e975effc41801a615a88b44c609e98932ed1247531b4d1a777c4b70f3e6ac,,,,,,,,,,,,,,,,,,,,,,,,,,,,,,,,,,,,,,,
2,warmup,1,metadata,tmpfs,1,1000000,20260813,1000,True,2.567757164943032,389444.92635548185,1.7787870090687647,1.7305740038864315,1.8685070564970374,3.216700702905655,1000000,1000000,1000,0.0016573729226365685,2.5828698188997805,387166.2414739771,64000,100,64000,6400000,5.692691130912863,11242.485939991118,0.07678281102926121,0.07664796430617571,0.0782510032877326,0.0840821140445769,,trial-0002.json,2.456873,0.110935,1015,0,0,6,2.567808,1.0000197974550171,27716,1,62697615,206911936,15310,85389,0,0,0,5.496673,0.19583899999999999,1881,0,0,7,5.692512000000001,0.9999685331754802,26680,1,473911395,0,115703,0,0,0,0,sqlite-shifter-metadata,20260930T195743Z-b1e24bac,sqlite-shifter,nid005384,59132736,3.11.15,3.46.1,2026-09-30T19:57:48.388250+00:00,automatic_during_commits_plus_final_truncate,warm_after_write_checkpoint_and_validation,shifter,sqlite,3.46.1,366e975effc41801a615a88b44c609e98932ed1247531b4d1a777c4b70f3e6ac,,,,,,,,,,,,,,,,,,,,,,,,,,,,,,,,,,,,,,,
3,warmup,1,metadata,lustre,16,1000000,20260813,1000,True,4.5059596670325845,221928.30693013137,51.39634773763828,7.402465504128486,185.54098188178614,939.0651048137806,1000000,1000000,1000,0.09103165694978088,4.611016843933612,216871.9034968673,64000,100,64000,6400000,1.837617120007053,34827.712096932555,0.41529916250146925,0.40272600017488003,0.5512829637154938,0.6491810630541295,,trial-0003.json,3.219574,2.253484,1988,0,22023,12503,5.473058,1.214626495670411,26632,16,222631560,294193880,54387,110692,0,290508800,0,10.605913999999999,8.638042999999998,14539,0,170834,523013,19.243956999999998,10.472234281277341,26632,16,505566768,0,123461,0,0,0,0,sqlite-shifter-metadata,20260930T195743Z-b1e24bac,sqlite-shifter,nid005384,59132736,3.11.15,3.46.1,2026-09-30T19:57:57.443711+00:00,automatic_during_commits_plus_final_truncate,warm_after_write_checkpoint_and_validation,shifter,sqlite,3.46.1,366e975effc41801a615a88b44c609e98932ed1247531b4d1a777c4b70f3e6ac,,,,,,,,,,,,,,,,,,,,,,,,,,,,,,,,,,,,,,,
4,warmup,1,metadata,lustre,1,1000000,20260813,1000,True,4.607296647969633,217047.0183292159,3.722836716915481,3.0160254682414234,3.837035648757592,22.42771914927289,1000000,1000000,1000,0.017531392979435623,4.639884616015479,215522.60083112892,64000,100,64000,6400000,16.615119748050347,3851.913255546045,0.23901997607572412,0.23760797921568155,0.24874908849596977,0.26329720974899834,,trial-0004.json,2.816721,1.144641,1133,0,6952,12,3.961362,0.8598018106226594,26632,1,62697615,206911936,15310,85389,0,207118336,0,7.484724,3.836382,2733,0,128000,383,11.321106,0.6813737229506542,26632,1,473911395,0,115703,0,0,0,0,sqlite-shifter-metadata,20260930T195743Z-b1e24bac,sqlite-shifter,nid005384,59132736,3.11.15,3.46.1,2026-09-30T19:58:04.873830+00:00,automatic_during_commits_plus_final_truncate,warm_after_write_checkpoint_and_validation,shifter,sqlite,3.46.1,366e975effc41801a615a88b44c609e98932ed1247531b4d1a777c4b70f3e6ac,,,,,,,,,,,,,,,,,,,,,,,,,,,,,,,,,,,,,,,
5,warmup,1,metadata,lustre,64,1000000,20260813,1000,True,6.292080934043042,158929.93279688148,172.4574157843599,3.846951003652066,749.3229917134158,4675.082236021988,1000000,1000000,1000,0.04389792797155678,6.349327236996032,157497.0012843622,64000,100,64000,6400000,1.587082574958913,40325.564031636386,1.5421656379876367,1.535628514830023,1.6616220294963568,1.7322273273020983,,trial-0005.json,3.1413449999999994,2.673413,7031,1,28282,11147,5.8147579999999985,0.9241390981701287,26892,64,229223208,297266520,56103,111434,0,293679104,0,11.289335999999997,10.735343,2345,0,255917,255315,22.02467900000001,13.877462551417775,26632,64,513816768,0,125570,0,0,0,0,sqlite-shifter-metadata,20260930T195743Z-b1e24bac,sqlite-shifter,nid005384,59132736,3.11.15,3.46.1,2026-09-30T19:58:26.977185+00:00,automatic_during_commits_plus_final_truncate,warm_after_write_checkpoint_and_validation,shifter,sqlite,3.46.1,366e975effc41801a615a88b44c609e98932ed1247531b4d1a777c4b70f3e6ac,,,,,,,,,,,,,,,,,,,,,,,,,,,,,,,,,,,,,,,
6,warmup,1,metadata,tmpfs,64,1000000,20260813,1000,True,5.889998750993982,169779.32292960884,177.3688987137284,2.1484490134753287,837.6030385319564,4841.277209771796,1000000,1000000,1000,0.0012700160732492805,5.907281325082295,169282.60987910017,64000,100,64000,6400000,0.7427440530154854,86166.9638957926,0.7110344624634308,0.7154579507187009,0.7860040059313178,0.8050111192278564,,trial-0006.json,2.9327650000000007,0.3864440000000001,9496,0,2484,29,3.319209,0.563533056681864,26632,64,210362184,287515016,51522,109051,0,0,0,7.480720999999997,39.047885,2692,0,0,147,46.528606,62.64419864568062,26964,64,512956608,0,125360,0,0,0,0,sqlite-shifter-metadata,20260930T195743Z-b1e24bac,sqlite-shifter,nid005384,59132736,3.11.15,3.46.1,2026-09-30T19:58:36.198293+00:00,automatic_during_commits_plus_final_truncate,warm_after_write_checkpoint_and_validation,shifter,sqlite,3.46.1,366e975effc41801a615a88b44c609e98932ed1247531b4d1a777c4b70f3e6ac,,,,,,,,,,,,,,,,,,,,,,,,,,,,,,,,,,,,,,,
7,measured,1,metadata,lustre,16,1000000,20260815,1000,True,4.4971596989780664,222362.57258714645,51.296504576224834,7.384936499875039,184.5809227612335,1044.1671625082363,1000000,1000000,1000,0.08442846697289497,4.594393976032734,217656.56258837026,64000,100,64000,6400000,1.6576684849569574,38608.44347394456,0.37684124013685505,0.36517344415187836,0.4899935680441559,0.5709206475876273,,trial-0007.json,3.373984,2.07836,2144,0,21467,15547,5.452344,1.2123972384700925,26632,16,218740360,289646520,53437,109379,0,285528064,0,9.628131,8.128739999999999,15769,0,186773,229055,17.756871,10.711955473087896,26632,16,504374832,0,123170,0,0,0,0,sqlite-shifter-metadata,20260930T195743Z-b1e24bac,sqlite-shifter,nid005384,59132736,3.11.15,3.46.1,2026-09-30T19:58:44.012353+00:00,automatic_during_commits_plus_final_truncate,warm_after_write_checkpoint_and_validation,shifter,sqlite,3.46.1,366e975effc41801a615a88b44c609e98932ed1247531b4d1a777c4b70f3e6ac,,,,,,,,,,,,,,,,,,,,,,,,,,,,,,,,,,,,,,,
8,measured,1,metadata,lustre,64,1000000,20260815,1000,True,5.537932030041702,180572.8193439871,162.40707925905008,6.848373042885214,846.3662470050576,4063.0231623025593,1000000,1000000,1000,0.05682569195050746,5.608146524988115,178312.03153204333,64000,100,64000,6400000,1.5770395869622007,40582.36744917804,1.5315196006231417,1.5276530757546425,1.6509004984982312,1.7190116038545968,,trial-0008.json,3.3594230000000014,2.463017,6385,0,27673,11382,5.822440000000001,1.0513744062612045,26632,64,232209016,297498792,56828,111450,0,293511168,0,11.07504,10.892962999999998,1971,0,255892,252279,21.968003000000003,13.92989952922884,26636,64,514140352,0,125649,0,0,0,0,sqlite-shifter-metadata,20260930T195743Z-b1e24bac,sqlite-shifter,nid005384,59132736,3.11.15,3.46.1,2026-09-30T19:58:51.251332+00:00,automatic_during_commits_plus_final_truncate,warm_after_write_checkpoint_and_validation,shifter,sqlite,3.46.1,366e975effc41801a615a88b44c609e98932ed1247531b4d1a777c4b70f3e6ac,,,,,,,,,,,,,,,,,,,,,,,,,,,,,,,,,,,,,,,
9,measured,1,metadata,tmpfs,64,1000000,20260815,1000,True,5.691968244034797,175686.1523336859,166.88832084613387,2.143864519894123,637.4835363181728,4641.740575225557,1000000,1000000,1000,0.0013778840657323599,5.707784402999096,175199.32944113313,64000,100,64000,6400000,0.7012179560260847,91269.76776621398,0.6703936988251371,0.6797800306230783,0.7506560068577528,0.7674280623905361,,trial-0009.json,3.0266170000000012,0.3279520000000001,9200,0,2456,38,3.3545689999999997,0.5893513203478603,27732,64,210267888,287182432,51497,109106,0,0,0,8.028463999999998,35.96273899999999,3229,0,0,177,43.99120299999998,62.73542002447459,26940,64,514660544,0,125776,0,0,0,0,sqlite-shifter-metadata,20260930T195743Z-b1e24bac,sqlite-shifter,nid005384,59132736,3.11.15,3.46.1,2026-09-30T19:58:59.707146+00:00,automatic_during_commits_plus_final_truncate,warm_after_write_checkpoint_and_validation,shifter,sqlite,3.46.1,366e975effc41801a615a88b44c609e98932ed1247531b4d1a777c4b70f3e6ac,,,,,,,,,,,,,,,,,,,,,,,,,,,,,,,,,,,,,,,
10,measured,1,metadata,lustre,1,1000000,20260815,1000,True,4.5585228719282895,219369.3062632353,3.674436472938396,2.972030022647232,4.129977192496881,23.14878384466283,1000000,1000000,1000,0.017359522986225784,4.591239820001647,217806.09142731325,64000,100,64000,6400000,16.979969055042602,3769.1470339278203,0.24409851197015087,0.2408639993518591,0.26037106290459633,0.27439915109425783,,trial-0010.json,2.7090080000000003,1.2031709999999998,1863,0,6961,53,3.912179,0.8582119932075977,28736,1,62357647,207033432,15227,85531,0,207237120,0,7.502993999999999,4.011016,3551,0,128023,14072,11.514009999999999,0.6780936975018009,26632,1,474476643,0,115841,0,0,0,0,sqlite-shifter-metadata,20260930T195743Z-b1e24bac,sqlite-shifter,nid005384,59132736,3.11.15,3.46.1,2026-09-30T19:59:07.296753+00:00,automatic_during_commits_plus_final_truncate,warm_after_write_checkpoint_and_validation,shifter,sqlite,3.46.1,366e975effc41801a615a88b44c609e98932ed1247531b4d1a777c4b70f3e6ac,,,,,,,,,,,,,,,,,,,,,,,,,,,,,,,,,,,,,,,
11,measured,1,metadata,tmpfs,1,1000000,20260815,1000,True,2.597677486948669,384959.25880877464,1.7925962805747986,1.7460340168327093,1.8005490477662534,3.337431075051427,1000000,1000000,1000,0.0016514919698238373,2.6130402229027823,382695.9842543552,64000,100,64000,6400000,5.76092367595993,11109.329614462533,0.07742820706334896,0.07731898222118616,0.07898197509348392,0.0845119368750602,,trial-0011.json,2.493636,0.10404,819,0,0,5,2.597676,0.9999994275853424,26632,1,62357647,207033432,15227,85531,0,0,0,5.520295,0.24041999999999997,1546,0,0,9,5.760715,0.9999637773434145,26632,1,474476643,0,115841,0,0,0,0,sqlite-shifter-metadata,20260930T195743Z-b1e24bac,sqlite-shifter,nid005384,59132736,3.11.15,3.46.1,2026-09-30T19:59:29.721717+00:00,automatic_during_commits_plus_final_truncate,warm_after_write_checkpoint_and_validation,shifter,sqlite,3.46.1,366e975effc41801a615a88b44c609e98932ed1247531b4d1a777c4b70f3e6ac,,,,,,,,,,,,,,,,,,,,,,,,,,,,,,,,,,,,,,,
12,measured,1,metadata,tmpfs,16,1000000,20260815,1000,True,2.9996614310657606,333370.95634979923,30.745364395785145,2.1675555617548525,80.74530914309435,833.0404072185038,1000000,1000000,1000,0.0035032089799642563,3.0143335160100833,331748.2935078956,64000,100,64000,6400000,0.4339171709725633,147493.58698240298,0.09269695927287103,0.09255798067897558,0.10081403888761997,0.10751802241429688,,trial-0012.json,2.9139580000000005,0.2778649999999999,1733,0,1652,8,3.191823,1.0640610860092852,26656,16,203540676,282715488,49739,107751,0,0,0,5.816603999999999,0.950383,418,0,0,30,6.766986999999999,15.595112276457659,26632,16,505120304,0,123352,0,0,0,0,sqlite-shifter-metadata,20260930T195743Z-b1e24bac,sqlite-shifter,nid005384,59132736,3.11.15,3.46.1,2026-09-30T19:59:38.854611+00:00,automatic_during_commits_plus_final_truncate,warm_after_write_checkpoint_and_validation,shifter,sqlite,3.46.1,366e975effc41801a615a88b44c609e98932ed1247531b4d1a777c4b70f3e6ac,,,,,,,,,,,,,,,,,,,,,,,,,,,,,,,,,,,,,,,
13,measured,2,metadata,tmpfs,1,1000000,20260816,1000,True,2.6520327100297436,377069.2556762562,1.8676788022276014,1.8247549887746572,1.880212698597461,3.2829408603720367,1000000,1000000,1000,0.0017532070633023977,2.6672488630283624,374918.1465071887,64000,100,64000,6400000,5.722549419966526,11183.826526110519,0.0772125389012217,0.07713900413364172,0.07865100633352995,0.08423208259046078,,trial-0013.json,2.5638099999999997,0.088231,721,0,0,5,2.6520409999999996,1.000003125892914,26632,1,62197903,207153920,15188,85631,0,0,0,5.460655,0.261735,1829,0,0,6,5.72239,0.999972141792962,26632,1,474030179,0,115732,0,0,0,0,sqlite-shifter-metadata,20260930T195743Z-b1e24bac,sqlite-shifter,nid005384,59132736,3.11.15,3.46.1,2026-09-30T19:59:43.194284+00:00,automatic_during_commits_plus_final_truncate,warm_after_write_checkpoint_and_validation,shifter,sqlite,3.46.1,366e975effc41801a615a88b44c609e98932ed1247531b4d1a777c4b70f3e6ac,,,,,,,,,,,,,,,,,,,,,,,,,,,,,,,,,,,,,,,
14,measured,2,metadata,tmpfs,64,1000000,20260816,1000,True,5.690725722932257,175724.51189665325,167.5497088272823,2.1526465425267816,737.7625332330308,4639.474515861365,1000000,1000000,1000,0.002039097947999835,5.709291117964312,175153.09332422988,64000,100,64000,6400000,0.9283130030380562,68942.26385987218,0.9117107874735666,0.9139009634964168,0.9356721304357052,0.9478363872040064,,trial-0014.json,2.917096999999999,0.39997400000000005,9422,0,2389,51,3.3170709999999994,0.5828906824015434,28712,64,209387380,287376352,51285,109042,0,0,0,6.208732999999998,53.03116999999999,4051,0,0,128,59.239903000000005,63.81457849467554,26976,64,513730752,0,125549,0,0,0,0,sqlite-shifter-metadata,20260930T195743Z-b1e24bac,sqlite-shifter,nid005384,59132736,3.11.15,3.46.1,2026-09-30T19:59:52.355795+00:00,automatic_during_commits_plus_final_truncate,warm_after_write_checkpoint_and_validation,shifter,sqlite,3.46.1,366e975effc41801a615a88b44c609e98932ed1247531b4d1a777c4b70f3e6ac,,,,,,,,,,,,,,,,,,,,,,,,,,,,,,,,,,,,,,,
15,measured,2,metadata,tmpfs,16,1000000,20260816,1000,True,3.064952370012179,326269.3442756588,28.030604501604103,2.1368414745666087,56.072383408900336,931.8577217194252,1000000,1000000,1000,0.0018551629036664963,3.080310656921938,324642.5803685885,64000,100,64000,6400000,0.4385618700180203,145931.51930278452,0.09300606988472282,0.09244796819984913,0.10029445984400812,0.1065949909389019,,trial-0015.json,2.9500839999999995,0.184052,2035,0,1296,16,3.134136,1.022572497590736,26632,16,199293168,284121312,48703,108131,0,0,0,6.071712999999999,0.7292970000000001,627,0,0,32,6.801009999999999,15.507526907709849,26632,16,504952368,0,123311,0,0,0,0,sqlite-shifter-metadata,20260930T195743Z-b1e24bac,sqlite-shifter,nid005384,59132736,3.11.15,3.46.1,2026-09-30T20:00:00.215722+00:00,automatic_during_commits_plus_final_truncate,warm_after_write_checkpoint_and_validation,shifter,sqlite,3.46.1,366e975effc41801a615a88b44c609e98932ed1247531b4d1a777c4b70f3e6ac,,,,,,,,,,,,,,,,,,,,,,,,,,,,,,,,,,,,,,,
16,measured,2,metadata,lustre,16,1000000,20260816,1000,True,4.6768720699474216,213818.12139480698,44.7494807546027,4.006858973298222,75.46181200887074,1079.2865521425842,1000000,1000000,1000,0.11398569901939481,4.804416217957623,208141.83339533894,64000,100,64000,6400000,1.7986261310288683,35582.714437374525,0.40734473810698546,0.39211002876982093,0.5446708761155606,0.6412762892432513,,trial-0016.json,3.154733,2.1456820000000003,2133,0,18548,9697,5.300415,1.133324777912856,26632,16,210974344,290299600,51541,109444,0,287666176,0,10.487727999999999,8.644021,14309,0,170858,441232,19.131749,10.636868146164463,26632,16,504837680,0,123283,0,0,0,0,sqlite-shifter-metadata,20260930T195743Z-b1e24bac,sqlite-shifter,nid005384,59132736,3.11.15,3.46.1,2026-09-30T20:00:04.631369+00:00,automatic_during_commits_plus_final_truncate,warm_after_write_checkpoint_and_validation,shifter,sqlite,3.46.1,366e975effc41801a615a88b44c609e98932ed1247531b4d1a777c4b70f3e6ac,,,,,,,,,,,,,,,,,,,,,,,,,,,,,,,,,,,,,,,
17,measured,2,metadata,lustre,1,1000000,20260816,1000,True,4.528937901952304,220802.32090815966,3.6234098732238635,2.96801800141111,3.7590653693769127,22.038820611778647,1000000,1000000,1000,0.029471685993485153,4.5743277539731935,218611.35751180374,64000,100,64000,6400000,16.80883440596517,3807.5215957441687,0.2413145927057485,0.23812800645828247,0.25793700478971004,0.26866825297474867,,trial-0017.json,2.796141,1.1280839999999999,1219,0,6946,10,3.924225,0.8664779877658229,26632,1,62197903,207153920,15188,85631,0,207368192,0,7.38696,4.09776,2066,0,128006,3805,11.48472,0.6832549909542964,26632,1,474030179,0,115732,0,0,0,0,sqlite-shifter-metadata,20260930T195743Z-b1e24bac,sqlite-shifter,nid005384,59132736,3.11.15,3.46.1,2026-09-30T20:00:12.225922+00:00,automatic_during_commits_plus_final_truncate,warm_after_write_checkpoint_and_validation,shifter,sqlite,3.46.1,366e975effc41801a615a88b44c609e98932ed1247531b4d1a777c4b70f3e6ac,,,,,,,,,,,,,,,,,,,,,,,,,,,,,,,,,,,,,,,
18,measured,2,metadata,lustre,64,1000000,20260816,1000,True,6.401572239003144,156211.62468608186,180.64323129551485,4.743924015201628,787.224924296604,4815.424464220412,1000000,1000000,1000,0.05005873600021005,6.466487885918468,154643.45060904184,64000,100,64000,6400000,1.5688449590234086,40794.34340015307,1.523584069820572,1.5197525499388576,1.6419034567661583,1.7098940443247557,,trial-0018.json,3.2638019999999996,2.6265479999999997,7432,0,30146,9790,5.890349999999999,0.9201411434696622,26944,64,230398804,294862912,56391,110708,0,291536896,0,11.245644999999998,10.852301999999998,2331,0,255865,256725,22.097947,14.085488099318475,26632,64,513059008,0,125385,0,0,0,0,sqlite-shifter-metadata,20260930T195743Z-b1e24bac,sqlite-shifter,nid005384,59132736,3.11.15,3.46.1,2026-09-30T20:00:34.456190+00:00,automatic_during_commits_plus_final_truncate,warm_after_write_checkpoint_and_validation,shifter,sqlite,3.46.1,366e975effc41801a615a88b44c609e98932ed1247531b4d1a777c4b70f3e6ac,,,,,,,,,,,,,,,,,,,,,,,,,,,,,,,,,,,,,,,
19,measured,3,metadata,lustre,1,1000000,20260817,1000,True,4.522928728023544,221095.67939996833,3.631365819252096,2.954927447717637,3.8511890685185786,22.154609687859192,1000000,1000000,1000,0.030044118990190327,4.568329590954818,218898.39165282116,64000,100,64000,6400000,16.829057589988224,3802.946163668383,0.24177535087437718,0.23850996512919664,0.2544513961765915,0.2695993252564222,,trial-0019.json,2.813196,1.0928200000000001,1143,0,6973,11,3.906016,0.8636032612671467,26632,1,62582927,207089720,15282,85501,0,207294464,0,7.6166290000000005,3.8424579999999997,2733,0,128002,3514,11.459087,0.6809107960280038,26632,1,474345571,0,115809,0,0,0,0,sqlite-shifter-metadata,20260930T195743Z-b1e24bac,sqlite-shifter,nid005384,59132736,3.11.15,3.46.1,2026-09-30T20:00:43.789841+00:00,automatic_during_commits_plus_final_truncate,warm_after_write_checkpoint_and_validation,shifter,sqlite,3.46.1,366e975effc41801a615a88b44c609e98932ed1247531b4d1a777c4b70f3e6ac,,,,,,,,,,,,,,,,,,,,,,,,,,,,,,,,,,,,,,,
20,measured,3,metadata,lustre,64,1000000,20260817,1000,True,5.602363731013611,178496.08629732337,165.90090908913407,5.712028534617275,739.5196872297673,4367.68903416232,1000000,1000000,1000,0.11916698003187776,5.739532941021025,174230.20483999635,64000,100,64000,6400000,1.5756267339456826,40618.75736249491,1.5305866444996354,1.5250379219651222,1.650371018331498,1.7252358747646217,,trial-0020.json,3.2895350000000003,2.50916,5973,1,28150,10052,5.7986949999999995,1.0350443631318573,26632,64,230341240,296955464,56372,111377,0,293572608,0,11.022750999999996,11.089160999999997,2180,0,255910,258107,22.111912,14.033724817950617,26632,64,514214080,0,125667,0,0,0,0,sqlite-shifter-metadata,20260930T195743Z-b1e24bac,sqlite-shifter,nid005384,59132736,3.11.15,3.46.1,2026-09-30T20:01:06.035748+00:00,automatic_during_commits_plus_final_truncate,warm_after_write_checkpoint_and_validation,shifter,sqlite,3.46.1,366e975effc41801a615a88b44c609e98932ed1247531b4d1a777c4b70f3e6ac,,,,,,,,,,,,,,,,,,,,,,,,,,,,,,,,,,,,,,,
21,measured,3,metadata,tmpfs,1,1000000,20260817,1000,True,2.551055273041129,391994.64259662776,1.7712760787690058,1.72654096968472,1.7855771293397993,3.2540340872947127,1000000,1000000,1000,0.0015631919959560037,2.5676436299690977,389462.14666559285,64000,100,64000,6400000,5.720471239998005,11187.88947884341,0.07700042956639663,0.07688906043767929,0.07835100404918194,0.08389098686166108,,trial-0021.json,2.459069,0.091958,548,0,0,14,2.551027,0.9999889171193475,26984,1,62582927,207089720,15282,85501,0,0,0,5.536075,0.18392699999999998,1835,0,0,39,5.720002,0.999917971793176,26632,1,474345571,0,115809,0,0,0,0,sqlite-shifter-metadata,20260930T195743Z-b1e24bac,sqlite-shifter,nid005384,59132736,3.11.15,3.46.1,2026-09-30T20:01:14.634267+00:00,automatic_during_commits_plus_final_truncate,warm_after_write_checkpoint_and_validation,shifter,sqlite,3.46.1,366e975effc41801a615a88b44c609e98932ed1247531b4d1a777c4b70f3e6ac,,,,,,,,,,,,,,,,,,,,,,,,,,,,,,,,,,,,,,,
22,measured,3,metadata,tmpfs,16,1000000,20260817,1000,True,3.029758112039417,330059.3522718127,30.542489476851188,2.1668595145456493,106.7744272237178,533.3904773788518,1000000,1000000,1000,0.002516809036023915,3.0435476870043203,328563.933553567,64000,100,64000,6400000,0.4334445010172203,147654.4283058221,0.09347927050839644,0.09311898611485958,0.10062404908239841,0.10562397190369666,,trial-0022.json,3.0094879999999997,0.17756699999999995,1836,0,1776,18,3.1870550000000004,1.051917308954642,26632,16,202807536,282711384,49561,107580,0,0,0,5.878506000000001,0.9507259999999998,312,0,0,35,6.829232000000001,15.755724167622287,26840,16,504915504,0,123302,0,0,0,0,sqlite-shifter-metadata,20260930T195743Z-b1e24bac,sqlite-shifter,nid005384,59132736,3.11.15,3.46.1,2026-09-30T20:01:23.691360+00:00,automatic_during_commits_plus_final_truncate,warm_after_write_checkpoint_and_validation,shifter,sqlite,3.46.1,366e975effc41801a615a88b44c609e98932ed1247531b4d1a777c4b70f3e6ac,,,,,,,,,,,,,,,,,,,,,,,,,,,,,,,,,,,,,,,
23,measured,3,metadata,tmpfs,64,1000000,20260817,1000,True,5.691030779038556,175715.09254232855,167.1331710400991,2.1459294948726892,637.6070806814778,4640.8570678380775,1000000,1000000,1000,0.001556759001687169,5.70789317402523,175195.9907993155,64000,100,64000,6400000,0.7922625310020521,80781.30353969021,0.7607295552606956,0.7632600609213114,0.831953517626971,0.8530331472866237,,trial-0023.json,3.018359999999999,0.295585,8928,0,2465,31,3.3139449999999995,0.5823101523551869,27284,64,212176712,288998464,51965,109442,0,0,0,7.301734999999999,42.38459400000001,2269,0,0,63,49.68632899999999,62.71447538627987,26632,64,513206464,0,125421,0,0,0,0,sqlite-shifter-metadata,20260930T195743Z-b1e24bac,sqlite-shifter,nid005384,59132736,3.11.15,3.46.1,2026-09-30T20:01:28.046487+00:00,automatic_during_commits_plus_final_truncate,warm_after_write_checkpoint_and_validation,shifter,sqlite,3.46.1,366e975effc41801a615a88b44c609e98932ed1247531b4d1a777c4b70f3e6ac,,,,,,,,,,,,,,,,,,,,,,,,,,,,,,,,,,,,,,,
24,measured,3,metadata,lustre,16,1000000,20260817,1000,True,4.56232382892631,219186.54560637323,54.16842235508375,7.443379028700292,180.9437390358651,1043.4959960624083,1000000,1000000,1000,0.12499506794847548,4.702147983945906,212668.76402320902,64000,100,64000,6400000,1.6890900030266494,37890.22484611215,0.3829681470597279,0.37136045284569263,0.4983004531823099,0.5789458367507906,,trial-0024.json,3.1660549999999987,2.355559,2166,0,22795,14446,5.5216140000000005,1.210263498831789,26632,16,223635124,290922400,54633,109774,0,286404608,0,9.861295999999998,8.302556,14631,0,180247,289007,18.163852,10.753631817992249,26632,16,505071152,0,123340,0,0,0,0,sqlite-shifter-metadata,20260930T195743Z-b1e24bac,sqlite-shifter,nid005384,59132736,3.11.15,3.46.1,2026-09-30T20:01:35.743325+00:00,automatic_during_commits_plus_final_truncate,warm_after_write_checkpoint_and_validation,shifter,sqlite,3.46.1,366e975effc41801a615a88b44c609e98932ed1247531b4d1a777c4b70f3e6ac,,,,,,,,,,,,,,,,,,,,,,,,,,,,,,,,,,,,,,,
25,measured,4,metadata,tmpfs,1,1000000,20260818,1000,True,2.553529258002527,391614.8588727118,1.759297804441303,1.7134460504166782,1.761648920364678,3.2332020648755133,1000000,1000000,1000,0.0014408460119739175,2.5701742039527744,389078.68519653636,64000,100,64000,6400000,5.814145561889745,11007.636344625394,0.0781710325518361,0.07809000089764595,0.07965299300849438,0.08495304267853498,,trial-0025.json,2.453425,0.100052,938,0,0,21,2.553477,0.9999795349897154,27716,1,62943375,206943576,15370,85350,0,0,0,5.5661700000000005,0.247791,1713,0,0,12,5.813961000000001,0.9999682564036658,26632,1,473948259,0,115712,0,0,0,0,sqlite-shifter-metadata,20260930T195743Z-b1e24bac,sqlite-shifter,nid005384,59132736,3.11.15,3.46.1,2026-09-30T20:01:43.127109+00:00,automatic_during_commits_plus_final_truncate,warm_after_write_checkpoint_and_validation,shifter,sqlite,3.46.1,366e975effc41801a615a88b44c609e98932ed1247531b4d1a777c4b70f3e6ac,,,,,,,,,,,,,,,,,,,,,,,,,,,,,,,,,,,,,,,
26,measured,4,metadata,lustre,16,1000000,20260818,1000,True,4.513550307950936,221555.08009702023,53.36206634656992,7.366886537056416,186.24497586861236,1038.3760531432927,1000000,1000000,1000,0.06614775094203651,4.593880430911668,217680.89418939172,64000,100,64000,6400000,1.8152535709086806,35256.78231717393,0.4093674354353425,0.39450504118576646,0.5463420471642166,0.6412851763889194,,trial-0026.json,3.3283660000000004,2.1736859999999996,2071,0,22817,10270,5.502051999999999,1.2190075715579702,26632,16,224163464,293823752,54761,110540,0,288677888,0,10.317713000000001,8.827802,14595,0,171263,459472,19.145514999999996,10.547019604768563,26632,16,505751088,0,123506,0,0,0,0,sqlite-shifter-metadata,20260930T195743Z-b1e24bac,sqlite-shifter,nid005384,59132736,3.11.15,3.46.1,2026-09-30T20:01:52.280291+00:00,automatic_during_commits_plus_final_truncate,warm_after_write_checkpoint_and_validation,shifter,sqlite,3.46.1,366e975effc41801a615a88b44c609e98932ed1247531b4d1a777c4b70f3e6ac,,,,,,,,,,,,,,,,,,,,,,,,,,,,,,,,,,,,,,,
27,measured,4,metadata,lustre,64,1000000,20260818,1000,True,5.464301411062479,183006.01024231568,174.64414534310345,7.318103511352092,1138.866908143973,3860.326474494067,1000000,1000000,1000,0.06885922409128398,5.55060785706155,180160.44832419354,64000,100,64000,6400000,1.5572822589892894,41097.23823704087,1.5116183240133978,1.5067624626681209,1.628027018159628,1.6985735937487336,,trial-0027.json,3.3616189999999997,2.5973160000000006,5785,3,30111,11081,5.958935,1.0905209196432935,28676,64,236702240,297507240,57923,111471,0,294092800,0,11.040435999999998,11.088562,2795,0,255928,254771,22.128998,14.210010980515637,26632,64,512067776,0,125143,0,0,0,0,sqlite-shifter-metadata,20260930T195743Z-b1e24bac,sqlite-shifter,nid005384,59132736,3.11.15,3.46.1,2026-09-30T20:01:59.661114+00:00,automatic_during_commits_plus_final_truncate,warm_after_write_checkpoint_and_validation,shifter,sqlite,3.46.1,366e975effc41801a615a88b44c609e98932ed1247531b4d1a777c4b70f3e6ac,,,,,,,,,,,,,,,,,,,,,,,,,,,,,,,,,,,,,,,
28,measured,4,metadata,lustre,1,1000000,20260818,1000,True,4.518483230960555,221313.203764489,3.6284757839748636,2.936637494713068,3.707754058996215,22.89268603315577,1000000,1000000,1000,0.016312886029481888,4.550024083000608,219779.05649688985,64000,100,64000,6400000,16.79950302001089,3809.6365067327165,0.24155297596371383,0.2379380166530609,0.25654403143562376,0.26969892089255154,,trial-0028.json,2.7877609999999997,1.116817,1549,0,6953,9,3.904578,0.8641346665283409,26632,1,62943375,206943576,15370,85350,0,207142912,0,7.479718,3.9683829999999998,2933,0,128010,8159,11.448101,0.6814547422244268,26944,1,473948259,0,115712,0,0,0,0,sqlite-shifter-metadata,20260930T195743Z-b1e24bac,sqlite-shifter,nid005384,59132736,3.11.15,3.46.1,2026-09-30T20:02:08.060118+00:00,automatic_during_commits_plus_final_truncate,warm_after_write_checkpoint_and_validation,shifter,sqlite,3.46.1,366e975effc41801a615a88b44c609e98932ed1247531b4d1a777c4b70f3e6ac,,,,,,,,,,,,,,,,,,,,,,,,,,,,,,,,,,,,,,,
29,measured,4,metadata,tmpfs,64,1000000,20260818,1000,True,5.790820514084771,172687.09979315396,171.77772570645902,2.1524865296669304,737.7457031689073,4739.674916770308,1000000,1000000,1000,0.001394246006384492,5.806909379083663,172208.64572159055,64000,100,64000,6400000,0.7516484910156578,85146.18304298146,0.7195835552010976,0.7255170494318008,0.7978984911460429,0.8288070990238339,,trial-0029.json,2.9636599999999995,0.3771649999999999,8775,0,2509,39,3.340824999999999,0.5769173801664633,28692,64,210308936,287319368,51509,109043,0,0,0,7.406459000000002,39.668006,2239,0,0,68,47.07446500000001,62.62829708656914,26632,64,513620160,0,125522,0,0,0,0,sqlite-shifter-metadata,20260930T195743Z-b1e24bac,sqlite-shifter,nid005384,59132736,3.11.15,3.46.1,2026-09-30T20:02:30.253389+00:00,automatic_during_commits_plus_final_truncate,warm_after_write_checkpoint_and_validation,shifter,sqlite,3.46.1,366e975effc41801a615a88b44c609e98932ed1247531b4d1a777c4b70f3e6ac,,,,,,,,,,,,,,,,,,,,,,,,,,,,,,,,,,,,,,,
30,measured,4,metadata,tmpfs,16,1000000,20260818,1000,True,3.016194749972783,331543.5782152408,27.559875208185986,2.136881463229656,36.18090478121303,633.3384734753045,1000000,1000000,1000,0.0021644800435751677,3.028756069019437,330168.5501281558,64000,100,64000,6400000,0.453612964018248,141089.44205004114,0.09410396633757045,0.09377102833241224,0.10324898175895214,0.11235604644753039,,trial-0030.json,2.827558,0.287298,2854,0,1151,18,3.1148559999999996,1.032710503865212,26632,16,198314224,284978800,48464,108569,0,0,0,5.928987000000001,0.929327,555,0,0,52,6.858314,15.11930774474978,26708,16,506705456,0,123739,0,0,0,0,sqlite-shifter-metadata,20260930T195743Z-b1e24bac,sqlite-shifter,nid005384,59132736,3.11.15,3.46.1,2026-09-30T20:02:37.997282+00:00,automatic_during_commits_plus_final_truncate,warm_after_write_checkpoint_and_validation,shifter,sqlite,3.46.1,366e975effc41801a615a88b44c609e98932ed1247531b4d1a777c4b70f3e6ac,,,,,,,,,,,,,,,,,,,,,,,,,,,,,,,,,,,,,,,
31,measured,5,metadata,tmpfs,64,1000000,20260819,1000,True,5.59043294203002,178877.02265092835,162.38371700572316,2.1419209660962224,537.531944434154,4539.494915019021,1000000,1000000,1000,0.0008698760066181421,5.606368932989426,178368.5683108943,64000,100,64000,6400000,0.9393996690632775,68128.61671946042,0.9231020911611267,0.9249220602214336,0.9418541332706809,0.9555513469967992,,trial-0031.json,2.9713169999999995,0.3693360000000001,8425,0,2519,41,3.340652999999999,0.5975660623498916,28700,64,211799880,287127160,51873,108839,0,0,0,6.256087000000003,53.707826000000004,2428,0,0,141,59.963913000000005,63.83216321525111,26632,64,515389632,0,125954,0,0,0,0,sqlite-shifter-metadata,20260930T195743Z-b1e24bac,sqlite-shifter,nid005384,59132736,3.11.15,3.46.1,2026-09-30T20:02:42.347156+00:00,automatic_during_commits_plus_final_truncate,warm_after_write_checkpoint_and_validation,shifter,sqlite,3.46.1,366e975effc41801a615a88b44c609e98932ed1247531b4d1a777c4b70f3e6ac,,,,,,,,,,,,,,,,,,,,,,,,,,,,,,,,,,,,,,,
32,measured,5,metadata,tmpfs,1,1000000,20260819,1000,True,2.5679372739978135,389417.6116082388,1.7811616935068741,1.7347265384159982,1.799116568872705,3.2598095620051026,1000000,1000000,1000,0.0012984310742467642,2.5826632929965854,387197.20170713024,64000,100,64000,6400000,5.857795148040168,10925.612518459675,0.07902188869775273,0.07878197357058525,0.08117699180729687,0.08979310048744084,,trial-0032.json,2.4631879999999997,0.10478,946,0,0,4,2.5679679999999996,1.0000119652463857,27716,1,63193231,207189024,15431,85397,0,0,0,5.5571079999999995,0.300446,1584,0,0,9,5.8575539999999995,0.9999588329680239,26632,1,474595427,0,115870,0,0,0,0,sqlite-shifter-metadata,20260930T195743Z-b1e24bac,sqlite-shifter,nid005384,59132736,3.11.15,3.46.1,2026-09-30T20:02:50.066165+00:00,automatic_during_commits_plus_final_truncate,warm_after_write_checkpoint_and_validation,shifter,sqlite,3.46.1,366e975effc41801a615a88b44c609e98932ed1247531b4d1a777c4b70f3e6ac,,,,,,,,,,,,,,,,,,,,,,,,,,,,,,,,,,,,,,,
33,measured,5,metadata,lustre,1,1000000,20260819,1000,True,4.499764597974718,222233.847621737,3.625660165329464,2.942448074463755,3.8761378033086658,22.56501353927888,1000000,1000000,1000,0.01627414207905531,4.531725930981338,220666.47790049642,64000,100,64000,6400000,16.80990866792854,3807.278270470617,0.2418086195466458,0.23851008154451847,0.25512196589261293,0.2709924359805883,,trial-0033.json,2.825064,1.055397,1644,0,6966,6,3.8804609999999995,0.862369778576093,26632,1,63193231,207189024,15431,85397,0,207405056,0,7.345114,4.201187999999999,3325,0,128017,13094,11.546301999999999,0.6868747610764284,26632,1,474595427,0,115870,0,0,0,0,sqlite-shifter-metadata,20260930T195743Z-b1e24bac,sqlite-shifter,nid005384,59132736,3.11.15,3.46.1,2026-09-30T20:02:59.270866+00:00,automatic_during_commits_plus_final_truncate,warm_after_write_checkpoint_and_validation,shifter,sqlite,3.46.1,366e975effc41801a615a88b44c609e98932ed1247531b4d1a777c4b70f3e6ac,,,,,,,,,,,,,,,,,,,,,,,,,,,,,,,,,,,,,,,
34,measured,5,metadata,lustre,16,1000000,20260819,1000,True,4.683880693046376,213498.17929491375,44.04976416891441,6.579885550308973,63.46754403202794,1375.0527665496331,1000000,1000000,1000,0.0787213739240542,4.776170406956226,209372.76411736815,64000,100,64000,6400000,1.6706429499899969,38308.604480917485,0.37926084765058476,0.3673969767987728,0.4948535119183362,0.5760301975533366,,trial-0034.json,3.2452549999999993,2.1237429999999997,2220,0,18890,12433,5.368997999999999,1.146271297638033,26632,16,217159304,297412264,53051,111942,0,294486016,0,9.894521,8.26786,15555,0,178366,282319,18.162380999999996,10.871491721261414,26632,16,506312240,0,123643,0,0,0,0,sqlite-shifter-metadata,20260930T195743Z-b1e24bac,sqlite-shifter,nid005384,59132736,3.11.15,3.46.1,2026-09-30T20:03:21.450397+00:00,automatic_during_commits_plus_final_truncate,warm_after_write_checkpoint_and_validation,shifter,sqlite,3.46.1,366e975effc41801a615a88b44c609e98932ed1247531b4d1a777c4b70f3e6ac,,,,,,,,,,,,,,,,,,,,,,,,,,,,,,,,,,,,,,,
35,measured,5,metadata,tmpfs,16,1000000,20260819,1000,True,3.0569990479853004,327118.1915019061,31.36395286244806,2.141269971616566,56.27956867101601,735.5454728216855,1000000,1000000,1000,0.003795151016674936,3.0719630459789187,325524.74916941515,64000,100,64000,6400000,0.4860242820577696,131680.66362658163,0.10583483718073694,0.10509206913411617,0.11565303429961205,0.12239604257047176,,trial-0035.json,2.9418640000000003,0.189489,1617,0,1468,16,3.1313530000000003,1.0243225303140682,26632,16,198375576,281953704,48477,107568,0,0,0,5.716411,1.8724529999999997,438,0,0,83,7.588864,15.614166370185545,26632,16,505816624,0,123522,0,0,0,0,sqlite-shifter-metadata,20260930T195743Z-b1e24bac,sqlite-shifter,nid005384,59132736,3.11.15,3.46.1,2026-09-30T20:03:28.865291+00:00,automatic_during_commits_plus_final_truncate,warm_after_write_checkpoint_and_validation,shifter,sqlite,3.46.1,366e975effc41801a615a88b44c609e98932ed1247531b4d1a777c4b70f3e6ac,,,,,,,,,,,,,,,,,,,,,,,,,,,,,,,,,,,,,,,
36,measured,5,metadata,lustre,64,1000000,20260819,1000,True,6.722384150023572,148756.7472615342,190.31608622323256,3.718804509844631,838.1590710487214,5087.902769428909,1000000,1000000,1000,0.12078035098966211,6.859829469001852,145776.21856618926,64000,100,64000,6400000,1.5633948580361903,40936.55526051276,1.5176367943149671,1.5143579803407192,1.633938547456637,1.698843671474606,,trial-0036.json,3.3026189999999995,2.538912,7426,2,30285,11951,5.841531,0.8689671505874171,27128,64,226777940,297073080,55507,111510,0,294690816,0,11.306747000000001,10.813782,3125,0,255878,256791,22.12052900000001,14.149035278129302,26632,64,513616064,0,125521,0,0,0,0,sqlite-shifter-metadata,20260930T195743Z-b1e24bac,sqlite-shifter,nid005384,59132736,3.11.15,3.46.1,2026-09-30T20:03:33.326215+00:00,automatic_during_commits_plus_final_truncate,warm_after_write_checkpoint_and_validation,shifter,sqlite,3.46.1,366e975effc41801a615a88b44c609e98932ed1247531b4d1a777c4b70f3e6ac,,,,,,,,,,,,,,,,,,,,,,,,,,,,,,,,,,,,,,,
1,warmup,1,telemetry,tmpfs,16,1000000,20260813,1000,True,4.827628079918213,207141.06046399113,43.3183831195347,6.2328369822353125,13.529277307679875,1741.7422831896683,1000000,1000000,1000,0.0015782780246809125,4.839513206970878,206632.35272497885,64000,100,64000,6400000,0.8109839840326458,78916.47832767028,0.10497027199562581,0.10390998795628548,0.11670407839119434,0.12405903544276953,,trial-0001.json,6.968237,0.30175699999999994,5045,0,1626,96,7.269994000000001,1.505914266726853,25740,16,214370564,362341008,52384,135472,0,0,0,11.466254999999997,1.264207,990,0,0,31,12.730462000000001,15.697550445691098,26940,16,1734526515,0,423500,0,0,0,0,sqlite-shifter-telemetry,20260930T195743Z-01b1b069,sqlite-shifter,nid005415,59132737,3.11.15,3.46.1,2026-09-30T19:57:43.906654+00:00,automatic_during_commits_plus_final_truncate,warm_after_write_checkpoint_and_validation,shifter,sqlite,3.46.1,366e975effc41801a615a88b44c609e98932ed1247531b4d1a777c4b70f3e6ac,,,,,,,,,,,,,,,,,,,,,,,,,,,,,,,,,,,,,,,
2,warmup,1,telemetry,tmpfs,1,1000000,20260813,1000,True,6.886638910975307,145208.71689762763,5.088223273982294,4.958694975357503,5.310847610235212,7.710649984655902,1000000,1000000,1000,0.0022516740718856454,6.899490687996149,144938.2346061887,64000,100,64000,6400000,11.251226424938068,5688.268779139096,0.0876358586610877,0.08741801138967276,0.09079498704522848,0.09563412168063225,,trial-0002.json,6.682469,0.203728,10774,0,0,7,6.886197,0.9999358306742927,26044,1,151502991,345086736,36991,131010,0,0,0,10.783751,0.46697299999999997,2156,0,0,12,11.250724,0.9999553448736083,25944,1,1711149155,0,417763,0,0,0,0,sqlite-shifter-telemetry,20260930T195743Z-01b1b069,sqlite-shifter,nid005415,59132737,3.11.15,3.46.1,2026-09-30T19:57:50.487037+00:00,automatic_during_commits_plus_final_truncate,warm_after_write_checkpoint_and_validation,shifter,sqlite,3.46.1,366e975effc41801a615a88b44c609e98932ed1247531b4d1a777c4b70f3e6ac,,,,,,,,,,,,,,,,,,,,,,,,,,,,,,,,,,,,,,,
3,warmup,1,telemetry,lustre,16,1000000,20260813,1000,True,6.368718167999759,157017.46782022744,72.21838416205719,16.47679298184812,239.6127865475136,1343.9103229693137,1000000,1000000,1000,0.08359563397243619,6.470039202948101,154558.56891011508,64000,100,64000,6400000,2.2823259419528767,28041.568832731347,0.4105827804942237,0.3908919752575457,0.5538165860343724,0.6495817552786322,,trial-0003.json,7.960830999999999,2.815922,5772,0,29125,13291,10.776752999999998,1.692138467384039,24048,16,236955272,376826176,57884,139178,0,378765312,0,17.0539,9.991443999999998,17106,0,142285,443613,27.045344000000004,11.849904302826529,24960,16,1735628336,0,423769,0,0,0,0,sqlite-shifter-telemetry,20260930T195743Z-01b1b069,sqlite-shifter,nid005415,59132737,3.11.15,3.46.1,2026-09-30T19:58:09.450007+00:00,automatic_during_commits_plus_final_truncate,warm_after_write_checkpoint_and_validation,shifter,sqlite,3.46.1,366e975effc41801a615a88b44c609e98932ed1247531b4d1a777c4b70f3e6ac,,,,,,,,,,,,,,,,,,,,,,,,,,,,,,,,,,,,,,,
4,warmup,1,telemetry,lustre,1,1000000,20260813,1000,True,10.083407626021653,99172.823026549,8.086558858514763,6.827128469012678,8.088324603158979,33.774423820432276,1000000,1000000,1000,0.019927027984522283,10.116565766977146,98847.77334856415,64000,100,64000,6400000,24.27748073998373,2636.1878600770706,0.27505597041817964,0.27338648214936256,0.2898179227486253,0.3071409882977605,,trial-0004.json,7.47383,1.757624,9996,0,7103,2419,9.231454000000001,0.915509353819728,24768,1,151502991,345086736,36991,131010,0,345440256,0,13.557471,4.960103,5535,0,128045,33680,18.517574,0.7627469340137312,22372,1,1711149155,0,417763,0,0,0,0,sqlite-shifter-telemetry,20260930T195743Z-01b1b069,sqlite-shifter,nid005415,59132737,3.11.15,3.46.1,2026-09-30T19:58:19.237503+00:00,automatic_during_commits_plus_final_truncate,warm_after_write_checkpoint_and_validation,shifter,sqlite,3.46.1,366e975effc41801a615a88b44c609e98932ed1247531b4d1a777c4b70f3e6ac,,,,,,,,,,,,,,,,,,,,,,,,,,,,,,,,,,,,,,,
5,warmup,1,telemetry,lustre,64,1000000,20260813,1000,True,6.444006614037789,155182.95679920228,245.00439545628615,20.689465512987226,1543.6487863771615,4173.356120883252,1000000,1000000,1000,0.05399985006079078,6.5121783970389515,153558.44681016324,64000,100,64000,6400000,1.6053119850112125,39867.639809312815,1.4327751858436386,1.4260740135796368,1.5708255697973075,1.6546447400469335,,trial-0005.json,8.095706000000002,3.401679,20816,4,39798,19287,11.497385000000001,1.7841981997587963,26248,64,248527172,378680712,60805,139753,0,380612608,0,20.007786999999997,13.109321,2692,0,255932,460379,33.11710799999999,20.629702082345492,24444,64,1740298432,0,425004,0,0,0,0,sqlite-shifter-telemetry,20260930T195743Z-01b1b069,sqlite-shifter,nid005415,59132737,3.11.15,3.46.1,2026-09-30T19:58:54.557654+00:00,automatic_during_commits_plus_final_truncate,warm_after_write_checkpoint_and_validation,shifter,sqlite,3.46.1,366e975effc41801a615a88b44c609e98932ed1247531b4d1a777c4b70f3e6ac,,,,,,,,,,,,,,,,,,,,,,,,,,,,,,,,,,,,,,,
6,warmup,1,telemetry,tmpfs,64,1000000,20260813,1000,True,5.753831658978015,173797.22926715206,169.3375272542471,6.174572452437133,736.1700460198335,4442.379698276053,1000000,1000000,1000,0.0032973160268738866,5.77177885803394,173256.81121827202,64000,100,64000,6400000,0.7351547760190442,87056.49760798409,0.5587295931145491,0.5699470639228821,0.6595791084691882,0.6914304709061981,,trial-0006.json,7.106428000000002,0.472516,20205,0,3282,46,7.578944000000001,1.3171994679709067,28584,64,216510456,362552160,53027,135617,0,0,0,15.056601999999998,28.398785000000004,2072,0,0,100,43.455387,59.11052803780505,25668,64,1745901760,0,426372,0,0,0,0,sqlite-shifter-telemetry,20260930T195743Z-01b1b069,sqlite-shifter,nid005415,59132737,3.11.15,3.46.1,2026-09-30T19:59:03.980000+00:00,automatic_during_commits_plus_final_truncate,warm_after_write_checkpoint_and_validation,shifter,sqlite,3.46.1,366e975effc41801a615a88b44c609e98932ed1247531b4d1a777c4b70f3e6ac,,,,,,,,,,,,,,,,,,,,,,,,,,,,,,,,,,,,,,,
7,measured,1,telemetry,lustre,16,1000000,20260815,1000,True,6.497680058935657,153901.08329892185,77.73994289455004,17.12949847569689,247.76862779981457,1342.829438841436,1000000,1000000,1000,0.04917405603919178,6.56551246100571,152311.0352678882,64000,100,64000,6400000,2.126731430995278,30093.127447713963,0.3849291281057958,0.3684645052999258,0.5152209254447371,0.6141031987499448,,trial-0007.json,8.06054,2.869131,5753,0,29102,19736,10.929670999999999,1.6820882070008103,24928,16,237622964,376524624,58048,138991,0,378195968,0,16.11872,9.468378999999999,17251,0,142985,296450,25.587099000000002,12.031184862879291,25896,16,1732568624,0,423022,0,0,0,0,sqlite-shifter-telemetry,20260930T195743Z-01b1b069,sqlite-shifter,nid005415,59132737,3.11.15,3.46.1,2026-09-30T19:59:11.651296+00:00,automatic_during_commits_plus_final_truncate,warm_after_write_checkpoint_and_validation,shifter,sqlite,3.46.1,366e975effc41801a615a88b44c609e98932ed1247531b4d1a777c4b70f3e6ac,,,,,,,,,,,,,,,,,,,,,,,,,,,,,,,,,,,,,,,
8,measured,1,telemetry,lustre,64,1000000,20260815,1000,True,6.634323050035164,150731.27920635394,234.49906956183258,19.747266953345388,1450.6328156625386,4569.525677609489,1000000,1000000,1000,0.04813863302115351,6.695620032027364,149351.36629866532,64000,100,64000,6400000,1.7207271020160988,37193.57934504203,1.506915429223227,1.5012200456112623,1.6729725175537171,1.7651482776273044,,trial-0008.json,8.121777,3.318879,20616,2,39014,20352,11.440656,1.7244647138398486,26216,64,245848476,377478432,60153,139362,0,379052032,0,23.057954000000002,14.097376999999998,3219,0,256677,932918,37.15533100000001,21.59280861937188,24172,64,1745008832,0,426154,0,0,0,0,sqlite-shifter-telemetry,20260930T195743Z-01b1b069,sqlite-shifter,nid005415,59132737,3.11.15,3.46.1,2026-09-30T19:59:21.390787+00:00,automatic_during_commits_plus_final_truncate,warm_after_write_checkpoint_and_validation,shifter,sqlite,3.46.1,366e975effc41801a615a88b44c609e98932ed1247531b4d1a777c4b70f3e6ac,,,,,,,,,,,,,,,,,,,,,,,,,,,,,,,,,,,,,,,
9,measured,1,telemetry,tmpfs,64,1000000,20260815,1000,True,6.06047582696192,165003.5456871534,175.5414870941313,6.145238992758095,841.6279078461184,4543.707781502742,1000000,1000000,1000,0.0010784560581669211,6.073796137003228,164641.6800043265,64000,100,64000,6400000,0.7225143261021003,88579.5584777872,0.5388787325246085,0.5561610450968146,0.6559234287124127,0.6882561871316284,,trial-0009.json,7.075280000000001,0.48960299999999995,21054,0,3149,53,7.564882999999999,1.24823251770847,25968,64,217342032,365482728,53232,136412,0,0,0,15.418672999999998,27.121893999999994,2030,0,0,89,42.540567,58.878510035230065,24512,64,1744431296,0,426013,0,0,0,0,sqlite-shifter-telemetry,20260930T195743Z-01b1b069,sqlite-shifter,nid005415,59132737,3.11.15,3.46.1,2026-09-30T19:59:31.137934+00:00,automatic_during_commits_plus_final_truncate,warm_after_write_checkpoint_and_validation,shifter,sqlite,3.46.1,366e975effc41801a615a88b44c609e98932ed1247531b4d1a777c4b70f3e6ac,,,,,,,,,,,,,,,,,,,,,,,,,,,,,,,,,,,,,,,
10,measured,1,telemetry,lustre,1,1000000,20260815,1000,True,10.08748694404494,99132.7181434759,8.077353880740702,6.824191485065967,8.370659191859877,33.8643502665218,1000000,1000000,1000,0.02674156497232616,10.127999657997862,98736.18026935079,64000,100,64000,6400000,24.118232164066285,2653.594159167001,0.27194133905140916,0.2701999619603157,0.2875529520679265,0.30529831768944865,,trial-0010.json,7.418067,1.8441149999999997,11281,0,7116,1422,9.262182,0.9181852775995757,22404,1,151502991,345090856,36991,131012,0,345444352,0,13.514656,4.929015,7182,0,128022,29964,18.443671000000002,0.7647190256124659,23620,1,1711407203,0,417826,0,0,0,0,sqlite-shifter-telemetry,20260930T195743Z-01b1b069,sqlite-shifter,nid005415,59132737,3.11.15,3.46.1,2026-09-30T19:59:39.072243+00:00,automatic_during_commits_plus_final_truncate,warm_after_write_checkpoint_and_validation,shifter,sqlite,3.46.1,366e975effc41801a615a88b44c609e98932ed1247531b4d1a777c4b70f3e6ac,,,,,,,,,,,,,,,,,,,,,,,,,,,,,,,,,,,,,,,
11,measured,1,telemetry,tmpfs,1,1000000,20260815,1000,True,6.840224449057132,146194.03317062816,5.062377154012211,4.928622045554221,5.494043754879385,7.77641283813864,1000000,1000000,1000,0.001941947964951396,6.852322235004976,145935.92736948596,64000,100,64000,6400000,11.472334877005778,5578.637712910249,0.08835552387972712,0.08813897147774696,0.09176749736070636,0.09713694453239441,,trial-0011.json,6.662625,0.17713399999999999,9973,0,0,15,6.839759,0.9999319541251024,25156,1,151502991,345090856,36991,131012,0,0,0,10.971680999999998,0.500173,2125,0,0,11,11.471853999999999,0.9999580837718794,22372,1,1711407203,0,417826,0,0,0,0,sqlite-shifter-telemetry,20260930T195743Z-01b1b069,sqlite-shifter,nid005415,59132737,3.11.15,3.46.1,2026-09-30T20:00:14.261072+00:00,automatic_during_commits_plus_final_truncate,warm_after_write_checkpoint_and_validation,shifter,sqlite,3.46.1,366e975effc41801a615a88b44c609e98932ed1247531b4d1a777c4b70f3e6ac,,,,,,,,,,,,,,,,,,,,,,,,,,,,,,,,,,,,,,,
12,measured,1,telemetry,tmpfs,16,1000000,20260815,1000,True,4.77380250801798,209476.61708259207,40.24915460788179,6.194954563397914,39.0695063280873,838.3635220373953,1000000,1000000,1000,0.0014491300098598003,4.7852334110066295,208976.2220793402,64000,100,64000,6400000,0.8346900870092213,76675.16482592773,0.10496109465202608,0.10485202074050903,0.11377001646906137,0.1201821560971439,,trial-0012.json,6.886789,0.3281360000000001,4928,0,1698,17,7.214924999999999,1.5113580815046204,26380,16,214784240,362223304,52485,135488,0,0,0,11.736702000000003,1.1865789999999998,719,0,0,38,12.923280999999998,15.482729699480936,24548,16,1736001072,0,423860,0,0,0,0,sqlite-shifter-telemetry,20260930T195743Z-01b1b069,sqlite-shifter,nid005415,59132737,3.11.15,3.46.1,2026-09-30T20:00:33.367645+00:00,automatic_during_commits_plus_final_truncate,warm_after_write_checkpoint_and_validation,shifter,sqlite,3.46.1,366e975effc41801a615a88b44c609e98932ed1247531b4d1a777c4b70f3e6ac,,,,,,,,,,,,,,,,,,,,,,,,,,,,,,,,,,,,,,,
13,measured,2,telemetry,tmpfs,1,1000000,20260816,1000,True,6.821509954985231,146595.10967497592,5.0367875817464665,4.901705542579293,5.199170496780425,7.922207411611453,1000000,1000000,1000,0.0021461310097947717,6.83394603303168,146328.34312219164,64000,100,64000,6400000,11.258527814992703,5684.579818222129,0.08754823442541237,0.087368069216609,0.09071396780200303,0.09542410960420968,,trial-0013.json,6.676072,0.14493999999999999,10042,0,0,13,6.821012,0.9999270022343267,24328,1,151507087,345169112,36992,131049,0,0,0,10.778089,0.479891,2033,0,0,19,11.25798,0.9999513422179431,24780,1,1711140963,0,417761,0,0,0,0,sqlite-shifter-telemetry,20260930T195743Z-01b1b069,sqlite-shifter,nid005415,59132737,3.11.15,3.46.1,2026-09-30T20:00:39.853712+00:00,automatic_during_commits_plus_final_truncate,warm_after_write_checkpoint_and_validation,shifter,sqlite,3.46.1,366e975effc41801a615a88b44c609e98932ed1247531b4d1a777c4b70f3e6ac,,,,,,,,,,,,,,,,,,,,,,,,,,,,,,,,,,,,,,,
14,measured,2,telemetry,tmpfs,64,1000000,20260816,1000,True,6.569608896970749,152216.06273413028,188.83349592715967,5.336832487955689,835.0690880673937,5145.194428685352,1000000,1000000,1000,0.0023943790001794696,6.586959033971652,151815.12361661723,64000,100,64000,6400000,0.6782529740594327,94360.07278663538,0.486301623581312,0.49761804984882474,0.5986719625070691,0.626186114968732,,trial-0014.json,6.944945999999999,0.6057620000000002,22473,0,3030,44,7.550707999999998,1.1493390426150991,25836,64,214388816,364500456,52511,136204,0,0,0,16.518036,23.203353000000007,2241,0,0,94,39.721389,58.56426808166029,24548,64,1742756032,0,425604,0,0,0,0,sqlite-shifter-telemetry,20260930T195743Z-01b1b069,sqlite-shifter,nid005415,59132737,3.11.15,3.46.1,2026-09-30T20:00:58.734047+00:00,automatic_during_commits_plus_final_truncate,warm_after_write_checkpoint_and_validation,shifter,sqlite,3.46.1,366e975effc41801a615a88b44c609e98932ed1247531b4d1a777c4b70f3e6ac,,,,,,,,,,,,,,,,,,,,,,,,,,,,,,,,,,,,,,,
15,measured,2,telemetry,tmpfs,16,1000000,20260816,1000,True,4.659820617060177,214600.53555256544,43.4479458729038,6.269608566071838,108.74823844060302,937.2893693868518,1000000,1000000,1000,0.0008128349436447024,4.671326444018632,214071.95835787567,64000,100,64000,6400000,0.8302980120060965,77080.75784183628,0.10508496660986566,0.10513304732739925,0.11558202095329762,0.12265599798411131,,trial-0015.json,6.941519,0.33499500000000004,4695,0,2025,22,7.276513999999999,1.56154380135574,25920,16,216787184,361664496,52974,135279,0,0,0,11.475623999999998,1.3375640000000002,764,0,0,51,12.813187999999998,15.432035022030037,24792,16,1734424112,0,423475,0,0,0,0,sqlite-shifter-telemetry,20260930T195743Z-01b1b069,sqlite-shifter,nid005415,59132737,3.11.15,3.46.1,2026-09-30T20:01:07.280854+00:00,automatic_during_commits_plus_final_truncate,warm_after_write_checkpoint_and_validation,shifter,sqlite,3.46.1,366e975effc41801a615a88b44c609e98932ed1247531b4d1a777c4b70f3e6ac,,,,,,,,,,,,,,,,,,,,,,,,,,,,,,,,,,,,,,,
16,measured,2,telemetry,lustre,16,1000000,20260816,1000,True,6.589080386911519,151766.2467719152,72.58057790971361,16.336736036464572,198.43206607038155,1645.4583841876583,1000000,1000000,1000,0.10180951992515475,6.708546523936093,149063.58574573495,64000,100,64000,6400000,2.1792206950485706,29368.296724335927,0.39326538891873497,0.3752924967557192,0.5264331528451294,0.62707765144296,,trial-0016.json,8.092745,2.7628239999999997,5792,1,27943,16017,10.855568999999997,1.6475089637035523,26664,16,234051208,375260760,57175,138765,0,377094144,0,16.461469999999995,9.798075,16969,0,141924,358091,26.259545,12.049970459469561,23656,16,1736250928,0,423921,0,0,0,0,sqlite-shifter-telemetry,20260930T195743Z-01b1b069,sqlite-shifter,nid005415,59132737,3.11.15,3.46.1,2026-09-30T20:01:13.693635+00:00,automatic_during_commits_plus_final_truncate,warm_after_write_checkpoint_and_validation,shifter,sqlite,3.46.1,366e975effc41801a615a88b44c609e98932ed1247531b4d1a777c4b70f3e6ac,,,,,,,,,,,,,,,,,,,,,,,,,,,,,,,,,,,,,,,
17,measured,2,telemetry,lustre,1,1000000,20260816,1000,True,10.150051011005417,98521.67234585599,8.092726481729187,6.852063932456076,8.08539915597066,33.60280058346689,1000000,1000000,1000,0.0208956110291183,10.183757572085597,98195.5818293506,64000,100,64000,6400000,24.171370081952773,2647.7605441068786,0.2725482963378454,0.27103209868073463,0.2875130157917738,0.30410643084906047,,trial-0017.json,7.626612,1.7068860000000001,10034,0,7103,2236,9.333498,0.9195518317967023,27988,1,151507087,345169112,36992,131049,0,345526272,0,13.326159,5.218737,6962,0,128041,30707,18.544896,0.7672256863025856,22216,1,1711140963,0,417761,0,0,0,0,sqlite-shifter-telemetry,20260930T195743Z-01b1b069,sqlite-shifter,nid005415,59132737,3.11.15,3.46.1,2026-09-30T20:01:23.622074+00:00,automatic_during_commits_plus_final_truncate,warm_after_write_checkpoint_and_validation,shifter,sqlite,3.46.1,366e975effc41801a615a88b44c609e98932ed1247531b4d1a777c4b70f3e6ac,,,,,,,,,,,,,,,,,,,,,,,,,,,,,,,,,,,,,,,
18,measured,2,telemetry,lustre,64,1000000,20260816,1000,True,7.872468090965413,127024.96706815722,240.71396997617558,11.916573450434953,1151.5396609320303,5976.840270376994,1000000,1000000,1000,0.04303442593663931,7.930522438953631,126095.09747909395,64000,100,64000,6400000,1.59085729601793,40229.88118431377,1.415017551755227,1.4088565367273986,1.5523085894528776,1.6362200886942448,,trial-0018.json,8.085515000000001,3.140351000000001,20267,0,35001,21617,11.225866,1.4259652589615457,25992,64,235596672,374115648,57661,138508,0,375377920,0,19.951848999999996,13.164044,2230,0,255782,469894,33.115893,20.81638188597575,24336,64,1743874240,0,425877,0,0,0,0,sqlite-shifter-telemetry,20260930T195743Z-01b1b069,sqlite-shifter,nid005415,59132737,3.11.15,3.46.1,2026-09-30T20:01:58.914883+00:00,automatic_during_commits_plus_final_truncate,warm_after_write_checkpoint_and_validation,shifter,sqlite,3.46.1,366e975effc41801a615a88b44c609e98932ed1247531b4d1a777c4b70f3e6ac,,,,,,,,,,,,,,,,,,,,,,,,,,,,,,,,,,,,,,,
19,measured,3,telemetry,lustre,1,1000000,20260817,1000,True,10.154269800987095,98480.73959023526,8.12019390927162,6.807008001487702,8.167817507637665,35.270665442803875,1000000,1000000,1000,0.020331957028247416,10.187177355051972,98162.61807831246,64000,100,64000,6400000,24.17045222094748,2647.8610915080017,0.2725571876799222,0.27057097759097815,0.28684199787676334,0.3037950792349875,,trial-0019.json,7.502129,1.766946,12188,0,7102,1860,9.269075,0.9128253613173599,24948,1,151507087,345078472,36992,131005,0,345432064,0,13.597014,4.958345,5612,0,128035,28301,18.555359,0.7676877052353566,21828,1,1711259747,0,417790,0,0,0,0,sqlite-shifter-telemetry,20260930T195743Z-01b1b069,sqlite-shifter,nid005415,59132737,3.11.15,3.46.1,2026-09-30T20:02:09.725483+00:00,automatic_during_commits_plus_final_truncate,warm_after_write_checkpoint_and_validation,shifter,sqlite,3.46.1,366e975effc41801a615a88b44c609e98932ed1247531b4d1a777c4b70f3e6ac,,,,,,,,,,,,,,,,,,,,,,,,,,,,,,,,,,,,,,,
20,measured,3,telemetry,lustre,64,1000000,20260817,1000,True,6.766858173999935,147779.06885092778,240.80736155388877,17.23063999088481,1449.5560033014044,4963.9358006743705,1000000,1000000,1000,0.07766220404300839,6.863021429046057,145708.4187101245,64000,100,64000,6400000,1.5908998879604042,40228.80414056129,1.418965398988803,1.4139519771561027,1.5552055381704122,1.6335851652547717,,trial-0020.json,8.097672000000001,3.2172259999999993,20401,0,37309,14799,11.314898000000001,1.6721050905832253,27136,64,241973704,375004480,59208,138759,0,376717312,0,20.061628,13.074988999999999,2618,0,255818,466441,33.13661700000001,20.828851174590532,24904,64,1745729728,0,426330,0,0,0,0,sqlite-shifter-telemetry,20260930T195743Z-01b1b069,sqlite-shifter,nid005415,59132737,3.11.15,3.46.1,2026-09-30T20:02:45.015461+00:00,automatic_during_commits_plus_final_truncate,warm_after_write_checkpoint_and_validation,shifter,sqlite,3.46.1,366e975effc41801a615a88b44c609e98932ed1247531b4d1a777c4b70f3e6ac,,,,,,,,,,,,,,,,,,,,,,,,,,,,,,,,,,,,,,,
21,measured,3,telemetry,tmpfs,1,1000000,20260817,1000,True,6.808206991991028,146881.55063093267,5.034436293877661,4.905111039988697,5.176703532924873,7.62868964462541,1000000,1000000,1000,0.0019101171055808663,6.820273398072459,146621.68825704543,64000,100,64000,6400000,11.203156942036003,5712.675483448951,0.08767422886012355,0.08746806997805834,0.09079510346055031,0.09542296291328967,,trial-0021.json,6.625821999999999,0.181913,9676,0,0,13,6.807734999999999,0.9999306730844723,26188,1,151507087,345078472,36992,131005,0,0,0,10.660487,0.54214,1900,0,0,15,11.202627,0.9999526970800512,25184,1,1711259747,0,417790,0,0,0,0,sqlite-shifter-telemetry,20260930T195743Z-01b1b069,sqlite-shifter,nid005415,59132737,3.11.15,3.46.1,2026-09-30T20:02:54.769053+00:00,automatic_during_commits_plus_final_truncate,warm_after_write_checkpoint_and_validation,shifter,sqlite,3.46.1,366e975effc41801a615a88b44c609e98932ed1247531b4d1a777c4b70f3e6ac,,,,,,,,,,,,,,,,,,,,,,,,,,,,,,,,,,,,,,,
22,measured,3,telemetry,tmpfs,16,1000000,20260817,1000,True,4.7195216960972175,211885.8783564751,41.822635688004084,6.225196993909776,59.06851026811636,738.0445905704964,1000000,1000000,1000,0.0037676820065826178,4.733633037074469,211254.22950360994,64000,100,64000,6400000,0.8569060650188476,74687.29959169134,0.10736676427222847,0.10731595102697611,0.11909997556358576,0.12528093182481825,,trial-0022.json,6.925621,0.29700000000000004,4713,0,1876,19,7.2226209999999975,1.5303713946209219,25824,16,213567728,359087768,52188,134636,0,0,0,11.782870999999997,1.2414200000000002,668,0,0,73,13.024291000000002,15.199205060724518,27016,16,1734239792,0,423430,0,0,0,0,sqlite-shifter-telemetry,20260930T195743Z-01b1b069,sqlite-shifter,nid005415,59132737,3.11.15,3.46.1,2026-09-30T20:03:13.579048+00:00,automatic_during_commits_plus_final_truncate,warm_after_write_checkpoint_and_validation,shifter,sqlite,3.46.1,366e975effc41801a615a88b44c609e98932ed1247531b4d1a777c4b70f3e6ac,,,,,,,,,,,,,,,,,,,,,,,,,,,,,,,,,,,,,,,
23,measured,3,telemetry,tmpfs,64,1000000,20260817,1000,True,6.725056573050097,148697.63386190488,194.34821914334316,5.268510489258915,835.872920206748,5244.53899126849,1000000,1000000,1000,0.0028805549954995513,6.740213298005983,148363.25733131307,64000,100,64000,6400000,0.7637050319463015,83801.98810121241,0.5883277594220999,0.6000050343573093,0.6938950391486287,0.7389627711381764,,trial-0023.json,7.106708999999997,0.404231,23448,0,3121,47,7.5109400000000015,1.116859006078736,27364,64,212303908,363468432,52001,135959,0,0,0,14.904131000000005,30.272143999999983,2490,0,0,140,45.17627499999999,59.15408843761092,24852,64,1744017600,0,425912,0,0,0,0,sqlite-shifter-telemetry,20260930T195743Z-01b1b069,sqlite-shifter,nid005415,59132737,3.11.15,3.46.1,2026-09-30T20:03:20.049253+00:00,automatic_during_commits_plus_final_truncate,warm_after_write_checkpoint_and_validation,shifter,sqlite,3.46.1,366e975effc41801a615a88b44c609e98932ed1247531b4d1a777c4b70f3e6ac,,,,,,,,,,,,,,,,,,,,,,,,,,,,,,,,,,,,,,,
24,measured,3,telemetry,lustre,16,1000000,20260817,1000,True,6.498274863930419,153886.99630891878,72.17079318664037,17.55631749983877,197.50408370164223,1150.039065850433,1000000,1000000,1000,0.07851861196104437,6.5949068809859455,151632.16373579775,64000,100,64000,6400000,2.3435210750903934,27309.33409571809,0.4213083475933672,0.401423079892993,0.5727834417484701,0.6696184154134245,,trial-0024.json,8.207763,2.846383,5871,0,28578,27469,11.054146,1.701089324700249,24432,16,235193992,375205616,57454,138673,0,377270272,0,17.073032999999995,10.583507,15553,0,142297,544301,27.65654,11.801276418618613,23228,16,1737299504,0,424177,0,0,0,0,sqlite-shifter-telemetry,20260930T195743Z-01b1b069,sqlite-shifter,nid005415,59132737,3.11.15,3.46.1,2026-09-30T20:03:28.667701+00:00,automatic_during_commits_plus_final_truncate,warm_after_write_checkpoint_and_validation,shifter,sqlite,3.46.1,366e975effc41801a615a88b44c609e98932ed1247531b4d1a777c4b70f3e6ac,,,,,,,,,,,,,,,,,,,,,,,,,,,,,,,,,,,,,,,
25,measured,4,telemetry,tmpfs,1,1000000,20260818,1000,True,6.883278740104288,145279.60260764466,5.073109499993734,4.939162055961788,5.26100008864887,7.950448828050867,1000000,1000000,1000,0.001912250998429954,6.89563802909106,145019.21298380764,64000,100,64000,6400000,11.219634838984348,5704.285470826747,0.08733803217728564,0.08710694964975119,0.09053536923602226,0.0958549790084362,,trial-0025.json,6.68801,0.194691,9619,0,0,14,6.882701,0.9999160661472386,28972,1,151502991,345082616,36991,131008,0,0,0,10.622812999999999,0.5961069999999999,2325,0,0,29,11.218919999999999,0.9999362867869938,25000,1,1710911587,0,417705,0,0,0,0,sqlite-shifter-telemetry,20260930T195743Z-01b1b069,sqlite-shifter,nid005415,59132737,3.11.15,3.46.1,2026-09-30T20:03:38.632125+00:00,automatic_during_commits_plus_final_truncate,warm_after_write_checkpoint_and_validation,shifter,sqlite,3.46.1,366e975effc41801a615a88b44c609e98932ed1247531b4d1a777c4b70f3e6ac,,,,,,,,,,,,,,,,,,,,,,,,,,,,,,,,,,,,,,,
26,measured,4,telemetry,lustre,16,1000000,20260818,1000,True,6.591820050030947,151703.1703550987,74.68955167254899,16.376280458644032,196.15049093845298,1446.0800338769322,1000000,1000000,1000,0.09266293805558234,6.700446364004165,149243.78849924906,64000,100,64000,6400000,2.33447167603299,27415.1966190296,0.42155134832137264,0.4025649977847934,0.5714104394428432,0.6610120029654354,,trial-0026.json,8.055599999999998,2.9725680000000008,5702,0,29127,22117,11.028167999999997,1.6730080488086478,25124,16,238302856,377830200,58213,139444,0,379887616,0,17.332833,10.29813,16467,0,142375,546987,27.630962999999998,11.83606692840831,23812,16,1735534128,0,423746,0,0,0,0,sqlite-shifter-telemetry,20260930T195743Z-01b1b069,sqlite-shifter,nid005415,59132737,3.11.15,3.46.1,2026-09-30T20:03:57.538734+00:00,automatic_during_commits_plus_final_truncate,warm_after_write_checkpoint_and_validation,shifter,sqlite,3.46.1,366e975effc41801a615a88b44c609e98932ed1247531b4d1a777c4b70f3e6ac,,,,,,,,,,,,,,,,,,,,,,,,,,,,,,,,,,,,,,,
27,measured,4,telemetry,lustre,64,1000000,20260818,1000,True,6.966041993000545,143553.54173931145,246.00918413966428,19.166997459251434,1544.1005871631203,4466.76897650817,1000000,1000000,1000,0.08019512007012963,7.060446202987805,141634.10799402805,64000,100,64000,6400000,1.6380304150516167,39071.31357996382,1.4407460135626025,1.4363244408741593,1.5915939584374428,1.6735624766442925,,trial-0027.json,8.196226,3.1561310000000002,21054,0,38024,15623,11.352357,1.6296710544390645,26224,64,240704032,372472448,58900,138111,0,373354496,0,22.143045999999988,13.483438000000001,2657,0,255987,716603,35.62648399999999,21.749586376805677,24272,64,1742911680,0,425642,0,0,0,0,sqlite-shifter-telemetry,20260930T195743Z-01b1b069,sqlite-shifter,nid005415,59132737,3.11.15,3.46.1,2026-09-30T20:04:07.635448+00:00,automatic_during_commits_plus_final_truncate,warm_after_write_checkpoint_and_validation,shifter,sqlite,3.46.1,366e975effc41801a615a88b44c609e98932ed1247531b4d1a777c4b70f3e6ac,,,,,,,,,,,,,,,,,,,,,,,,,,,,,,,,,,,,,,,
28,measured,4,telemetry,lustre,1,1000000,20260818,1000,True,10.128092154976912,98735.27853995713,8.096116336528212,6.825561984442174,8.331632969202472,34.519080803729594,1000000,1000000,1000,0.018531268928200006,10.163413069909438,98392.14377310658,64000,100,64000,6400000,23.987585493014194,2668.046770219473,0.26989703728941095,0.2682559425011277,0.2847685536835343,0.3014303022064269,,trial-0028.json,7.50749,1.7835539999999999,11284,0,7114,1805,9.291044,0.9173538172669974,20480,1,151502991,345082616,36991,131008,0,345436160,0,13.490506,4.993824999999999,6603,0,128047,24952,18.484330999999997,0.7705790566284011,27048,1,1710911587,0,417705,0,0,0,0,sqlite-shifter-telemetry,20260930T195743Z-01b1b069,sqlite-shifter,nid005415,59132737,3.11.15,3.46.1,2026-09-30T20:04:17.646042+00:00,automatic_during_commits_plus_final_truncate,warm_after_write_checkpoint_and_validation,shifter,sqlite,3.46.1,366e975effc41801a615a88b44c609e98932ed1247531b4d1a777c4b70f3e6ac,,,,,,,,,,,,,,,,,,,,,,,,,,,,,,,,,,,,,,,
29,measured,4,telemetry,tmpfs,64,1000000,20260818,1000,True,5.947652240050957,168133.5692874055,176.7004500044277,5.335158959496766,935.1989983813837,4742.6460381166535,1000000,1000000,1000,0.001521699014119804,5.961276604095474,167749.30378385514,64000,100,64000,6400000,0.8196592290187255,78081.22904517176,0.7029049598622805,0.7192640332505107,0.7418085355311632,0.7567262277007103,,trial-0029.json,7.0462810000000005,0.466984,21931,0,2933,21,7.513265000000002,1.263232061452139,25548,64,213786660,364166328,52363,136025,0,0,0,12.633157999999998,38.86833300000001,2894,0,0,153,51.50149099999999,62.83280804591955,24420,64,1741351104,0,425261,0,0,0,0,sqlite-shifter-telemetry,20260930T195743Z-01b1b069,sqlite-shifter,nid005415,59132737,3.11.15,3.46.1,2026-09-30T20:04:52.737197+00:00,automatic_during_commits_plus_final_truncate,warm_after_write_checkpoint_and_validation,shifter,sqlite,3.46.1,366e975effc41801a615a88b44c609e98932ed1247531b4d1a777c4b70f3e6ac,,,,,,,,,,,,,,,,,,,,,,,,,,,,,,,,,,,,,,,
30,measured,4,telemetry,tmpfs,16,1000000,20260818,1000,True,4.640794636099599,215480.33869485327,46.748562885914,6.266792013775557,110.85112289874704,1139.050772211046,1000000,1000000,1000,0.0007514259777963161,4.6521010380238295,214956.63826441547,64000,100,64000,6400000,0.8379962730687112,76372.65469646349,0.10555451259097026,0.10533200111240149,0.11601299047470093,0.12210501474328339,,trial-0030.json,6.8716159999999995,0.443055,4569,0,2134,15,7.314671000000001,1.5761677845214213,25472,16,218417392,362433840,53372,135438,0,0,0,11.639147,1.272265,693,0,0,64,12.911411999999997,15.407481411246481,24112,16,1729496624,0,422272,0,0,0,0,sqlite-shifter-telemetry,20260930T195743Z-01b1b069,sqlite-shifter,nid005415,59132737,3.11.15,3.46.1,2026-09-30T20:05:00.664046+00:00,automatic_during_commits_plus_final_truncate,warm_after_write_checkpoint_and_validation,shifter,sqlite,3.46.1,366e975effc41801a615a88b44c609e98932ed1247531b4d1a777c4b70f3e6ac,,,,,,,,,,,,,,,,,,,,,,,,,,,,,,,,,,,,,,,
31,measured,5,telemetry,tmpfs,64,1000000,20260819,1000,True,6.174467638018541,161957.28257487665,178.390126921935,5.543800536543131,841.3817959662947,4742.489042473025,1000000,1000000,1000,0.002207849989645183,6.191799978958443,161503.92509420429,64000,100,64000,6400000,0.7301380699500442,87654.65414559038,0.5525233192747692,0.5681234761141241,0.6512629333883524,0.683736139908433,,trial-0031.json,7.0121959999999985,0.567165,22500,0,3003,41,7.579361,1.2275327112139995,28192,64,214003704,363962560,52415,136018,0,0,0,14.564848000000001,28.365164999999998,2780,0,0,86,42.930013,58.79711628094843,24548,64,1742784704,0,425611,0,0,0,0,sqlite-shifter-telemetry,20260930T195743Z-01b1b069,sqlite-shifter,nid005415,59132737,3.11.15,3.46.1,2026-09-30T20:05:07.035817+00:00,automatic_during_commits_plus_final_truncate,warm_after_write_checkpoint_and_validation,shifter,sqlite,3.46.1,366e975effc41801a615a88b44c609e98932ed1247531b4d1a777c4b70f3e6ac,,,,,,,,,,,,,,,,,,,,,,,,,,,,,,,,,,,,,,,
32,measured,5,telemetry,tmpfs,1,1000000,20260819,1000,True,6.854535354999825,145888.80911826962,5.080958784441464,4.9452780513092875,5.262545088771731,7.805240759626031,1000000,1000000,1000,0.0022441500332206488,6.867199040018022,145619.77804525316,64000,100,64000,6400000,11.27955653599929,5673.9819332205725,0.08781727419955132,0.08761894423514605,0.09113503620028496,0.09651598636992276,,trial-0032.json,6.613975,0.24005300000000002,9515,0,0,10,6.854028,0.9999259825832753,23520,1,151507087,345061992,36992,130997,0,0,0,10.774464,0.504471,1309,0,0,14,11.278935,0.9999448971245185,24208,1,1711267939,0,417792,0,0,0,0,sqlite-shifter-telemetry,20260930T195743Z-01b1b069,sqlite-shifter,nid005415,59132737,3.11.15,3.46.1,2026-09-30T20:05:15.096309+00:00,automatic_during_commits_plus_final_truncate,warm_after_write_checkpoint_and_validation,shifter,sqlite,3.46.1,366e975effc41801a615a88b44c609e98932ed1247531b4d1a777c4b70f3e6ac,,,,,,,,,,,,,,,,,,,,,,,,,,,,,,,,,,,,,,,
33,measured,5,telemetry,lustre,1,1000000,20260819,1000,True,10.097503482014872,99034.38030807773,8.097072930191644,6.857780506834388,8.155591861577697,33.75558623112738,1000000,1000000,1000,0.018137008999474347,10.128435328020714,98731.9331776213,64000,100,64000,6400000,24.153602211968973,2649.7082894031314,0.27280199032429664,0.27149298693984747,0.2868820447474718,0.3041055041830988,,trial-0033.json,7.512156,1.766388,9712,0,7100,1826,9.278544,0.9188948552012328,21368,1,151507087,345061992,36992,130997,0,345415680,0,13.426489,5.102873,6428,0,128036,18864,18.529362,0.7671469388867403,21796,1,1711267939,0,417792,0,0,0,0,sqlite-shifter-telemetry,20260930T195743Z-01b1b069,sqlite-shifter,nid005415,59132737,3.11.15,3.46.1,2026-09-30T20:05:34.033510+00:00,automatic_during_commits_plus_final_truncate,warm_after_write_checkpoint_and_validation,shifter,sqlite,3.46.1,366e975effc41801a615a88b44c609e98932ed1247531b4d1a777c4b70f3e6ac,,,,,,,,,,,,,,,,,,,,,,,,,,,,,,,,,,,,,,,
34,measured,5,telemetry,lustre,16,1000000,20260819,1000,True,6.652110947994515,150328.22029245933,75.60911803599447,16.434844525065273,440.2962749067225,1243.5323110769968,1000000,1000000,1000,0.0793193990830332,6.745065663009882,148256.52557899122,64000,100,64000,6400000,2.37480319396127,26949.60161866944,0.42727112492320884,0.4079049685969949,0.5872809560969472,0.6838161440100521,,trial-0034.json,8.023299,2.7634089999999993,6264,0,28301,15470,10.786707999999999,1.6215466164544332,25940,16,233907892,374541192,57141,138466,0,376582144,0,17.44666,10.14928,16327,0,143197,518299,27.595940000000002,11.620306082698512,24320,16,1733305904,0,423202,0,0,0,0,sqlite-shifter-telemetry,20260930T195743Z-01b1b069,sqlite-shifter,nid005415,59132737,3.11.15,3.46.1,2026-09-30T20:06:09.252896+00:00,automatic_during_commits_plus_final_truncate,warm_after_write_checkpoint_and_validation,shifter,sqlite,3.46.1,366e975effc41801a615a88b44c609e98932ed1247531b4d1a777c4b70f3e6ac,,,,,,,,,,,,,,,,,,,,,,,,,,,,,,,,,,,,,,,
35,measured,5,telemetry,tmpfs,16,1000000,20260819,1000,True,4.485095110023394,222960.71219653223,45.28445049119182,6.268330034799874,114.0590527444137,1135.2027738257311,1000000,1000000,1000,0.0042228089878335595,4.499445462948643,222249.61014299424,64000,100,64000,6400000,0.8630491020157933,74155.68807211253,0.10836985413152433,0.10839907918125391,0.12087298673577607,0.12715528369881218,,trial-0035.json,7.079300000000001,0.30107699999999993,4457,0,2057,23,7.380376999999999,1.6455341121989058,26148,16,216418500,359165736,52883,134661,0,0,0,11.711517999999998,1.3476759999999999,686,0,0,42,13.059194000000002,15.131461199018808,25796,16,1730922032,0,422620,0,0,0,0,sqlite-shifter-telemetry,20260930T195743Z-01b1b069,sqlite-shifter,nid005415,59132737,3.11.15,3.46.1,2026-09-30T20:06:19.408392+00:00,automatic_during_commits_plus_final_truncate,warm_after_write_checkpoint_and_validation,shifter,sqlite,3.46.1,366e975effc41801a615a88b44c609e98932ed1247531b4d1a777c4b70f3e6ac,,,,,,,,,,,,,,,,,,,,,,,,,,,,,,,,,,,,,,,
36,measured,5,telemetry,lustre,64,1000000,20260819,1000,True,7.374602742027491,135600.52452738237,239.36088116385508,15.733264503069222,1254.9077891977502,5478.198287331033,1000000,1000000,1000,0.05097727396059781,7.43964967795182,134414.9312518847,64000,100,64000,6400000,1.578242462943308,40551.43712243341,1.4107313791791967,1.4066370204091072,1.539754931582138,1.6128578048665083,,trial-0036.json,8.070886,3.193107999999999,20830,1,35400,23734,11.263994000000002,1.527403494673288,25952,64,238054096,374931064,58257,138729,0,376258560,0,19.265147000000002,13.399193999999996,2529,0,255851,403136,32.66434099999999,20.696655784487866,24620,64,1742219456,0,425473,0,0,0,0,sqlite-shifter-telemetry,20260930T195743Z-01b1b069,sqlite-shifter,nid005415,59132737,3.11.15,3.46.1,2026-09-30T20:06:25.688388+00:00,automatic_during_commits_plus_final_truncate,warm_after_write_checkpoint_and_validation,shifter,sqlite,3.46.1,366e975effc41801a615a88b44c609e98932ed1247531b4d1a777c4b70f3e6ac,,,,,,,,,,,,,,,,,,,,,,,,,,,,,,,,,,,,,,,
1,warmup,1,metadata,tmpfs,16,1000000,20260813,1000,True,1.5171412099152803,659134.4256319038,20.95997390791308,20.142641966231167,30.06725215818732,33.08835391304456,1000000,1000000,1000,0.04984707396943122,1.6297241989523172,613600.7556633564,64000,100,64000,6400000,0.9034534440143034,70839.28942218605,0.18091425210695888,0.17980352276936173,0.22602803073823452,0.2711264451500029,,trial-0001.json,9.578437000000001,3.096863,12524,12,4824,89,12.6753,8.35472658521207,31688,16,1584,0,32,0,49152,0,0,6.995812999999999,0.631687,1217,5,64033,36,7.627499999999999,8.442604376058188,32836,16,1584,0,32,0,0,0,0,postgres-metadata,20260930T220312Z-97eed23f,postgres,nid004148,59136228,3.11.7,16.12 (Debian 16.12-1.pgdg13+1),2026-09-30T22:03:12.752814+00:00,postgresql_automatic_plus_explicit_final_checkpoint,warm_after_write_checkpoint_and_validation,native,postgresql,,,native,shifter,e4842c8a99ca99339e1693e6fe5fe62c7becb31991f066f989047dfb2fbf47af,16.12 (Debian 16.12-1.pgdg13+1),3.3.6,180006,client_processes_only,not_collected,,,,,,,,,,,,,,,,,,,,,,,,,,,,,,,
2,warmup,1,metadata,tmpfs,1,1000000,20260813,1000,True,9.441066168015823,105920.2405961068,8.656298189773224,8.545900520402938,8.915097406134008,13.65808445145376,1000000,1000000,1000,0.04128249699715525,9.542068121954799,104799.08414184942,64000,100,64000,6400000,10.583883470972069,6046.9297659530985,0.14855627293945872,0.13851793482899666,0.17381703946739435,0.1809410587884486,,trial-0002.json,6.857515,2.3920820000000003,3176,0,2997,13,9.249597000000001,0.9797195396570278,30976,1,102,0,2,0,0,0,0,6.012233,0.578213,2345,0,64003,9,6.590446,0.6226869388797897,30276,1,99,0,2,0,0,0,0,postgres-metadata,20260930T220312Z-97eed23f,postgres,nid004148,59136228,3.11.7,16.12 (Debian 16.12-1.pgdg13+1),2026-09-30T22:03:23.359349+00:00,postgresql_automatic_plus_explicit_final_checkpoint,warm_after_write_checkpoint_and_validation,native,postgresql,,,native,shifter,e4842c8a99ca99339e1693e6fe5fe62c7becb31991f066f989047dfb2fbf47af,16.12 (Debian 16.12-1.pgdg13+1),3.3.6,180006,client_processes_only,not_collected,,,,,,,,,,,,,,,,,,,,,,,,,,,,,,,
3,warmup,1,metadata,lustre,16,1000000,20260813,1000,True,2.3499029419617727,425549.4906377574,34.51544893125538,31.49486891925335,58.69414040353146,64.74855481646955,1000000,1000000,1000,0.42470008798409253,2.8385045249015093,352298.1877348595,64000,100,64000,6400000,1.061034776037559,60318.47536516042,0.1922814228473726,0.1792380353435874,0.25651863543316733,0.30146541772410285,,trial-0003.json,9.584743,3.3325829999999996,22166,2,5359,22573,12.917326,5.49696149970186,32692,16,1587,0,32,0,0,0,0,6.891263,0.716667,1220,1,64033,16,7.6079300000000005,7.170292785701014,32692,16,1584,0,32,0,0,0,0,postgres-metadata,20260930T220312Z-97eed23f,postgres,nid004148,59136228,3.11.7,16.12 (Debian 16.12-1.pgdg13+1),2026-09-30T22:03:47.192556+00:00,postgresql_automatic_plus_explicit_final_checkpoint,warm_after_write_checkpoint_and_validation,native,postgresql,,,native,shifter,e4842c8a99ca99339e1693e6fe5fe62c7becb31991f066f989047dfb2fbf47af,16.12 (Debian 16.12-1.pgdg13+1),3.3.6,180006,client_processes_only,not_collected,,,,,,,,,,,,,,,,,,,,,,,,,,,,,,,
4,warmup,1,metadata,lustre,1,1000000,20260813,1000,True,12.907160443020985,77476.3747932419,12.040456671616994,11.55064650811255,12.525315029779449,37.33397135394625,1000000,1000000,1000,0.38661288598086685,13.354265443980694,74882.44143377728,64000,100,64000,6400000,10.49308727600146,6099.253567286453,0.148012575094981,0.14722603373229504,0.1533469243440777,0.1623752422165126,,trial-0004.json,7.8251029999999995,2.678207,4903,0,3220,4795,10.503309999999999,0.8137583821296055,32692,1,102,0,2,0,0,0,0,5.726202,0.46577999999999997,3099,0,64002,17,6.191981999999999,0.5901010672198985,32692,1,99,0,2,0,0,0,0,postgres-metadata,20260930T220312Z-97eed23f,postgres,nid004148,59136228,3.11.7,16.12 (Debian 16.12-1.pgdg13+1),2026-09-30T22:03:57.542083+00:00,postgresql_automatic_plus_explicit_final_checkpoint,warm_after_write_checkpoint_and_validation,native,postgresql,,,native,shifter,e4842c8a99ca99339e1693e6fe5fe62c7becb31991f066f989047dfb2fbf47af,16.12 (Debian 16.12-1.pgdg13+1),3.3.6,180006,client_processes_only,not_collected,,,,,,,,,,,,,,,,,,,,,,,,,,,,,,,
5,warmup,1,metadata,lustre,64,1000000,20260813,1000,True,1.9704894290771335,507488.1322597827,112.28012322285213,110.8206560020335,176.60878915921776,458.646979565965,1000000,1000000,1000,0.41611732402816415,2.4449367580236867,409008.53435911733,64000,100,64000,6400000,0.3133526199962944,204242.74735841318,0.25985542952003016,0.2525794552639127,0.33070300123654317,0.46019712579436683,,trial-0005.json,10.722627999999998,3.293274999999999,11953,4,6035,19880,14.015903,7.1129044354042845,32692,64,6339,0,128,0,0,0,0,8.555100999999995,0.9797709999999996,3334,9,64133,59,9.534872000000002,30.428569577981378,32692,64,6336,0,128,0,0,0,0,postgres-metadata,20260930T220312Z-97eed23f,postgres,nid004148,59136228,3.11.7,16.12 (Debian 16.12-1.pgdg13+1),2026-09-30T22:04:27.440691+00:00,postgresql_automatic_plus_explicit_final_checkpoint,warm_after_write_checkpoint_and_validation,native,postgresql,,,native,shifter,e4842c8a99ca99339e1693e6fe5fe62c7becb31991f066f989047dfb2fbf47af,16.12 (Debian 16.12-1.pgdg13+1),3.3.6,180006,client_processes_only,not_collected,,,,,,,,,,,,,,,,,,,,,,,,,,,,,,,
6,warmup,1,metadata,tmpfs,64,1000000,20260813,1000,True,1.6195703679695725,617447.7008082599,96.2940617192071,100.11695901630446,136.5021965582855,144.1732534498442,1000000,1000000,1000,0.05351962603162974,1.7826920880470425,560949.3679278682,64000,100,64000,6400000,0.3015625970438123,212227.91097896604,0.2497202227696107,0.24239008780568838,0.31577401096001273,0.4228200833313167,,trial-0006.json,10.420235000000003,3.0723929999999986,11941,6,5990,198,13.492627999999993,8.330992136461145,32692,64,6339,0,128,0,0,0,0,9.563151000000001,0.9517,3344,9,62014,2174,10.514851000000004,34.86788846851707,32692,64,6336,0,128,0,0,0,0,postgres-metadata,20260930T220312Z-97eed23f,postgres,nid004148,59136228,3.11.7,16.12 (Debian 16.12-1.pgdg13+1),2026-09-30T22:04:38.147615+00:00,postgresql_automatic_plus_explicit_final_checkpoint,warm_after_write_checkpoint_and_validation,native,postgresql,,,native,shifter,e4842c8a99ca99339e1693e6fe5fe62c7becb31991f066f989047dfb2fbf47af,16.12 (Debian 16.12-1.pgdg13+1),3.3.6,180006,client_processes_only,not_collected,,,,,,,,,,,,,,,,,,,,,,,,,,,,,,,
7,measured,1,metadata,lustre,16,1000000,20260815,1000,True,2.2501971640158445,444405.50187848276,33.415935611817986,28.707230056170374,55.974347138544545,107.77820252464151,1000000,1000000,1000,0.40242576296441257,2.7216878699837252,367419.0604398658,64000,100,64000,6400000,0.8583076000213623,74565.3423066592,0.1790302124009031,0.174278044141829,0.21211104467511177,0.23497511399909857,,trial-0007.json,10.320604999999999,3.2745219999999997,26622,5,5029,25562,13.595126999999996,6.041749237536711,32692,16,1587,0,32,0,0,0,0,6.322237999999999,0.704296,1215,6,64036,28,7.026534000000001,8.1864986396778,32692,16,1584,0,32,0,0,0,0,postgres-metadata,20260930T220312Z-97eed23f,postgres,nid004148,59136228,3.11.7,16.12 (Debian 16.12-1.pgdg13+1),2026-09-30T22:04:45.573193+00:00,postgresql_automatic_plus_explicit_final_checkpoint,warm_after_write_checkpoint_and_validation,native,postgresql,,,native,shifter,e4842c8a99ca99339e1693e6fe5fe62c7becb31991f066f989047dfb2fbf47af,16.12 (Debian 16.12-1.pgdg13+1),3.3.6,180006,client_processes_only,not_collected,,,,,,,,,,,,,,,,,,,,,,,,,,,,,,,
8,measured,1,metadata,lustre,64,1000000,20260815,1000,True,1.982909583952278,504309.42897902033,112.60376851132605,108.39631000999361,173.57500617508776,451.5693895332515,1000000,1000000,1000,0.41404297098051757,2.469569014967419,404928.9547849275,64000,100,64000,6400000,0.32440072600729764,197286.8581020385,0.27265069419081556,0.26385101955384016,0.339288532268256,0.4774373362306506,,trial-0008.json,10.611051999999999,3.116729999999999,11998,9,6022,19905,13.727781999999994,6.92304990156847,32692,64,6339,0,128,0,0,0,0,9.303460999999999,1.0610939999999998,3351,1,64114,91,10.364554999999998,31.949851430871455,32692,64,6336,0,128,0,0,0,0,postgres-metadata,20260930T220312Z-97eed23f,postgres,nid004148,59136228,3.11.7,16.12 (Debian 16.12-1.pgdg13+1),2026-09-30T22:04:55.644356+00:00,postgresql_automatic_plus_explicit_final_checkpoint,warm_after_write_checkpoint_and_validation,native,postgresql,,,native,shifter,e4842c8a99ca99339e1693e6fe5fe62c7becb31991f066f989047dfb2fbf47af,16.12 (Debian 16.12-1.pgdg13+1),3.3.6,180006,client_processes_only,not_collected,,,,,,,,,,,,,,,,,,,,,,,,,,,,,,,
9,measured,1,metadata,tmpfs,64,1000000,20260815,1000,True,1.6728166040265933,597794.1620097063,101.58574131154455,103.957075974904,139.16581193916497,146.19032202288508,1000000,1000000,1000,0.054164426983334124,1.8192420559935272,549679.464975802,64000,100,64000,6400000,0.2945298800477758,217295.44041378258,0.24801134199515218,0.2407970605418086,0.3088189987465739,0.412390590645373,,trial-0009.json,10.487039,3.190363999999999,11928,5,5997,75,13.677403,8.176271664854044,32692,64,6339,0,128,0,0,0,0,9.233025999999999,1.133349,3355,6,64132,71,10.366375000000003,35.196344079991036,32692,64,6336,0,128,0,0,0,0,postgres-metadata,20260930T220312Z-97eed23f,postgres,nid004148,59136228,3.11.7,16.12 (Debian 16.12-1.pgdg13+1),2026-09-30T22:05:06.224932+00:00,postgresql_automatic_plus_explicit_final_checkpoint,warm_after_write_checkpoint_and_validation,native,postgresql,,,native,shifter,e4842c8a99ca99339e1693e6fe5fe62c7becb31991f066f989047dfb2fbf47af,16.12 (Debian 16.12-1.pgdg13+1),3.3.6,180006,client_processes_only,not_collected,,,,,,,,,,,,,,,,,,,,,,,,,,,,,,,
10,measured,1,metadata,lustre,1,1000000,20260815,1000,True,13.06259425508324,76554.4715293331,12.191000479273498,11.59086701227352,12.822027184301986,39.46230612462386,1000000,1000000,1000,0.3745736520504579,13.501629492035136,74065.1341817607,64000,100,64000,6400000,10.400819219066761,6153.361447017109,0.14694727415189845,0.1463040243834257,0.1523359736893326,0.1580669777467847,,trial-0010.json,7.979872,2.646506,5495,0,3239,4522,10.626378,0.8134967520609316,34972,1,102,0,2,0,0,0,0,5.56053,0.585403,2635,0,64003,8,6.145933,0.5909085496585968,34228,1,99,0,2,0,0,0,0,postgres-metadata,20260930T220312Z-97eed23f,postgres,nid004148,59136228,3.11.7,16.12 (Debian 16.12-1.pgdg13+1),2026-09-30T22:05:13.718410+00:00,postgresql_automatic_plus_explicit_final_checkpoint,warm_after_write_checkpoint_and_validation,native,postgresql,,,native,shifter,e4842c8a99ca99339e1693e6fe5fe62c7becb31991f066f989047dfb2fbf47af,16.12 (Debian 16.12-1.pgdg13+1),3.3.6,180006,client_processes_only,not_collected,,,,,,,,,,,,,,,,,,,,,,,,,,,,,,,
11,measured,1,metadata,tmpfs,1,1000000,20260815,1000,True,9.398461313918233,106400.39540505364,8.61972878256347,8.489747997373343,9.034975891700014,13.493399524595588,1000000,1000000,1000,0.04129889700561762,9.497892341925763,105286.51662914545,64000,100,64000,6400000,9.780733224004507,6543.476704070311,0.13709169795947673,0.13647391460835934,0.14222599565982819,0.1478672015946359,,trial-0011.json,6.824069,2.3847669999999996,3493,0,2996,54,9.208836,0.9798237916202925,32692,1,102,0,2,0,0,0,0,5.714205,0.5043979999999999,2367,0,64003,6,6.218603,0.6358013103494023,34224,1,99,0,2,0,0,0,0,postgres-metadata,20260930T220312Z-97eed23f,postgres,nid004148,59136228,3.11.7,16.12 (Debian 16.12-1.pgdg13+1),2026-09-30T22:05:43.791308+00:00,postgresql_automatic_plus_explicit_final_checkpoint,warm_after_write_checkpoint_and_validation,native,postgresql,,,native,shifter,e4842c8a99ca99339e1693e6fe5fe62c7becb31991f066f989047dfb2fbf47af,16.12 (Debian 16.12-1.pgdg13+1),3.3.6,180006,client_processes_only,not_collected,,,,,,,,,,,,,,,,,,,,,,,,,,,,,,,
12,measured,1,metadata,tmpfs,16,1000000,20260815,1000,True,1.6953382429201156,589852.7943766323,25.08249069948215,25.72033746400848,29.912229860201478,33.654246614314616,1000000,1000000,1000,0.06163029407616705,1.823097191983834,548517.1083565946,64000,100,64000,6400000,1.0009156710002571,63941.45066790903,0.18676265699104988,0.16494450392201543,0.2575199585407973,0.2830891008488834,,trial-0012.json,9.019404999999999,2.7736369999999995,7570,1,5504,210,11.793042,6.956158777900988,34740,16,1587,0,32,0,0,0,0,7.3327729999999995,0.6081079999999999,1216,3,64033,40,7.940880999999998,7.933616417519312,34740,16,1584,0,32,0,0,0,0,postgres-metadata,20260930T220312Z-97eed23f,postgres,nid004148,59136228,3.11.7,16.12 (Debian 16.12-1.pgdg13+1),2026-09-30T22:06:06.820830+00:00,postgresql_automatic_plus_explicit_final_checkpoint,warm_after_write_checkpoint_and_validation,native,postgresql,,,native,shifter,e4842c8a99ca99339e1693e6fe5fe62c7becb31991f066f989047dfb2fbf47af,16.12 (Debian 16.12-1.pgdg13+1),3.3.6,180006,client_processes_only,not_collected,,,,,,,,,,,,,,,,,,,,,,,,,,,,,,,
13,measured,2,metadata,tmpfs,1,1000000,20260816,1000,True,9.396168363047764,106426.36033776193,8.607529730536044,8.461682067718357,9.104878042126074,13.47907465766184,1000000,1000000,1000,0.04153456701897085,9.493679972016253,105333.2325239126,64000,100,64000,6400000,9.843329775962047,6501.864862466715,0.1378962027210946,0.13735599350184202,0.14262693584896624,0.14833720051683488,,trial-0013.json,6.880372,2.3283560000000003,4722,0,2993,42,9.208728,0.9800514043804378,34740,1,102,0,2,0,0,0,0,5.728165,0.468835,2333,0,64001,7,6.197,0.6295633836360349,34740,1,99,0,2,0,0,0,0,postgres-metadata,20260930T220312Z-97eed23f,postgres,nid004148,59136228,3.11.7,16.12 (Debian 16.12-1.pgdg13+1),2026-09-30T22:06:13.722952+00:00,postgresql_automatic_plus_explicit_final_checkpoint,warm_after_write_checkpoint_and_validation,native,postgresql,,,native,shifter,e4842c8a99ca99339e1693e6fe5fe62c7becb31991f066f989047dfb2fbf47af,16.12 (Debian 16.12-1.pgdg13+1),3.3.6,180006,client_processes_only,not_collected,,,,,,,,,,,,,,,,,,,,,,,,,,,,,,,
14,measured,2,metadata,tmpfs,64,1000000,20260816,1000,True,1.7486502210376784,571869.6557888994,106.7321295303991,108.66194550180808,130.12071285047568,134.72880799788982,1000000,1000000,1000,0.05518034507986158,1.9171273200772703,521613.7653078225,64000,100,64000,6400000,0.3104535980382934,206149.97025128957,0.25468616481884965,0.24673901498317719,0.3215730423107743,0.4292635794263334,,trial-0014.json,10.566548,3.197738,11895,3,5999,185,13.764286,7.871377496999967,34740,64,6339,0,128,0,0,0,0,9.763577,0.9580369999999996,3361,3,57728,6488,10.721613999999997,34.535318861653266,34740,64,6336,0,128,0,0,0,0,postgres-metadata,20260930T220312Z-97eed23f,postgres,nid004148,59136228,3.11.7,16.12 (Debian 16.12-1.pgdg13+1),2026-09-30T22:06:36.842495+00:00,postgresql_automatic_plus_explicit_final_checkpoint,warm_after_write_checkpoint_and_validation,native,postgresql,,,native,shifter,e4842c8a99ca99339e1693e6fe5fe62c7becb31991f066f989047dfb2fbf47af,16.12 (Debian 16.12-1.pgdg13+1),3.3.6,180006,client_processes_only,not_collected,,,,,,,,,,,,,,,,,,,,,,,,,,,,,,,
15,measured,2,metadata,tmpfs,16,1000000,20260816,1000,True,1.625234905979596,615295.669764894,23.014905032119714,23.347690468654037,29.70800440525636,34.05346178566106,1000000,1000000,1000,0.055280769942328334,1.7420581079786643,574033.6647899275,64000,100,64000,6400000,0.9310083700111136,68742.66876809714,0.17811824461932702,0.16476900782436132,0.23194996756501496,0.2743921615183354,,trial-0015.json,8.953788,2.778261,7524,4,5264,113,11.732049,7.218678947169554,34740,16,1587,0,32,0,0,0,0,6.8658529999999995,0.674175,1225,3,64035,47,7.540028,8.09877573915903,35408,16,1584,0,32,0,0,0,0,postgres-metadata,20260930T220312Z-97eed23f,postgres,nid004148,59136228,3.11.7,16.12 (Debian 16.12-1.pgdg13+1),2026-09-30T22:06:45.267842+00:00,postgresql_automatic_plus_explicit_final_checkpoint,warm_after_write_checkpoint_and_validation,native,postgresql,,,native,shifter,e4842c8a99ca99339e1693e6fe5fe62c7becb31991f066f989047dfb2fbf47af,16.12 (Debian 16.12-1.pgdg13+1),3.3.6,180006,client_processes_only,not_collected,,,,,,,,,,,,,,,,,,,,,,,,,,,,,,,
16,measured,2,metadata,lustre,16,1000000,20260816,1000,True,2.25484997802414,443488.4847089788,33.088358649984,30.39913548855111,55.07630503270775,62.670753640122705,1000000,1000000,1000,0.4121148780686781,2.7306726780952886,366210.1313063727,64000,100,64000,6400000,0.9604499929118901,66635.43180000964,0.19226656914725027,0.1767229987308383,0.24769150768406692,0.2818579773884269,,trial-0016.json,9.719363000000001,3.271153,22147,1,5268,19302,12.990515999999998,5.761144256427744,34740,16,1587,0,32,0,0,0,0,7.075603,0.7145080000000001,1229,3,64034,18,7.7901110000000005,8.110897035234451,34740,16,1584,0,32,0,0,0,0,postgres-metadata,20260930T220312Z-97eed23f,postgres,nid004148,59136228,3.11.7,16.12 (Debian 16.12-1.pgdg13+1),2026-09-30T22:06:52.021999+00:00,postgresql_automatic_plus_explicit_final_checkpoint,warm_after_write_checkpoint_and_validation,native,postgresql,,,native,shifter,e4842c8a99ca99339e1693e6fe5fe62c7becb31991f066f989047dfb2fbf47af,16.12 (Debian 16.12-1.pgdg13+1),3.3.6,180006,client_processes_only,not_collected,,,,,,,,,,,,,,,,,,,,,,,,,,,,,,,
17,measured,2,metadata,lustre,1,1000000,20260816,1000,True,13.107957223895937,76289.5379439437,12.228616914944723,11.54206192586571,13.37398428004235,41.68203167500906,1000000,1000000,1000,0.37498520698864013,13.545352975954302,73826.05693444822,64000,100,64000,6400000,10.582490268046968,6047.725854588611,0.14929531609232072,0.14847808051854372,0.15529110096395016,0.16263519879430535,,trial-0017.json,7.791277,2.829295,3977,0,3184,6642,10.620572,0.810238530580386,35180,1,102,0,2,0,0,0,0,5.566266,0.695537,2689,0,64003,10,6.261803,0.5917135609287582,34740,1,99,0,2,0,0,0,0,postgres-metadata,20260930T220312Z-97eed23f,postgres,nid004148,59136228,3.11.7,16.12 (Debian 16.12-1.pgdg13+1),2026-09-30T22:07:02.096969+00:00,postgresql_automatic_plus_explicit_final_checkpoint,warm_after_write_checkpoint_and_validation,native,postgresql,,,native,shifter,e4842c8a99ca99339e1693e6fe5fe62c7becb31991f066f989047dfb2fbf47af,16.12 (Debian 16.12-1.pgdg13+1),3.3.6,180006,client_processes_only,not_collected,,,,,,,,,,,,,,,,,,,,,,,,,,,,,,,
18,measured,2,metadata,lustre,64,1000000,20260816,1000,True,1.974266874953173,506517.13437866326,114.42601269087754,113.51747694425285,192.50187494908457,412.1812948677689,1000000,1000000,1000,0.41345208103302866,2.556456540012732,391166.4385247166,64000,100,64000,6400000,0.3142542380373925,203656.7602069531,0.2635763343550934,0.25723897852003574,0.3305020043626428,0.4528523446060726,,trial-0018.json,10.470246,3.4066029999999983,11949,6,6017,21722,13.876849000000002,7.02886178968542,34740,64,6339,0,128,0,0,0,0,8.974457999999998,0.9592609999999998,3348,7,64130,119,9.933719,31.610453567910216,34740,64,6336,0,128,0,0,0,0,postgres-metadata,20260930T220312Z-97eed23f,postgres,nid004148,59136228,3.11.7,16.12 (Debian 16.12-1.pgdg13+1),2026-09-30T22:07:32.431221+00:00,postgresql_automatic_plus_explicit_final_checkpoint,warm_after_write_checkpoint_and_validation,native,postgresql,,,native,shifter,e4842c8a99ca99339e1693e6fe5fe62c7becb31991f066f989047dfb2fbf47af,16.12 (Debian 16.12-1.pgdg13+1),3.3.6,180006,client_processes_only,not_collected,,,,,,,,,,,,,,,,,,,,,,,,,,,,,,,
19,measured,3,metadata,lustre,1,1000000,20260817,1000,True,13.106875676079653,76295.83317289129,12.252794239087962,11.758176027797163,12.595581181813031,39.63248391868546,1000000,1000000,1000,0.3698716309154406,13.539666589000262,73857.06238973478,64000,100,64000,6400000,10.462398336967453,6117.144266421663,0.14762399508617818,0.14690507669001818,0.1527660060673952,0.1590491563547403,,trial-0019.json,8.010228999999999,2.6380369999999997,3329,0,3241,4606,10.648266,0.8124183263165704,34740,1,102,0,2,0,0,0,0,5.717314,0.49147,2715,0,64003,13,6.208784,0.593437928860165,34740,1,99,0,2,0,0,0,0,postgres-metadata,20260930T220312Z-97eed23f,postgres,nid004148,59136228,3.11.7,16.12 (Debian 16.12-1.pgdg13+1),2026-09-30T22:07:43.809364+00:00,postgresql_automatic_plus_explicit_final_checkpoint,warm_after_write_checkpoint_and_validation,native,postgresql,,,native,shifter,e4842c8a99ca99339e1693e6fe5fe62c7becb31991f066f989047dfb2fbf47af,16.12 (Debian 16.12-1.pgdg13+1),3.3.6,180006,client_processes_only,not_collected,,,,,,,,,,,,,,,,,,,,,,,,,,,,,,,
20,measured,3,metadata,lustre,64,1000000,20260817,1000,True,1.9880994689883664,502992.9415497729,113.18749934853986,106.62256146315485,282.0042192994151,405.2316315250937,1000000,1000000,1000,0.44428568391595036,2.515666820923798,397508.9195765527,64000,100,64000,6400000,0.3210971080698073,199316.65029535626,0.2692753162846202,0.26277999859303236,0.3423941088840366,0.48308873083442483,,trial-0020.json,10.705939999999998,3.274066,11961,21,6049,18492,13.980006,7.031844340823475,34740,64,6342,0,128,0,0,0,0,9.212464000000002,0.9019570000000001,3355,8,64135,157,10.114421,31.499570521828247,34740,64,6342,0,128,0,0,0,0,postgres-metadata,20260930T220312Z-97eed23f,postgres,nid004148,59136228,3.11.7,16.12 (Debian 16.12-1.pgdg13+1),2026-09-30T22:08:13.959209+00:00,postgresql_automatic_plus_explicit_final_checkpoint,warm_after_write_checkpoint_and_validation,native,postgresql,,,native,shifter,e4842c8a99ca99339e1693e6fe5fe62c7becb31991f066f989047dfb2fbf47af,16.12 (Debian 16.12-1.pgdg13+1),3.3.6,180006,client_processes_only,not_collected,,,,,,,,,,,,,,,,,,,,,,,,,,,,,,,
21,measured,3,metadata,tmpfs,1,1000000,20260817,1000,True,9.48248550191056,105457.58280342395,8.688047083793208,8.468782529234886,9.256885712966323,13.558977287029848,1000000,1000000,1000,0.048385368078015745,9.590665552997962,104268.05047824948,64000,100,64000,6400000,9.837792859994806,6505.524248254378,0.1380916127072851,0.13727694749832153,0.1434279838576913,0.14923999318853023,,trial-0021.json,6.889315,2.398656,4658,0,2990,87,9.287970999999999,0.9794869708083003,34740,1,102,0,2,0,0,0,0,5.606947,0.571447,3070,0,64002,16,6.178394,0.6280264372229587,34740,1,99,0,2,0,0,0,0,postgres-metadata,20260930T220312Z-97eed23f,postgres,nid004148,59136228,3.11.7,16.12 (Debian 16.12-1.pgdg13+1),2026-09-30T22:08:24.790266+00:00,postgresql_automatic_plus_explicit_final_checkpoint,warm_after_write_checkpoint_and_validation,native,postgresql,,,native,shifter,e4842c8a99ca99339e1693e6fe5fe62c7becb31991f066f989047dfb2fbf47af,16.12 (Debian 16.12-1.pgdg13+1),3.3.6,180006,client_processes_only,not_collected,,,,,,,,,,,,,,,,,,,,,,,,,,,,,,,
22,measured,3,metadata,tmpfs,16,1000000,20260817,1000,True,1.7011275690747425,587845.3904217826,24.927990102325566,24.828955007251352,32.48021933832206,36.00429148878902,1000000,1000000,1000,0.057347381953150034,1.823879368021153,548281.8751795882,64000,100,64000,6400000,0.8999593609478325,71114.3222429461,0.18206577849014138,0.16922346549108624,0.23022646782919767,0.2759054116904736,,trial-0022.json,9.609074,2.8542909999999995,14980,1,5239,339,12.463365,7.326531664394181,34992,16,1587,0,32,0,0,0,0,7.056659999999999,0.6614930000000001,1216,2,64032,49,7.718153000000001,8.576112805661895,34740,16,1584,0,32,0,0,0,0,postgres-metadata,20260930T220312Z-97eed23f,postgres,nid004148,59136228,3.11.7,16.12 (Debian 16.12-1.pgdg13+1),2026-09-30T22:08:47.997796+00:00,postgresql_automatic_plus_explicit_final_checkpoint,warm_after_write_checkpoint_and_validation,native,postgresql,,,native,shifter,e4842c8a99ca99339e1693e6fe5fe62c7becb31991f066f989047dfb2fbf47af,16.12 (Debian 16.12-1.pgdg13+1),3.3.6,180006,client_processes_only,not_collected,,,,,,,,,,,,,,,,,,,,,,,,,,,,,,,
23,measured,3,metadata,tmpfs,64,1000000,20260817,1000,True,1.6940274009248242,590309.223719798,101.0466195406625,104.113363486249,138.60171266132966,143.9877831772901,1000000,1000000,1000,0.057721437071450055,1.8691253319848329,535009.6020249724,64000,100,64000,6400000,0.2983027580194175,214547.1279747069,0.2459688940707565,0.23774098372086883,0.3063339972868562,0.4273920611012733,,trial-0023.json,10.326601,3.1708729999999994,11932,7,5999,99,13.497473999999995,7.967683399118154,34740,64,6339,0,128,0,0,0,0,9.277517999999999,1.0974089999999996,3363,4,64123,119,10.374927,34.77985610620691,34740,64,6336,0,128,0,0,0,0,postgres-metadata,20260930T220312Z-97eed23f,postgres,nid004148,59136228,3.11.7,16.12 (Debian 16.12-1.pgdg13+1),2026-09-30T22:08:55.225905+00:00,postgresql_automatic_plus_explicit_final_checkpoint,warm_after_write_checkpoint_and_validation,native,postgresql,,,native,shifter,e4842c8a99ca99339e1693e6fe5fe62c7becb31991f066f989047dfb2fbf47af,16.12 (Debian 16.12-1.pgdg13+1),3.3.6,180006,client_processes_only,not_collected,,,,,,,,,,,,,,,,,,,,,,,,,,,,,,,
24,measured,3,metadata,lustre,16,1000000,20260817,1000,True,2.185144084971398,457635.72611876036,31.86568151973188,28.376123518683016,52.81151637900621,62.864404995925725,1000000,1000000,1000,0.40807507606223226,2.665888556977734,375109.4536125998,64000,100,64000,6400000,0.9319233279675245,68675.17753802838,0.18414905964164063,0.17539993859827518,0.22891457774676385,0.2802730246912688,,trial-0024.json,9.610228,3.0972919999999995,21998,4,5147,20561,12.707519999999997,5.815415142368669,34740,16,1587,0,32,0,0,0,0,6.595095,0.647384,1222,0,64032,27,7.242478999999998,7.771539549069408,34740,16,1584,0,32,0,0,0,0,postgres-metadata,20260930T220312Z-97eed23f,postgres,nid004148,59136228,3.11.7,16.12 (Debian 16.12-1.pgdg13+1),2026-09-30T22:09:02.928293+00:00,postgresql_automatic_plus_explicit_final_checkpoint,warm_after_write_checkpoint_and_validation,native,postgresql,,,native,shifter,e4842c8a99ca99339e1693e6fe5fe62c7becb31991f066f989047dfb2fbf47af,16.12 (Debian 16.12-1.pgdg13+1),3.3.6,180006,client_processes_only,not_collected,,,,,,,,,,,,,,,,,,,,,,,,,,,,,,,
25,measured,4,metadata,tmpfs,1,1000000,20260818,1000,True,9.485341341933236,105425.8317072,8.693909336579964,8.496020978782326,9.347783448174596,13.89680581400171,1000000,1000000,1000,0.044618587009608746,9.593700188910589,104235.0688794617,64000,100,64000,6400000,9.934509358019568,6442.190317968388,0.139240516053178,0.13849791139364243,0.14446000568568707,0.15279614133760336,,trial-0025.json,6.829966,2.45156,5315,0,2992,88,9.281526,0.9785125980620012,34740,1,102,0,2,0,0,0,0,5.783489,0.472386,3059,0,64003,16,6.2558750000000005,0.6297115211784451,35060,1,99,0,2,0,0,0,0,postgres-metadata,20260930T220312Z-97eed23f,postgres,nid004148,59136228,3.11.7,16.12 (Debian 16.12-1.pgdg13+1),2026-09-30T22:09:13.212785+00:00,postgresql_automatic_plus_explicit_final_checkpoint,warm_after_write_checkpoint_and_validation,native,postgresql,,,native,shifter,e4842c8a99ca99339e1693e6fe5fe62c7becb31991f066f989047dfb2fbf47af,16.12 (Debian 16.12-1.pgdg13+1),3.3.6,180006,client_processes_only,not_collected,,,,,,,,,,,,,,,,,,,,,,,,,,,,,,,
26,measured,4,metadata,lustre,16,1000000,20260818,1000,True,2.3210561360465363,430838.3517614114,34.1537799249636,30.844375491142273,56.241689610760645,64.32697974028997,1000000,1000000,1000,0.4223649880150333,2.8051621860358864,356485.6267413007,64000,100,64000,6400000,0.8712151179788634,73460.61687780848,0.18170195988750493,0.17578108236193657,0.2131229266524315,0.26933238492347306,,trial-0026.json,9.684929,3.1349099999999996,19258,3,5342,17981,12.819838999999996,5.523278304606659,34740,16,1587,0,32,0,0,0,0,6.460706999999998,0.6586319999999999,1216,5,64034,24,7.119338999999999,8.171734917222501,34740,16,1584,0,32,0,0,0,0,postgres-metadata,20260930T220312Z-97eed23f,postgres,nid004148,59136228,3.11.7,16.12 (Debian 16.12-1.pgdg13+1),2026-09-30T22:09:36.548198+00:00,postgresql_automatic_plus_explicit_final_checkpoint,warm_after_write_checkpoint_and_validation,native,postgresql,,,native,shifter,e4842c8a99ca99339e1693e6fe5fe62c7becb31991f066f989047dfb2fbf47af,16.12 (Debian 16.12-1.pgdg13+1),3.3.6,180006,client_processes_only,not_collected,,,,,,,,,,,,,,,,,,,,,,,,,,,,,,,
27,measured,4,metadata,lustre,64,1000000,20260818,1000,True,2.042069706018083,489699.248293508,117.37833578162827,112.43681504856795,210.12816871516404,437.9619574430398,1000000,1000000,1000,0.4079531399765983,2.518239396973513,397102.8335121063,64000,100,64000,6400000,0.3193724990123883,200392.95868589322,0.27009915101916704,0.26143703144043684,0.3378274675924332,0.4857435089070353,,trial-0027.json,10.524179000000006,3.4570530000000006,11959,2,6030,21863,13.981232000000002,6.846598800617141,34740,64,6339,0,128,0,0,0,0,8.999299999999998,0.983615,3337,12,64138,45,9.982915,31.25790426812162,34740,64,6336,0,128,0,0,0,0,postgres-metadata,20260930T220312Z-97eed23f,postgres,nid004148,59136228,3.11.7,16.12 (Debian 16.12-1.pgdg13+1),2026-09-30T22:09:46.633998+00:00,postgresql_automatic_plus_explicit_final_checkpoint,warm_after_write_checkpoint_and_validation,native,postgresql,,,native,shifter,e4842c8a99ca99339e1693e6fe5fe62c7becb31991f066f989047dfb2fbf47af,16.12 (Debian 16.12-1.pgdg13+1),3.3.6,180006,client_processes_only,not_collected,,,,,,,,,,,,,,,,,,,,,,,,,,,,,,,
28,measured,4,metadata,lustre,1,1000000,20260818,1000,True,13.274049846921116,75334.95892603925,12.401951335836202,11.809126008301973,12.811353942379355,42.55956795765087,1000000,1000000,1000,0.37745168898254633,13.714058109908365,72917.87682287149,64000,100,64000,6400000,10.602486714953557,6036.319754094627,0.14970111641923722,0.14887901488691568,0.15573352575302127,0.16469905152916908,,trial-0028.json,8.088143,2.7090479999999997,5251,0,3293,6527,10.797191,0.8134059405016008,34740,1,102,0,2,0,0,0,0,5.6388549999999995,0.585099,3347,0,64002,16,6.223953999999999,0.5870277574808791,35068,1,99,0,2,0,0,0,0,postgres-metadata,20260930T220312Z-97eed23f,postgres,nid004148,59136228,3.11.7,16.12 (Debian 16.12-1.pgdg13+1),2026-09-30T22:09:57.254104+00:00,postgresql_automatic_plus_explicit_final_checkpoint,warm_after_write_checkpoint_and_validation,native,postgresql,,,native,shifter,e4842c8a99ca99339e1693e6fe5fe62c7becb31991f066f989047dfb2fbf47af,16.12 (Debian 16.12-1.pgdg13+1),3.3.6,180006,client_processes_only,not_collected,,,,,,,,,,,,,,,,,,,,,,,,,,,,,,,
29,measured,4,metadata,tmpfs,64,1000000,20260818,1000,True,1.6819851130712777,594535.5831205997,100.50397934298962,103.70807844446972,136.57415896304883,145.0478133605793,1000000,1000000,1000,0.057210094993934035,1.844290285021998,542213.9931665217,64000,100,64000,6400000,0.3088466180488467,207222.60261201195,0.2521999501132086,0.2430864260531962,0.3243889659643173,0.43757930048741406,,trial-0029.json,10.426333999999999,3.1476539999999997,11926,7,5993,147,13.573988000000002,8.070218870852024,34740,64,6339,0,128,0,0,0,0,9.628440000000001,1.0258909999999997,3354,7,64132,65,10.654331,34.49715935796625,34740,64,6336,0,128,0,0,0,0,postgres-metadata,20260930T220312Z-97eed23f,postgres,nid004148,59136228,3.11.7,16.12 (Debian 16.12-1.pgdg13+1),2026-09-30T22:10:27.839854+00:00,postgresql_automatic_plus_explicit_final_checkpoint,warm_after_write_checkpoint_and_validation,native,postgresql,,,native,shifter,e4842c8a99ca99339e1693e6fe5fe62c7becb31991f066f989047dfb2fbf47af,16.12 (Debian 16.12-1.pgdg13+1),3.3.6,180006,client_processes_only,not_collected,,,,,,,,,,,,,,,,,,,,,,,,,,,,,,,
30,measured,4,metadata,tmpfs,16,1000000,20260818,1000,True,1.7024778400082141,587379.1578956324,24.466647541034035,24.48565448867157,30.93185173929669,34.560208374168724,1000000,1000000,1000,0.06278845097403973,1.825403000926599,547824.2336034216,64000,100,64000,6400000,0.7935992320999503,80645.23932394567,0.17131736621740856,0.16154407057911158,0.21681003272533417,0.24538644589483746,,trial-0030.json,8.536601999999998,2.8629029999999998,4561,0,5361,194,11.399505,6.695831647327051,34740,16,1587,0,32,0,0,0,0,6.6466639999999995,0.6450370000000001,1216,3,64034,19,7.291701,9.188140190994593,34740,16,1584,0,32,0,0,0,0,postgres-metadata,20260930T220312Z-97eed23f,postgres,nid004148,59136228,3.11.7,16.12 (Debian 16.12-1.pgdg13+1),2026-09-30T22:10:35.506844+00:00,postgresql_automatic_plus_explicit_final_checkpoint,warm_after_write_checkpoint_and_validation,native,postgresql,,,native,shifter,e4842c8a99ca99339e1693e6fe5fe62c7becb31991f066f989047dfb2fbf47af,16.12 (Debian 16.12-1.pgdg13+1),3.3.6,180006,client_processes_only,not_collected,,,,,,,,,,,,,,,,,,,,,,,,,,,,,,,
31,measured,5,metadata,tmpfs,64,1000000,20260819,1000,True,1.6461256380425766,607487.0452714104,95.87365867441986,99.13960448466241,127.95522571541369,131.9391101715155,1000000,1000000,1000,0.05794171302113682,1.8412625839700922,543105.5889072707,64000,100,64000,6400000,0.30654419399797916,208779.03171254293,0.24893180942126492,0.2360380021855235,0.34094101283699274,0.4858423001132906,,trial-0031.json,10.345704,2.9369709999999993,11952,4,5997,129,13.282674999999994,8.069052989050427,34740,64,6339,0,128,0,0,0,0,9.479823000000001,0.8328530000000003,3340,7,64047,168,10.312676000000002,33.64172671320595,34740,64,6336,0,128,0,0,0,0,postgres-metadata,20260930T220312Z-97eed23f,postgres,nid004148,59136228,3.11.7,16.12 (Debian 16.12-1.pgdg13+1),2026-09-30T22:10:42.123662+00:00,postgresql_automatic_plus_explicit_final_checkpoint,warm_after_write_checkpoint_and_validation,native,postgresql,,,native,shifter,e4842c8a99ca99339e1693e6fe5fe62c7becb31991f066f989047dfb2fbf47af,16.12 (Debian 16.12-1.pgdg13+1),3.3.6,180006,client_processes_only,not_collected,,,,,,,,,,,,,,,,,,,,,,,,,,,,,,,
32,measured,5,metadata,tmpfs,1,1000000,20260819,1000,True,9.388709889026359,106510.9063779692,8.61655882303603,8.495258050970733,8.91570181120187,13.529311685124412,1000000,1000000,1000,0.0408183200052008,9.486216322984546,105416.10753457715,64000,100,64000,6400000,9.754120833938941,6561.329420619378,0.13661679582946817,0.13604306150227785,0.14158396515995264,0.1477061142213643,,trial-0032.json,6.793778,2.400689,2703,0,2998,15,9.194467,0.9793110138323272,34740,1,102,0,2,0,0,0,0,5.59801,0.561564,2379,0,64003,7,6.159574,0.6314842828856592,37076,1,99,0,2,0,0,0,0,postgres-metadata,20260930T220312Z-97eed23f,postgres,nid004148,59136228,3.11.7,16.12 (Debian 16.12-1.pgdg13+1),2026-09-30T22:10:50.428138+00:00,postgresql_automatic_plus_explicit_final_checkpoint,warm_after_write_checkpoint_and_validation,native,postgresql,,,native,shifter,e4842c8a99ca99339e1693e6fe5fe62c7becb31991f066f989047dfb2fbf47af,16.12 (Debian 16.12-1.pgdg13+1),3.3.6,180006,client_processes_only,not_collected,,,,,,,,,,,,,,,,,,,,,,,,,,,,,,,
33,measured,5,metadata,lustre,1,1000000,20260819,1000,True,13.142088736989535,76091.40525625994,12.247704452718608,11.50888204574585,13.721249188529326,41.19363315985538,1000000,1000000,1000,0.38477095402777195,13.58658323995769,73602.02210803326,64000,100,64000,6400000,10.621948276995681,6025.259992896689,0.15007555012743978,0.14909892342984676,0.15670398715883493,0.16778560471721005,,trial-0033.json,8.129375999999999,2.701225,5502,0,3193,6342,10.830600999999998,0.824115649859854,34740,1,102,0,2,0,0,0,0,5.703037,0.574638,3137,0,64002,18,6.277675,0.5910097504048082,34740,1,99,0,2,0,0,0,0,postgres-metadata,20260930T220312Z-97eed23f,postgres,nid004148,59136228,3.11.7,16.12 (Debian 16.12-1.pgdg13+1),2026-09-30T22:11:13.425399+00:00,postgresql_automatic_plus_explicit_final_checkpoint,warm_after_write_checkpoint_and_validation,native,postgresql,,,native,shifter,e4842c8a99ca99339e1693e6fe5fe62c7becb31991f066f989047dfb2fbf47af,16.12 (Debian 16.12-1.pgdg13+1),3.3.6,180006,client_processes_only,not_collected,,,,,,,,,,,,,,,,,,,,,,,,,,,,,,,
34,measured,5,metadata,lustre,16,1000000,20260819,1000,True,2.3116614510072395,432589.29613775364,34.16382090712432,31.20539494557306,55.24878339492716,60.67928198259324,1000000,1000000,1000,0.4226766569772735,2.7955809829290956,357707.3982497337,64000,100,64000,6400000,0.9152048409450799,69929.70003732809,0.1904226517144707,0.17768400721251965,0.24075751425698402,0.2835905516985805,,trial-0034.json,9.856654999999998,3.1010360000000006,23168,9,5316,17259,12.957691,5.605358429260505,34740,16,1587,0,32,0,0,0,0,6.758721999999998,0.6756709999999999,1227,1,64033,18,7.434392999999999,8.123201132025182,34740,16,1584,0,32,0,0,0,0,postgres-metadata,20260930T220312Z-97eed23f,postgres,nid004148,59136228,3.11.7,16.12 (Debian 16.12-1.pgdg13+1),2026-09-30T22:11:43.783423+00:00,postgresql_automatic_plus_explicit_final_checkpoint,warm_after_write_checkpoint_and_validation,native,postgresql,,,native,shifter,e4842c8a99ca99339e1693e6fe5fe62c7becb31991f066f989047dfb2fbf47af,16.12 (Debian 16.12-1.pgdg13+1),3.3.6,180006,client_processes_only,not_collected,,,,,,,,,,,,,,,,,,,,,,,,,,,,,,,
35,measured,5,metadata,tmpfs,16,1000000,20260819,1000,True,1.641854448011145,609067.3879230566,23.717298698378727,23.599586565978825,31.618409371003505,35.29036410851404,1000000,1000000,1000,0.05408504605293274,1.7587981120450422,568570.0895125763,64000,100,64000,6400000,0.8976744080428034,71295.33762641066,0.17323009192296013,0.16300601419061422,0.22504749940708282,0.2656553918495775,,trial-0035.json,9.38674,2.9923889999999993,13228,0,5136,647,12.379128999999999,7.539723764792559,35472,16,1587,0,32,0,0,0,0,6.661984,0.620241,1218,4,64034,95,7.282225000000001,8.112323281976382,34740,16,1584,0,32,0,0,0,0,postgres-metadata,20260930T220312Z-97eed23f,postgres,nid004148,59136228,3.11.7,16.12 (Debian 16.12-1.pgdg13+1),2026-09-30T22:11:53.877774+00:00,postgresql_automatic_plus_explicit_final_checkpoint,warm_after_write_checkpoint_and_validation,native,postgresql,,,native,shifter,e4842c8a99ca99339e1693e6fe5fe62c7becb31991f066f989047dfb2fbf47af,16.12 (Debian 16.12-1.pgdg13+1),3.3.6,180006,client_processes_only,not_collected,,,,,,,,,,,,,,,,,,,,,,,,,,,,,,,
36,measured,5,metadata,lustre,64,1000000,20260819,1000,True,2.033090818906203,491861.9427625949,116.98488762660418,114.10255503142253,207.84851267235345,297.80367592698894,1000000,1000000,1000,0.4214301999891177,2.531065013958141,395090.60197397915,64000,100,64000,6400000,0.3200598940020427,199962.57325384085,0.26394886353591573,0.2567979972809553,0.32998092938214546,0.46022383612580614,,trial-0036.json,10.551977999999995,3.342753,11983,7,6008,21951,13.894730999999997,6.834289383823651,34740,64,6339,0,128,0,0,0,0,8.772594999999995,1.045803,3347,15,64147,67,9.818397999999998,30.67675202047444,34740,64,6336,0,128,0,0,0,0,postgres-metadata,20260930T220312Z-97eed23f,postgres,nid004148,59136228,3.11.7,16.12 (Debian 16.12-1.pgdg13+1),2026-09-30T22:12:00.718698+00:00,postgresql_automatic_plus_explicit_final_checkpoint,warm_after_write_checkpoint_and_validation,native,postgresql,,,native,shifter,e4842c8a99ca99339e1693e6fe5fe62c7becb31991f066f989047dfb2fbf47af,16.12 (Debian 16.12-1.pgdg13+1),3.3.6,180006,client_processes_only,not_collected,,,,,,,,,,,,,,,,,,,,,,,,,,,,,,,
1,warmup,1,telemetry,tmpfs,16,1000000,20260813,1000,True,3.7392668949905783,267432.10048463783,56.07891269167885,56.86589848482981,67.39311077981256,72.79211837449111,1000000,1000000,1000,0.062048821011558175,3.86249401292298,258900.07768406617,64000,100,64000,6400000,1.3878021739656106,46116.082825494916,0.21119988318059768,0.19442604389041662,0.2934070536866784,0.34875533194281166,,trial-0001.json,12.216446,2.7756629999999998,34404,21,5986,101,14.992108999999997,4.009371200564642,32292,16,1584,0,32,0,49152,0,0,11.794307,0.874535,8416,7,121150,22,12.668842,9.128708858986073,29356,16,1584,0,32,0,0,0,0,postgres-telemetry,20260930T220313Z-9a86d46a,postgres,nid004158,59136230,3.11.7,16.12 (Debian 16.12-1.pgdg13+1),2026-09-30T22:03:13.729944+00:00,postgresql_automatic_plus_explicit_final_checkpoint,warm_after_write_checkpoint_and_validation,native,postgresql,,,native,shifter,e4842c8a99ca99339e1693e6fe5fe62c7becb31991f066f989047dfb2fbf47af,16.12 (Debian 16.12-1.pgdg13+1),3.3.6,180006,client_processes_only,not_collected,,,,,,,,,,,,,,,,,,,,,,,,,,,,,,,
2,warmup,1,telemetry,tmpfs,1,1000000,20260813,1000,True,12.027837713016197,83140.46330354353,10.269224678748287,10.152495000511408,10.429811745416373,15.013485987437889,1000000,1000000,1000,0.05288446100894362,12.12686677405145,82461.53096525783,64000,100,64000,6400000,14.796700946055353,4325.2884702695665,0.1645196537974698,0.16362708993256092,0.1709701435174793,0.1793471002019942,,trial-0002.json,9.314357000000001,2.53617,27005,0,2991,23,11.850527000000001,0.9852583051711519,35204,1,102,0,2,0,0,0,0,9.89551,0.8123319999999999,2533,0,126303,23,10.707842,0.7236641491260658,35204,1,99,0,2,0,0,0,0,postgres-telemetry,20260930T220313Z-9a86d46a,postgres,nid004158,59136230,3.11.7,16.12 (Debian 16.12-1.pgdg13+1),2026-09-30T22:03:27.130684+00:00,postgresql_automatic_plus_explicit_final_checkpoint,warm_after_write_checkpoint_and_validation,native,postgresql,,,native,shifter,e4842c8a99ca99339e1693e6fe5fe62c7becb31991f066f989047dfb2fbf47af,16.12 (Debian 16.12-1.pgdg13+1),3.3.6,180006,client_processes_only,not_collected,,,,,,,,,,,,,,,,,,,,,,,,,,,,,,,
3,warmup,1,telemetry,lustre,16,1000000,20260813,1000,True,4.4873366709798574,222849.33654903132,67.75278215180151,66.8892425019294,93.9445471507497,102.28965838556178,1000000,1000000,1000,0.46984050900209695,5.024673552019522,199017.90427720005,64000,100,64000,6400000,1.5081756520085037,42435.37542511603,0.25319609764665074,0.23134698858484626,0.35952513571828604,0.43846866465173673,,trial-0003.json,13.031368000000004,2.988696,37661,2,5950,15343,16.020063999999998,3.57006063387302,37252,16,1587,0,32,0,0,0,0,12.994641999999999,0.8417759999999999,13458,5,115890,392,13.836418,9.174274880763017,37252,16,1584,0,32,0,0,0,0,postgres-telemetry,20260930T220313Z-9a86d46a,postgres,nid004158,59136230,3.11.7,16.12 (Debian 16.12-1.pgdg13+1),2026-09-30T22:03:57.798410+00:00,postgresql_automatic_plus_explicit_final_checkpoint,warm_after_write_checkpoint_and_validation,native,postgresql,,,native,shifter,e4842c8a99ca99339e1693e6fe5fe62c7becb31991f066f989047dfb2fbf47af,16.12 (Debian 16.12-1.pgdg13+1),3.3.6,180006,client_processes_only,not_collected,,,,,,,,,,,,,,,,,,,,,,,,,,,,,,,
4,warmup,1,telemetry,lustre,1,1000000,20260813,1000,True,16.102153350017034,62103.49499614858,14.089391916291788,13.435535482130945,14.648750534979621,43.44561128411441,1000000,1000000,1000,0.4296493149595335,16.591093666967936,60273.302054279375,64000,100,64000,6400000,15.57870313199237,4108.172513318507,0.17702676691806118,0.17513905186206102,0.18676102627068758,0.2031130553223193,,trial-0004.json,10.697056,2.9775669999999996,33761,0,3032,7754,13.674623,0.8492418810547183,37252,1,102,0,2,0,0,0,0,9.953394999999999,0.7250009999999999,3590,0,127661,56,10.678396,0.6854483270864109,37252,1,102,0,2,0,0,0,0,postgres-telemetry,20260930T220313Z-9a86d46a,postgres,nid004158,59136230,3.11.7,16.12 (Debian 16.12-1.pgdg13+1),2026-09-30T22:04:10.821453+00:00,postgresql_automatic_plus_explicit_final_checkpoint,warm_after_write_checkpoint_and_validation,native,postgresql,,,native,shifter,e4842c8a99ca99339e1693e6fe5fe62c7becb31991f066f989047dfb2fbf47af,16.12 (Debian 16.12-1.pgdg13+1),3.3.6,180006,client_processes_only,not_collected,,,,,,,,,,,,,,,,,,,,,,,,,,,,,,,
5,warmup,1,telemetry,lustre,64,1000000,20260813,1000,True,4.312671840074472,231874.81846120057,261.2357325970661,259.4111679936759,360.7843399106058,599.8036602290813,1000000,1000000,1000,0.4457257650792599,4.860795461107045,205727.64437453827,64000,100,64000,6400000,0.48035286099184304,133235.38839313126,0.337875437193361,0.3239865181967616,0.45945107704028504,0.6714124535210437,,trial-0005.json,12.665938000000002,3.1242570000000005,24826,5,6323,12890,15.790194999999999,3.6613485990919563,39300,64,6339,0,128,0,0,0,0,16.725117,1.245298,3687,57,103236,246,17.970415,37.410862845480494,39300,64,6336,0,128,0,0,0,0,postgres-telemetry,20260930T220313Z-9a86d46a,postgres,nid004158,59136230,3.11.7,16.12 (Debian 16.12-1.pgdg13+1),2026-09-30T22:04:49.253672+00:00,postgresql_automatic_plus_explicit_final_checkpoint,warm_after_write_checkpoint_and_validation,native,postgresql,,,native,shifter,e4842c8a99ca99339e1693e6fe5fe62c7becb31991f066f989047dfb2fbf47af,16.12 (Debian 16.12-1.pgdg13+1),3.3.6,180006,client_processes_only,not_collected,,,,,,,,,,,,,,,,,,,,,,,,,,,,,,,
6,warmup,1,telemetry,tmpfs,64,1000000,20260813,1000,True,3.596621114993468,278038.7391463713,221.0839253515005,221.50225593941286,274.682554329047,288.87631016084924,1000000,1000000,1000,0.06068558001425117,3.7827696569729596,264356.5669288513,64000,100,64000,6400000,0.44776564999483526,142931.91092424846,0.29497008518956136,0.2879170933738351,0.3805875137913972,0.5035266513004907,,trial-0006.json,12.736779999999996,2.915402,24826,3,6010,272,15.652182000000002,4.351912948169529,39300,64,6339,0,128,0,0,0,0,16.303572999999997,1.21452,3728,4,100658,81,17.518093,39.12335169122969,39300,64,6336,0,128,0,0,0,0,postgres-telemetry,20260930T220313Z-9a86d46a,postgres,nid004158,59136230,3.11.7,16.12 (Debian 16.12-1.pgdg13+1),2026-09-30T22:05:03.494758+00:00,postgresql_automatic_plus_explicit_final_checkpoint,warm_after_write_checkpoint_and_validation,native,postgresql,,,native,shifter,e4842c8a99ca99339e1693e6fe5fe62c7becb31991f066f989047dfb2fbf47af,16.12 (Debian 16.12-1.pgdg13+1),3.3.6,180006,client_processes_only,not_collected,,,,,,,,,,,,,,,,,,,,,,,,,,,,,,,
7,measured,1,telemetry,lustre,16,1000000,20260815,1000,True,4.374342162976973,228605.80236810894,66.38317236676812,65.02284703310579,89.40169056877494,96.40131310326979,1000000,1000000,1000,0.45841610699426383,4.912961054011248,203543.2377758292,64000,100,64000,6400000,1.4488014449598268,44174.44517511137,0.23983345226588426,0.21657906472682953,0.3309299936518073,0.4022988420911135,,trial-0007.json,12.732592999999998,3.19306,38752,0,5950,17633,15.925652999999997,3.6406966823010807,39300,16,1587,0,32,0,0,0,0,12.129071,0.8887889999999998,11279,3,121160,418,13.017859999999999,8.985261607301176,39300,16,1584,0,32,0,0,0,0,postgres-telemetry,20260930T220313Z-9a86d46a,postgres,nid004158,59136230,3.11.7,16.12 (Debian 16.12-1.pgdg13+1),2026-09-30T22:05:13.446043+00:00,postgresql_automatic_plus_explicit_final_checkpoint,warm_after_write_checkpoint_and_validation,native,postgresql,,,native,shifter,e4842c8a99ca99339e1693e6fe5fe62c7becb31991f066f989047dfb2fbf47af,16.12 (Debian 16.12-1.pgdg13+1),3.3.6,180006,client_processes_only,not_collected,,,,,,,,,,,,,,,,,,,,,,,,,,,,,,,
8,measured,1,telemetry,lustre,64,1000000,20260815,1000,True,4.432710174936801,225595.61995596913,273.8479042079998,263.06286751059815,385.9536105359439,410.7459163549356,1000000,1000000,1000,0.4425675179809332,4.979085783939809,200840.0825761087,64000,100,64000,6400000,0.4857520409859717,131754.4644178825,0.3326929073755309,0.3180094645358622,0.46534960856661206,0.6993542180862282,,trial-0008.json,12.855207999999996,3.090204,24805,1,6592,20179,15.945411999999994,3.597215105593348,39300,64,6339,0,128,0,0,0,0,16.715709000000007,1.047327,3721,9,105983,304,17.763036000000003,36.56811397836822,39300,64,6336,0,128,0,0,0,0,postgres-telemetry,20260930T220313Z-9a86d46a,postgres,nid004158,59136230,3.11.7,16.12 (Debian 16.12-1.pgdg13+1),2026-09-30T22:05:26.219559+00:00,postgresql_automatic_plus_explicit_final_checkpoint,warm_after_write_checkpoint_and_validation,native,postgresql,,,native,shifter,e4842c8a99ca99339e1693e6fe5fe62c7becb31991f066f989047dfb2fbf47af,16.12 (Debian 16.12-1.pgdg13+1),3.3.6,180006,client_processes_only,not_collected,,,,,,,,,,,,,,,,,,,,,,,,,,,,,,,
9,measured,1,telemetry,tmpfs,64,1000000,20260815,1000,True,3.6743086309870705,272160.04435951775,226.49190065229777,226.05248750187457,281.8396724469494,297.49290299834684,1000000,1000000,1000,0.06168866599909961,3.833598259021528,260851.53749397723,64000,100,64000,6400000,0.4397088310215622,145550.86340047058,0.29778391793661285,0.2919890102930367,0.38169851177372044,0.46456903102807723,,trial-0009.json,12.503097999999998,2.969306,24805,4,6032,277,15.472404000000001,4.21097015898838,39300,64,6339,0,128,0,0,0,0,16.327084000000006,1.3072789999999999,3710,20,103496,135,17.634362999999997,40.10463687761425,39300,64,6336,0,128,0,0,0,0,postgres-telemetry,20260930T220313Z-9a86d46a,postgres,nid004158,59136230,3.11.7,16.12 (Debian 16.12-1.pgdg13+1),2026-09-30T22:05:39.721278+00:00,postgresql_automatic_plus_explicit_final_checkpoint,warm_after_write_checkpoint_and_validation,native,postgresql,,,native,shifter,e4842c8a99ca99339e1693e6fe5fe62c7becb31991f066f989047dfb2fbf47af,16.12 (Debian 16.12-1.pgdg13+1),3.3.6,180006,client_processes_only,not_collected,,,,,,,,,,,,,,,,,,,,,,,,,,,,,,,
10,measured,1,telemetry,lustre,1,1000000,20260815,1000,True,16.007241014041938,62471.727583958775,14.015802887035534,13.41017393860966,14.712058915756641,43.0772644712124,1000000,1000000,1000,0.45670534693636,16.51585332804825,60547.88572757168,64000,100,64000,6400000,15.71406610601116,4072.7841901796405,0.17917431014393514,0.17345498781651258,0.21849200129508972,0.2291940455324948,,trial-0010.json,10.594028999999999,2.985437,32812,0,3024,7983,13.579466,0.8483327006876303,39300,1,102,0,2,0,0,0,0,10.067428000000001,0.766657,2996,0,127657,96,10.834085000000002,0.68945140786035,39300,1,99,0,2,0,0,0,0,postgres-telemetry,20260930T220313Z-9a86d46a,postgres,nid004158,59136230,3.11.7,16.12 (Debian 16.12-1.pgdg13+1),2026-09-30T22:05:49.827103+00:00,postgresql_automatic_plus_explicit_final_checkpoint,warm_after_write_checkpoint_and_validation,native,postgresql,,,native,shifter,e4842c8a99ca99339e1693e6fe5fe62c7becb31991f066f989047dfb2fbf47af,16.12 (Debian 16.12-1.pgdg13+1),3.3.6,180006,client_processes_only,not_collected,,,,,,,,,,,,,,,,,,,,,,,,,,,,,,,
11,measured,1,telemetry,tmpfs,1,1000000,20260815,1000,True,11.945029675029218,83716.82843873337,10.246854901080951,10.141983046196401,10.400424560066313,15.01683077425696,1000000,1000000,1000,0.04692449502181262,12.041632849955931,83045.21591551928,64000,100,64000,6400000,14.592764453962445,4385.7351499031265,0.161398454423761,0.16045104712247849,0.1679949986282736,0.17971696914173663,,trial-0011.json,9.487401,2.282912,15168,0,2997,108,11.770313,0.985373274091193,39300,1,102,0,2,0,0,0,0,9.772053,0.848267,2059,0,127174,14,10.62032,0.7277798551127995,39300,1,99,0,2,0,0,0,0,postgres-telemetry,20260930T220313Z-9a86d46a,postgres,nid004158,59136230,3.11.7,16.12 (Debian 16.12-1.pgdg13+1),2026-09-30T22:06:28.349503+00:00,postgresql_automatic_plus_explicit_final_checkpoint,warm_after_write_checkpoint_and_validation,native,postgresql,,,native,shifter,e4842c8a99ca99339e1693e6fe5fe62c7becb31991f066f989047dfb2fbf47af,16.12 (Debian 16.12-1.pgdg13+1),3.3.6,180006,client_processes_only,not_collected,,,,,,,,,,,,,,,,,,,,,,,,,,,,,,,
12,measured,1,telemetry,tmpfs,16,1000000,20260815,1000,True,3.579194285091944,279392.4890205594,53.04451004834846,54.41132799023762,65.45144788688049,68.88990318402648,1000000,1000000,1000,0.06697279505897313,3.7287311650579795,268187.74423080473,64000,100,64000,6400000,1.436799261951819,44543.452724954244,0.2421574771979067,0.2359870122745633,0.340046948986128,0.3661381604615599,,trial-0012.json,12.534495999999999,2.799284,36916,5,5934,162,15.333779999999999,4.284142960293673,39300,16,1587,0,32,0,0,0,0,13.745809999999999,0.9631850000000002,14196,2,110313,81,14.708994999999998,10.237334740845128,39300,16,1584,0,32,0,0,0,0,postgres-telemetry,20260930T220313Z-9a86d46a,postgres,nid004158,59136230,3.11.7,16.12 (Debian 16.12-1.pgdg13+1),2026-09-30T22:06:58.848111+00:00,postgresql_automatic_plus_explicit_final_checkpoint,warm_after_write_checkpoint_and_validation,native,postgresql,,,native,shifter,e4842c8a99ca99339e1693e6fe5fe62c7becb31991f066f989047dfb2fbf47af,16.12 (Debian 16.12-1.pgdg13+1),3.3.6,180006,client_processes_only,not_collected,,,,,,,,,,,,,,,,,,,,,,,,,,,,,,,
13,measured,2,telemetry,tmpfs,1,1000000,20260816,1000,True,11.993164469022304,83380.82935349931,10.247223749989644,10.122335515916348,10.52298562717624,14.966913858661428,1000000,1000000,1000,0.04712078406009823,12.0891396390507,82718.87246382449,64000,100,64000,6400000,14.593200717004947,4385.6040385590695,0.16184048970717413,0.16076001338660717,0.1682764675933868,0.17961697769351304,,trial-0013.json,9.24047,2.5762490000000002,29110,0,2994,41,11.816719,0.9852878304572532,39300,1,102,0,2,0,0,0,0,9.838647,0.798067,3364,0,126937,28,10.636714,0.7288814980530904,39300,1,99,0,2,0,0,0,0,postgres-telemetry,20260930T220313Z-9a86d46a,postgres,nid004158,59136230,3.11.7,16.12 (Debian 16.12-1.pgdg13+1),2026-09-30T22:07:08.123528+00:00,postgresql_automatic_plus_explicit_final_checkpoint,warm_after_write_checkpoint_and_validation,native,postgresql,,,native,shifter,e4842c8a99ca99339e1693e6fe5fe62c7becb31991f066f989047dfb2fbf47af,16.12 (Debian 16.12-1.pgdg13+1),3.3.6,180006,client_processes_only,not_collected,,,,,,,,,,,,,,,,,,,,,,,,,,,,,,,
14,measured,2,telemetry,tmpfs,64,1000000,20260816,1000,True,3.348643040051684,298628.4259144462,206.66707355505787,208.2646699855104,256.3685635395814,277.8229557129089,1000000,1000000,1000,0.053022770094685256,3.5176571920746937,284280.11753192067,64000,100,64000,6400000,0.46322183101437986,138162.74561121286,0.3054583397497481,0.2997700357809663,0.39652850246056925,0.5366290512029084,,trial-0014.json,12.732991,3.0564479999999996,24802,9,6011,176,15.789438999999998,4.715175314642166,39300,64,6339,0,128,0,0,0,0,16.776716999999994,1.3087139999999997,3737,5,104419,694,18.085431000000003,39.042700039408494,39300,64,6336,0,128,0,0,0,0,postgres-telemetry,20260930T220313Z-9a86d46a,postgres,nid004158,59136230,3.11.7,16.12 (Debian 16.12-1.pgdg13+1),2026-09-30T22:07:38.662528+00:00,postgresql_automatic_plus_explicit_final_checkpoint,warm_after_write_checkpoint_and_validation,native,postgresql,,,native,shifter,e4842c8a99ca99339e1693e6fe5fe62c7becb31991f066f989047dfb2fbf47af,16.12 (Debian 16.12-1.pgdg13+1),3.3.6,180006,client_processes_only,not_collected,,,,,,,,,,,,,,,,,,,,,,,,,,,,,,,
15,measured,2,telemetry,tmpfs,16,1000000,20260816,1000,True,2.9057758869603276,344142.16336762276,42.59146597434301,43.799645034596324,54.88387825316749,58.06680712848902,1000000,1000000,1000,0.05334386101458222,3.0367947480408475,329294.5631722849,64000,100,64000,6400000,1.2965293229790404,49362.554988688535,0.21313486456529063,0.19360502483323216,0.28194548794999724,0.33750373520888405,,trial-0015.json,13.054767,3.0498199999999995,38744,7,5885,112,16.104587000000002,5.542267410322094,39300,16,1587,0,32,0,0,0,0,11.963352,1.043955,10702,3,117365,65,13.007307,10.032404797535209,39300,16,1584,0,32,0,0,0,0,postgres-telemetry,20260930T220313Z-9a86d46a,postgres,nid004158,59136230,3.11.7,16.12 (Debian 16.12-1.pgdg13+1),2026-09-30T22:07:48.398005+00:00,postgresql_automatic_plus_explicit_final_checkpoint,warm_after_write_checkpoint_and_validation,native,postgresql,,,native,shifter,e4842c8a99ca99339e1693e6fe5fe62c7becb31991f066f989047dfb2fbf47af,16.12 (Debian 16.12-1.pgdg13+1),3.3.6,180006,client_processes_only,not_collected,,,,,,,,,,,,,,,,,,,,,,,,,,,,,,,
16,measured,2,telemetry,lustre,16,1000000,20260816,1000,True,3.958585210959427,252615.50445635951,59.80421979422681,58.23719303589314,84.30086461012252,91.08193987165578,1000000,1000000,1000,0.46211467997636646,4.5100646949140355,221726.30940919588,64000,100,64000,6400000,1.746242121909745,36650.129553631195,0.3087028108911909,0.30417804373428226,0.4005345632322133,0.4834655160084368,,trial-0016.json,13.376452,3.1715749999999994,38180,1,5897,22945,16.548027,4.180288188362458,39300,16,1587,0,32,0,0,0,0,16.982974,1.1146140000000002,13765,3,102960,3221,18.097588000000002,10.363733512628771,39300,16,1584,0,32,0,0,0,0,postgres-telemetry,20260930T220313Z-9a86d46a,postgres,nid004158,59136230,3.11.7,16.12 (Debian 16.12-1.pgdg13+1),2026-09-30T22:07:56.819397+00:00,postgresql_automatic_plus_explicit_final_checkpoint,warm_after_write_checkpoint_and_validation,native,postgresql,,,native,shifter,e4842c8a99ca99339e1693e6fe5fe62c7becb31991f066f989047dfb2fbf47af,16.12 (Debian 16.12-1.pgdg13+1),3.3.6,180006,client_processes_only,not_collected,,,,,,,,,,,,,,,,,,,,,,,,,,,,,,,
17,measured,2,telemetry,lustre,1,1000000,20260816,1000,True,16.19661143689882,61741.309526128316,14.173736724886112,13.374066445976496,15.657461568480354,42.294967139605426,1000000,1000000,1000,0.4409370080102235,16.72014228592161,59808.10347780364,64000,100,64000,6400000,15.4976324159652,4129.663053181536,0.1758904199268727,0.174087006598711,0.1852880697697401,0.20023723132908347,,trial-0017.json,10.932953,2.7052549999999997,37266,0,3062,7698,13.638207999999999,0.8420408215097194,39300,1,102,0,2,0,0,0,0,9.871198,0.76418,2407,0,127898,17,10.635378,0.6862582434878085,39300,1,102,0,2,0,0,0,0,postgres-telemetry,20260930T220313Z-9a86d46a,postgres,nid004158,59136230,3.11.7,16.12 (Debian 16.12-1.pgdg13+1),2026-09-30T22:08:09.414019+00:00,postgresql_automatic_plus_explicit_final_checkpoint,warm_after_write_checkpoint_and_validation,native,postgresql,,,native,shifter,e4842c8a99ca99339e1693e6fe5fe62c7becb31991f066f989047dfb2fbf47af,16.12 (Debian 16.12-1.pgdg13+1),3.3.6,180006,client_processes_only,not_collected,,,,,,,,,,,,,,,,,,,,,,,,,,,,,,,
18,measured,2,telemetry,lustre,64,1000000,20260816,1000,True,3.9155369830550626,255392.81184869795,237.64522067282815,238.0595764843747,326.75839981529856,464.26980230840854,1000000,1000000,1000,0.4543851320631802,4.463624868076295,224033.16352858607,64000,100,64000,6400000,0.5896497219800949,108539.01496821274,0.37415992458227265,0.38136704824864864,0.4952289862558246,0.702703073620797,,trial-0018.json,12.888055999999997,3.1128029999999995,24808,3,6193,14640,16.000859,4.086504372004545,39300,64,6339,0,128,0,0,0,0,18.546637999999998,1.3746090000000002,3721,25,59203,27638,19.921247,33.784883223725984,39300,64,6336,0,128,0,0,0,0,postgres-telemetry,20260930T220313Z-9a86d46a,postgres,nid004158,59136230,3.11.7,16.12 (Debian 16.12-1.pgdg13+1),2026-09-30T22:08:47.810613+00:00,postgresql_automatic_plus_explicit_final_checkpoint,warm_after_write_checkpoint_and_validation,native,postgresql,,,native,shifter,e4842c8a99ca99339e1693e6fe5fe62c7becb31991f066f989047dfb2fbf47af,16.12 (Debian 16.12-1.pgdg13+1),3.3.6,180006,client_processes_only,not_collected,,,,,,,,,,,,,,,,,,,,,,,,,,,,,,,
19,measured,3,telemetry,lustre,1,1000000,20260817,1000,True,15.990514323930256,62537.07540247607,13.953064445173368,13.373642519582063,14.841760508716106,41.431544587248936,1000000,1000000,1000,0.4455761560238898,16.48148619197309,60674.13996239161,64000,100,64000,6400000,15.530806599068455,4120.8419918022,0.1753677938686451,0.17200293950736523,0.19428644445724788,0.22557599120773375,,trial-0019.json,10.813756,2.799962,30048,0,3030,6962,13.613717999999999,0.8513621090740455,39300,1,102,0,2,0,0,0,0,9.883136,0.8339,2068,0,127724,94,10.717036,0.6900501871321231,39300,1,99,0,2,0,0,0,0,postgres-telemetry,20260930T220313Z-9a86d46a,postgres,nid004158,59136230,3.11.7,16.12 (Debian 16.12-1.pgdg13+1),2026-09-30T22:09:01.387069+00:00,postgresql_automatic_plus_explicit_final_checkpoint,warm_after_write_checkpoint_and_validation,native,postgresql,,,native,shifter,e4842c8a99ca99339e1693e6fe5fe62c7becb31991f066f989047dfb2fbf47af,16.12 (Debian 16.12-1.pgdg13+1),3.3.6,180006,client_processes_only,not_collected,,,,,,,,,,,,,,,,,,,,,,,,,,,,,,,
20,measured,3,telemetry,lustre,64,1000000,20260817,1000,True,4.231268801027909,236335.72978324335,256.05073353124317,252.84887349698693,349.51438560965454,561.6393646458163,1000000,1000000,1000,0.45249932492151856,4.7881881250068545,208847.2662085658,64000,100,64000,6400000,0.47398840298410505,135024.40059097018,0.33187598832410004,0.31771406065672636,0.4623560409527273,0.6784112413879503,,trial-0020.json,12.837276000000001,2.9362239999999993,24922,3,6280,12042,15.773500000000002,3.7278416337359896,39300,64,6339,0,128,0,0,0,0,16.230159,1.2250449999999997,3700,32,104077,306,17.455203999999995,36.82622589520475,39300,64,6336,0,128,0,0,0,0,postgres-telemetry,20260930T220313Z-9a86d46a,postgres,nid004158,59136230,3.11.7,16.12 (Debian 16.12-1.pgdg13+1),2026-09-30T22:09:39.631748+00:00,postgresql_automatic_plus_explicit_final_checkpoint,warm_after_write_checkpoint_and_validation,native,postgresql,,,native,shifter,e4842c8a99ca99339e1693e6fe5fe62c7becb31991f066f989047dfb2fbf47af,16.12 (Debian 16.12-1.pgdg13+1),3.3.6,180006,client_processes_only,not_collected,,,,,,,,,,,,,,,,,,,,,,,,,,,,,,,
21,measured,3,telemetry,tmpfs,1,1000000,20260817,1000,True,12.114791273023002,82543.72506002492,10.324230585247278,10.161351470742375,10.631767043378204,15.079462563153356,1000000,1000000,1000,0.057072997093200684,12.23102963308338,81759.26557279586,64000,100,64000,6400000,14.88746555102989,4298.918427762379,0.16387064957234543,0.1629350008442998,0.1703089801594615,0.1786049793008715,,trial-0021.json,9.397602999999998,2.53543,30724,0,2990,111,11.933032999999998,0.9849969950842042,39300,1,102,0,2,0,0,0,0,9.977955,0.850514,3773,0,126336,22,10.828469,0.727354764508651,39300,1,99,0,2,0,0,0,0,postgres-telemetry,20260930T220313Z-9a86d46a,postgres,nid004158,59136230,3.11.7,16.12 (Debian 16.12-1.pgdg13+1),2026-09-30T22:09:52.862628+00:00,postgresql_automatic_plus_explicit_final_checkpoint,warm_after_write_checkpoint_and_validation,native,postgresql,,,native,shifter,e4842c8a99ca99339e1693e6fe5fe62c7becb31991f066f989047dfb2fbf47af,16.12 (Debian 16.12-1.pgdg13+1),3.3.6,180006,client_processes_only,not_collected,,,,,,,,,,,,,,,,,,,,,,,,,,,,,,,
22,measured,3,telemetry,tmpfs,16,1000000,20260817,1000,True,3.760358400992118,265932.0983170551,55.898077818681486,56.96481198538095,67.07338663982227,70.40583880851045,1000000,1000000,1000,0.05924789304845035,3.8855276430258527,257365.30321561437,64000,100,64000,6400000,1.4845837240573019,43109.727638055214,0.2364847782864672,0.2129569766111672,0.3366315795574338,0.41498408303596124,,trial-0022.json,12.528074999999998,3.1244989999999997,36944,0,5959,84,15.652574000000001,4.162521847882981,39300,16,1587,0,32,0,0,0,0,12.8814,1.1321750000000002,14271,7,116539,98,14.013575,9.439396898210305,39300,16,1584,0,32,0,0,0,0,postgres-telemetry,20260930T220313Z-9a86d46a,postgres,nid004158,59136230,3.11.7,16.12 (Debian 16.12-1.pgdg13+1),2026-09-30T22:10:23.767218+00:00,postgresql_automatic_plus_explicit_final_checkpoint,warm_after_write_checkpoint_and_validation,native,postgresql,,,native,shifter,e4842c8a99ca99339e1693e6fe5fe62c7becb31991f066f989047dfb2fbf47af,16.12 (Debian 16.12-1.pgdg13+1),3.3.6,180006,client_processes_only,not_collected,,,,,,,,,,,,,,,,,,,,,,,,,,,,,,,
23,measured,3,telemetry,tmpfs,64,1000000,20260817,1000,True,3.6953725629718974,270608.7093951303,228.43361536681186,226.65985400089994,286.9018906727433,306.85841868515126,1000000,1000000,1000,0.06215897190850228,3.8846542639657855,257423.1661427483,64000,100,64000,6400000,0.550641585025005,116228.05421986738,0.34477287739355233,0.352732022292912,0.49630255089141445,0.6555391370784494,,trial-0023.json,12.576419000000001,2.913817,24826,8,6053,279,15.490236000000003,4.191792772185987,39300,64,6339,0,128,0,0,0,0,18.14961,1.3160789999999998,3726,6,70077,21377,19.465688999999994,35.35092432061055,39300,64,6336,0,128,0,0,0,0,postgres-telemetry,20260930T220313Z-9a86d46a,postgres,nid004158,59136230,3.11.7,16.12 (Debian 16.12-1.pgdg13+1),2026-09-30T22:10:33.166580+00:00,postgresql_automatic_plus_explicit_final_checkpoint,warm_after_write_checkpoint_and_validation,native,postgresql,,,native,shifter,e4842c8a99ca99339e1693e6fe5fe62c7becb31991f066f989047dfb2fbf47af,16.12 (Debian 16.12-1.pgdg13+1),3.3.6,180006,client_processes_only,not_collected,,,,,,,,,,,,,,,,,,,,,,,,,,,,,,,
24,measured,3,telemetry,lustre,16,1000000,20260817,1000,True,4.390701354946941,227754.046371957,66.5969994503539,65.62899798154831,88.47964984015562,96.29723532008937,1000000,1000000,1000,0.4248031990136951,4.8964073959505185,204231.37192935194,64000,100,64000,6400000,1.5379211149411276,41614.61818699976,0.2424488871001813,0.21652900613844395,0.34446806530468177,0.42531621758826144,,trial-0024.json,12.756946,3.2865309999999996,37482,2,5962,15299,16.043477,3.653966804625425,39300,16,1587,0,32,0,0,0,0,12.539183000000001,0.948849,9925,5,120644,221,13.488032000000002,8.770301590219296,39300,16,1584,0,32,0,0,0,0,postgres-telemetry,20260930T220313Z-9a86d46a,postgres,nid004158,59136230,3.11.7,16.12 (Debian 16.12-1.pgdg13+1),2026-09-30T22:10:43.184293+00:00,postgresql_automatic_plus_explicit_final_checkpoint,warm_after_write_checkpoint_and_validation,native,postgresql,,,native,shifter,e4842c8a99ca99339e1693e6fe5fe62c7becb31991f066f989047dfb2fbf47af,16.12 (Debian 16.12-1.pgdg13+1),3.3.6,180006,client_processes_only,not_collected,,,,,,,,,,,,,,,,,,,,,,,,,,,,,,,
25,measured,4,telemetry,tmpfs,1,1000000,20260818,1000,True,11.909887762973085,83963.84751071477,10.221614821697585,10.113123513292521,10.41103052557446,15.005180608714,1000000,1000000,1000,0.048480719910003245,12.002525229938328,83315.80070381059,64000,100,64000,6400000,15.031084196991287,4257.843224164138,0.16813183038539137,0.16217399388551712,0.20707992371171713,0.21563714253716174,,trial-0025.json,9.201725,2.530466,13721,0,2997,70,11.732191,0.9850798960905803,39300,1,102,0,2,0,0,0,0,10.034163,0.704213,2206,0,127855,13,10.738375999999999,0.7144112732832311,39300,1,99,0,2,0,0,0,0,postgres-telemetry,20260930T220313Z-9a86d46a,postgres,nid004158,59136230,3.11.7,16.12 (Debian 16.12-1.pgdg13+1),2026-09-30T22:10:56.212850+00:00,postgresql_automatic_plus_explicit_final_checkpoint,warm_after_write_checkpoint_and_validation,native,postgresql,,,native,shifter,e4842c8a99ca99339e1693e6fe5fe62c7becb31991f066f989047dfb2fbf47af,16.12 (Debian 16.12-1.pgdg13+1),3.3.6,180006,client_processes_only,not_collected,,,,,,,,,,,,,,,,,,,,,,,,,,,,,,,
26,measured,4,telemetry,lustre,16,1000000,20260818,1000,True,4.437107939971611,225372.02464504348,67.03345390583854,64.86488605150953,94.7071058617439,117.78262664796782,1000000,1000000,1000,0.45089729700703174,4.98757255601231,200498.33636897008,64000,100,64000,6400000,1.4793900789227337,43261.07151306821,0.24555067949404474,0.21914404351264238,0.3531544760335237,0.4311430803500116,,trial-0026.json,13.244124999999999,3.1750259999999995,35837,1,5951,19130,16.419151,3.70041730382269,39300,16,1587,0,32,0,0,0,0,12.916014,0.9142650000000001,14035,5,117691,414,13.830278999999999,9.348635763510709,39300,16,1584,0,32,0,0,0,0,postgres-telemetry,20260930T220313Z-9a86d46a,postgres,nid004158,59136230,3.11.7,16.12 (Debian 16.12-1.pgdg13+1),2026-09-30T22:11:27.051136+00:00,postgresql_automatic_plus_explicit_final_checkpoint,warm_after_write_checkpoint_and_validation,native,postgresql,,,native,shifter,e4842c8a99ca99339e1693e6fe5fe62c7becb31991f066f989047dfb2fbf47af,16.12 (Debian 16.12-1.pgdg13+1),3.3.6,180006,client_processes_only,not_collected,,,,,,,,,,,,,,,,,,,,,,,,,,,,,,,
27,measured,4,telemetry,lustre,64,1000000,20260818,1000,True,4.393298154929653,227619.42502762197,271.0373200471513,258.99746996583417,393.1495376687962,462.04090875573456,1000000,1000000,1000,0.44061767600942403,4.941325986990705,202374.8286659803,64000,100,64000,6400000,0.48632874991744757,131598.22447441932,0.3363563147104287,0.3239064244553447,0.47129156300798064,0.6952209561131907,,trial-0027.json,12.863576999999994,3.10227,24786,4,6491,13459,15.965846999999998,3.6341369142189826,41348,64,6339,0,128,0,0,0,0,16.503126,1.186346,3717,13,107305,818,17.689472000000002,36.373486048280554,41348,64,6336,0,128,0,0,0,0,postgres-telemetry,20260930T220313Z-9a86d46a,postgres,nid004158,59136230,3.11.7,16.12 (Debian 16.12-1.pgdg13+1),2026-09-30T22:11:39.888612+00:00,postgresql_automatic_plus_explicit_final_checkpoint,warm_after_write_checkpoint_and_validation,native,postgresql,,,native,shifter,e4842c8a99ca99339e1693e6fe5fe62c7becb31991f066f989047dfb2fbf47af,16.12 (Debian 16.12-1.pgdg13+1),3.3.6,180006,client_processes_only,not_collected,,,,,,,,,,,,,,,,,,,,,,,,,,,,,,,
28,measured,4,telemetry,lustre,1,1000000,20260818,1000,True,15.815263196011074,63230.05742024072,13.866471474175341,13.317906006705016,14.122100034728646,43.04941287497058,1000000,1000000,1000,0.4386479579843581,16.314719352987595,61294.34275661489,64000,100,64000,6400000,15.757931799045764,4061.4466933963745,0.17937762104338617,0.17529894830659032,0.21703050006181004,0.22808121517300609,,trial-0028.json,10.700371,2.72402,23296,0,3040,5888,13.424391,0.8488250137617628,41348,1,102,0,2,0,0,0,0,10.115976999999999,0.731995,3352,0,127742,165,10.847971999999999,0.688413437647757,41348,1,99,0,2,0,0,0,0,postgres-telemetry,20260930T220313Z-9a86d46a,postgres,nid004158,59136230,3.11.7,16.12 (Debian 16.12-1.pgdg13+1),2026-09-30T22:11:53.374762+00:00,postgresql_automatic_plus_explicit_final_checkpoint,warm_after_write_checkpoint_and_validation,native,postgresql,,,native,shifter,e4842c8a99ca99339e1693e6fe5fe62c7becb31991f066f989047dfb2fbf47af,16.12 (Debian 16.12-1.pgdg13+1),3.3.6,180006,client_processes_only,not_collected,,,,,,,,,,,,,,,,,,,,,,,,,,,,,,,
29,measured,4,telemetry,tmpfs,64,1000000,20260818,1000,True,3.6437915209680796,274439.4113234889,225.82919496716931,225.14800197677687,274.66142488992773,293.5363665979821,1000000,1000000,1000,0.060267554013989866,3.8298460990190506,261107.0978168373,64000,100,64000,6400000,0.5540802979376167,115506.7239138788,0.3496228025887831,0.34265301655977964,0.501422997331247,0.662652550963685,,trial-0029.json,12.875804999999998,2.9971820000000005,24805,3,6020,412,15.872986999999998,4.356173208225392,41348,64,6339,0,128,0,0,0,0,18.2022,1.416047,3727,3,87610,8647,19.618247,35.40686624848877,41348,64,6336,0,128,0,0,0,0,postgres-telemetry,20260930T220313Z-9a86d46a,postgres,nid004158,59136230,3.11.7,16.12 (Debian 16.12-1.pgdg13+1),2026-09-30T22:12:31.655856+00:00,postgresql_automatic_plus_explicit_final_checkpoint,warm_after_write_checkpoint_and_validation,native,postgresql,,,native,shifter,e4842c8a99ca99339e1693e6fe5fe62c7becb31991f066f989047dfb2fbf47af,16.12 (Debian 16.12-1.pgdg13+1),3.3.6,180006,client_processes_only,not_collected,,,,,,,,,,,,,,,,,,,,,,,,,,,,,,,
30,measured,4,telemetry,tmpfs,16,1000000,20260818,1000,True,3.7226696360157803,268624.4275681306,55.77015627734363,56.73247203230858,66.36927629006095,69.92333538713865,1000000,1000000,1000,0.06896074605174363,3.863907121005468,258805.3927496527,64000,100,64000,6400000,1.3343527760589495,47963.32810055366,0.22347118989637238,0.2043849672190845,0.2923965570516885,0.3471112251281739,,trial-0030.json,12.259705000000002,2.983107,38979,2,5950,103,15.242811999999999,4.094591648028631,41348,16,1587,0,32,0,0,0,0,12.101975999999997,1.038577,11206,1,114632,72,13.140553,9.847885233776793,41348,16,1584,0,32,0,0,0,0,postgres-telemetry,20260930T220313Z-9a86d46a,postgres,nid004158,59136230,3.11.7,16.12 (Debian 16.12-1.pgdg13+1),2026-09-30T22:12:41.613787+00:00,postgresql_automatic_plus_explicit_final_checkpoint,warm_after_write_checkpoint_and_validation,native,postgresql,,,native,shifter,e4842c8a99ca99339e1693e6fe5fe62c7becb31991f066f989047dfb2fbf47af,16.12 (Debian 16.12-1.pgdg13+1),3.3.6,180006,client_processes_only,not_collected,,,,,,,,,,,,,,,,,,,,,,,,,,,,,,,
31,measured,5,telemetry,tmpfs,64,1000000,20260819,1000,True,3.7097960399696603,269556.5980517296,230.3099706962239,228.753621049691,284.49135360424407,297.29799244203605,1000000,1000000,1000,0.06018578598741442,3.882114624022506,257591.56976252192,64000,100,64000,6400000,0.47341641900129616,135187.537717877,0.3193915968749934,0.30776497442275286,0.4088434507139029,0.607867379439995,,trial-0031.json,13.081101999999996,2.9516450000000005,24844,4,6048,214,16.032747,4.321732738744074,41348,64,6339,0,128,0,0,0,0,17.744625999999997,1.5981519999999998,3729,4,92869,176,19.342778000000003,40.857852038180035,41348,64,6336,0,128,0,0,0,0,postgres-telemetry,20260930T220313Z-9a86d46a,postgres,nid004158,59136230,3.11.7,16.12 (Debian 16.12-1.pgdg13+1),2026-09-30T22:12:50.876605+00:00,postgresql_automatic_plus_explicit_final_checkpoint,warm_after_write_checkpoint_and_validation,native,postgresql,,,native,shifter,e4842c8a99ca99339e1693e6fe5fe62c7becb31991f066f989047dfb2fbf47af,16.12 (Debian 16.12-1.pgdg13+1),3.3.6,180006,client_processes_only,not_collected,,,,,,,,,,,,,,,,,,,,,,,,,,,,,,,
32,measured,5,telemetry,tmpfs,1,1000000,20260819,1000,True,12.10559377190657,82606.43953877737,10.303823820548132,10.164507490117103,10.484738583909348,15.143297482281923,1000000,1000000,1000,0.056399505003355443,12.214433574932627,81870.35394357334,64000,100,64000,6400000,14.725143063929863,4346.307517838106,0.1639518942029099,0.16264407895505428,0.17085997969843447,0.17976692062802613,,trial-0032.json,9.355497,2.5669269999999997,31331,0,2989,38,11.922424,0.9848689973116683,41348,1,102,0,2,0,0,0,0,9.917785,0.7237429999999999,3750,0,122258,22,10.641528000000001,0.7226773929325735,41348,1,99,0,2,0,0,0,0,postgres-telemetry,20260930T220313Z-9a86d46a,postgres,nid004158,59136230,3.11.7,16.12 (Debian 16.12-1.pgdg13+1),2026-09-30T22:13:01.088510+00:00,postgresql_automatic_plus_explicit_final_checkpoint,warm_after_write_checkpoint_and_validation,native,postgresql,,,native,shifter,e4842c8a99ca99339e1693e6fe5fe62c7becb31991f066f989047dfb2fbf47af,16.12 (Debian 16.12-1.pgdg13+1),3.3.6,180006,client_processes_only,not_collected,,,,,,,,,,,,,,,,,,,,,,,,,,,,,,,
33,measured,5,telemetry,lustre,1,1000000,20260819,1000,True,16.196256113937125,61742.6640431726,14.212403137353249,13.479754445143044,15.57369967922568,42.98381631029769,1000000,1000000,1000,0.4208160659763962,16.66315291891806,60012.652159284764,64000,100,64000,6400000,15.774695999105461,4057.1304831249527,0.17962440645533206,0.17289398238062859,0.21729001309722662,0.22593709407374266,,trial-0033.json,11.105699,2.7110399999999997,33365,0,2990,6282,13.816738999999998,0.8530822742492004,41348,1,102,0,2,0,0,0,0,9.906171,0.979698,2483,0,127699,16,10.885869,0.6900842336750773,41348,1,99,0,2,0,0,0,0,postgres-telemetry,20260930T220313Z-9a86d46a,postgres,nid004158,59136230,3.11.7,16.12 (Debian 16.12-1.pgdg13+1),2026-09-30T22:13:31.927354+00:00,postgresql_automatic_plus_explicit_final_checkpoint,warm_after_write_checkpoint_and_validation,native,postgresql,,,native,shifter,e4842c8a99ca99339e1693e6fe5fe62c7becb31991f066f989047dfb2fbf47af,16.12 (Debian 16.12-1.pgdg13+1),3.3.6,180006,client_processes_only,not_collected,,,,,,,,,,,,,,,,,,,,,,,,,,,,,,,
34,measured,5,telemetry,lustre,16,1000000,20260819,1000,True,4.240645151003264,235813.17568234095,64.4490035920171,63.73169500147924,90.42340472224167,99.52861077268608,1000000,1000000,1000,0.44678491703234613,4.771110162022524,209594.82511216836,64000,100,64000,6400000,1.6674190210178494,38382.67357711454,0.27854927789303474,0.269430922344327,0.3763985878322274,0.45580172562040405,,trial-0034.json,12.954197,3.192412,39177,2,5934,15242,16.146608999999998,3.8075831447910673,41348,16,1587,0,32,0,0,0,0,14.783082000000002,1.0258189999999998,15075,5,112300,234,15.808901,9.481060729623744,41348,16,1584,0,32,0,0,0,0,postgres-telemetry,20260930T220313Z-9a86d46a,postgres,nid004158,59136230,3.11.7,16.12 (Debian 16.12-1.pgdg13+1),2026-09-30T22:14:10.571497+00:00,postgresql_automatic_plus_explicit_final_checkpoint,warm_after_write_checkpoint_and_validation,native,postgresql,,,native,shifter,e4842c8a99ca99339e1693e6fe5fe62c7becb31991f066f989047dfb2fbf47af,16.12 (Debian 16.12-1.pgdg13+1),3.3.6,180006,client_processes_only,not_collected,,,,,,,,,,,,,,,,,,,,,,,,,,,,,,,
35,measured,5,telemetry,tmpfs,16,1000000,20260819,1000,True,2.879325937014073,347303.50848609477,42.303099547862075,42.96725749736652,51.16266858531162,53.820346342399716,1000000,1000000,1000,0.05641036597080529,3.0013170139864087,333187.06265946233,64000,100,64000,6400000,1.4693363859551027,43557.0782917749,0.24406267710583052,0.2361620427109301,0.34122094511985784,0.3625712799839676,,trial-0035.json,12.704196999999997,3.050343,38581,5,5896,112,15.754539999999999,5.471607016584519,41348,16,1587,0,32,0,0,0,0,13.653481000000003,1.0050029999999999,13578,8,115409,206,14.658484000000003,9.976261487917656,41348,16,1584,0,32,0,0,0,0,postgres-telemetry,20260930T220313Z-9a86d46a,postgres,nid004158,59136230,3.11.7,16.12 (Debian 16.12-1.pgdg13+1),2026-09-30T22:14:23.487849+00:00,postgresql_automatic_plus_explicit_final_checkpoint,warm_after_write_checkpoint_and_validation,native,postgresql,,,native,shifter,e4842c8a99ca99339e1693e6fe5fe62c7becb31991f066f989047dfb2fbf47af,16.12 (Debian 16.12-1.pgdg13+1),3.3.6,180006,client_processes_only,not_collected,,,,,,,,,,,,,,,,,,,,,,,,,,,,,,,
36,measured,5,telemetry,lustre,64,1000000,20260819,1000,True,4.13360320602078,241919.68850407674,249.10217425436713,246.76603748230264,336.456564994296,610.1327247335576,1000000,1000000,1000,0.45156337798107415,4.664618490962312,214379.80446578813,64000,100,64000,6400000,0.4845472270390019,132082.0684313782,0.331651608194079,0.3173940349370241,0.46976248850114666,0.6719428405631339,,trial-0036.json,12.70142,3.1290089999999995,24835,35,6353,14841,15.830428999999997,3.829692452565902,41348,64,6339,0,128,0,0,0,0,16.267128,1.193198,3686,57,107309,591,17.460326,36.03431208697144,41348,64,6336,0,128,0,0,0,0,postgres-telemetry,20260930T220313Z-9a86d46a,postgres,nid004158,59136230,3.11.7,16.12 (Debian 16.12-1.pgdg13+1),2026-09-30T22:14:32.005948+00:00,postgresql_automatic_plus_explicit_final_checkpoint,warm_after_write_checkpoint_and_validation,native,postgresql,,,native,shifter,e4842c8a99ca99339e1693e6fe5fe62c7becb31991f066f989047dfb2fbf47af,16.12 (Debian 16.12-1.pgdg13+1),3.3.6,180006,client_processes_only,not_collected,,,,,,,,,,,,,,,,,,,,,,,,,,,,,,,
1,warmup,1,metadata,tmpfs,16,1000000,20260813,1000,True,1.4563000199850649,686671.6928358317,21.62932867661584,20.914346969220787,34.814842022024095,77.73456079652533,1000000,1000000,1000,,1.4563000199850649,686671.6928358317,1024,100,1024,102400,10.167432203073986,100.71372786635425,157.2698126716432,157.83538855612278,182.14008949580602,284.38957792823203,,trial-0001.json,3.911486,0.099024,3064,2,1001,32,4.01051,2.753903690835031,19756,16,1584,0,32,0,0,0,0,0.8568189999999999,0.08127199999999998,596,1,1238,22,0.9380909999999999,0.09226429852331651,21636,16,1584,0,32,0,0,0,0,influx-metadata,20261002T060120Z-6d8d2b02,influx,nid004584,59188702,3.11.7,2.9.1,2026-10-02T06:01:20.093843+00:00,no_explicit_checkpoint_API_used,warm_after_acknowledged_writes_and_validation_no_checkpoint,native,influxdb,,,native,shifter,db0bdab1e5ad5ee899c127b8c13d9c986a3ced78cd9200dd80a1064bf1533b6e,,python_stdlib_http.client,,client_processes_only,not_collected,,,,,,,,,,,,,,,,,,,,False,2.9.1,1,1000000,1000,HTTP_batch_request_not_SQL_transaction,synchronous_HTTP_204_acknowledgements,0s,True,0.26408717094454914,0,0
2,warmup,1,metadata,tmpfs,1,1000000,20260813,1000,True,11.154980223043822,89646.05763569282,9.959581030649133,9.496420563664287,13.188918889500199,20.05696133128367,1000000,1000000,1000,,11.154980223043822,89646.05763569282,1024,100,1024,102400,69.54709799808916,14.72383506250879,67.87276744148585,67.62413453543559,86.41554844216444,91.61101704346947,,trial-0002.json,3.421612,0.07449399999999999,3243,0,1000,81,3.496106,0.3134121199764915,19152,1,102,0,2,0,0,0,0,0.757678,0.075472,45,0,1047,15,0.83315,0.011979651545243357,18668,1,99,0,2,0,0,0,0,influx-metadata,20261002T060120Z-6d8d2b02,influx,nid004584,59188702,3.11.7,2.9.1,2026-10-02T06:01:46.834473+00:00,no_explicit_checkpoint_API_used,warm_after_acknowledged_writes_and_validation_no_checkpoint,native,influxdb,,,native,shifter,db0bdab1e5ad5ee899c127b8c13d9c986a3ced78cd9200dd80a1064bf1533b6e,,python_stdlib_http.client,,client_processes_only,not_collected,,,,,,,,,,,,,,,,,,,,False,2.9.1,1,1000000,1000,HTTP_batch_request_not_SQL_transaction,synchronous_HTTP_204_acknowledgements,0s,True,0.2641943290363997,0,0
3,warmup,1,metadata,lustre,16,1000000,20260813,1000,True,1.5557806439464912,642764.135092552,23.335103251039982,21.93461504066363,35.8041715750005,134.85651488299482,1000000,1000000,1000,,1.5557806439464912,642764.135092552,1024,100,1024,102400,10.378978693042882,98.66095983860107,160.35619310798666,160.28501751134172,185.25318813626654,269.27955150953494,,trial-0003.json,3.920191999999999,0.08180899999999999,3098,0,1000,1665,4.002001,2.572342711404528,19596,16,1587,0,32,0,0,0,0,0.8401919999999999,0.09019699999999997,596,0,1242,21,0.930389,0.08964167164382443,19720,16,1584,0,32,0,0,0,0,influx-metadata,20261002T060120Z-6d8d2b02,influx,nid004584,59188702,3.11.7,2.9.1,2026-10-02T06:03:18.598107+00:00,no_explicit_checkpoint_API_used,warm_after_acknowledged_writes_and_validation_no_checkpoint,native,influxdb,,,native,shifter,db0bdab1e5ad5ee899c127b8c13d9c986a3ced78cd9200dd80a1064bf1533b6e,,python_stdlib_http.client,,client_processes_only,not_collected,,,,,,,,,,,,,,,,,,,,False,2.9.1,1,1000000,1000,HTTP_batch_request_not_SQL_transaction,synchronous_HTTP_204_acknowledgements,0s,True,0.3142218290595338,0,0
4,warmup,1,metadata,lustre,1,1000000,20260813,1000,True,12.676852889941074,78883.9318939709,11.561256580636837,11.017976037692279,14.933754183584815,21.46562219131738,1000000,1000000,1000,,12.676852889941074,78883.9318939709,1024,100,1024,102400,75.47122904495336,13.568084327738575,73.65767927490197,72.83932546852157,94.25164737040177,101.58739947364663,,trial-0004.json,3.409394,0.062882,3075,0,1000,96,3.472276,0.27390678350106973,19580,1,102,0,2,0,0,0,0,0.786136,0.053912,45,0,1043,25,0.8400479999999999,0.01113070517905091,19612,1,99,0,2,0,0,0,0,influx-metadata,20261002T060120Z-6d8d2b02,influx,nid004584,59188702,3.11.7,2.9.1,2026-10-02T06:03:42.023144+00:00,no_explicit_checkpoint_API_used,warm_after_acknowledged_writes_and_validation_no_checkpoint,native,influxdb,,,native,shifter,db0bdab1e5ad5ee899c127b8c13d9c986a3ced78cd9200dd80a1064bf1533b6e,,python_stdlib_http.client,,client_processes_only,not_collected,,,,,,,,,,,,,,,,,,,,False,2.9.1,1,1000000,1000,HTTP_batch_request_not_SQL_transaction,synchronous_HTTP_204_acknowledgements,0s,True,0.3142645410262048,0,0
5,warmup,1,metadata,lustre,64,1000000,20260813,1000,True,1.2901425870368257,775108.1237437332,76.22333997825626,64.78800653712824,231.53135440079492,288.1153216678649,1000000,1000000,1000,,1.2901425870368257,775108.1237437332,1024,100,1024,102400,7.85166067793034,130.4182697143659,481.9238857436403,485.3651575394906,579.6494627487846,612.400787497172,,trial-0005.json,4.127124,0.130127,12408,3,1001,2058,4.257250999999999,3.2998298349161312,20568,64,6339,0,128,0,0,0,0,0.8022259999999998,0.12370500000000001,2379,3,1598,17,0.9259310000000002,0.1179280457957935,18780,64,6336,0,128,0,0,0,0,influx-metadata,20261002T060120Z-6d8d2b02,influx,nid004584,59188702,3.11.7,2.9.1,2026-10-02T06:05:21.412273+00:00,no_explicit_checkpoint_API_used,warm_after_acknowledged_writes_and_validation_no_checkpoint,native,influxdb,,,native,shifter,db0bdab1e5ad5ee899c127b8c13d9c986a3ced78cd9200dd80a1064bf1533b6e,,python_stdlib_http.client,,client_processes_only,not_collected,,,,,,,,,,,,,,,,,,,,False,2.9.1,1,1000000,1000,HTTP_batch_request_not_SQL_transaction,synchronous_HTTP_204_acknowledgements,0s,True,0.26401227700989693,0,0
6,warmup,1,metadata,tmpfs,64,1000000,20260813,1000,True,1.1826089889509603,845588.0255798287,71.03711997694336,66.15657906513661,148.63975683692803,173.73736035660838,1000000,1000000,1000,,1.1826089889509603,845588.0255798287,1024,100,1024,102400,7.169996632030234,142.81736136744144,442.13885185558865,440.8402660046704,537.0643845468294,563.2826699665746,,trial-0006.json,4.025345999999999,0.15614299999999998,12382,4,1003,71,4.181488999999997,3.53581702749377,19804,64,6339,0,128,0,0,0,0,0.826034,0.08194500000000003,2375,4,1511,19,0.9079789999999999,0.1266359032783673,19464,64,6336,0,128,0,0,0,0,influx-metadata,20261002T060120Z-6d8d2b02,influx,nid004584,59188702,3.11.7,2.9.1,2026-10-02T06:05:43.616122+00:00,no_explicit_checkpoint_API_used,warm_after_acknowledged_writes_and_validation_no_checkpoint,native,influxdb,,,native,shifter,db0bdab1e5ad5ee899c127b8c13d9c986a3ced78cd9200dd80a1064bf1533b6e,,python_stdlib_http.client,,client_processes_only,not_collected,,,,,,,,,,,,,,,,,,,,False,2.9.1,1,1000000,1000,HTTP_batch_request_not_SQL_transaction,synchronous_HTTP_204_acknowledgements,0s,True,0.21440833795350045,0,0
7,measured,1,metadata,lustre,16,1000000,20260815,1000,True,1.5965049179503694,626368.2552784263,23.750429144361988,21.673303504940122,36.46945433574729,147.6148541632574,1000000,1000000,1000,,1.5965049179503694,626368.2552784263,1024,100,1024,102400,10.5260943089379,97.28204687758715,163.07048916974054,162.99837303813547,189.92800495470874,295.79879497992806,,trial-0007.json,3.8949879999999992,0.10943100000000001,3084,1,1000,1821,4.0044189999999995,2.50824094243378,19592,16,1587,0,32,0,0,0,0,0.863745,0.05579499999999999,596,1,1243,30,0.9195399999999999,0.0873581380720864,18392,16,1584,0,32,0,0,0,0,influx-metadata,20261002T060120Z-6d8d2b02,influx,nid004584,59188702,3.11.7,2.9.1,2026-10-02T06:06:04.345048+00:00,no_explicit_checkpoint_API_used,warm_after_acknowledged_writes_and_validation_no_checkpoint,native,influxdb,,,native,shifter,db0bdab1e5ad5ee899c127b8c13d9c986a3ced78cd9200dd80a1064bf1533b6e,,python_stdlib_http.client,,client_processes_only,not_collected,,,,,,,,,,,,,,,,,,,,False,2.9.1,1,1000000,1000,HTTP_batch_request_not_SQL_transaction,synchronous_HTTP_204_acknowledgements,0s,True,0.3143642640206963,0,0
8,measured,1,metadata,lustre,64,1000000,20260815,1000,True,1.3353875629836693,748846.2733363267,78.66959574550856,66.16666907211766,232.72955600987189,308.18760816473514,1000000,1000000,1000,,1.3353875629836693,748846.2733363267,1024,100,1024,102400,7.905113097047433,129.5364136387201,485.9672257365446,488.8136385125108,588.4621012082789,615.9540032420772,,trial-0008.json,4.049497999999999,0.17553400000000005,12407,2,1000,2725,4.225032000000001,3.1638994679267274,19876,64,6339,0,128,0,0,0,0,0.7916980000000001,0.13300799999999996,2376,5,1552,24,0.924706,0.11697568252949835,18820,64,6336,0,128,0,0,0,0,influx-metadata,20261002T060120Z-6d8d2b02,influx,nid004584,59188702,3.11.7,2.9.1,2026-10-02T06:06:27.980946+00:00,no_explicit_checkpoint_API_used,warm_after_acknowledged_writes_and_validation_no_checkpoint,native,influxdb,,,native,shifter,db0bdab1e5ad5ee899c127b8c13d9c986a3ced78cd9200dd80a1064bf1533b6e,,python_stdlib_http.client,,client_processes_only,not_collected,,,,,,,,,,,,,,,,,,,,False,2.9.1,1,1000000,1000,HTTP_batch_request_not_SQL_transaction,synchronous_HTTP_204_acknowledgements,0s,True,0.4143499389756471,0,0
9,measured,1,metadata,tmpfs,64,1000000,20260815,1000,True,1.2005805909866467,832930.3401266816,72.30745767243207,67.22717505181208,151.2060877517797,182.75024069356732,1000000,1000000,1000,,1.2005805909866467,832930.3401266816,1024,100,1024,102400,7.400245019001886,138.3737967284376,454.11869402937555,455.96333348657936,543.9031011250336,583.2830486388411,,trial-0009.json,4.1203199999999995,0.13066699999999998,12489,2,1000,67,4.250986999999999,3.5407760477841013,18812,64,6339,0,128,0,0,0,0,0.8130109999999998,0.09997700000000001,2381,2,1557,25,0.9129880000000002,0.12337267180420199,18376,64,6336,0,128,0,0,0,0,influx-metadata,20261002T060120Z-6d8d2b02,influx,nid004584,59188702,3.11.7,2.9.1,2026-10-02T06:06:49.988729+00:00,no_explicit_checkpoint_API_used,warm_after_acknowledged_writes_and_validation_no_checkpoint,native,influxdb,,,native,shifter,db0bdab1e5ad5ee899c127b8c13d9c986a3ced78cd9200dd80a1064bf1533b6e,,python_stdlib_http.client,,client_processes_only,not_collected,,,,,,,,,,,,,,,,,,,,False,2.9.1,1,1000000,1000,HTTP_batch_request_not_SQL_transaction,synchronous_HTTP_204_acknowledgements,0s,True,0.3158733950695023,0,0
10,measured,1,metadata,lustre,1,1000000,20260815,1000,True,12.699036738020368,78746.1301695461,11.547072823508643,10.973521508276463,15.137303672963752,21.555981133133173,1000000,1000000,1000,,12.699036738020368,78746.1301695461,1024,100,1024,102400,77.1706500359578,13.26929343633707,75.31432366170066,74.2899559554644,94.55501487245783,100.69760676589793,,trial-0010.json,3.455748,0.06416,3516,0,1000,90,3.519908,0.2771791335528267,19160,1,102,0,2,0,0,0,0,0.8012739999999999,0.075267,45,0,1040,19,0.8765409999999999,0.011358476306621417,18608,1,99,0,2,0,0,0,0,influx-metadata,20261002T060120Z-6d8d2b02,influx,nid004584,59188702,3.11.7,2.9.1,2026-10-02T06:07:11.130158+00:00,no_explicit_checkpoint_API_used,warm_after_acknowledged_writes_and_validation_no_checkpoint,native,influxdb,,,native,shifter,db0bdab1e5ad5ee899c127b8c13d9c986a3ced78cd9200dd80a1064bf1533b6e,,python_stdlib_http.client,,client_processes_only,not_collected,,,,,,,,,,,,,,,,,,,,False,2.9.1,1,1000000,1000,HTTP_batch_request_not_SQL_transaction,synchronous_HTTP_204_acknowledgements,0s,True,0.3645948659395799,0,0
11,measured,1,metadata,tmpfs,1,1000000,20260815,1000,True,11.210564619977959,89201.57314984249,10.030981432995759,9.557744022458792,13.974982924992213,20.009343627607446,1000000,1000000,1000,,11.210564619977959,89201.57314984249,1024,100,1024,102400,69.59841938503087,14.71297780966906,67.92260564077424,67.09374894853681,86.35694907279685,92.29713804321362,,trial-0011.json,3.501346,0.062551,3762,0,1000,101,3.563897,0.3179052189440042,20164,1,102,0,2,0,0,0,0,0.7442949999999999,0.08935099999999999,45,0,1043,32,0.8336459999999999,0.011977944432733761,18656,1,99,0,2,0,0,0,0,influx-metadata,20261002T060120Z-6d8d2b02,influx,nid004584,59188702,3.11.7,2.9.1,2026-10-02T06:08:52.157592+00:00,no_explicit_checkpoint_API_used,warm_after_acknowledged_writes_and_validation_no_checkpoint,native,influxdb,,,native,shifter,db0bdab1e5ad5ee899c127b8c13d9c986a3ced78cd9200dd80a1064bf1533b6e,,python_stdlib_http.client,,client_processes_only,not_collected,,,,,,,,,,,,,,,,,,,,False,2.9.1,1,1000000,1000,HTTP_batch_request_not_SQL_transaction,synchronous_HTTP_204_acknowledgements,0s,True,0.41502086201217026,0,0
12,measured,1,metadata,tmpfs,16,1000000,20260815,1000,True,1.416128069977276,706150.8215256594,21.185807729139924,20.60397044988349,35.676550923381,74.91369427531026,1000000,1000000,1000,,1.416128069977276,706150.8215256594,1024,100,1024,102400,10.008356145001017,102.31450451645533,153.85845872015125,154.816911497619,179.31296520400792,269.696938295383,,trial-0012.json,3.8874749999999993,0.08012200000000001,3134,1,1000,35,3.967596999999999,2.801721881032741,19396,16,1587,0,32,0,0,0,0,0.8486,0.072401,594,3,1243,18,0.921001,0.092023204076328,19720,16,1584,0,32,0,0,0,0,influx-metadata,20261002T060120Z-6d8d2b02,influx,nid004584,59188702,3.11.7,2.9.1,2026-10-02T06:10:24.078333+00:00,no_explicit_checkpoint_API_used,warm_after_acknowledged_writes_and_validation_no_checkpoint,native,influxdb,,,native,shifter,db0bdab1e5ad5ee899c127b8c13d9c986a3ced78cd9200dd80a1064bf1533b6e,,python_stdlib_http.client,,client_processes_only,not_collected,,,,,,,,,,,,,,,,,,,,False,2.9.1,1,1000000,1000,HTTP_batch_request_not_SQL_transaction,synchronous_HTTP_204_acknowledgements,0s,True,0.36453067895490676,0,0
13,measured,2,metadata,tmpfs,1,1000000,20260816,1000,True,11.215725464979187,89160.52761120751,10.032628568354994,9.54534305492416,14.076717110583544,20.269212146522477,1000000,1000000,1000,,11.215725464979187,89160.52761120751,1024,100,1024,102400,68.9200844799634,14.85778793985227,67.25934677092482,66.65572850033641,85.96241665654816,91.09815808944404,,trial-0013.json,3.4712780000000003,0.051383000000000005,3372,0,1000,91,3.5226610000000003,0.3140823133554239,19756,1,102,0,2,0,0,0,0,0.7952469999999999,0.05711499999999999,45,0,1045,30,0.852362,0.012367396332019883,19152,1,99,0,2,0,0,0,0,influx-metadata,20261002T060120Z-6d8d2b02,influx,nid004584,59188702,3.11.7,2.9.1,2026-10-02T06:10:46.872999+00:00,no_explicit_checkpoint_API_used,warm_after_acknowledged_writes_and_validation_no_checkpoint,native,influxdb,,,native,shifter,db0bdab1e5ad5ee899c127b8c13d9c986a3ced78cd9200dd80a1064bf1533b6e,,python_stdlib_http.client,,client_processes_only,not_collected,,,,,,,,,,,,,,,,,,,,False,2.9.1,1,1000000,1000,HTTP_batch_request_not_SQL_transaction,synchronous_HTTP_204_acknowledgements,0s,True,0.4159484899137169,0,0
14,measured,2,metadata,tmpfs,64,1000000,20260816,1000,True,1.1763369250111282,850096.5826525763,70.45938233600464,66.67765905149281,130.46637167572032,154.44904013187625,1000000,1000000,1000,,1.1763369250111282,850096.5826525763,1024,100,1024,102400,6.694166137021966,152.96901496614885,410.5226555753916,408.99428306147456,515.6301529961638,551.4343899337109,,trial-0014.json,4.3403670000000005,0.125916,12465,3,1000,43,4.466283000000001,3.796771915459297,17428,64,6339,0,128,0,0,0,0,0.8102879999999999,0.115509,2377,7,1539,20,0.925797,0.13829907729357002,18372,64,6336,0,128,0,0,0,0,influx-metadata,20261002T060120Z-6d8d2b02,influx,nid004584,59188702,3.11.7,2.9.1,2026-10-02T06:12:18.164366+00:00,no_explicit_checkpoint_API_used,warm_after_acknowledged_writes_and_validation_no_checkpoint,native,influxdb,,,native,shifter,db0bdab1e5ad5ee899c127b8c13d9c986a3ced78cd9200dd80a1064bf1533b6e,,python_stdlib_http.client,,client_processes_only,not_collected,,,,,,,,,,,,,,,,,,,,False,2.9.1,1,1000000,1000,HTTP_batch_request_not_SQL_transaction,synchronous_HTTP_204_acknowledgements,0s,True,0.3645406599389389,0,0
15,measured,2,metadata,tmpfs,16,1000000,20260816,1000,True,1.3967444309964776,715950.5903929549,20.699282099143602,19.816316023934633,32.41127822548151,73.04531852365471,1000000,1000000,1000,,1.3967444309964776,715950.5903929549,1024,100,1024,102400,9.766383017995395,104.84946147547076,150.12733464448047,151.76263795001432,174.27455263677984,269.6319866052363,,trial-0015.json,3.8524689999999993,0.08132899999999998,3073,1,1000,23,3.933798,2.816405000586625,20544,16,1587,0,32,0,0,0,0,0.809299,0.09545100000000001,596,0,1266,24,0.9047499999999999,0.09263920924798064,15432,16,1584,0,32,0,0,0,0,influx-metadata,20261002T060120Z-6d8d2b02,influx,nid004584,59188702,3.11.7,2.9.1,2026-10-02T06:12:38.548502+00:00,no_explicit_checkpoint_API_used,warm_after_acknowledged_writes_and_validation_no_checkpoint,native,influxdb,,,native,shifter,db0bdab1e5ad5ee899c127b8c13d9c986a3ced78cd9200dd80a1064bf1533b6e,,python_stdlib_http.client,,client_processes_only,not_collected,,,,,,,,,,,,,,,,,,,,False,2.9.1,1,1000000,1000,HTTP_batch_request_not_SQL_transaction,synchronous_HTTP_204_acknowledgements,0s,True,0.3140874159289524,0,0
16,measured,2,metadata,lustre,16,1000000,20260816,1000,True,1.5894764820113778,629137.9654353651,23.602528378134593,21.53416397050023,37.787795544136316,144.37640128890052,1000000,1000000,1000,,1.5894764820113778,629137.9654353651,1024,100,1024,102400,10.239314596052282,100.00669384597269,158.50402346563897,158.4468680084683,182.33711402863264,271.57625598600134,,trial-0016.json,3.9394329999999997,0.057969,3152,3,1002,1785,3.9974019999999992,2.514917361307259,19756,16,1587,0,32,0,0,0,0,0.828836,0.09820599999999997,594,1,1221,27,0.927042,0.09053750534800607,17632,16,1584,0,32,0,0,0,0,influx-metadata,20261002T060120Z-6d8d2b02,influx,nid004584,59188702,3.11.7,2.9.1,2026-10-02T06:13:00.907036+00:00,no_explicit_checkpoint_API_used,warm_after_acknowledged_writes_and_validation_no_checkpoint,native,influxdb,,,native,shifter,db0bdab1e5ad5ee899c127b8c13d9c986a3ced78cd9200dd80a1064bf1533b6e,,python_stdlib_http.client,,client_processes_only,not_collected,,,,,,,,,,,,,,,,,,,,False,2.9.1,1,1000000,1000,HTTP_batch_request_not_SQL_transaction,synchronous_HTTP_204_acknowledgements,0s,True,0.2640360030345619,0,0
17,measured,2,metadata,lustre,1,1000000,20260816,1000,True,12.590152313001454,79427.15664903684,11.459891343256459,10.915058548562229,14.392603334272263,21.75835757050663,1000000,1000000,1000,,12.590152313001454,79427.15664903684,1024,100,1024,102400,73.66890287504066,13.90003054256066,71.8978193096973,71.22031005565077,91.48831411730498,96.36010343325324,,trial-0017.json,3.429456,0.06897699999999998,3112,0,1000,105,3.498433,0.2778705859171599,19748,1,102,0,2,0,0,0,0,0.7630319999999999,0.073687,46,0,1048,17,0.836719,0.011357831694864075,19392,1,99,0,2,0,0,0,0,influx-metadata,20261002T060120Z-6d8d2b02,influx,nid004584,59188702,3.11.7,2.9.1,2026-10-02T06:13:24.099913+00:00,no_explicit_checkpoint_API_used,warm_after_acknowledged_writes_and_validation_no_checkpoint,native,influxdb,,,native,shifter,db0bdab1e5ad5ee899c127b8c13d9c986a3ced78cd9200dd80a1064bf1533b6e,,python_stdlib_http.client,,client_processes_only,not_collected,,,,,,,,,,,,,,,,,,,,False,2.9.1,1,1000000,1000,HTTP_batch_request_not_SQL_transaction,synchronous_HTTP_204_acknowledgements,0s,True,0.414525679894723,0,0
18,measured,2,metadata,lustre,64,1000000,20260816,1000,True,1.2996861070860177,769416.5495406166,77.2646198059665,66.61093450384215,238.49219332332723,296.743750104215,1000000,1000000,1000,,1.2996861070860177,769416.5495406166,1024,100,1024,102400,7.857020497089252,130.32930235823565,482.46396066508623,483.41190349310637,584.9343416979536,616.7153667577076,,trial-0018.json,3.965443,0.215883,12404,2,1001,2490,4.181326,3.217181423424468,19396,64,6339,0,128,0,0,0,0,0.7869599999999998,0.15778399999999998,2372,4,1569,40,0.9447439999999997,0.1202420179952431,18684,64,6336,0,128,0,0,0,0,influx-metadata,20261002T060120Z-6d8d2b02,influx,nid004584,59188702,3.11.7,2.9.1,2026-10-02T06:15:01.605760+00:00,no_explicit_checkpoint_API_used,warm_after_acknowledged_writes_and_validation_no_checkpoint,native,influxdb,,,native,shifter,db0bdab1e5ad5ee899c127b8c13d9c986a3ced78cd9200dd80a1064bf1533b6e,,python_stdlib_http.client,,client_processes_only,not_collected,,,,,,,,,,,,,,,,,,,,False,2.9.1,1,1000000,1000,HTTP_batch_request_not_SQL_transaction,synchronous_HTTP_204_acknowledgements,0s,True,0.31499868305400014,0,0
19,measured,3,metadata,lustre,1,1000000,20260817,1000,True,12.652883504983038,79033.36813353049,11.520039855968207,10.967228503432125,15.781720814993578,20.731153263477605,1000000,1000000,1000,,12.652883504983038,79033.36813353049,1024,100,1024,102400,75.56947808200493,13.550444253284331,73.7527798987685,72.81175197567791,93.07816596119665,100.60988343786448,,trial-0019.json,3.481609,0.076705,3444,0,1000,112,3.558314,0.28122554029669544,19856,1,102,0,2,0,0,0,0,0.79665,0.04092699999999999,45,0,1047,23,0.837577,0.011083535592122197,16828,1,99,0,2,0,0,0,0,influx-metadata,20261002T060120Z-6d8d2b02,influx,nid004584,59188702,3.11.7,2.9.1,2026-10-02T06:15:23.201169+00:00,no_explicit_checkpoint_API_used,warm_after_acknowledged_writes_and_validation_no_checkpoint,native,influxdb,,,native,shifter,db0bdab1e5ad5ee899c127b8c13d9c986a3ced78cd9200dd80a1064bf1533b6e,,python_stdlib_http.client,,client_processes_only,not_collected,,,,,,,,,,,,,,,,,,,,False,2.9.1,1,1000000,1000,HTTP_batch_request_not_SQL_transaction,synchronous_HTTP_204_acknowledgements,0s,True,0.2640704739606008,0,0
20,measured,3,metadata,lustre,64,1000000,20260817,1000,True,1.2783870599232614,782235.7025891889,75.9856276906794,62.28356499923393,244.08936883555725,297.2754830820486,1000000,1000000,1000,,1.2783870599232614,782235.7025891889,1024,100,1024,102400,7.431905496981926,137.78431391731814,456.70827501851363,454.3036309769377,550.4254895087798,593.4373517055064,,trial-0020.json,4.1331999999999995,0.13164999999999993,12354,5,1001,2156,4.26485,3.3361179361875024,18084,64,6339,0,128,0,0,0,0,0.7955519999999997,0.11917699999999998,2380,3,1578,54,0.9147289999999998,0.12308135516140085,17792,64,6336,0,128,0,0,0,0,influx-metadata,20261002T060120Z-6d8d2b02,influx,nid004584,59188702,3.11.7,2.9.1,2026-10-02T06:17:02.562999+00:00,no_explicit_checkpoint_API_used,warm_after_acknowledged_writes_and_validation_no_checkpoint,native,influxdb,,,native,shifter,db0bdab1e5ad5ee899c127b8c13d9c986a3ced78cd9200dd80a1064bf1533b6e,,python_stdlib_http.client,,client_processes_only,not_collected,,,,,,,,,,,,,,,,,,,,False,2.9.1,1,1000000,1000,HTTP_batch_request_not_SQL_transaction,synchronous_HTTP_204_acknowledgements,0s,True,0.31408080796245486,0,0
21,measured,3,metadata,tmpfs,1,1000000,20260817,1000,True,11.307252526981756,88438.81372718664,10.103668738040142,9.646057966165245,13.148685795022164,20.133652910590172,1000000,1000000,1000,,11.307252526981756,88438.81372718664,1024,100,1024,102400,69.66011362196878,14.699947312131,67.98165515920118,67.58452148642391,86.28477301681414,92.01095544965938,,trial-0021.json,3.505351,0.05941199999999999,3395,0,1000,109,3.564763,0.3152634109385671,19552,1,102,0,2,0,0,0,0,0.772482,0.078435,45,0,1043,20,0.850917,0.012215268620113844,19208,1,99,0,2,0,0,0,0,influx-metadata,20261002T060120Z-6d8d2b02,influx,nid004584,59188702,3.11.7,2.9.1,2026-10-02T06:17:23.552325+00:00,no_explicit_checkpoint_API_used,warm_after_acknowledged_writes_and_validation_no_checkpoint,native,influxdb,,,native,shifter,db0bdab1e5ad5ee899c127b8c13d9c986a3ced78cd9200dd80a1064bf1533b6e,,python_stdlib_http.client,,client_processes_only,not_collected,,,,,,,,,,,,,,,,,,,,False,2.9.1,1,1000000,1000,HTTP_batch_request_not_SQL_transaction,synchronous_HTTP_204_acknowledgements,0s,True,0.21468914800789207,0,0
22,measured,3,metadata,tmpfs,16,1000000,20260817,1000,True,1.4205592760117725,703948.0976869231,20.9426689237589,19.961712998338044,35.09515131008809,72.96644316636957,1000000,1000000,1000,,1.4205592760117725,703948.0976869231,1024,100,1024,102400,9.833040848956443,104.13869073966825,151.5101970168189,152.65906596323475,173.36288589285687,278.99579239892773,,trial-0022.json,3.788674,0.10306399999999999,3131,1,1000,42,3.891738,2.739581561795911,19480,16,1587,0,32,0,0,0,0,0.7881740000000002,0.10726799999999999,597,3,1243,15,0.895442,0.09106460694659181,16632,16,1584,0,32,0,0,0,0,influx-metadata,20261002T060120Z-6d8d2b02,influx,nid004584,59188702,3.11.7,2.9.1,2026-10-02T06:18:55.210387+00:00,no_explicit_checkpoint_API_used,warm_after_acknowledged_writes_and_validation_no_checkpoint,native,influxdb,,,native,shifter,db0bdab1e5ad5ee899c127b8c13d9c986a3ced78cd9200dd80a1064bf1533b6e,,python_stdlib_http.client,,client_processes_only,not_collected,,,,,,,,,,,,,,,,,,,,False,2.9.1,1,1000000,1000,HTTP_batch_request_not_SQL_transaction,synchronous_HTTP_204_acknowledgements,0s,True,0.41430082102306187,0,0
23,measured,3,metadata,tmpfs,64,1000000,20260817,1000,True,1.1880413390463218,841721.5522169721,71.06001836119685,68.4941319632344,125.63799398485561,162.0888024638407,1000000,1000000,1000,,1.1880413390463218,841721.5522169721,1024,100,1024,102400,7.269831437966786,140.8560856930117,447.94620165987453,447.57256348384544,549.0979954600334,596.3779861968942,,trial-0023.json,4.198454,0.11267599999999997,12359,7,1003,48,4.311130000000001,3.628771035409156,19476,64,6339,0,128,0,0,0,0,0.7962349999999998,0.105654,2376,2,1565,32,0.9018889999999999,0.12405913502889121,19116,64,6336,0,128,0,0,0,0,influx-metadata,20261002T060120Z-6d8d2b02,influx,nid004584,59188702,3.11.7,2.9.1,2026-10-02T06:19:17.772519+00:00,no_explicit_checkpoint_API_used,warm_after_acknowledged_writes_and_validation_no_checkpoint,native,influxdb,,,native,shifter,db0bdab1e5ad5ee899c127b8c13d9c986a3ced78cd9200dd80a1064bf1533b6e,,python_stdlib_http.client,,client_processes_only,not_collected,,,,,,,,,,,,,,,,,,,,False,2.9.1,1,1000000,1000,HTTP_batch_request_not_SQL_transaction,synchronous_HTTP_204_acknowledgements,0s,True,0.3646875210106373,0,0
24,measured,3,metadata,lustre,16,1000000,20260817,1000,True,1.6225950570078567,616296.7128989337,24.046302171656862,21.996968484017998,37.71732516470364,145.2551906579174,1000000,1000000,1000,,1.6225950570078567,616296.7128989337,1024,100,1024,102400,11.322886509937234,90.43630341974313,175.64215085155865,175.47500698128715,199.36470077373087,311.39212506241165,,trial-0024.json,3.984696,0.056874999999999995,3157,0,1000,1889,4.041570999999999,2.490806922247656,19780,16,1587,0,32,0,0,0,0,0.848185,0.083929,594,2,1185,26,0.9321139999999999,0.08232123488846722,19176,16,1584,0,32,0,0,0,0,influx-metadata,20261002T060120Z-6d8d2b02,influx,nid004584,59188702,3.11.7,2.9.1,2026-10-02T06:19:38.693821+00:00,no_explicit_checkpoint_API_used,warm_after_acknowledged_writes_and_validation_no_checkpoint,native,influxdb,,,native,shifter,db0bdab1e5ad5ee899c127b8c13d9c986a3ced78cd9200dd80a1064bf1533b6e,,python_stdlib_http.client,,client_processes_only,not_collected,,,,,,,,,,,,,,,,,,,,False,2.9.1,1,1000000,1000,HTTP_batch_request_not_SQL_transaction,synchronous_HTTP_204_acknowledgements,0s,True,0.3642138160066679,0,0
25,measured,4,metadata,tmpfs,1,1000000,20260818,1000,True,11.129916524048895,89847.93352575974,9.949557527317666,9.475962491706014,13.530367886414748,19.920667419210076,1000000,1000000,1000,,11.129916524048895,89847.93352575974,1024,100,1024,102400,67.93046637892257,15.074237740221465,66.29479883076783,65.72616042103618,84.8219187813811,89.5707884838339,,trial-0025.json,3.432279,0.084375,3355,0,1000,110,3.516654,0.3159640948250971,20604,1,102,0,2,0,0,0,0,0.76957,0.058774,45,0,1037,33,0.828344,0.012193998424498056,21892,1,99,0,2,0,0,0,0,influx-metadata,20261002T060120Z-6d8d2b02,influx,nid004584,59188702,3.11.7,2.9.1,2026-10-02T06:20:02.924900+00:00,no_explicit_checkpoint_API_used,warm_after_acknowledged_writes_and_validation_no_checkpoint,native,influxdb,,,native,shifter,db0bdab1e5ad5ee899c127b8c13d9c986a3ced78cd9200dd80a1064bf1533b6e,,python_stdlib_http.client,,client_processes_only,not_collected,,,,,,,,,,,,,,,,,,,,False,2.9.1,1,1000000,1000,HTTP_batch_request_not_SQL_transaction,synchronous_HTTP_204_acknowledgements,0s,True,0.2642213189974427,0,0
26,measured,4,metadata,lustre,16,1000000,20260818,1000,True,1.5653481939807534,638835.5024430401,23.307727314182557,21.692437469027936,35.70819758460856,136.55839650542475,1000000,1000000,1000,,1.5653481939807534,638835.5024430401,1024,100,1024,102400,10.359591821092181,98.84559330949033,160.9012721964973,160.6745650060475,184.6001725527458,300.3542621934321,,trial-0026.json,3.9259859999999995,0.07540799999999999,3111,0,1000,1700,4.0013939999999995,2.5562325464625655,19668,16,1587,0,32,0,0,0,0,0.827485,0.09068100000000004,594,1,1232,23,0.9181659999999999,0.08862955373691551,19400,16,1584,0,32,0,0,0,0,influx-metadata,20261002T060120Z-6d8d2b02,influx,nid004584,59188702,3.11.7,2.9.1,2026-10-02T06:21:32.941132+00:00,no_explicit_checkpoint_API_used,warm_after_acknowledged_writes_and_validation_no_checkpoint,native,influxdb,,,native,shifter,db0bdab1e5ad5ee899c127b8c13d9c986a3ced78cd9200dd80a1064bf1533b6e,,python_stdlib_http.client,,client_processes_only,not_collected,,,,,,,,,,,,,,,,,,,,False,2.9.1,1,1000000,1000,HTTP_batch_request_not_SQL_transaction,synchronous_HTTP_204_acknowledgements,0s,True,0.41506181901786476,0,0
27,measured,4,metadata,lustre,64,1000000,20260818,1000,True,1.361253582057543,734616.9833312717,80.96315319323912,69.12021298194304,257.09514803020255,307.5173460470978,1000000,1000000,1000,,1.361253582057543,734616.9833312717,1024,100,1024,102400,7.9655558209633455,128.55348992785773,488.3345651064701,492.64883348951116,575.3615494177211,613.5921006638091,,trial-0027.json,4.0365720000000005,0.17023200000000002,12481,4,1001,2138,4.206803999999999,3.0903896639459263,18880,64,6339,0,128,0,0,0,0,0.8168580000000001,0.11470799999999999,2379,2,1607,22,0.9315659999999999,0.11694927773255342,17608,64,6336,0,128,0,0,0,0,influx-metadata,20261002T060120Z-6d8d2b02,influx,nid004584,59188702,3.11.7,2.9.1,2026-10-02T06:21:56.133000+00:00,no_explicit_checkpoint_API_used,warm_after_acknowledged_writes_and_validation_no_checkpoint,native,influxdb,,,native,shifter,db0bdab1e5ad5ee899c127b8c13d9c986a3ced78cd9200dd80a1064bf1533b6e,,python_stdlib_http.client,,client_processes_only,not_collected,,,,,,,,,,,,,,,,,,,,False,2.9.1,1,1000000,1000,HTTP_batch_request_not_SQL_transaction,synchronous_HTTP_204_acknowledgements,0s,True,0.364143542945385,0,0
28,measured,4,metadata,lustre,1,1000000,20260818,1000,True,12.703427969943732,78718.90975931824,11.573983412934467,11.02975948015228,15.325430047232652,21.546251277904958,1000000,1000000,1000,,12.703427969943732,78718.90975931824,1024,100,1024,102400,75.09616773400921,13.635848950734879,73.29098256820998,72.80319393612444,93.05146243423223,99.38533717999235,,trial-0028.json,3.474835,0.07860299999999998,3237,0,1000,92,3.553438,0.2797227652573323,16940,1,102,0,2,0,0,0,0,0.793487,0.04721499999999999,46,0,1049,36,0.8407020000000001,0.011195005356035855,18612,1,99,0,2,0,0,0,0,influx-metadata,20261002T060120Z-6d8d2b02,influx,nid004584,59188702,3.11.7,2.9.1,2026-10-02T06:22:18.110633+00:00,no_explicit_checkpoint_API_used,warm_after_acknowledged_writes_and_validation_no_checkpoint,native,influxdb,,,native,shifter,db0bdab1e5ad5ee899c127b8c13d9c986a3ced78cd9200dd80a1064bf1533b6e,,python_stdlib_http.client,,client_processes_only,not_collected,,,,,,,,,,,,,,,,,,,,False,2.9.1,1,1000000,1000,HTTP_batch_request_not_SQL_transaction,synchronous_HTTP_204_acknowledgements,0s,True,0.31613615609239787,0,0
29,measured,4,metadata,tmpfs,64,1000000,20260818,1000,True,1.1497179629513994,869778.5302344378,68.99885200080462,66.76736957160756,113.9908054727129,141.00915668648668,1000000,1000000,1000,,1.1497179629513994,869778.5302344378,1024,100,1024,102400,6.4434685880551115,158.92061643604333,395.1310455250905,394.81030596653,486.92251818138175,528.8793393259402,,trial-0029.json,4.162794000000001,0.13944300000000004,12339,6,1003,49,4.302237000000001,3.741993374580218,18644,64,6339,0,128,0,0,0,0,0.8087679999999998,0.09670599999999993,2377,3,1556,32,0.905474,0.14052586547540027,15036,64,6336,0,128,0,0,0,0,influx-metadata,20261002T060120Z-6d8d2b02,influx,nid004584,59188702,3.11.7,2.9.1,2026-10-02T06:23:57.331133+00:00,no_explicit_checkpoint_API_used,warm_after_acknowledged_writes_and_validation_no_checkpoint,native,influxdb,,,native,shifter,db0bdab1e5ad5ee899c127b8c13d9c986a3ced78cd9200dd80a1064bf1533b6e,,python_stdlib_http.client,,client_processes_only,not_collected,,,,,,,,,,,,,,,,,,,,False,2.9.1,1,1000000,1000,HTTP_batch_request_not_SQL_transaction,synchronous_HTTP_204_acknowledgements,0s,True,0.41466676094569266,0,0
30,measured,4,metadata,tmpfs,16,1000000,20260818,1000,True,1.4206774359336123,703889.5492436959,20.918608285021037,19.997261988464743,35.95478430506771,73.91429989715107,1000000,1000000,1000,,1.4206774359336123,703889.5492436959,1024,100,1024,102400,9.71944379399065,105.35582299813494,150.2356191514309,151.11879754113033,175.13113095774315,263.82075081113726,,trial-0030.json,3.929965,0.09998699999999998,3133,0,1000,40,4.029952000000001,2.836641096753731,19372,16,1587,0,32,0,0,0,0,0.835522,0.08671099999999998,595,1,1287,20,0.922233,0.094885367881874,19432,16,1584,0,32,0,0,0,0,influx-metadata,20261002T060120Z-6d8d2b02,influx,nid004584,59188702,3.11.7,2.9.1,2026-10-02T06:24:17.289906+00:00,no_explicit_checkpoint_API_used,warm_after_acknowledged_writes_and_validation_no_checkpoint,native,influxdb,,,native,shifter,db0bdab1e5ad5ee899c127b8c13d9c986a3ced78cd9200dd80a1064bf1533b6e,,python_stdlib_http.client,,client_processes_only,not_collected,,,,,,,,,,,,,,,,,,,,False,2.9.1,1,1000000,1000,HTTP_batch_request_not_SQL_transaction,synchronous_HTTP_204_acknowledgements,0s,True,0.36418888706248254,0,0
31,measured,5,metadata,tmpfs,64,1000000,20260819,1000,True,1.254111581016332,797377.2151833572,74.32889630435966,68.57004802441224,158.59056686749682,190.71466013207097,1000000,1000000,1000,,1.254111581016332,797377.2151833572,1024,100,1024,102400,7.492149078054354,136.67640477142294,460.6823620738396,462.40093652158976,554.5101831492502,582.2565259470138,,trial-0031.json,4.166779,0.12795300000000004,12419,3,1003,201,4.294732000000001,3.424521442118851,17088,64,6339,0,128,0,0,0,0,0.7889739999999998,0.13410999999999995,2377,4,1554,22,0.923084,0.12320683830275798,16864,64,6336,0,128,0,0,0,0,influx-metadata,20261002T060120Z-6d8d2b02,influx,nid004584,59188702,3.11.7,2.9.1,2026-10-02T06:24:39.430349+00:00,no_explicit_checkpoint_API_used,warm_after_acknowledged_writes_and_validation_no_checkpoint,native,influxdb,,,native,shifter,db0bdab1e5ad5ee899c127b8c13d9c986a3ced78cd9200dd80a1064bf1533b6e,,python_stdlib_http.client,,client_processes_only,not_collected,,,,,,,,,,,,,,,,,,,,False,2.9.1,1,1000000,1000,HTTP_batch_request_not_SQL_transaction,synchronous_HTTP_204_acknowledgements,0s,True,0.31412223004736006,0,0
32,measured,5,metadata,tmpfs,1,1000000,20260819,1000,True,11.154936748091131,89646.40701984466,9.962712459731847,9.482610505074263,13.346360798459495,20.43775754282251,1000000,1000000,1000,,11.154936748091131,89646.40701984466,1024,100,1024,102400,69.23194683506154,14.790859520960485,67.56635469002958,67.26674450328574,86.01825903751887,89.62325311847962,,trial-0032.json,3.4336450000000003,0.072448,3101,0,1000,98,3.5060930000000003,0.31430864012742826,20124,1,102,0,2,0,0,0,0,0.73578,0.07954399999999999,46,0,1045,23,0.8153239999999999,0.011776701902409752,21500,1,99,0,2,0,0,0,0,influx-metadata,20261002T060120Z-6d8d2b02,influx,nid004584,59188702,3.11.7,2.9.1,2026-10-02T06:25:00.177493+00:00,no_explicit_checkpoint_API_used,warm_after_acknowledged_writes_and_validation_no_checkpoint,native,influxdb,,,native,shifter,db0bdab1e5ad5ee899c127b8c13d9c986a3ced78cd9200dd80a1064bf1533b6e,,python_stdlib_http.client,,client_processes_only,not_collected,,,,,,,,,,,,,,,,,,,,False,2.9.1,1,1000000,1000,HTTP_batch_request_not_SQL_transaction,synchronous_HTTP_204_acknowledgements,0s,True,0.26422414602711797,0,0
33,measured,5,metadata,lustre,1,1000000,20260819,1000,True,12.77330910100136,78288.24872965811,11.621501837624237,11.04222796857357,15.714876155834643,22.429591080872342,1000000,1000000,1000,,12.77330910100136,78288.24872965811,1024,100,1024,102400,75.90179143100977,13.491117675802887,74.07787987233405,73.09110747883096,95.00908467452973,100.01882509677671,,trial-0033.json,3.4858029999999998,0.08077799999999999,2967,0,1000,102,3.566581,0.27922138044247274,18864,1,102,0,2,0,0,0,0,0.775338,0.075863,45,0,1047,22,0.851201,0.011214504742930755,19964,1,99,0,2,0,0,0,0,influx-metadata,20261002T060120Z-6d8d2b02,influx,nid004584,59188702,3.11.7,2.9.1,2026-10-02T06:26:31.429695+00:00,no_explicit_checkpoint_API_used,warm_after_acknowledged_writes_and_validation_no_checkpoint,native,influxdb,,,native,shifter,db0bdab1e5ad5ee899c127b8c13d9c986a3ced78cd9200dd80a1064bf1533b6e,,python_stdlib_http.client,,client_processes_only,not_collected,,,,,,,,,,,,,,,,,,,,False,2.9.1,1,1000000,1000,HTTP_batch_request_not_SQL_transaction,synchronous_HTTP_204_acknowledgements,0s,True,0.36423084198031574,0,0
34,measured,5,metadata,lustre,16,1000000,20260819,1000,True,1.5912911439081654,628420.5148933517,23.695358070312068,22.251044458243996,35.40249148500151,140.32223733142015,1000000,1000000,1000,,1.5912911439081654,628420.5148933517,1024,100,1024,102400,10.579495368059725,96.79100603338146,163.45626692373116,163.44728105468675,189.7544562641997,290.04082088707946,,trial-0034.json,3.8210010000000008,0.141651,3073,2,1001,1493,3.9626519999999994,2.49021181018317,19756,16,1587,0,32,0,0,0,0,0.8635659999999998,0.06803899999999999,595,1,1236,17,0.931605,0.0880576027106722,19276,16,1584,0,32,0,0,0,0,influx-metadata,20261002T060120Z-6d8d2b02,influx,nid004584,59188702,3.11.7,2.9.1,2026-10-02T06:28:11.224688+00:00,no_explicit_checkpoint_API_used,warm_after_acknowledged_writes_and_validation_no_checkpoint,native,influxdb,,,native,shifter,db0bdab1e5ad5ee899c127b8c13d9c986a3ced78cd9200dd80a1064bf1533b6e,,python_stdlib_http.client,,client_processes_only,not_collected,,,,,,,,,,,,,,,,,,,,False,2.9.1,1,1000000,1000,HTTP_batch_request_not_SQL_transaction,synchronous_HTTP_204_acknowledgements,0s,True,0.41426320804748684,0,0
35,measured,5,metadata,tmpfs,16,1000000,20260819,1000,True,1.4286736299982294,699949.9248832915,21.06913919490762,20.878157985862345,35.17962493351658,71.38561127940193,1000000,1000000,1000,,1.4286736299982294,699949.9248832915,1024,100,1024,102400,9.433975949999876,108.54384253544906,146.0655948914109,147.8245030157268,168.33992018946446,255.21573343430646,,trial-0035.json,3.8190729999999995,0.103696,3110,2,1001,42,3.9227689999999997,2.745741866884504,19092,16,1587,0,32,0,0,0,0,0.821551,0.09793299999999999,595,0,1248,25,0.9194839999999999,0.09746516260728987,18496,16,1584,0,32,0,0,0,0,influx-metadata,20261002T060120Z-6d8d2b02,influx,nid004584,59188702,3.11.7,2.9.1,2026-10-02T06:28:35.246612+00:00,no_explicit_checkpoint_API_used,warm_after_acknowledged_writes_and_validation_no_checkpoint,native,influxdb,,,native,shifter,db0bdab1e5ad5ee899c127b8c13d9c986a3ced78cd9200dd80a1064bf1533b6e,,python_stdlib_http.client,,client_processes_only,not_collected,,,,,,,,,,,,,,,,,,,,False,2.9.1,1,1000000,1000,HTTP_batch_request_not_SQL_transaction,synchronous_HTTP_204_acknowledgements,0s,True,0.2640757580520585,0,0
36,measured,5,metadata,lustre,64,1000000,20260819,1000,True,1.3314429780002683,751064.8345616184,79.74777828983497,67.22085899673402,259.6693858562499,299.45968212792644,1000000,1000000,1000,,1.3314429780002683,751064.8345616184,1024,100,1024,102400,7.755182954017073,132.04072761037608,476.98845970683124,477.25772904232144,565.1210818556137,597.2596947848796,,trial-0036.json,4.145478000000001,0.174342,12548,4,1001,1759,4.31982,3.2444648936359703,17160,64,6339,0,128,0,0,0,0,0.7929379999999999,0.13454800000000003,2389,1,1586,35,0.9274859999999998,0.11959563114105198,18104,64,6336,0,128,0,0,0,0,influx-metadata,20261002T060120Z-6d8d2b02,influx,nid004584,59188702,3.11.7,2.9.1,2026-10-02T06:28:57.254427+00:00,no_explicit_checkpoint_API_used,warm_after_acknowledged_writes_and_validation_no_checkpoint,native,influxdb,,,native,shifter,db0bdab1e5ad5ee899c127b8c13d9c986a3ced78cd9200dd80a1064bf1533b6e,,python_stdlib_http.client,,client_processes_only,not_collected,,,,,,,,,,,,,,,,,,,,False,2.9.1,1,1000000,1000,HTTP_batch_request_not_SQL_transaction,synchronous_HTTP_204_acknowledgements,0s,True,0.41525618091691285,0,0
1,warmup,1,telemetry,tmpfs,16,1000000,20260813,1000,True,1.5539244409883395,643531.9334857569,21.203799599199556,18.839327502064407,40.3180550376419,58.6434068728704,1000000,1000000,1000,,1.5539244409883395,643531.9334857569,1024,100,1024,102400,4.959544667974114,206.4705670688688,76.04187347135394,75.49149403348565,98.06135845719837,161.92465610452925,,trial-0001.json,8.315063999999998,0.095995,6016,2,1000,32,8.411058999999998,5.412785060932776,20084,16,1584,0,32,0,0,0,0,0.951179,0.075787,668,1,1321,8,1.026966,0.20706860584028117,18780,16,1584,0,32,0,0,0,0,influx-telemetry,20261002T060117Z-db0b5b66,influx,nid004722,59188703,3.11.7,2.9.1,2026-10-02T06:01:18.025439+00:00,no_explicit_checkpoint_API_used,warm_after_acknowledged_writes_and_validation_no_checkpoint,native,influxdb,,,native,shifter,db0bdab1e5ad5ee899c127b8c13d9c986a3ced78cd9200dd80a1064bf1533b6e,,python_stdlib_http.client,,client_processes_only,not_collected,,,,,,,,,,,,,,,,,,,,False,2.9.1,1,1000000,1000,HTTP_batch_request_not_SQL_transaction,synchronous_HTTP_204_acknowledgements,0s,True,0.31408084102440625,0,0
2,warmup,1,telemetry,tmpfs,1,1000000,20260813,1000,True,13.978508658939973,71538.3897094379,11.1893557717558,10.554363019764423,15.653957589529453,21.756911495467644,1000000,1000000,1000,,13.978508658939973,71538.3897094379,1024,100,1024,102400,15.980360883986577,64.07865300627338,15.502589705988612,13.091600500047207,29.703876929124817,32.59387740748934,,trial-0002.json,7.248227,0.101545,18552,0,1000,82,7.349772,0.5257908536115149,17828,1,102,0,2,0,0,0,0,0.772272,0.08951200000000001,51,0,1493,13,0.861784,0.053927693264021775,19664,1,102,0,2,0,0,0,0,influx-telemetry,20261002T060117Z-db0b5b66,influx,nid004722,59188703,3.11.7,2.9.1,2026-10-02T06:01:39.882612+00:00,no_explicit_checkpoint_API_used,warm_after_acknowledged_writes_and_validation_no_checkpoint,native,influxdb,,,native,shifter,db0bdab1e5ad5ee899c127b8c13d9c986a3ced78cd9200dd80a1064bf1533b6e,,python_stdlib_http.client,,client_processes_only,not_collected,,,,,,,,,,,,,,,,,,,,False,2.9.1,1,1000000,1000,HTTP_batch_request_not_SQL_transaction,synchronous_HTTP_204_acknowledgements,0s,True,0.2643315480090678,0,0
3,warmup,1,telemetry,lustre,16,1000000,20260813,1000,True,1.7215496889548376,580871.9936553824,23.779957829159684,20.79864451661706,42.70513158407993,99.19429490575567,1000000,1000000,1000,,1.7215496889548376,580871.9936553824,1024,100,1024,102400,5.234207825968042,195.63609891829543,80.26163676140641,79.06729995738715,104.20926495571621,188.69996460503899,,trial-0003.json,8.263586,0.09671100000000002,5953,3,1000,3326,8.360297000000001,4.856262385941113,20060,16,1587,0,32,0,0,0,0,0.9302439999999998,0.09894299999999999,670,0,1374,13,1.0291869999999996,0.1966270798217028,17828,16,1587,0,32,0,0,0,0,influx-telemetry,20261002T060117Z-db0b5b66,influx,nid004722,59188703,3.11.7,2.9.1,2026-10-02T06:02:20.624339+00:00,no_explicit_checkpoint_API_used,warm_after_acknowledged_writes_and_validation_no_checkpoint,native,influxdb,,,native,shifter,db0bdab1e5ad5ee899c127b8c13d9c986a3ced78cd9200dd80a1064bf1533b6e,,python_stdlib_http.client,,client_processes_only,not_collected,,,,,,,,,,,,,,,,,,,,False,2.9.1,1,1000000,1000,HTTP_batch_request_not_SQL_transaction,synchronous_HTTP_204_acknowledgements,0s,True,0.4643261859891936,0,0
4,warmup,1,telemetry,lustre,1,1000000,20260813,1000,True,15.32011136203073,65273.67695762277,12.570015516364947,12.011925980914384,16.872628207784143,22.99717554589733,1000000,1000000,1000,,15.32011136203073,65273.67695762277,1024,100,1024,102400,19.409264727961272,52.758309722305476,18.84186394124754,15.725564502645284,36.898085684515536,39.66733480221591,,trial-0004.json,7.193239,0.109407,19616,0,1000,101,7.302646,0.4766705559398761,19788,1,102,0,2,0,0,0,0,0.886931,0.070071,1178,0,1338,15,0.957002,0.0493064530477205,17828,1,99,0,2,0,0,0,0,influx-telemetry,20261002T060117Z-db0b5b66,influx,nid004722,59188703,3.11.7,2.9.1,2026-10-02T06:02:39.245859+00:00,no_explicit_checkpoint_API_used,warm_after_acknowledged_writes_and_validation_no_checkpoint,native,influxdb,,,native,shifter,db0bdab1e5ad5ee899c127b8c13d9c986a3ced78cd9200dd80a1064bf1533b6e,,python_stdlib_http.client,,client_processes_only,not_collected,,,,,,,,,,,,,,,,,,,,False,2.9.1,1,1000000,1000,HTTP_batch_request_not_SQL_transaction,synchronous_HTTP_204_acknowledgements,0s,True,0.2640502080321312,0,0
5,warmup,1,telemetry,lustre,64,1000000,20260813,1000,True,1.2547033521113917,797001.1384103011,73.75813108636066,74.9010710278526,130.39445960312148,138.4181822219398,1000000,1000000,1000,,1.2547033521113917,797001.1384103011,1024,100,1024,102400,2.762447976041585,370.6857138599684,167.7471980867722,162.18574048252776,261.25641678809194,332.9393937753048,,trial-0005.json,8.396201000000001,0.21178999999999992,21790,3,1002,2448,8.607990999999997,6.860578626425623,20092,64,6339,0,128,0,0,0,0,0.9280789999999995,0.14070100000000005,2680,6,1775,20,1.06878,0.3868959738859932,19512,64,6336,0,128,0,0,0,0,influx-telemetry,20261002T060117Z-db0b5b66,influx,nid004722,59188703,3.11.7,2.9.1,2026-10-02T06:03:25.207989+00:00,no_explicit_checkpoint_API_used,warm_after_acknowledged_writes_and_validation_no_checkpoint,native,influxdb,,,native,shifter,db0bdab1e5ad5ee899c127b8c13d9c986a3ced78cd9200dd80a1064bf1533b6e,,python_stdlib_http.client,,client_processes_only,not_collected,,,,,,,,,,,,,,,,,,,,False,2.9.1,1,1000000,1000,HTTP_batch_request_not_SQL_transaction,synchronous_HTTP_204_acknowledgements,0s,True,0.3141350509831682,0,0
6,warmup,1,telemetry,tmpfs,64,1000000,20260813,1000,True,1.160405536997132,861767.690791768,68.11295815533958,66.74839451443404,108.74753008247352,116.92693454911931,1000000,1000000,1000,,1.160405536997132,861767.690791768,1024,100,1024,102400,2.8456207889830694,359.85118043994316,172.0398760369335,171.06024594977498,266.96337636676617,279.75022501894273,,trial-0006.json,8.315277999999998,0.19022199999999995,21872,1,1000,105,8.5055,7.329765094029383,19940,64,6339,0,128,0,0,0,0,0.9365219999999999,0.134353,2682,4,1799,24,1.0708750000000005,0.3763238602086175,19300,64,6336,0,128,0,0,0,0,influx-telemetry,20261002T060117Z-db0b5b66,influx,nid004722,59188703,3.11.7,2.9.1,2026-10-02T06:03:41.571890+00:00,no_explicit_checkpoint_API_used,warm_after_acknowledged_writes_and_validation_no_checkpoint,native,influxdb,,,native,shifter,db0bdab1e5ad5ee899c127b8c13d9c986a3ced78cd9200dd80a1064bf1533b6e,,python_stdlib_http.client,,client_processes_only,not_collected,,,,,,,,,,,,,,,,,,,,False,2.9.1,1,1000000,1000,HTTP_batch_request_not_SQL_transaction,synchronous_HTTP_204_acknowledgements,0s,True,0.2152141280239448,0,0
7,measured,1,telemetry,lustre,16,1000000,20260815,1000,True,1.7380586449289694,575354.5790400344,24.11070136690978,20.650726510211825,41.453438031021484,100.86906819953583,1000000,1000000,1000,,1.7380586449289694,575354.5790400344,1024,100,1024,102400,5.328886469942518,192.16022067196448,81.78312561210532,80.3981595672667,105.05405199364759,211.73926557297816,,trial-0007.json,8.349158,0.15576299999999996,5985,4,1003,2815,8.504921,4.893345241723749,20988,16,1587,0,32,0,0,0,0,0.969112,0.077938,671,1,1378,7,1.04705,0.1964857022017387,18084,16,1584,0,32,0,0,0,0,influx-telemetry,20261002T060117Z-db0b5b66,influx,nid004722,59188703,3.11.7,2.9.1,2026-10-02T06:03:57.846019+00:00,no_explicit_checkpoint_API_used,warm_after_acknowledged_writes_and_validation_no_checkpoint,native,influxdb,,,native,shifter,db0bdab1e5ad5ee899c127b8c13d9c986a3ced78cd9200dd80a1064bf1533b6e,,python_stdlib_http.client,,client_processes_only,not_collected,,,,,,,,,,,,,,,,,,,,False,2.9.1,1,1000000,1000,HTTP_batch_request_not_SQL_transaction,synchronous_HTTP_204_acknowledgements,0s,True,0.3643036059802398,0,0
8,measured,1,telemetry,lustre,64,1000000,20260815,1000,True,1.2383998880395666,807493.6130550185,72.00620575051289,69.2776269861497,133.64806227618828,142.87582373130135,1000000,1000000,1000,,1.2383998880395666,807493.6130550185,1024,100,1024,102400,2.8470882680267096,359.6657017977616,173.5753853732831,168.6264384770766,260.58893227018416,301.235866730567,,trial-0008.json,8.547279000000001,0.12968899999999997,21715,5,1001,2832,8.676968000000002,7.0065962406827795,19628,64,6339,0,128,0,0,0,0,0.9433370000000004,0.13492099999999996,2679,8,1801,28,1.0782579999999997,0.37872306668852607,18128,64,6336,0,128,0,0,0,0,influx-telemetry,20261002T060117Z-db0b5b66,influx,nid004722,59188703,3.11.7,2.9.1,2026-10-02T06:04:16.621061+00:00,no_explicit_checkpoint_API_used,warm_after_acknowledged_writes_and_validation_no_checkpoint,native,influxdb,,,native,shifter,db0bdab1e5ad5ee899c127b8c13d9c986a3ced78cd9200dd80a1064bf1533b6e,,python_stdlib_http.client,,client_processes_only,not_collected,,,,,,,,,,,,,,,,,,,,False,2.9.1,1,1000000,1000,HTTP_batch_request_not_SQL_transaction,synchronous_HTTP_204_acknowledgements,0s,True,0.2639371600234881,0,0
9,measured,1,telemetry,tmpfs,64,1000000,20260815,1000,True,1.168342042947188,855913.7335137416,68.29067835165188,68.10971099184826,108.09824778116307,117.96038002241403,1000000,1000000,1000,,1.168342042947188,855913.7335137416,1024,100,1024,102400,3.03006484801881,337.9465626517981,184.598914824619,182.71105998428538,264.8846998461522,307.82337788376026,,trial-0009.json,8.407854999999998,0.16974700000000006,21645,3,1001,243,8.577602,7.341687352414938,19048,64,6339,0,128,0,0,0,0,0.9558689999999999,0.135432,2684,6,1841,29,1.0913009999999996,0.3601576384457713,20820,64,6336,0,128,0,0,0,0,influx-telemetry,20261002T060117Z-db0b5b66,influx,nid004722,59188703,3.11.7,2.9.1,2026-10-02T06:04:33.180569+00:00,no_explicit_checkpoint_API_used,warm_after_acknowledged_writes_and_validation_no_checkpoint,native,influxdb,,,native,shifter,db0bdab1e5ad5ee899c127b8c13d9c986a3ced78cd9200dd80a1064bf1533b6e,,python_stdlib_http.client,,client_processes_only,not_collected,,,,,,,,,,,,,,,,,,,,False,2.9.1,1,1000000,1000,HTTP_batch_request_not_SQL_transaction,synchronous_HTTP_204_acknowledgements,0s,True,0.314070669002831,0,0
10,measured,1,telemetry,lustre,1,1000000,20260815,1000,True,15.322309796931222,65264.311533518376,12.561733039328828,12.046142015606165,17.088911181781437,21.974049780983478,1000000,1000000,1000,,15.322309796931222,65264.311533518376,1024,100,1024,102400,16.473495308076963,62.16045719805027,15.983559931669333,13.349575572647154,31.688597128959373,34.075985114322975,,trial-0010.json,7.267577,0.10693,19382,0,1000,130,7.374507,0.48129212225411205,19524,1,102,0,2,0,0,0,0,0.8014969999999999,0.08644099999999999,51,0,1476,16,0.8879379999999999,0.0539010078550023,19248,1,99,0,2,0,0,0,0,influx-telemetry,20261002T060117Z-db0b5b66,influx,nid004722,59188703,3.11.7,2.9.1,2026-10-02T06:04:49.289029+00:00,no_explicit_checkpoint_API_used,warm_after_acknowledged_writes_and_validation_no_checkpoint,native,influxdb,,,native,shifter,db0bdab1e5ad5ee899c127b8c13d9c986a3ced78cd9200dd80a1064bf1533b6e,,python_stdlib_http.client,,client_processes_only,not_collected,,,,,,,,,,,,,,,,,,,,False,2.9.1,1,1000000,1000,HTTP_batch_request_not_SQL_transaction,synchronous_HTTP_204_acknowledgements,0s,True,0.36424131609965116,0,0
11,measured,1,telemetry,tmpfs,1,1000000,20260815,1000,True,14.107583614997566,70883.86128272985,11.309400243451819,10.675672441720963,15.623201144626355,21.218939343234524,1000000,1000000,1000,,14.107583614997566,70883.86128272985,1024,100,1024,102400,15.856636633980088,64.57863818393947,15.380974676190817,13.187630975153297,28.647157485829666,31.90070677548647,,trial-0011.json,7.346251,0.13816499999999998,15725,0,1000,90,7.4844159999999995,0.5305243055262437,21472,1,102,0,2,0,0,0,0,0.8078019999999999,0.068782,51,0,1473,28,0.8765839999999999,0.05528183688850624,17960,1,99,0,2,0,0,0,0,influx-telemetry,20261002T060117Z-db0b5b66,influx,nid004722,59188703,3.11.7,2.9.1,2026-10-02T06:05:32.470447+00:00,no_explicit_checkpoint_API_used,warm_after_acknowledged_writes_and_validation_no_checkpoint,native,influxdb,,,native,shifter,db0bdab1e5ad5ee899c127b8c13d9c986a3ced78cd9200dd80a1064bf1533b6e,,python_stdlib_http.client,,client_processes_only,not_collected,,,,,,,,,,,,,,,,,,,,False,2.9.1,1,1000000,1000,HTTP_batch_request_not_SQL_transaction,synchronous_HTTP_204_acknowledgements,0s,True,0.3143607589881867,0,0
12,measured,1,telemetry,tmpfs,16,1000000,20260815,1000,True,1.5958994169486687,626605.9059736874,22.107410355238244,19.77122446987778,39.94751694845036,58.92138288356364,1000000,1000000,1000,,1.5958994169486687,626605.9059736874,1024,100,1024,102400,4.921157427015714,208.0811303411144,75.5061651784672,75.06447547348216,95.68714996566997,171.74789420911108,,trial-0012.json,8.23801,0.134121,5982,4,1000,33,8.372131,5.246026730185393,21512,16,1587,0,32,0,0,0,0,0.9672010000000001,0.07707499999999999,667,5,1311,9,1.044276,0.21220129928525153,21680,16,1584,0,32,0,0,0,0,influx-telemetry,20261002T060117Z-db0b5b66,influx,nid004722,59188703,3.11.7,2.9.1,2026-10-02T06:06:14.194978+00:00,no_explicit_checkpoint_API_used,warm_after_acknowledged_writes_and_validation_no_checkpoint,native,influxdb,,,native,shifter,db0bdab1e5ad5ee899c127b8c13d9c986a3ced78cd9200dd80a1064bf1533b6e,,python_stdlib_http.client,,client_processes_only,not_collected,,,,,,,,,,,,,,,,,,,,False,2.9.1,1,1000000,1000,HTTP_batch_request_not_SQL_transaction,synchronous_HTTP_204_acknowledgements,0s,True,0.31408163998275995,0,0
13,measured,2,telemetry,tmpfs,1,1000000,20260816,1000,True,13.963979036081582,71612.82592992269,11.159208655008115,10.569940961431712,15.438029600773005,20.905610552290447,1000000,1000000,1000,,13.963979036081582,71612.82592992269,1024,100,1024,102400,15.290591010008939,66.96928845521461,14.828769146106424,12.800357479136437,27.382663497701287,29.93129930575378,,trial-0013.json,7.276509,0.10181799999999999,18534,0,1000,93,7.378327,0.5283828471050487,20436,1,102,0,2,0,0,0,0,0.8597659999999999,0.032066,51,0,1338,22,0.891832,0.05832554146639742,18804,1,99,0,2,0,0,0,0,influx-telemetry,20261002T060117Z-db0b5b66,influx,nid004722,59188703,3.11.7,2.9.1,2026-10-02T06:06:32.364488+00:00,no_explicit_checkpoint_API_used,warm_after_acknowledged_writes_and_validation_no_checkpoint,native,influxdb,,,native,shifter,db0bdab1e5ad5ee899c127b8c13d9c986a3ced78cd9200dd80a1064bf1533b6e,,python_stdlib_http.client,,client_processes_only,not_collected,,,,,,,,,,,,,,,,,,,,False,2.9.1,1,1000000,1000,HTTP_batch_request_not_SQL_transaction,synchronous_HTTP_204_acknowledgements,0s,True,0.4143458029720932,0,0
14,measured,2,telemetry,tmpfs,64,1000000,20260816,1000,True,1.238272474030964,807576.701390032,73.08440745389089,71.45404600305483,109.51347933732904,120.4310657957103,1000000,1000000,1000,,1.238272474030964,807576.701390032,1024,100,1024,102400,3.2086306889541447,319.1392526179987,194.1659294126339,189.67492005322129,266.18590673897415,351.6633743676357,,trial-0014.json,8.413603000000002,0.165461,21830,3,1000,251,8.579064000000002,6.928252206133975,18680,64,6339,0,128,0,0,0,0,0.9748260000000002,0.09441299999999998,2682,3,1788,23,1.0692390000000005,0.3332384134082192,21332,64,6336,0,128,0,0,0,0,influx-telemetry,20261002T060117Z-db0b5b66,influx,nid004722,59188703,3.11.7,2.9.1,2026-10-02T06:07:12.485474+00:00,no_explicit_checkpoint_API_used,warm_after_acknowledged_writes_and_validation_no_checkpoint,native,influxdb,,,native,shifter,db0bdab1e5ad5ee899c127b8c13d9c986a3ced78cd9200dd80a1064bf1533b6e,,python_stdlib_http.client,,client_processes_only,not_collected,,,,,,,,,,,,,,,,,,,,False,2.9.1,1,1000000,1000,HTTP_batch_request_not_SQL_transaction,synchronous_HTTP_204_acknowledgements,0s,True,0.2640241179615259,0,0
15,measured,2,telemetry,tmpfs,16,1000000,20260816,1000,True,1.5841431949520484,631256.0652260162,21.9517409974942,20.218474499415606,40.17618711222894,57.79936528764665,1000000,1000000,1000,,1.5841431949520484,631256.0652260162,1024,100,1024,102400,4.843764432007447,211.4058217268865,74.09908792703845,73.33081652177498,94.57707850378938,174.04602906899524,,trial-0015.json,8.231373,0.09346499999999999,5970,2,1000,163,8.324838,5.255104479524018,19040,16,1587,0,32,0,0,0,0,0.971981,0.06444299999999999,667,4,1367,14,1.0364239999999998,0.21397076892330721,19368,16,1584,0,32,0,0,0,0,influx-telemetry,20261002T060117Z-db0b5b66,influx,nid004722,59188703,3.11.7,2.9.1,2026-10-02T06:07:29.003864+00:00,no_explicit_checkpoint_API_used,warm_after_acknowledged_writes_and_validation_no_checkpoint,native,influxdb,,,native,shifter,db0bdab1e5ad5ee899c127b8c13d9c986a3ced78cd9200dd80a1064bf1533b6e,,python_stdlib_http.client,,client_processes_only,not_collected,,,,,,,,,,,,,,,,,,,,False,2.9.1,1,1000000,1000,HTTP_batch_request_not_SQL_transaction,synchronous_HTTP_204_acknowledgements,0s,True,0.4145957980072126,0,0
16,measured,2,telemetry,lustre,16,1000000,20260816,1000,True,1.7309750290587544,577709.0848871263,24.263933278154582,21.580519038252532,39.94701273622922,112.43196918512695,1000000,1000000,1000,,1.7309750290587544,577709.0848871263,1024,100,1024,102400,2.2953771899919957,446.1140436807995,35.19114939319934,36.13838745513931,54.0083211613819,59.65987550909631,,trial-0016.json,8.178072,0.11582399999999997,6025,0,1000,3137,8.293896,4.791459068308998,19732,16,1587,0,32,0,0,0,0,0.8732149999999999,0.081794,671,1,1503,26,0.9550089999999998,0.41605754564605135,17828,16,1584,0,32,0,0,0,0,influx-telemetry,20261002T060117Z-db0b5b66,influx,nid004722,59188703,3.11.7,2.9.1,2026-10-02T06:07:46.779005+00:00,no_explicit_checkpoint_API_used,warm_after_acknowledged_writes_and_validation_no_checkpoint,native,influxdb,,,native,shifter,db0bdab1e5ad5ee899c127b8c13d9c986a3ced78cd9200dd80a1064bf1533b6e,,python_stdlib_http.client,,client_processes_only,not_collected,,,,,,,,,,,,,,,,,,,,False,2.9.1,1,1000000,1000,HTTP_batch_request_not_SQL_transaction,synchronous_HTTP_204_acknowledgements,0s,True,0.3140604159561917,0,0
17,measured,2,telemetry,lustre,1,1000000,20260816,1000,True,15.37193824199494,65053.605098937864,12.594111302052625,12.069982010871172,16.703962237806987,21.68603521189652,1000000,1000000,1000,,15.37193824199494,65053.605098937864,1024,100,1024,102400,15.751568321022205,65.00939964393,15.277956237923718,12.896971544250846,29.500453738728538,32.73225428420119,,trial-0017.json,7.240348999999999,0.126369,19274,0,1000,102,7.366718,0.47923156364723735,20400,1,102,0,2,0,0,0,0,0.815584,0.07098499999999999,51,0,1408,25,0.8865689999999999,0.05628449065714782,17828,1,99,0,2,0,0,0,0,influx-telemetry,20261002T060117Z-db0b5b66,influx,nid004722,59188703,3.11.7,2.9.1,2026-10-02T06:08:02.085551+00:00,no_explicit_checkpoint_API_used,warm_after_acknowledged_writes_and_validation_no_checkpoint,native,influxdb,,,native,shifter,db0bdab1e5ad5ee899c127b8c13d9c986a3ced78cd9200dd80a1064bf1533b6e,,python_stdlib_http.client,,client_processes_only,not_collected,,,,,,,,,,,,,,,,,,,,False,2.9.1,1,1000000,1000,HTTP_batch_request_not_SQL_transaction,synchronous_HTTP_204_acknowledgements,0s,True,0.41449403506703675,0,0
18,measured,2,telemetry,lustre,64,1000000,20260816,1000,True,1.257982247043401,794923.777621084,73.84033658658154,71.38951547676697,136.35517532820813,154.0122541866731,1000000,1000000,1000,,1.257982247043401,794923.777621084,1024,100,1024,102400,2.8183303540572524,363.3356886377267,171.12037454091933,164.71617703791708,263.5420731676277,338.0336627876386,,trial-0018.json,8.656605,0.16505999999999996,21791,5,1001,2935,8.821665,7.012551266707699,17896,64,6339,0,128,0,0,0,0,0.9805820000000001,0.11745899999999998,2682,5,1800,17,1.0980409999999998,0.3896069168822832,18984,64,6339,0,128,0,0,0,0,influx-telemetry,20261002T060117Z-db0b5b66,influx,nid004722,59188703,3.11.7,2.9.1,2026-10-02T06:08:44.679562+00:00,no_explicit_checkpoint_API_used,warm_after_acknowledged_writes_and_validation_no_checkpoint,native,influxdb,,,native,shifter,db0bdab1e5ad5ee899c127b8c13d9c986a3ced78cd9200dd80a1064bf1533b6e,,python_stdlib_http.client,,client_processes_only,not_collected,,,,,,,,,,,,,,,,,,,,False,2.9.1,1,1000000,1000,HTTP_batch_request_not_SQL_transaction,synchronous_HTTP_204_acknowledgements,0s,True,0.36416677304077893,0,0
19,measured,3,telemetry,lustre,1,1000000,20260817,1000,True,15.559220919967629,64270.57017467173,12.791988263605163,12.209734006319195,17.11070167366415,22.587049972498786,1000000,1000000,1000,,15.559220919967629,64270.57017467173,1024,100,1024,102400,13.084736123913899,78.25912500661892,12.678038345711684,11.052573507186025,23.794848576653752,25.93019910273142,,trial-0019.json,7.393357,0.102492,19714,0,1000,116,7.495849,0.48176248917324294,18004,1,102,0,2,0,0,0,0,0.777817,0.057021999999999996,51,0,1478,22,0.834839,0.06380250943496164,17828,1,99,0,2,0,0,0,0,influx-telemetry,20261002T060117Z-db0b5b66,influx,nid004722,59188703,3.11.7,2.9.1,2026-10-02T06:09:01.466402+00:00,no_explicit_checkpoint_API_used,warm_after_acknowledged_writes_and_validation_no_checkpoint,native,influxdb,,,native,shifter,db0bdab1e5ad5ee899c127b8c13d9c986a3ced78cd9200dd80a1064bf1533b6e,,python_stdlib_http.client,,client_processes_only,not_collected,,,,,,,,,,,,,,,,,,,,False,2.9.1,1,1000000,1000,HTTP_batch_request_not_SQL_transaction,synchronous_HTTP_204_acknowledgements,0s,True,0.4146154990885407,0,0
20,measured,3,telemetry,lustre,64,1000000,20260817,1000,True,1.2293563180137426,813433.8151982568,71.74969528231304,68.50430596387014,135.83630276843894,163.10892151552252,1000000,1000000,1000,,1.2293563180137426,813433.8151982568,1024,100,1024,102400,2.7603442849358544,370.9682178372891,165.89714385952448,162.33892703894526,264.5302298478782,283.3895901986397,,trial-0020.json,8.406749,0.18831399999999995,21648,5,1000,2471,8.595063,6.991514887959374,18432,64,6339,0,128,0,0,0,0,0.9416129999999998,0.10951199999999997,2677,5,1739,20,1.0511249999999994,0.38079489059982446,20952,64,6336,0,128,0,0,0,0,influx-telemetry,20261002T060117Z-db0b5b66,influx,nid004722,59188703,3.11.7,2.9.1,2026-10-02T06:09:41.806232+00:00,no_explicit_checkpoint_API_used,warm_after_acknowledged_writes_and_validation_no_checkpoint,native,influxdb,,,native,shifter,db0bdab1e5ad5ee899c127b8c13d9c986a3ced78cd9200dd80a1064bf1533b6e,,python_stdlib_http.client,,client_processes_only,not_collected,,,,,,,,,,,,,,,,,,,,False,2.9.1,1,1000000,1000,HTTP_batch_request_not_SQL_transaction,synchronous_HTTP_204_acknowledgements,0s,True,0.4146143919788301,0,0
21,measured,3,telemetry,tmpfs,1,1000000,20260817,1000,True,13.900940535007976,71937.57843087027,11.122718675527722,10.53573505487293,15.296059730462728,20.854965376202017,1000000,1000000,1000,,13.900940535007976,71937.57843087027,1024,100,1024,102400,15.165239403955638,67.52283776891146,14.706580533470515,12.473850976675749,28.48348431289196,31.446414914680645,,trial-0021.json,7.222802000000001,0.106874,15925,0,1000,89,7.329676000000001,0.5272791421228675,17832,1,102,0,2,0,0,0,0,0.822244,0.04878999999999999,51,0,1400,15,0.871034,0.05743621823555275,18504,1,99,0,2,0,0,0,0,influx-telemetry,20261002T060117Z-db0b5b66,influx,nid004722,59188703,3.11.7,2.9.1,2026-10-02T06:09:58.186710+00:00,no_explicit_checkpoint_API_used,warm_after_acknowledged_writes_and_validation_no_checkpoint,native,influxdb,,,native,shifter,db0bdab1e5ad5ee899c127b8c13d9c986a3ced78cd9200dd80a1064bf1533b6e,,python_stdlib_http.client,,client_processes_only,not_collected,,,,,,,,,,,,,,,,,,,,False,2.9.1,1,1000000,1000,HTTP_batch_request_not_SQL_transaction,synchronous_HTTP_204_acknowledgements,0s,True,0.36425447603687644,0,0
22,measured,3,telemetry,tmpfs,16,1000000,20260817,1000,True,1.6164615569869056,618635.1884940624,21.777001491282135,19.337366509716958,42.862480023177326,54.642077886965126,1000000,1000000,1000,,1.6164615569869056,618635.1884940624,1024,100,1024,102400,4.989790541003458,205.2190350647607,77.03047395955309,76.51281298603863,99.1552391438745,188.19202633807433,,trial-0022.json,8.287502000000002,0.09859700000000005,6015,2,1000,27,8.386099,5.187935935594869,19564,16,1587,0,32,0,0,0,0,0.9614739999999998,0.06915099999999998,671,1,1321,5,1.030625,0.2065467461070498,19512,16,1584,0,32,0,0,0,0,influx-telemetry,20261002T060117Z-db0b5b66,influx,nid004722,59188703,3.11.7,2.9.1,2026-10-02T06:10:38.238576+00:00,no_explicit_checkpoint_API_used,warm_after_acknowledged_writes_and_validation_no_checkpoint,native,influxdb,,,native,shifter,db0bdab1e5ad5ee899c127b8c13d9c986a3ced78cd9200dd80a1064bf1533b6e,,python_stdlib_http.client,,client_processes_only,not_collected,,,,,,,,,,,,,,,,,,,,False,2.9.1,1,1000000,1000,HTTP_batch_request_not_SQL_transaction,synchronous_HTTP_204_acknowledgements,0s,True,0.414390140096657,0,0
23,measured,3,telemetry,tmpfs,64,1000000,20260817,1000,True,1.1779923590365797,848901.9409411529,68.79339831601828,70.40203252108768,100.9924342506565,115.56841021869332,1000000,1000000,1000,,1.1779923590365797,848901.9409411529,1024,100,1024,102400,3.0882528270594776,331.579069895976,186.38197830193803,180.57614151621237,285.748225991847,314.44439033046365,,trial-0023.json,8.473719999999998,0.162365,21770,3,1000,76,8.636085000000003,7.331189318632779,19488,64,6339,0,128,0,0,0,0,0.9705280000000003,0.10997800000000002,2681,7,1834,22,1.0805060000000004,0.3498761469697476,18708,64,6336,0,128,0,0,0,0,influx-telemetry,20261002T060117Z-db0b5b66,influx,nid004722,59188703,3.11.7,2.9.1,2026-10-02T06:10:56.792148+00:00,no_explicit_checkpoint_API_used,warm_after_acknowledged_writes_and_validation_no_checkpoint,native,influxdb,,,native,shifter,db0bdab1e5ad5ee899c127b8c13d9c986a3ced78cd9200dd80a1064bf1533b6e,,python_stdlib_http.client,,client_processes_only,not_collected,,,,,,,,,,,,,,,,,,,,False,2.9.1,1,1000000,1000,HTTP_batch_request_not_SQL_transaction,synchronous_HTTP_204_acknowledgements,0s,True,0.4142259319778532,0,0
24,measured,3,telemetry,lustre,16,1000000,20260817,1000,True,1.7818517609266564,561213.9134851192,24.699379568803124,21.955256001092494,43.03146786405704,102.38534474163315,1000000,1000000,1000,,1.7818517609266564,561213.9134851192,1024,100,1024,102400,2.3483670910354704,436.04767070232003,35.74908041389335,35.93675646698102,54.77882823324762,61.37884856783785,,trial-0024.json,8.203402,0.10241700000000001,6001,1,1000,2854,8.305819,4.66134118568906,19492,16,1587,0,32,0,0,0,0,0.908812,0.06204899999999998,665,6,1532,19,0.970861,0.4134196070563722,18608,16,1584,0,32,0,0,0,0,influx-telemetry,20261002T060117Z-db0b5b66,influx,nid004722,59188703,3.11.7,2.9.1,2026-10-02T06:11:13.698762+00:00,no_explicit_checkpoint_API_used,warm_after_acknowledged_writes_and_validation_no_checkpoint,native,influxdb,,,native,shifter,db0bdab1e5ad5ee899c127b8c13d9c986a3ced78cd9200dd80a1064bf1533b6e,,python_stdlib_http.client,,client_processes_only,not_collected,,,,,,,,,,,,,,,,,,,,False,2.9.1,1,1000000,1000,HTTP_batch_request_not_SQL_transaction,synchronous_HTTP_204_acknowledgements,0s,True,0.3139750739792362,0,0
25,measured,4,telemetry,tmpfs,1,1000000,20260818,1000,True,13.956784576992504,71649.7409903769,11.203184508020058,10.644265508744866,15.492769941920413,21.29866609233431,1000000,1000000,1000,,13.956784576992504,71649.7409903769,1024,100,1024,102400,15.559373703086749,65.81241761658141,15.092627245508083,12.856688466854393,28.46847414621152,31.328639338025823,,trial-0025.json,7.180404,0.13841199999999998,17837,0,1000,76,7.318816,0.5243912707562263,19972,1,102,0,2,0,0,0,0,0.807945,0.061546000000000003,51,0,1461,16,0.869491,0.055882133599471674,21392,1,99,0,2,0,0,0,0,influx-telemetry,20261002T060117Z-db0b5b66,influx,nid004722,59188703,3.11.7,2.9.1,2026-10-02T06:11:29.217496+00:00,no_explicit_checkpoint_API_used,warm_after_acknowledged_writes_and_validation_no_checkpoint,native,influxdb,,,native,shifter,db0bdab1e5ad5ee899c127b8c13d9c986a3ced78cd9200dd80a1064bf1533b6e,,python_stdlib_http.client,,client_processes_only,not_collected,,,,,,,,,,,,,,,,,,,,False,2.9.1,1,1000000,1000,HTTP_batch_request_not_SQL_transaction,synchronous_HTTP_204_acknowledgements,0s,True,0.31420740904286504,0,0
26,measured,4,telemetry,lustre,16,1000000,20260818,1000,True,1.644274096004665,608171.1087159053,22.89524817466736,19.73540848121047,38.85945553774945,101.49430482648313,1000000,1000000,1000,,1.644274096004665,608171.1087159053,1024,100,1024,102400,5.211659554042853,196.48251950871386,80.04226592629493,78.75944505212829,105.69479960249737,181.31727518630194,,trial-0026.json,8.223833000000003,0.055867,6059,2,1001,2962,8.2797,5.035474328835082,18608,16,1587,0,32,0,0,0,0,0.9863369999999999,0.056255,667,3,1386,6,1.042592,0.20004990525354396,23752,16,1584,0,32,0,0,0,0,influx-telemetry,20261002T060117Z-db0b5b66,influx,nid004722,59188703,3.11.7,2.9.1,2026-10-02T06:12:09.707799+00:00,no_explicit_checkpoint_API_used,warm_after_acknowledged_writes_and_validation_no_checkpoint,native,influxdb,,,native,shifter,db0bdab1e5ad5ee899c127b8c13d9c986a3ced78cd9200dd80a1064bf1533b6e,,python_stdlib_http.client,,client_processes_only,not_collected,,,,,,,,,,,,,,,,,,,,False,2.9.1,1,1000000,1000,HTTP_batch_request_not_SQL_transaction,synchronous_HTTP_204_acknowledgements,0s,True,0.4644882860593498,0,0
27,measured,4,telemetry,lustre,64,1000000,20260818,1000,True,1.18394828599412,844631.4858763742,68.62273864960298,69.47571347700432,131.38821471948177,148.32608062191866,1000000,1000000,1000,,1.18394828599412,844631.4858763742,1024,100,1024,102400,2.7975978669710457,366.02830309871626,169.2285612015212,171.60694650374353,259.81566253467463,280.9075423609465,,trial-0027.json,8.580102000000002,0.22455399999999995,21786,6,1004,2799,8.804656000000001,7.436689679910335,20872,64,6339,0,128,0,0,0,0,0.9324539999999999,0.142584,2678,8,1799,29,1.075038,0.38427181143226335,18184,64,6336,0,128,0,0,0,0,influx-telemetry,20261002T060117Z-db0b5b66,influx,nid004722,59188703,3.11.7,2.9.1,2026-10-02T06:12:28.969162+00:00,no_explicit_checkpoint_API_used,warm_after_acknowledged_writes_and_validation_no_checkpoint,native,influxdb,,,native,shifter,db0bdab1e5ad5ee899c127b8c13d9c986a3ced78cd9200dd80a1064bf1533b6e,,python_stdlib_http.client,,client_processes_only,not_collected,,,,,,,,,,,,,,,,,,,,False,2.9.1,1,1000000,1000,HTTP_batch_request_not_SQL_transaction,synchronous_HTTP_204_acknowledgements,0s,True,0.4643459579674527,0,0
28,measured,4,telemetry,lustre,1,1000000,20260818,1000,True,15.389386085909791,64979.85003544616,12.606584258726798,12.034964049234986,17.23794472636655,24.54807871370576,1000000,1000000,1000,,15.389386085909791,64979.85003544616,1024,100,1024,102400,20.147135177976452,50.82608474873245,19.56521622571472,16.088338976260275,37.71883201552555,41.03397223632783,,trial-0028.json,7.3002080000000005,0.09573499999999999,20508,0,1000,81,7.395943000000001,0.4805872670107078,19756,1,102,0,2,0,0,0,0,0.838958,0.09802599999999997,1112,0,1416,14,0.9369839999999999,0.04650705878145149,18076,1,99,0,2,0,0,0,0,influx-telemetry,20261002T060117Z-db0b5b66,influx,nid004722,59188703,3.11.7,2.9.1,2026-10-02T06:12:45.780272+00:00,no_explicit_checkpoint_API_used,warm_after_acknowledged_writes_and_validation_no_checkpoint,native,influxdb,,,native,shifter,db0bdab1e5ad5ee899c127b8c13d9c986a3ced78cd9200dd80a1064bf1533b6e,,python_stdlib_http.client,,client_processes_only,not_collected,,,,,,,,,,,,,,,,,,,,False,2.9.1,1,1000000,1000,HTTP_batch_request_not_SQL_transaction,synchronous_HTTP_204_acknowledgements,0s,True,0.31546558008994907,0,0
29,measured,4,telemetry,tmpfs,64,1000000,20260818,1000,True,1.1329249939881265,882670.9670159156,66.0621403689729,65.95324154477566,99.58265952300279,106.35905911680311,1000000,1000000,1000,,1.1329249939881265,882670.9670159156,1024,100,1024,102400,2.573502558050677,397.9012947924319,155.17716766737522,150.79944295575842,238.53652978432365,271.27525106538087,,trial-0029.json,8.353412,0.164292,21755,5,1001,114,8.517703999999998,7.518330026435331,18756,64,6339,0,128,0,0,0,0,0.9583999999999997,0.14415099999999997,2675,10,1851,103,1.1025509999999998,0.42842428757293993,17828,64,6336,0,128,0,0,0,0,influx-telemetry,20261002T060117Z-db0b5b66,influx,nid004722,59188703,3.11.7,2.9.1,2026-10-02T06:13:32.603752+00:00,no_explicit_checkpoint_API_used,warm_after_acknowledged_writes_and_validation_no_checkpoint,native,influxdb,,,native,shifter,db0bdab1e5ad5ee899c127b8c13d9c986a3ced78cd9200dd80a1064bf1533b6e,,python_stdlib_http.client,,client_processes_only,not_collected,,,,,,,,,,,,,,,,,,,,False,2.9.1,1,1000000,1000,HTTP_batch_request_not_SQL_transaction,synchronous_HTTP_204_acknowledgements,0s,True,0.3641698800493032,0,0
30,measured,4,telemetry,tmpfs,16,1000000,20260818,1000,True,1.5795589439803734,633088.1185605349,21.563214894616976,19.56915156915784,39.27696325699799,56.76418689312413,1000000,1000000,1000,,1.5795589439803734,633088.1185605349,1024,100,1024,102400,4.787852386012673,213.87459709316306,73.08428713645299,72.85515748662874,98.76562495483087,157.47497053467663,,trial-0030.json,8.361464,0.11011599999999999,5951,3,1001,32,8.47158,5.363256643435056,19824,16,1587,0,32,0,0,0,0,0.9225860000000001,0.10387400000000002,672,0,1361,16,1.02646,0.21438839739477358,19524,16,1587,0,32,0,0,0,0,influx-telemetry,20261002T060117Z-db0b5b66,influx,nid004722,59188703,3.11.7,2.9.1,2026-10-02T06:13:48.552610+00:00,no_explicit_checkpoint_API_used,warm_after_acknowledged_writes_and_validation_no_checkpoint,native,influxdb,,,native,shifter,db0bdab1e5ad5ee899c127b8c13d9c986a3ced78cd9200dd80a1064bf1533b6e,,python_stdlib_http.client,,client_processes_only,not_collected,,,,,,,,,,,,,,,,,,,,False,2.9.1,1,1000000,1000,HTTP_batch_request_not_SQL_transaction,synchronous_HTTP_204_acknowledgements,0s,True,0.3646440180018544,0,0
31,measured,5,telemetry,tmpfs,64,1000000,20260819,1000,True,1.2148621040396392,823138.6893004702,70.31137150607537,71.37240149313584,107.19139138818718,112.53089220495895,1000000,1000000,1000,,1.2148621040396392,823138.6893004702,1024,100,1024,102400,2.783274632995017,367.9119508584381,167.65419602552356,162.5670570647344,271.3187917077449,288.9801283250563,,trial-0031.json,8.42329,0.22477200000000008,21710,2,1001,172,8.648062,7.118554419669202,19228,64,6339,0,128,0,0,0,0,0.9202559999999997,0.12996800000000006,2681,6,1797,35,1.0502239999999996,0.3773339459749533,19612,64,6336,0,128,0,0,0,0,influx-telemetry,20261002T060117Z-db0b5b66,influx,nid004722,59188703,3.11.7,2.9.1,2026-10-02T06:14:06.323520+00:00,no_explicit_checkpoint_API_used,warm_after_acknowledged_writes_and_validation_no_checkpoint,native,influxdb,,,native,shifter,db0bdab1e5ad5ee899c127b8c13d9c986a3ced78cd9200dd80a1064bf1533b6e,,python_stdlib_http.client,,client_processes_only,not_collected,,,,,,,,,,,,,,,,,,,,False,2.9.1,1,1000000,1000,HTTP_batch_request_not_SQL_transaction,synchronous_HTTP_204_acknowledgements,0s,True,0.2649331360589713,0,0
32,measured,5,telemetry,tmpfs,1,1000000,20260819,1000,True,14.00672922108788,71394.25516232915,11.197403424535878,10.573714505881071,15.885505516780539,21.470267872791734,1000000,1000000,1000,,14.00672922108788,71394.25516232915,1024,100,1024,102400,15.894863152992912,64.42332910599401,15.418423035498563,12.986681482288986,30.434244411299005,32.60873292689212,,trial-0032.json,7.282951,0.109403,18113,0,1000,80,7.392354,0.5277716077262645,20452,1,102,0,2,0,0,0,0,0.836825,0.055161999999999996,51,0,1450,14,0.8919870000000001,0.056117941464129184,17828,1,99,0,2,0,0,0,0,influx-telemetry,20261002T060117Z-db0b5b66,influx,nid004722,59188703,3.11.7,2.9.1,2026-10-02T06:14:22.672950+00:00,no_explicit_checkpoint_API_used,warm_after_acknowledged_writes_and_validation_no_checkpoint,native,influxdb,,,native,shifter,db0bdab1e5ad5ee899c127b8c13d9c986a3ced78cd9200dd80a1064bf1533b6e,,python_stdlib_http.client,,client_processes_only,not_collected,,,,,,,,,,,,,,,,,,,,False,2.9.1,1,1000000,1000,HTTP_batch_request_not_SQL_transaction,synchronous_HTTP_204_acknowledgements,0s,True,0.36448443902190775,0,0
33,measured,5,telemetry,lustre,1,1000000,20260819,1000,True,15.423339662025683,64836.80071328088,12.676659702905454,12.064086040481925,17.79175453702919,24.05525778187439,1000000,1000000,1000,,15.423339662025683,64836.80071328088,1024,100,1024,102400,16.300034313928336,62.82195363999907,15.813943864486646,13.466206495650113,30.01540189725347,33.186082346364856,,trial-0033.json,7.251176,0.091379,17074,0,1000,135,7.342555,0.47606777526130406,19860,1,102,0,2,0,0,0,0,0.8424119999999999,0.053395000000000005,51,0,1377,16,0.8958069999999999,0.05495736896912758,17828,1,99,0,2,0,0,0,0,influx-telemetry,20261002T060117Z-db0b5b66,influx,nid004722,59188703,3.11.7,2.9.1,2026-10-02T06:15:03.537174+00:00,no_explicit_checkpoint_API_used,warm_after_acknowledged_writes_and_validation_no_checkpoint,native,influxdb,,,native,shifter,db0bdab1e5ad5ee899c127b8c13d9c986a3ced78cd9200dd80a1064bf1533b6e,,python_stdlib_http.client,,client_processes_only,not_collected,,,,,,,,,,,,,,,,,,,,False,2.9.1,1,1000000,1000,HTTP_batch_request_not_SQL_transaction,synchronous_HTTP_204_acknowledgements,0s,True,0.414744645007886,0,0
34,measured,5,telemetry,lustre,16,1000000,20260819,1000,True,1.7909292560070753,558369.34744677,25.040016107959673,22.83863053889945,40.51649470929988,124.95576060493477,1000000,1000000,1000,,1.7909292560070753,558369.34744677,1024,100,1024,102400,2.37247968907468,431.6159184483399,36.10689983099746,35.767399007454515,57.3598068440333,63.98740451550111,,trial-0034.json,8.320368,0.08539799999999996,6023,2,1000,3269,8.405766,4.693522076210247,17828,16,1587,0,32,0,0,0,0,0.910221,0.057123999999999994,669,2,1592,26,0.967345,0.4077358404603607,17936,16,1584,0,32,0,0,0,0,influx-telemetry,20261002T060117Z-db0b5b66,influx,nid004722,59188703,3.11.7,2.9.1,2026-10-02T06:15:46.678720+00:00,no_explicit_checkpoint_API_used,warm_after_acknowledged_writes_and_validation_no_checkpoint,native,influxdb,,,native,shifter,db0bdab1e5ad5ee899c127b8c13d9c986a3ced78cd9200dd80a1064bf1533b6e,,python_stdlib_http.client,,client_processes_only,not_collected,,,,,,,,,,,,,,,,,,,,False,2.9.1,1,1000000,1000,HTTP_batch_request_not_SQL_transaction,synchronous_HTTP_204_acknowledgements,0s,True,0.36437680502422154,0,0
35,measured,5,telemetry,tmpfs,16,1000000,20260819,1000,True,1.6381070390343666,610460.7184824023,22.420917214476503,20.336320449132472,40.2785112906713,61.35409132228233,1000000,1000000,1000,,1.6381070390343666,610460.7184824023,1024,100,1024,102400,5.26624637003988,194.4458971432902,81.40045305867716,80.16436448087916,105.46931301942097,186.39559890725644,,trial-0035.json,8.311971999999999,0.06861300000000002,6046,4,1001,125,8.380585,5.116017940402843,19152,16,1587,0,32,0,0,0,0,0.935359,0.0975,671,1,1394,34,1.032859,0.19612811999757968,18280,16,1584,0,32,0,0,0,0,influx-telemetry,20261002T060117Z-db0b5b66,influx,nid004722,59188703,3.11.7,2.9.1,2026-10-02T06:16:02.236689+00:00,no_explicit_checkpoint_API_used,warm_after_acknowledged_writes_and_validation_no_checkpoint,native,influxdb,,,native,shifter,db0bdab1e5ad5ee899c127b8c13d9c986a3ced78cd9200dd80a1064bf1533b6e,,python_stdlib_http.client,,client_processes_only,not_collected,,,,,,,,,,,,,,,,,,,,False,2.9.1,1,1000000,1000,HTTP_batch_request_not_SQL_transaction,synchronous_HTTP_204_acknowledgements,0s,True,0.3641270709922537,0,0
36,measured,5,telemetry,lustre,64,1000000,20260819,1000,True,1.2213811150286347,818745.2611599906,70.93713084317278,70.07114152656868,141.8605113402009,163.93465526634827,1000000,1000000,1000,,1.2213811150286347,818745.2611599906,1024,100,1024,102400,2.976682855049148,344.0070877094136,180.45243352628404,176.41078255837783,265.9556020691526,298.482693224214,,trial-0036.json,8.308921,0.23024200000000006,21794,6,1001,3353,8.539162999999997,6.991399240522726,17828,64,6339,0,128,0,0,0,0,1.0077729999999998,0.07830999999999999,2684,4,1855,43,1.0860830000000001,0.3648635252350616,17828,64,6336,0,128,0,0,0,0,influx-telemetry,20261002T060117Z-db0b5b66,influx,nid004722,59188703,3.11.7,2.9.1,2026-10-02T06:16:20.396639+00:00,no_explicit_checkpoint_API_used,warm_after_acknowledged_writes_and_validation_no_checkpoint,native,influxdb,,,native,shifter,db0bdab1e5ad5ee899c127b8c13d9c986a3ced78cd9200dd80a1064bf1533b6e,,python_stdlib_http.client,,client_processes_only,not_collected,,,,,,,,,,,,,,,,,,,,False,2.9.1,1,1000000,1000,HTTP_batch_request_not_SQL_transaction,synchronous_HTTP_204_acknowledgements,0s,True,0.26396753592416644,0,0
