deployment,workload,storage,clients,metric,n,mean,sd,median,minimum,maximum,cv_percent,mean_t95_low,mean_t95_high
sqlite-native,metadata,lustre,16,completion_throughput_records_s,5,233384.16215588868,4092.435912629549,234181.1825947852,228103.58270210592,238080.68280921842,1.7535191226455251,228302.7318182204,238465.59249355696
sqlite-native,metadata,lustre,16,read_queries_per_s,5,38439.404705908484,1038.591143240973,38845.1557348096,37051.391984667316,39539.76289369106,2.701891850789594,37149.82347449288,39728.98593732409
sqlite-native,metadata,lustre,16,completion_wall_s,5,4.2858385647879915,0.07540080326734544,4.27019792504143,4.20025677094236,4.383973228977993,1.7593010592333242,4.192216101935284,4.379461027640699
sqlite-native,metadata,lustre,16,workload_wall_s,5,4.187189105176367,0.0653563599279865,4.181686588097364,4.104105256963521,4.256360920961015,1.5608647779291938,4.10603846600014,4.268339744352595
sqlite-native,metadata,lustre,16,read_wall_s,5,1.6659399227937683,0.04542620802040852,1.6475670849904418,1.618623767979443,1.7273305150447413,2.7267614755416343,1.609535835719912,1.7223440098676246
sqlite-native,metadata,lustre,16,transaction_latency_mean_ms,5,45.32966364680324,3.9656049201933734,45.31383687455673,39.19222820410505,49.339849861804396,8.74836608339369,40.40571478629942,50.25361250730706
sqlite-native,metadata,lustre,16,transaction_latency_p50_ms,5,6.207935698330402,1.4469515809681577,6.8670850014314055,3.633425512816757,7.012016023509204,23.30809549714423,4.411308013098222,8.004563383562582
sqlite-native,metadata,lustre,16,transaction_latency_p95_ms,5,106.03124457062185,35.05050119640897,108.86446972144768,59.339521953370415,147.24983712658144,33.0567667467712,62.510299116042866,149.55219002520084
sqlite-native,metadata,lustre,16,transaction_latency_p99_ms,5,1080.1235803104935,89.31058847802808,1138.5247269482352,939.6942926151678,1141.8407320033284,8.268552793964073,969.2298379389341,1191.017322682053
sqlite-native,metadata,lustre,16,read_latency_mean_ms,5,0.3747610402337159,0.007838261856997451,0.3728271660656901,0.36855702936736634,0.38815596893255133,2.09153594303965,0.36502855267738843,0.3844935277900434
sqlite-native,metadata,lustre,16,read_latency_p50_ms,5,0.364485417958349,0.006770099046054777,0.36309706047177315,0.3587470855563879,0.37601194344460964,1.8574403014466878,0.35607922970858913,0.37289160620810885
sqlite-native,metadata,lustre,16,read_latency_p95_ms,5,0.48367421492002904,0.013514917767463558,0.4790145729202778,0.47395143774338067,0.5068075028248131,2.794219197667612,0.46689322808948513,0.5004552017505729
sqlite-native,metadata,lustre,16,read_latency_p99_ms,5,0.5614311895333232,0.018560042425887602,0.5544902291148901,0.5464651971124115,0.5922639649361374,3.305844557961807,0.538385853047964,0.5844765260186823
sqlite-native,metadata,lustre,16,write_worker_cpu_s,5,4.988176599999999,0.06835588348342828,4.973647,4.904374999999999,5.076839,1.3703581281269852,4.903301560413215,5.073051639586783
sqlite-native,metadata,lustre,16,write_worker_cpu_core_equivalents,5,1.1915860734615684,0.028020094083621137,1.185354810496403,1.15224603624372,1.2245128158723637,2.3514955996609217,1.1567945314116537,1.2263776155114832
sqlite-native,metadata,lustre,16,write_worker_peak_rss_max_kib,5,23504.8,660.087266957938,23800.0,22324.0,23800.0,2.8083083751316242,22685.19340494561,24324.406595054388
sqlite-native,metadata,lustre,16,write_worker_major_faults,5,2.2,1.4832396974191326,2.0,0.0,4.0,67.4199862463242,0.3583146670080186,4.041685332991982
sqlite-native,metadata,lustre,16,write_worker_voluntary_switches,5,20771.6,1850.4116569023229,20799.0,17973.0,22838.0,8.908373244729935,18474.01046376781,23069.18953623219
sqlite-native,metadata,lustre,16,write_worker_involuntary_switches,5,6645.2,1145.1884997676148,6287.0,5244.0,8034.0,17.233318782995468,5223.2606686815725,8067.139331318427
sqlite-native,metadata,lustre,16,read_worker_cpu_s,5,17.102052599999997,0.29529568947040113,16.993158,16.854253999999997,17.589067999999997,1.7266681162610926,16.73539457355984,17.468710626440153
sqlite-native,metadata,lustre,16,read_worker_cpu_core_equivalents,5,10.26814116553406,0.12500198416405148,10.314091702128527,10.100057885679453,10.412706357969439,1.2173769541037467,10.11293070209352,10.423351628974599
sqlite-native,metadata,lustre,16,read_worker_peak_rss_max_kib,5,23390.4,915.8934435839138,23800.0,21752.0,23800.0,3.9156809784523303,22253.168084910987,24527.631915089016
sqlite-native,metadata,lustre,16,read_worker_major_faults,5,3.2,1.9235384061671346,3.0,1.0,6.0,60.110575192722955,0.8116116119000196,5.588388388099981
sqlite-native,metadata,lustre,16,read_worker_voluntary_switches,5,193568.0,4047.7708062586744,194804.0,186822.0,197299.0,2.091136348083709,188542.0287168884,198593.9712831116
sqlite-native,metadata,lustre,16,read_worker_involuntary_switches,5,281532.4,53388.035324405784,266386.0,240849.0,374795.0,18.963371649020072,215242.39860285452,347822.4013971455
sqlite-native,metadata,lustre,64,completion_throughput_records_s,5,197496.07000408304,17518.331847320092,194406.53237360288,180308.5810055977,225631.9578820495,8.870217947606713,175744.18804067923,219247.95196748685
sqlite-native,metadata,lustre,64,read_queries_per_s,5,40074.11558864793,160.0739424534772,40121.089661116486,39861.09137186814,40256.08539064476,0.39944472910294854,39875.35753725291,40272.873640042955
sqlite-native,metadata,lustre,64,completion_wall_s,5,5.093616813002154,0.4269335658499129,5.1438600739929825,4.431996288942173,5.546047750045545,8.381737015633105,4.563508774661561,5.623724851342748
sqlite-native,metadata,lustre,64,workload_wall_s,5,4.956486021587625,0.42887049997137405,5.033987998962402,4.296506737009622,5.437825520057231,8.652712790946223,4.423972961881521,5.488999081293729
sqlite-native,metadata,lustre,64,read_wall_s,5,1.5970612653763965,0.006385749522829494,1.5951710320077837,1.589821746922098,1.6055757079739124,0.39984374183193877,1.5891323100923522,1.6049902206604407
sqlite-native,metadata,lustre,64,transaction_latency_mean_ms,5,154.30491492575965,3.6324356785838026,152.91147246584296,150.55440749845002,158.73276358179282,2.3540634984514055,149.7946503178713,158.815179533648
sqlite-native,metadata,lustre,64,transaction_latency_p50_ms,5,6.19417866691947,1.8119629643009716,6.564983516000211,4.225678450893611,8.662520442157984,29.25267516059735,3.944329488068381,8.44402784577056
sqlite-native,metadata,lustre,64,transaction_latency_p95_ms,5,745.9241280273982,76.52085192265942,741.0496103053442,640.518813487142,856.495109293606,10.258530197302958,650.9109410831506,840.9373149716457
sqlite-native,metadata,lustre,64,transaction_latency_p99_ms,5,3699.5016591188023,375.5414460792707,3959.489663245621,3150.937055152608,3965.6743502395684,10.151136036217435,3233.2053656887915,4165.797952548813
sqlite-native,metadata,lustre,64,read_latency_mean_ms,5,1.5525015774303028,0.004610281989500951,1.550737099176331,1.54685092037289,1.5577973306681088,0.29695828052760365,1.5467771562623722,1.5582259985982334
sqlite-native,metadata,lustre,64,read_latency_p50_ms,5,1.5495968284085393,0.004985314416773417,1.546772022265941,1.544672530144453,1.5555580612272024,0.3217168701805756,1.5434067429775056,1.555786913839573
sqlite-native,metadata,lustre,64,read_latency_p95_ms,5,1.6616106079891324,0.005358401021783115,1.6617659770417958,1.6550235741306096,1.6687410592567176,0.322482355133,1.654957274352446,1.6682639416258187
sqlite-native,metadata,lustre,64,read_latency_p99_ms,5,1.7240322895813733,0.007287244764820001,1.7233665741514417,1.7161024070810527,1.7353622219525282,0.4226860952000776,1.7149839801107976,1.7330805990519491
sqlite-native,metadata,lustre,64,write_worker_cpu_s,5,5.4511378,0.14492611885957773,5.385175,5.336918999999998,5.7000290000000025,2.6586397955226473,5.271188255812662,5.631087344187337
sqlite-native,metadata,lustre,64,write_worker_cpu_core_equivalents,5,1.1088939224640924,0.13255222380622364,1.0697631780429322,0.9814435899634802,1.326665905327367,11.953553096555625,0.9443085982820565,1.2734792466461282
sqlite-native,metadata,lustre,64,write_worker_peak_rss_max_kib,5,23390.4,915.8934435839138,23800.0,21752.0,23800.0,3.9156809784523303,22253.168084910987,24527.631915089016
sqlite-native,metadata,lustre,64,write_worker_major_faults,5,10.6,2.5099800796022267,11.0,7.0,14.0,23.67905735473799,7.483448098949297,13.716551901050703
sqlite-native,metadata,lustre,64,write_worker_voluntary_switches,5,29317.6,2229.1466528696583,28626.0,27631.0,33021.0,7.603441799020583,26549.74885441532,32085.451145584677
sqlite-native,metadata,lustre,64,write_worker_involuntary_switches,5,10621.2,849.4425819324105,10448.0,9702.0,11745.0,7.99761403544242,9566.477727473275,11675.922272526726
sqlite-native,metadata,lustre,64,read_worker_cpu_s,5,20.2757792,0.029535394608841435,20.286104,20.228616,20.303266999999998,0.14566835788407795,20.23910616384146,20.31245223615854
sqlite-native,metadata,lustre,64,read_worker_cpu_core_equivalents,5,12.695815404996882,0.04537013471756726,12.696694639217151,12.645474703663048,12.764861242644962,0.35736290478601523,12.639480942124424,12.75214986786934
sqlite-native,metadata,lustre,64,read_worker_peak_rss_max_kib,5,23390.4,915.8934435839138,23800.0,21752.0,23800.0,3.9156809784523303,22253.168084910987,24527.631915089016
sqlite-native,metadata,lustre,64,read_worker_major_faults,5,7.0,3.872983346207417,6.0,3.0,12.0,55.328333517248815,2.1910560133715054,11.808943986628496
sqlite-native,metadata,lustre,64,read_worker_voluntary_switches,5,255904.2,16.498484778912275,255904.0,255884.0,255921.0,0.006447133254910343,255883.71442542513,255924.6855745749
sqlite-native,metadata,lustre,64,read_worker_involuntary_switches,5,237296.2,16064.62236406446,230585.0,228465.0,265973.0,6.769860774873116,217349.33676580212,257243.0632341979
sqlite-native,metadata,tmpfs,64,completion_throughput_records_s,5,192203.90767125794,20442.182824602995,184827.42917187716,178184.16882820288,228123.35368301516,10.63567493100449,166821.58521324908,217586.2301292668
sqlite-native,metadata,tmpfs,64,read_queries_per_s,5,81512.6452881434,5643.475012696317,79201.96036002808,76119.85110586214,89196.95859418916,6.923434999253056,74505.34554011584,88519.94503617095
sqlite-native,metadata,tmpfs,64,completion_wall_s,5,5.244867571815848,0.49480786981908076,5.410452358075418,4.383593279053457,5.612170859938487,9.434134666774268,4.630482453833601,5.859252689798096
sqlite-native,metadata,tmpfs,64,workload_wall_s,5,5.201955717615784,0.5265450936539038,5.38028415304143,4.282645302009769,5.5847353669814765,10.1220602834204,4.548163631394902,5.855747803836665
sqlite-native,metadata,tmpfs,64,read_wall_s,5,0.7880990127567202,0.05319866174493747,0.8080608069431037,0.7175132539123297,0.840779363992624,6.75025103239908,0.7220441497154115,0.8541538757980289
sqlite-native,metadata,tmpfs,64,transaction_latency_mean_ms,5,146.5053679818753,19.002553652166185,152.52702632080764,113.70406883885153,161.30266127933282,12.97055112309404,122.9105812380451,170.10015472570552
sqlite-native,metadata,tmpfs,64,transaction_latency_p50_ms,5,1.868643262423575,0.019262613546972316,1.8592909327708185,1.8490160000510514,1.8926954362541437,1.030834185118313,1.8447255686709874,1.8925609561761625
sqlite-native,metadata,tmpfs,64,transaction_latency_p95_ms,5,496.98184870881596,53.81232557399216,531.8078814656473,436.8397799029435,539.7392494080077,10.827825143674627,430.16502138397016,563.7986760336618
sqlite-native,metadata,tmpfs,64,transaction_latency_p99_ms,5,4158.831004615639,527.5635321330717,4339.141738915349,3236.76559412619,4539.678569742245,12.685380376061453,3503.77436000079,4813.887649230489
sqlite-native,metadata,tmpfs,64,read_latency_mean_ms,5,0.7631040278825821,0.054293358709437425,0.7841042895852297,0.6910289876541356,0.8174467217850179,7.114804368165578,0.6956899190315109,0.8305181367336534
sqlite-native,metadata,tmpfs,64,read_latency_p50_ms,5,0.7722019217908382,0.05208408158565598,0.7916564936749637,0.7034855079837143,0.8269100217148662,6.744878524112724,0.7075309928064216,0.8368728507752549
sqlite-native,metadata,tmpfs,64,read_latency_p95_ms,5,0.819073102902621,0.045145793548682964,0.8351574477273971,0.7593289541546255,0.8648530347272754,5.511814926982202,0.7630171963828817,0.8751290094223604
sqlite-native,metadata,tmpfs,64,read_latency_p99_ms,5,0.8413949441164732,0.04357905924582912,0.857370289741084,0.7873340242076665,0.8868669392541051,5.179382114256742,0.7872843951753383,0.8955054930576081
sqlite-native,metadata,tmpfs,64,write_worker_cpu_s,5,2.9629057999999997,0.02363722310678648,2.9541379999999995,2.944774,3.0031739999999996,0.797771670864004,2.933556311050793,2.9922552889492064
sqlite-native,metadata,tmpfs,64,write_worker_cpu_core_equivalents,5,0.574837693549336,0.06521762012200424,0.5508842870918861,0.5279621694221235,0.6897928246856389,11.34539729281112,0.49385932259531395,0.655816064503358
sqlite-native,metadata,tmpfs,64,write_worker_peak_rss_max_kib,5,23997.6,441.8470323539584,23800.0,23800.0,24788.0,1.8412134228171086,23448.974447212913,24546.225552787084
sqlite-native,metadata,tmpfs,64,write_worker_major_faults,5,13.0,6.2048368229954285,11.0,9.0,24.0,47.72951402304175,5.295677502157555,20.704322497842444
sqlite-native,metadata,tmpfs,64,write_worker_voluntary_switches,5,2372.6,73.84646233909922,2401.0,2242.0,2424.0,3.112469962871922,2280.90750631883,2464.2924936811696
sqlite-native,metadata,tmpfs,64,write_worker_involuntary_switches,5,107.0,162.8803241647069,37.0,24.0,398.0,152.22460202309057,-95.24263453107514,309.24263453107517
sqlite-native,metadata,tmpfs,64,read_worker_cpu_s,5,49.775127999999995,3.426830586738931,51.08944500000001,45.193296999999994,53.19511399999999,6.884624358452542,45.52015583250278,54.03010016749721
sqlite-native,metadata,tmpfs,64,read_worker_cpu_core_equivalents,5,63.15372735710893,0.10807554437085705,63.15268936243432,62.98601001943582,63.26881495686502,0.1711309037386397,63.01953384457736,63.287920869640494
sqlite-native,metadata,tmpfs,64,read_worker_peak_rss_max_kib,5,23800.0,0.0,23800.0,23800.0,23800.0,0.0,23800.0,23800.0
sqlite-native,metadata,tmpfs,64,read_worker_major_faults,5,9.0,3.391164991562634,8.0,5.0,13.0,37.679611017362596,4.789312518007706,13.210687481992295
sqlite-native,metadata,tmpfs,64,read_worker_voluntary_switches,5,2.6,1.3416407864998738,2.0,1.0,4.0,51.6015687115336,0.934132936881324,4.265867063118677
sqlite-native,metadata,tmpfs,64,read_worker_involuntary_switches,5,84.4,20.923670806051216,93.0,54.0,107.0,24.791079154089118,58.41983124985907,110.38016875014094
sqlite-native,metadata,lustre,1,completion_throughput_records_s,5,239042.8222621489,2991.2592520317394,238664.09015152074,235290.29897066683,243601.38336890817,1.251348701343286,235328.68333960717,242756.96118469062
sqlite-native,metadata,lustre,1,read_queries_per_s,5,3967.0142162617476,47.225096441735566,3988.1524789458304,3901.1224607404856,4008.654758027825,1.1904443459806247,3908.376514198344,4025.651918325151
sqlite-native,metadata,lustre,1,completion_wall_s,5,4.183872550562955,0.052115373006076805,4.189989366917871,4.105066999909468,4.250068975961767,1.2456252521139655,4.11916276814835,4.248582332977561
sqlite-native,metadata,lustre,1,workload_wall_s,5,4.123418767401017,0.03922939372857943,4.138250993099064,4.060365790966898,4.160048453952186,0.9513802973086247,4.07470904153688,4.172128493265155
sqlite-native,metadata,lustre,1,read_wall_s,5,16.134879606007598,0.19314153698696726,16.047530864947475,15.965455711004324,16.40553472598549,1.1970435584474624,15.89506271297314,16.374696499042056
sqlite-native,metadata,lustre,1,transaction_latency_mean_ms,5,3.2854608388384805,0.03788426797646531,3.29980450659059,3.2244738794397563,3.3235919915605336,1.1530884047870331,3.2384213071938,3.332500370483161
sqlite-native,metadata,lustre,1,transaction_latency_p50_ms,5,2.6133764069527388,0.0164203691467062,2.612006035633385,2.5978335179388523,2.638610021676868,0.6283200959119684,2.5929878257460577,2.63376498815942
sqlite-native,metadata,lustre,1,transaction_latency_p95_ms,5,3.40399837354198,0.0430604574100842,3.394305479014291,3.3455916040111333,3.4546631039120252,1.2649964155323106,3.350531753829692,3.457464993254268
sqlite-native,metadata,lustre,1,transaction_latency_p99_ms,5,21.500255731400102,0.6236135868294813,21.638582929736003,20.555730998748913,22.238998037064448,2.900493810958366,20.72593719184322,22.274574270956986
sqlite-native,metadata,lustre,1,read_latency_mean_ms,5,0.23228540558484384,0.0026431066335363142,0.23112323992609163,0.22992543992768333,0.23590305724246718,1.1378702966213265,0.22900355523456825,0.23556725593511943
sqlite-native,metadata,lustre,1,read_latency_p50_ms,5,0.2299597254022956,0.002573514893192152,0.22862397599965334,0.2274430589750409,0.2333344891667366,1.1191154836743693,0.22676428461057768,0.2331551661940135
sqlite-native,metadata,lustre,1,read_latency_p95_ms,5,0.24673221283592284,0.0038042482822040215,0.24664995726197958,0.24292203597724438,0.2516199660021812,1.5418531040103183,0.2420086147036816,0.2514558109681641
sqlite-native,metadata,lustre,1,read_latency_p99_ms,5,0.26279517565853905,0.00482195113413914,0.2616993768606336,0.2578321879263968,0.26834198273718357,1.8348704926016244,0.25680793253418066,0.26878241878289744
sqlite-native,metadata,lustre,1,write_worker_cpu_s,5,3.5020856,0.021465800714159357,3.494422,3.478477,3.5330600000000003,0.6129433476485942,3.475432288060612,3.528738911939388
sqlite-native,metadata,lustre,1,write_worker_cpu_core_equivalents,5,0.8493535631454036,0.006410382777328556,0.8487713036111731,0.8399955045427853,0.8566905493437494,0.7547366674473045,0.8413940216360892,0.8573131046547179
sqlite-native,metadata,lustre,1,write_worker_peak_rss_max_kib,5,23824.0,53.665631459994955,23800.0,23800.0,23920.0,0.22525869484551275,23757.365317475254,23890.634682524746
sqlite-native,metadata,lustre,1,write_worker_major_faults,5,0.0,0.0,0.0,0.0,0.0,,0.0,0.0
sqlite-native,metadata,lustre,1,write_worker_voluntary_switches,5,6959.6,13.66747965061591,6959.0,6944.0,6977.0,0.19638312044680598,6942.629582571648,6976.570417428353
sqlite-native,metadata,lustre,1,write_worker_involuntary_switches,5,161.0,344.35809849631823,8.0,5.0,777.0,213.88701769957657,-266.5770533927841,588.5770533927841
sqlite-native,metadata,lustre,1,read_worker_cpu_s,5,10.6007926,0.15475914081824105,10.593275,10.432299,10.847021000000002,1.4598827338461564,10.408633746453043,10.792951453546957
sqlite-native,metadata,lustre,1,read_worker_cpu_core_equivalents,5,0.6570127270792546,0.005718540981049252,0.6579905086478671,0.6500874862180329,0.6635122223726126,0.8703851151363513,0.649912220620833,0.6641132335376763
sqlite-native,metadata,lustre,1,read_worker_peak_rss_max_kib,5,23800.0,0.0,23800.0,23800.0,23800.0,0.0,23800.0,23800.0
sqlite-native,metadata,lustre,1,read_worker_major_faults,5,0.0,0.0,0.0,0.0,0.0,,0.0,0.0
sqlite-native,metadata,lustre,1,read_worker_voluntary_switches,5,128014.2,12.637246535539298,128017.0,127999.0,128030.0,0.009871753708213072,127998.50878594039,128029.89121405961
sqlite-native,metadata,lustre,1,read_worker_involuntary_switches,5,14910.0,5410.619511664076,15226.0,7187.0,20220.0,36.28852791189856,8191.828544387887,21628.171455612115
sqlite-native,metadata,tmpfs,1,completion_throughput_records_s,5,442474.7265063422,5330.485697347296,442867.55153101106,434125.3602556214,448734.11340953497,1.204698342758542,435856.05432300596,449093.3986896784
sqlite-native,metadata,tmpfs,1,read_queries_per_s,5,12226.027212139232,42.758983806227086,12210.738769270492,12184.559781425904,12297.151574635038,0.34973735183389465,12172.934921347261,12279.119502931202
sqlite-native,metadata,tmpfs,1,completion_wall_s,5,2.260280268616043,0.02741336238869347,2.258011445053853,2.228491149027832,2.3034821080509573,1.2128302303624727,2.2262420834682892,2.294318453763797
sqlite-native,metadata,tmpfs,1,workload_wall_s,5,2.2313339080195873,0.028387770777977408,2.229712131083943,2.2014747670618817,2.277522603981197,1.272233199878761,2.196085835055312,2.2665819809838625
sqlite-native,metadata,tmpfs,1,read_wall_s,5,5.234785037231632,0.018251046920704322,5.241288116085343,5.204457277082838,5.252549221972004,0.34864940567561914,5.212123369340666,5.2574467051225975
sqlite-native,metadata,tmpfs,1,transaction_latency_mean_ms,5,1.4828793175052852,0.028760330571057088,1.4756754013942555,1.4513994683511555,1.5298340081935748,1.9394923262832937,1.4471686504587646,1.5185899845518058
sqlite-native,metadata,tmpfs,1,transaction_latency_p50_ms,5,1.4357588021084666,0.02892961449164225,1.4311664854176342,1.4062930131331086,1.4839500072412193,2.014935548307836,1.3998379413122806,1.4716796629046527
sqlite-native,metadata,tmpfs,1,transaction_latency_p95_ms,5,1.507607571547851,0.03320017957163417,1.5178451663814485,1.4579996292013675,1.5364886028692126,2.2021764946131013,1.4663841038398528,1.548831039255849
sqlite-native,metadata,tmpfs,1,transaction_latency_p99_ms,5,2.925971010699868,0.04170095353441858,2.9095925367437303,2.8851142432540655,2.9919284826610237,1.4252005020529597,2.8741924380054127,2.9777495833943237
sqlite-native,metadata,tmpfs,1,read_latency_mean_ms,5,0.07024416883105004,0.00017860958091777676,0.07024988828379719,0.06995851134161057,0.07040807320845488,0.25426961965677913,0.07002239574469017,0.07046594191740992
sqlite-native,metadata,tmpfs,1,read_latency_p50_ms,5,0.07022477220743895,0.00021443129360331352,0.07024698425084352,0.0698859803378582,0.07040693890303373,0.3053499311751398,0.06995852059008345,0.07049102382479444
sqlite-native,metadata,tmpfs,1,read_latency_p95_ms,5,0.07150922901928425,0.0001534402653386789,0.07152999751269817,0.07126806303858757,0.07164000999182463,0.21457407308544732,0.07131870776593838,0.07169975027263012
sqlite-native,metadata,tmpfs,1,read_latency_p99_ms,5,0.07669122284278274,0.00043218168504970757,0.07650908082723618,0.07634910871274771,0.07741992478258908,0.5635347423468282,0.07615459840377348,0.077227847281792
sqlite-native,metadata,tmpfs,1,write_worker_cpu_s,5,2.2314355999999997,0.028340383885896863,2.2299059999999997,2.20141,2.277512,1.2700516154666022,2.1962463656336073,2.266624834366392
sqlite-native,metadata,tmpfs,1,write_worker_cpu_core_equivalents,5,1.0000457952921793,0.00010729110672070764,0.999995344072029,0.9999604236607056,1.0002156806224856,0.010728619351812867,0.9999125757876367,1.0001790147967218
sqlite-native,metadata,tmpfs,1,write_worker_peak_rss_max_kib,5,24702.4,516.9340383453192,24876.0,23800.0,25044.0,2.092647023549611,24060.541615140533,25344.25838485947
sqlite-native,metadata,tmpfs,1,write_worker_major_faults,5,0.0,0.0,0.0,0.0,0.0,,0.0,0.0
sqlite-native,metadata,tmpfs,1,write_worker_voluntary_switches,5,0.0,0.0,0.0,0.0,0.0,,0.0,0.0
sqlite-native,metadata,tmpfs,1,write_worker_involuntary_switches,5,17.4,28.884251764586182,4.0,3.0,69.0,166.0014469229091,-18.464535531140207,53.264535531140204
sqlite-native,metadata,tmpfs,1,read_worker_cpu_s,5,5.2345068,0.018263941351745465,5.24099,5.204147,5.2522649999999995,0.34891427310296863,5.211829121558233,5.257184478441768
sqlite-native,metadata,tmpfs,1,read_worker_cpu_core_equivalents,5,0.9999468409715563,5.461455078381475e-06,0.9999458887561081,0.9999403824325344,0.9999530831376794,0.000546174541946158,0.9999400596794077,0.9999536222637049
sqlite-native,metadata,tmpfs,1,read_worker_peak_rss_max_kib,5,23800.0,0.0,23800.0,23800.0,23800.0,0.0,23800.0,23800.0
sqlite-native,metadata,tmpfs,1,read_worker_major_faults,5,0.0,0.0,0.0,0.0,0.0,,0.0,0.0
sqlite-native,metadata,tmpfs,1,read_worker_voluntary_switches,5,0.0,0.0,0.0,0.0,0.0,,0.0,0.0
sqlite-native,metadata,tmpfs,1,read_worker_involuntary_switches,5,9.8,8.228000972289685,7.0,3.0,24.0,83.9591935947927,-0.4164125844776674,20.01641258447767
sqlite-native,metadata,tmpfs,16,completion_throughput_records_s,5,368879.92392310506,3078.15568991809,367482.22845223977,366104.03784695006,373554.48348800436,0.8344600750242367,365057.8888220677,372701.9590241424
sqlite-native,metadata,tmpfs,16,read_queries_per_s,5,152216.5370921931,3278.8261966967502,153391.88156749427,147170.4539289228,155504.37888020283,2.154053862564789,148145.33664738736,156287.73753699881
sqlite-native,metadata,tmpfs,16,completion_wall_s,5,2.711059493990615,0.022505606520890124,2.721220028004609,2.676985671976581,2.731464001000859,0.8301406358206623,2.683115092615886,2.7390038953653444
sqlite-native,metadata,tmpfs,16,workload_wall_s,5,2.6875399748096243,0.022551720276517848,2.6971804900094867,2.6535547350067645,2.7094191840151325,0.839121296348916,2.6595383156447103,2.715541633974538
sqlite-native,metadata,tmpfs,16,read_wall_s,5,0.42061192381661383,0.009185221108531625,0.41723199002444744,0.41156397305894643,0.4348698960384354,2.1837757297000375,0.40920696545060886,0.4320168821826188
sqlite-native,metadata,tmpfs,16,transaction_latency_mean_ms,5,28.899937367113306,2.738895811605799,29.819077463587746,24.057850185898133,30.771659736637957,9.47716867622878,25.499149043011307,32.300725691215305
sqlite-native,metadata,tmpfs,16,transaction_latency_p50_ms,5,1.8116059247404337,0.020253933993140495,1.814959046896547,1.7830320284701884,1.8380950205028057,1.1180099223865407,1.7864573440791558,1.8367545054017116
sqlite-native,metadata,tmpfs,16,transaction_latency_p95_ms,5,105.73101452435367,30.666097882551988,106.09121261513792,55.48748057917692,130.65886771655641,29.003881236274793,67.65402481819618,143.80800423051116
sqlite-native,metadata,tmpfs,16,transaction_latency_p99_ms,5,573.1526253665785,113.09487233962109,531.8218847922981,436.536927397824,732.838788087246,19.732069144285532,432.72679400102027,713.5784567321367
sqlite-native,metadata,tmpfs,16,read_latency_mean_ms,5,0.09086931236852251,0.0028262569132156364,0.09153339729527943,0.0877181838168326,0.09485442077675543,3.110243534972168,0.08736005090970815,0.09437857382733687
sqlite-native,metadata,tmpfs,16,read_latency_p50_ms,5,0.09046002523973584,0.002957721294352307,0.09114702697843313,0.08704897481948137,0.09463506285101175,3.2696445601400144,0.08678752919181794,0.09413252128765374
sqlite-native,metadata,tmpfs,16,read_latency_p95_ms,5,0.09963817428797483,0.003133422398432078,0.09946397040039301,0.09641796350479126,0.10436295997351408,3.144801097394501,0.09574751650467643,0.10352883207127324
sqlite-native,metadata,tmpfs,16,read_latency_p99_ms,5,0.11425286391749981,0.017968674697357728,0.1062571373768151,0.10341205401346089,0.14612506725825372,15.727110972318929,0.0919418074503558,0.13656392038464382
sqlite-native,metadata,tmpfs,16,write_worker_cpu_s,5,2.7669013999999996,0.041407232892334576,2.7681180000000003,2.701123999999999,2.811043,1.496520002206605,2.715487529652349,2.81831527034765
sqlite-native,metadata,tmpfs,16,write_worker_cpu_core_equivalents,5,1.0296366926060894,0.02089406664196045,1.032513887147763,0.9969383903147683,1.0517099810239587,2.0292659335086407,1.0036932822806968,1.055580102931482
sqlite-native,metadata,tmpfs,16,write_worker_peak_rss_max_kib,5,23800.0,0.0,23800.0,23800.0,23800.0,0.0,23800.0,23800.0
sqlite-native,metadata,tmpfs,16,write_worker_major_faults,5,4.0,4.743416490252569,3.0,0.0,12.0,118.58541225631423,-1.8897294844326709,9.88972948443267
sqlite-native,metadata,tmpfs,16,write_worker_voluntary_switches,5,1305.0,307.09689024801276,1436.0,767.0,1513.0,23.532328754636993,923.6888474187099,1686.3111525812901
sqlite-native,metadata,tmpfs,16,write_worker_involuntary_switches,5,15.6,13.277801022759755,11.0,6.0,39.0,85.11410912025484,-0.8865675052739075,32.086567505273905
sqlite-native,metadata,tmpfs,16,read_worker_cpu_s,5,6.6045006,0.1788047535841819,6.653753999999998,6.394362999999999,6.850758,2.707316789163164,6.382485174766826,6.826516025233174
sqlite-native,metadata,tmpfs,16,read_worker_cpu_core_equivalents,5,15.701493882369391,0.1972802040454486,15.719502734690025,15.398137646188474,15.947372586675643,1.2564422565356475,15.456538155447864,15.946449609290918
sqlite-native,metadata,tmpfs,16,read_worker_peak_rss_max_kib,5,23800.0,0.0,23800.0,23800.0,23800.0,0.0,23800.0,23800.0
sqlite-native,metadata,tmpfs,16,read_worker_major_faults,5,3.8,2.16794833886788,4.0,1.0,7.0,57.05127207547052,1.108136597662099,6.4918634023379
sqlite-native,metadata,tmpfs,16,read_worker_voluntary_switches,5,1.0,1.224744871391589,1.0,0.0,3.0,122.4744871391589,-0.5207216137916353,2.5207216137916353
sqlite-native,metadata,tmpfs,16,read_worker_involuntary_switches,5,42.8,34.82384240717845,23.0,15.0,90.0,81.36411777378142,-0.43951139611498746,86.03951139611499
sqlite-native,telemetry,lustre,16,completion_throughput_records_s,5,160314.9433212791,2029.276443133129,159715.2490489453,158970.58367009132,163861.5705270165,1.26580616946379,157795.2638194377,162834.6228231205
sqlite-native,telemetry,lustre,16,read_queries_per_s,5,32505.989792759734,278.1307282423071,32460.718086910423,32125.747275116257,32873.049855927355,0.85562916254978,32160.644880707066,32851.334704812405
sqlite-native,telemetry,lustre,16,completion_wall_s,5,6.2385094844037665,0.07779646272255346,6.261142914998345,6.10271216602996,6.290471966029145,1.247036057523742,6.141912417453571,6.335106551353962
sqlite-native,telemetry,lustre,16,workload_wall_s,5,6.133254587417468,0.0788968733489875,6.143464241991751,5.999766226042993,6.204095007968135,1.2863785812975461,6.035291180209189,6.231217994625748
sqlite-native,telemetry,lustre,16,read_wall_s,5,1.96898326841183,0.016854223787898203,1.9716138080693781,1.946883549913764,1.9921715579694137,0.8559861354988922,1.9480559855167274,1.9899105513069326
sqlite-native,telemetry,lustre,16,transaction_latency_mean_ms,5,69.13705588048325,3.895761638992404,68.45396490208805,63.98375960555859,74.46538861875888,5.634838784178171,64.29982890776309,73.9742828532034
sqlite-native,telemetry,lustre,16,transaction_latency_p50_ms,5,15.575273090507835,0.25582694040877424,15.497295476961881,15.248305455315858,15.909956011455506,1.6425197742740378,15.257621988831641,15.89292419218403
sqlite-native,telemetry,lustre,16,transaction_latency_p95_ms,5,212.20889975898893,80.44289278261553,191.48808622849154,145.77616013702934,338.67236709338613,37.907407688356415,112.32585587944982,312.09194363852805
sqlite-native,telemetry,lustre,16,transaction_latency_p99_ms,5,1310.9344914869862,166.61720342631543,1355.6711024360247,1052.722122623817,1450.7290239422582,12.709803922949835,1104.0519085111375,1517.8170744628349
sqlite-native,telemetry,lustre,16,read_latency_mean_ms,5,0.3689296550310246,0.0029441251320198136,0.367547768575605,0.3658279796036368,0.37210687342121673,0.7980180210160205,0.3652740408483887,0.3725852692136605
sqlite-native,telemetry,lustre,16,read_latency_p50_ms,5,0.35687031922861934,0.002606477993359726,0.3560050390660763,0.35361095797270536,0.3597730537876487,0.7303711888939568,0.3536339493421542,0.3601066891150845
sqlite-native,telemetry,lustre,16,read_latency_p95_ms,5,0.4729395918548107,0.004460265694395174,0.4712590714916588,0.4687228996772319,0.4786530102137477,0.9430941649233812,0.46740144051965693,0.4784777431899645
sqlite-native,telemetry,lustre,16,read_latency_p99_ms,5,0.5628313457127663,0.0045227039392696025,0.5625449959188702,0.5566744296811524,0.5673535971436651,0.8035629098699322,0.5572156670568409,0.5684470243686917
sqlite-native,telemetry,lustre,16,write_worker_cpu_s,5,10.1161408,0.10440545742536624,10.097375,9.982445,10.249704,1.0320680533169946,9.986504302298927,10.245777297701073
sqlite-native,telemetry,lustre,16,write_worker_cpu_core_equivalents,5,1.6496502271247226,0.030151596107527046,1.638596972363212,1.6248885981573853,1.6977733158643582,1.8277569154814186,1.6122120757496257,1.6870883784998196
sqlite-native,telemetry,lustre,16,write_worker_peak_rss_max_kib,5,22140.0,0.0,22140.0,22140.0,22140.0,0.0,22140.0,22140.0
sqlite-native,telemetry,lustre,16,write_worker_major_faults,5,4.8,1.9235384061671346,5.0,2.0,7.0,40.07371679514864,2.4116116119000193,7.18838838809998
sqlite-native,telemetry,lustre,16,write_worker_voluntary_switches,5,27429.6,682.8592827222898,27402.0,26666.0,28450.0,2.4894977787583117,26581.718212804484,28277.481787195513
sqlite-native,telemetry,lustre,16,write_worker_involuntary_switches,5,13330.0,2523.566820989688,12780.0,10707.0,17364.0,18.931484028429768,10196.577931315582,16463.42206868442
sqlite-native,telemetry,lustre,16,read_worker_cpu_s,5,23.2679658,0.17527710365504126,23.323672000000002,23.002909,23.456443,0.7532979254036951,23.050330530682103,23.485601069317894
sqlite-native,telemetry,lustre,16,read_worker_cpu_core_equivalents,5,11.817352759388367,0.027884774287260813,11.815246474818126,11.774308746737027,11.848889424686938,0.235964643309032,11.782729239057836,11.851976279718897
sqlite-native,telemetry,lustre,16,read_worker_peak_rss_max_kib,5,22140.0,0.0,22140.0,22140.0,22140.0,0.0,22140.0,22140.0
sqlite-native,telemetry,lustre,16,read_worker_major_faults,5,5.8,2.280350850198276,6.0,2.0,8.0,39.3163939689358,2.968570446035456,8.631429553964544
sqlite-native,telemetry,lustre,16,read_worker_voluntary_switches,5,148113.0,695.3657311084578,148216.0,147279.0,149084.0,0.46948325340007824,147249.58940609798,148976.41059390202
sqlite-native,telemetry,lustre,16,read_worker_involuntary_switches,5,245870.6,26510.597273543273,240936.0,216046.0,287980.0,10.782337243063331,212953.34579456245,278787.8542054376
sqlite-native,telemetry,lustre,64,completion_throughput_records_s,5,137656.9633674021,12503.931907525799,144908.76695469458,119910.12029492775,149187.66643500954,9.083399489318385,122131.28128183598,153182.6454529682
sqlite-native,telemetry,lustre,64,read_queries_per_s,5,39498.78921052581,495.14272177040806,39770.1965207125,38874.57759984787,39941.38995565068,1.2535643032785933,38883.98831893087,40113.59010212075
sqlite-native,telemetry,lustre,64,completion_wall_s,5,7.315109336399473,0.6981693054497995,6.900893721031025,6.702966967015527,8.33957965800073,9.544208751272627,6.44821764517153,8.182001027627416
sqlite-native,telemetry,lustre,64,workload_wall_s,5,7.243912746431306,0.6989456797132283,6.847489362000488,6.62685996608343,8.265908308094367,9.64873134422501,6.376057059231331,8.11176843363128
sqlite-native,telemetry,lustre,64,read_wall_s,5,1.6205075033707543,0.020409153995118987,1.6092452539596707,1.602347841951996,1.6463201390579343,1.2594297744790879,1.5951661916212185,1.6458488151202901
sqlite-native,telemetry,lustre,64,transaction_latency_mean_ms,5,227.08191950488836,15.07729165253386,221.5349118844606,211.71199100837111,250.51327910856344,6.639582616443972,208.36098926951894,245.80284974025778
sqlite-native,telemetry,lustre,64,transaction_latency_p50_ms,5,12.11712850490585,2.129868951886605,12.674975499976426,9.666805970482528,14.915679057594389,17.577340630036954,9.472546906456266,14.761710103355433
sqlite-native,telemetry,lustre,64,transaction_latency_p95_ms,5,1094.6426508238028,87.1097038883579,1151.0514333844142,959.6853520546529,1157.090552343284,7.957821104704915,986.4816676114383,1202.8036340361673
sqlite-native,telemetry,lustre,64,transaction_latency_p99_ms,5,5719.02972608269,629.9403715550006,5474.418503334745,5172.094190143979,6581.445050508481,11.014811982564828,4936.8554457077435,6501.204006457637
sqlite-native,telemetry,lustre,64,read_latency_mean_ms,5,1.4741702905892453,0.017709306555708827,1.465033991056771,1.4570121214364917,1.4951333029857778,1.201306705796532,1.4521812822058677,1.496159298972623
sqlite-native,telemetry,lustre,64,read_latency_p50_ms,5,1.4692978002130985,0.01589152670681383,1.4621459995396435,1.4535600203089416,1.4889469603076577,1.0815728917928695,1.4495658636247541,1.489029736801443
sqlite-native,telemetry,lustre,64,read_latency_p95_ms,5,1.6021003911737353,0.023045795219388866,1.5884689113590866,1.583170483354479,1.6337980690877885,1.4384738525970269,1.5734852569398436,1.6307155254076269
sqlite-native,telemetry,lustre,64,read_latency_p99_ms,5,1.67619862081483,0.025905226678175984,1.6598271729890257,1.6552991745993495,1.710503944195807,1.5454747639383566,1.6440330334832312,1.708364208146429
sqlite-native,telemetry,lustre,64,write_worker_cpu_s,5,10.4420706,0.07473816932665814,10.444737999999996,10.370259,10.555078000000004,0.7157408926794476,10.34927090585543,10.534870294144568
sqlite-native,telemetry,lustre,64,write_worker_cpu_core_equivalents,5,1.4524343476853565,0.1422433369655813,1.5253383317339795,1.2555942569356542,1.5927721506145252,9.793443482816597,1.2758159171908274,1.6290527781798856
sqlite-native,telemetry,lustre,64,write_worker_peak_rss_max_kib,5,22140.0,0.0,22140.0,22140.0,22140.0,0.0,22140.0,22140.0
sqlite-native,telemetry,lustre,64,write_worker_major_faults,5,6.6,3.1304951684997055,6.0,2.0,10.0,47.431744977268266,2.7129768527230893,10.48702314727691
sqlite-native,telemetry,lustre,64,write_worker_voluntary_switches,5,32753.2,1711.728132619196,33328.0,30687.0,34333.0,5.226140140869276,30627.808803014188,34878.59119698581
sqlite-native,telemetry,lustre,64,write_worker_involuntary_switches,5,15275.4,821.0324597724501,15053.0,14598.0,16667.0,5.374867170564765,14255.953553343868,16294.84644665613
sqlite-native,telemetry,lustre,64,read_worker_cpu_s,5,30.158459600000004,0.40967670830461056,30.011552999999996,29.812108000000006,30.866683000000005,1.3584139035556395,29.649778780395543,30.667140419604465
sqlite-native,telemetry,lustre,64,read_worker_cpu_core_equivalents,5,18.611574108058228,0.24033228827530595,18.68101528967018,18.192604445565,18.785897301381205,1.2913055439585286,18.31316215810085,18.909986058015605
sqlite-native,telemetry,lustre,64,read_worker_peak_rss_max_kib,5,22140.0,0.0,22140.0,22140.0,22140.0,0.0,22140.0,22140.0
sqlite-native,telemetry,lustre,64,read_worker_major_faults,5,17.2,8.927485648266257,18.0,5.0,27.0,51.9039863271294,6.115062476066996,28.284937523933003
sqlite-native,telemetry,lustre,64,read_worker_voluntary_switches,5,255890.8,15.865055940651454,255895.0,255864.0,255906.0,0.006199932135368467,255871.100931209,255910.499068791
sqlite-native,telemetry,lustre,64,read_worker_involuntary_switches,5,386761.2,61616.1625038431,361336.0,353653.0,496823.0,15.931319507707366,310254.62931150536,463267.77068849467
sqlite-native,telemetry,tmpfs,64,completion_throughput_records_s,5,165677.74929460871,16522.163228632962,164055.6345141018,149522.2915219951,189905.53479845688,9.972469627924022,145162.7740411691,186192.72454804834
sqlite-native,telemetry,tmpfs,64,read_queries_per_s,5,80469.01069015637,2225.166216945511,80748.28191428211,77876.42172556985,82653.28651918133,2.7652461461387294,77706.10190855587,83231.91947175688
sqlite-native,telemetry,tmpfs,64,completion_wall_s,5,6.082432921603322,0.5858012677403331,6.095493171946146,5.2657759609865025,6.687965987017378,9.631035398018275,5.355064577348027,6.809801265858618
sqlite-native,telemetry,tmpfs,64,workload_wall_s,5,6.047417243407108,0.5812686438883217,6.044074818026274,5.238747700001113,6.64498065598309,9.611849496940541,5.3256768950062545,6.769157591807962
sqlite-native,telemetry,tmpfs,64,read_wall_s,5,0.7958257938036695,0.022086944916742034,0.792586522991769,0.7743188770255074,0.8218148520682007,2.7753492144526914,0.7684012294702413,0.8232503581370977
sqlite-native,telemetry,tmpfs,64,transaction_latency_mean_ms,5,171.42426841119305,13.925860927714048,173.08718992269132,149.30924623296596,185.28618113230914,8.123622785024974,154.13302825325806,188.71550856912805
sqlite-native,telemetry,tmpfs,64,transaction_latency_p50_ms,5,5.280725238844752,0.314261099053327,5.216578545514494,4.947149544022977,5.787673580925912,5.951097336813474,4.890518546114289,5.670931931575216
sqlite-native,telemetry,tmpfs,64,transaction_latency_p95_ms,5,741.2741776462599,70.56104407748211,740.710077824765,642.64206999796,841.8991746031635,9.518886021570582,653.6610695395814,828.8872857529384
sqlite-native,telemetry,tmpfs,64,transaction_latency_p99_ms,5,4622.252003312808,492.64601093110895,4841.975321706849,3841.262442767619,5044.25254548434,10.658138296614407,4010.5511876809514,5233.952818944664
sqlite-native,telemetry,tmpfs,64,read_latency_mean_ms,5,0.6645984221166146,0.026657575097952586,0.6660019435876166,0.636086630724094,0.6974165355040896,4.011080106548174,0.6314986708380737,0.6976981733951555
sqlite-native,telemetry,tmpfs,64,read_latency_p50_ms,5,0.6737897987477481,0.02432980426271562,0.6703509716317058,0.6500520394183695,0.7046170067042112,3.6108893764691974,0.6435803567113897,0.7039992407841066
sqlite-native,telemetry,tmpfs,64,read_latency_p95_ms,5,0.7324306934606284,0.021045201082333716,0.7238039979711175,0.7131639868021011,0.7554940471891314,2.87333685906829,0.7062996249417357,0.7585617619795211
sqlite-native,telemetry,tmpfs,64,read_latency_p99_ms,5,0.7611165649723262,0.024833605852135118,0.7555155607406051,0.7366792508400978,0.7872778072487564,3.2627861480111204,0.7302815706401476,0.7919515593045047
sqlite-native,telemetry,tmpfs,64,write_worker_cpu_s,5,7.122554600000001,0.03532494709550251,7.132105999999999,7.083190999999999,7.1568000000000005,0.4959589512378397,7.078692884953063,7.166416315046939
sqlite-native,telemetry,tmpfs,64,write_worker_cpu_core_equivalents,5,1.1869500357751082,0.11963532750429302,1.1719231169797224,1.0665814344573818,1.3614142937249076,10.0792218626261,1.038403156699711,1.3354969148505054
sqlite-native,telemetry,tmpfs,64,write_worker_peak_rss_max_kib,5,22901.6,773.2042420990717,23048.0,22140.0,23952.0,3.376201846591818,21941.540129327153,23861.659870672844
sqlite-native,telemetry,tmpfs,64,write_worker_major_faults,5,11.6,5.856620185738529,13.0,5.0,18.0,50.488105049470086,4.328045564215026,18.87195443578497
sqlite-native,telemetry,tmpfs,64,write_worker_voluntary_switches,5,2885.2,107.46022519983848,2894.0,2767.0,3006.0,3.7245329682461694,2751.7705071304913,3018.6294928695083
sqlite-native,telemetry,tmpfs,64,write_worker_involuntary_switches,5,48.4,10.830512453249845,45.0,40.0,66.0,22.377091845557533,34.95214260470214,61.84785739529786
sqlite-native,telemetry,tmpfs,64,read_worker_cpu_s,5,48.665982799999995,1.4592070772080874,48.45052100000002,47.20925699999999,50.44221899999997,2.9984128404534913,46.85413790630657,50.47782769369342
sqlite-native,telemetry,tmpfs,64,read_worker_cpu_core_equivalents,5,61.14856959947938,0.15080400509917805,61.12963013440386,60.968753830916654,61.37905499402422,0.24661902328531654,60.961321695562795,61.335817503395965
sqlite-native,telemetry,tmpfs,64,read_worker_peak_rss_max_kib,5,22621.6,735.3127225881516,22140.0,22140.0,23804.0,3.250489455158572,21708.5886649411,23534.611335058897
sqlite-native,telemetry,tmpfs,64,read_worker_major_faults,5,15.0,1.4142135623730951,16.0,13.0,16.0,9.428090415820634,13.244021933829835,16.755978066170165
sqlite-native,telemetry,tmpfs,64,read_worker_voluntary_switches,5,5.4,0.5477225575051661,5.0,5.0,6.0,10.143010324169742,4.719912619341745,6.080087380658256
sqlite-native,telemetry,tmpfs,64,read_worker_involuntary_switches,5,205.8,155.01193502437158,151.0,77.0,456.0,75.32163995353332,13.32726098833669,398.27273901166336
sqlite-native,telemetry,lustre,1,completion_throughput_records_s,5,103835.10903829127,2140.5590497183734,103956.66937485873,100272.5642131657,105675.44445753217,2.0614983405362435,101177.2539302267,106492.96414635584
sqlite-native,telemetry,lustre,1,read_queries_per_s,5,2926.790987726413,24.3275412573756,2926.616766836669,2902.94457948418,2959.124491060812,0.831201864410335,2896.584355582313,2956.9976198705126
sqlite-native,telemetry,lustre,1,completion_wall_s,5,9.633992563583888,0.20246113926465548,9.61939244507812,9.462936305906624,9.972817667992786,2.1015289136712707,9.382603855923646,9.88538127124413
sqlite-native,telemetry,lustre,1,workload_wall_s,5,9.573274420993403,0.2034643389800755,9.55104658100754,9.40494406200014,9.916650907951407,2.125336954030012,9.320640076363517,9.82590876562329
sqlite-native,telemetry,lustre,1,read_wall_s,5,21.86815945378039,0.18148450153690313,21.86825440393295,21.628018758026883,22.04658003197983,0.8299029551182898,21.642816681990062,22.093502225570717
sqlite-native,telemetry,lustre,1,transaction_latency_mean_ms,5,7.742777822026983,0.2016674353322339,7.699700022931211,7.579222884494811,8.089157787617296,2.6045876553311635,7.492374627964862,7.993181016089103
sqlite-native,telemetry,lustre,1,transaction_latency_p50_ms,5,6.412289431318641,0.045445453101591204,6.41527003608644,6.362561020068824,6.467105005867779,0.7087242955632725,6.355861448320337,6.468717414316944
sqlite-native,telemetry,lustre,1,transaction_latency_p95_ms,5,7.761320205172519,0.3389927831191529,7.680838496889919,7.4064626009203485,8.304084138944742,4.36772062172144,7.3404050707225705,8.182235339622467
sqlite-native,telemetry,lustre,1,transaction_latency_p99_ms,5,33.6761971116066,1.0628996299242308,32.95379427727312,32.92173673864454,35.26061457814649,3.156234138913207,32.35643290742558,34.99596131578762
sqlite-native,telemetry,lustre,1,read_latency_mean_ms,5,0.25523282555914195,0.002909918229988744,0.2542399951526022,0.2526816767804121,0.2592674831048498,1.1401034422645078,0.2516196848552481,0.2588459662630358
sqlite-native,telemetry,lustre,1,read_latency_p50_ms,5,0.25340430438518524,0.003037474718954202,0.2528470358811319,0.25056302547454834,0.25738601107150316,1.1986673732018032,0.2496327813812057,0.2571758273891648
sqlite-native,telemetry,lustre,1,read_latency_p95_ms,5,0.271276495186612,0.0029912801542499464,0.2696189854759723,0.2688985841814429,0.27535996050573885,1.1026683871716325,0.26756233031053844,0.2749906600626856
sqlite-native,telemetry,lustre,1,read_latency_p99_ms,5,0.2879650192335248,0.004832946243955056,0.28488911455497146,0.28417732799425727,0.29332523467019206,1.6783101839309815,0.2819641238771517,0.2939659145898979
sqlite-native,telemetry,lustre,1,write_worker_cpu_s,5,8.6787734,0.05177456903538694,8.681606,8.611194,8.739441000000001,0.596565512764591,8.614486781606246,8.743060018393756
sqlite-native,telemetry,lustre,1,write_worker_cpu_core_equivalents,5,0.9068875101994042,0.019795467490536747,0.9150244348486967,0.8718419232714575,0.9199580531830467,2.1827919414376065,0.8823081908887916,0.9314668295100167
sqlite-native,telemetry,lustre,1,write_worker_peak_rss_max_kib,5,24380.0,2155.9387746408756,24760.0,22140.0,26492.0,8.843063062513846,21703.048441196886,27056.951558803114
sqlite-native,telemetry,lustre,1,write_worker_major_faults,5,0.0,0.0,0.0,0.0,0.0,,0.0,0.0
sqlite-native,telemetry,lustre,1,write_worker_voluntary_switches,5,7111.4,4.449719092257398,7110.0,7106.0,7118.0,0.06257163276228869,7105.874944001023,7116.925055998976
sqlite-native,telemetry,lustre,1,write_worker_involuntary_switches,5,35.4,29.62768975131203,18.0,13.0,82.0,83.6940388455142,-1.3876357141547828,72.18763571415478
sqlite-native,telemetry,lustre,1,read_worker_cpu_s,5,16.2105078,0.11524540223453732,16.228134,16.018774999999998,16.313102,0.7109302413989605,16.06741173308686,16.353603866913136
sqlite-native,telemetry,lustre,1,read_worker_cpu_core_equivalents,5,0.7412929340375229,0.0027087455488557757,0.7406492096764478,0.7388414766574399,0.7458831068276874,0.36540825151297934,0.737929582209214,0.7446562858658319
sqlite-native,telemetry,lustre,1,read_worker_peak_rss_max_kib,5,23221.6,750.6509175375728,23592.0,22140.0,23860.0,3.2325546798565683,22289.54378047497,24153.656219525026
sqlite-native,telemetry,lustre,1,read_worker_major_faults,5,0.0,0.0,0.0,0.0,0.0,,0.0,0.0
sqlite-native,telemetry,lustre,1,read_worker_voluntary_switches,5,128022.8,24.221890925359236,128011.0,128006.0,128063.0,0.01891998216361401,127992.72455006957,128052.87544993043
sqlite-native,telemetry,lustre,1,read_worker_involuntary_switches,5,12901.8,10654.04546170139,7034.0,3187.0,25746.0,82.57797719466579,-326.9446850208151,26130.544685020814
sqlite-native,telemetry,tmpfs,1,completion_throughput_records_s,5,157783.92303055525,626.3843776260088,157570.43708636312,157222.7045213662,158488.0029754532,0.396988720773984,157006.16409981975,158561.68196129074
sqlite-native,telemetry,tmpfs,1,read_queries_per_s,5,6512.581146584004,78.89538305957441,6514.222063341872,6392.774586299619,6606.276789199743,1.211430326683251,6414.619589814436,6610.5427033535725
sqlite-native,telemetry,tmpfs,1,completion_wall_s,5,6.337861151364632,0.025136517660399354,6.3463681290159,6.309625846915878,6.360404516919516,0.39660884105968625,6.306650042345501,6.3690722603837635
sqlite-native,telemetry,tmpfs,1,workload_wall_s,5,6.315843064966612,0.025019298633492087,6.324292224016972,6.287897723959759,6.338820260949433,0.3961355337068425,6.284777502593096,6.346908627340127
sqlite-native,telemetry,tmpfs,1,read_wall_s,5,9.828292876225897,0.11970542598494448,9.82465740002226,9.687756362953223,10.011302469065413,1.2179676317390313,9.679658958390746,9.976926794061047
sqlite-native,telemetry,tmpfs,1,transaction_latency_mean_ms,5,4.6907645590603355,0.04266289439683213,4.7141577928559855,4.641724204993807,4.7309392967727035,0.9095083298185926,4.63779157902862,4.743737539092051
sqlite-native,telemetry,tmpfs,1,transaction_latency_p50_ms,5,4.563941317610443,0.04371081255492573,4.5918680261820555,4.513874067924917,4.601443477440625,0.9577426507712317,4.509667175328758,4.618215459892127
sqlite-native,telemetry,tmpfs,1,transaction_latency_p95_ms,5,4.823639587266369,0.03170658330479119,4.822887404588981,4.782684374367816,4.870535421650857,0.657316591158499,4.784270664270761,4.8630085102619764
sqlite-native,telemetry,tmpfs,1,transaction_latency_p99_ms,5,7.291044813813642,0.036882704293995615,7.310876938281581,7.243136377073824,7.325243005761877,0.5058630859615277,7.245248887735392,7.336840739891891
sqlite-native,telemetry,tmpfs,1,read_latency_mean_ms,5,0.07893526455263782,0.0005231678644667413,0.07906224729231326,0.07825408187090943,0.07959178452983906,0.662780909688176,0.07828566585031231,0.07958486325496332
sqlite-native,telemetry,tmpfs,1,read_latency_p50_ms,5,0.07868938846513629,0.0005300672604886901,0.07884192746132612,0.07802003528922796,0.07938203634694219,0.6736197482631842,0.07803122303116099,0.07934755389911159
sqlite-native,telemetry,tmpfs,1,read_latency_p95_ms,5,0.08188176434487104,0.0006151340109777218,0.08189794607460499,0.08101598359644413,0.08255895227193832,0.7512466492379056,0.08111797458936933,0.08264555410037276
sqlite-native,telemetry,tmpfs,1,read_latency_p99_ms,5,0.08733843918889761,0.0011858220727652107,0.08728911285288633,0.08587492629885674,0.08915211656130852,1.3577321552546722,0.08586604661286969,0.08881083176492553
sqlite-native,telemetry,tmpfs,1,write_worker_cpu_s,5,6.315358600000001,0.02501354970410996,6.323803,6.287399000000001,6.338355,0.39607489120427714,6.284300175865127,6.346417024134874
sqlite-native,telemetry,tmpfs,1,write_worker_cpu_core_equivalents,5,0.9999232956266665,3.7265634387451965e-06,0.9999226436730557,0.9999189507842952,0.9999275972386179,0.0003726849304385598,0.9999186684870076,0.9999279227663254
sqlite-native,telemetry,tmpfs,1,write_worker_peak_rss_max_kib,5,26385.6,663.5094573553567,26264.0,25472.0,27284.0,2.5146650345467103,25561.744194334136,27209.45580566586
sqlite-native,telemetry,tmpfs,1,write_worker_major_faults,5,0.0,0.0,0.0,0.0,0.0,,0.0,0.0
sqlite-native,telemetry,tmpfs,1,write_worker_voluntary_switches,5,0.0,0.0,0.0,0.0,0.0,,0.0,0.0
sqlite-native,telemetry,tmpfs,1,write_worker_involuntary_switches,5,9.0,1.4142135623730951,8.0,8.0,11.0,15.713484026367723,7.244021933829835,10.755978066170165
sqlite-native,telemetry,tmpfs,1,read_worker_cpu_s,5,9.8276686,0.11977478439471317,9.824105,9.687067,10.010853000000001,1.2187507461811764,9.678948562324468,9.976388637675534
sqlite-native,telemetry,tmpfs,1,read_worker_cpu_core_equivalents,5,0.9999364064923844,1.5904466345211243e-05,0.999940932777377,0.9999133798924935,0.9999551038372079,0.0015905477830336775,0.9999166584891128,0.9999561544956559
sqlite-native,telemetry,tmpfs,1,read_worker_peak_rss_max_kib,5,24006.4,417.84781918779953,23872.0,23700.0,24740.0,1.7405684283682665,23487.573406186555,24525.226593813448
sqlite-native,telemetry,tmpfs,1,read_worker_major_faults,5,0.0,0.0,0.0,0.0,0.0,,0.0,0.0
sqlite-native,telemetry,tmpfs,1,read_worker_voluntary_switches,5,0.0,0.0,0.0,0.0,0.0,,0.0,0.0
sqlite-native,telemetry,tmpfs,1,read_worker_involuntary_switches,5,31.4,27.682124195949992,15.0,12.0,76.0,88.15963119729297,-2.971897007916425,65.77189700791642
sqlite-native,telemetry,tmpfs,16,completion_throughput_records_s,5,225167.3576431332,9736.537953527786,221507.23795591912,214357.12991971994,239841.6348527741,4.324133860006113,213077.8489990932,237256.8662871732
sqlite-native,telemetry,tmpfs,16,read_queries_per_s,5,85647.2295602347,1128.1894715672768,85095.36211990725,84508.97487212597,87176.12325305586,1.3172515647734224,84246.39731023708,87048.06181023232
sqlite-native,telemetry,tmpfs,16,completion_wall_s,5,4.447661664430052,0.1886082788040367,4.514525165082887,4.169417876983061,4.665111911017448,4.2406165988843485,4.213473554875902,4.681849773984203
sqlite-native,telemetry,tmpfs,16,workload_wall_s,5,4.409163135197014,0.1692747081780677,4.4925492679467425,4.146544525981881,4.572962007019669,3.839157295560216,4.198980824245859,4.619345446148169
sqlite-native,telemetry,tmpfs,16,read_wall_s,5,0.747354481765069,0.009795643899057524,0.7520973929204047,0.7341459749732167,0.7573160140309483,1.3107091933031032,0.7351915833963849,0.7595173801337531
sqlite-native,telemetry,tmpfs,16,transaction_latency_mean_ms,5,39.41099578887224,3.667449295008224,37.696076578926295,36.98738916567527,45.71819308772683,9.30564991215912,34.857256034022754,43.96473554372173
sqlite-native,telemetry,tmpfs,16,transaction_latency_p50_ms,5,5.783743702340871,0.03209022985098645,5.781221087090671,5.739023501519114,5.829260975588113,0.5548349218517149,5.743898419240818,5.823588985440924
sqlite-native,telemetry,tmpfs,16,transaction_latency_p95_ms,5,28.96495837485417,44.56838763996148,9.02027271222323,8.937744051218033,108.69119041599332,153.87002136572502,-26.374004015675624,84.30392076538396
sqlite-native,telemetry,tmpfs,16,transaction_latency_p99_ms,5,997.143239098832,113.80555478718632,1034.9357934028376,838.1055033078856,1138.3630910085021,11.413160148389318,855.8349789239768,1138.4514992736874
sqlite-native,telemetry,tmpfs,16,read_latency_mean_ms,5,0.09640522282861638,0.0005735075508319853,0.09632698242057813,0.095540704412997,0.09694482027589402,0.5948926147409397,0.09569311915005028,0.09711732650718248
sqlite-native,telemetry,tmpfs,16,read_latency_p50_ms,5,0.09580239420756698,0.0003372910794772157,0.09590404806658626,0.09525299537926912,0.0961449695751071,0.3520695722347351,0.09538359201726483,0.09622119639786912
sqlite-native,telemetry,tmpfs,16,read_latency_p95_ms,5,0.10668348637409508,0.0003734259836337992,0.1065150136128068,0.10648497845977545,0.10734748211689296,0.35003166499859967,0.10621981677422317,0.107147155973967
sqlite-native,telemetry,tmpfs,16,read_latency_p99_ms,5,0.11909967823885384,0.00323280090624413,0.11962093529291451,0.11535198427736759,0.12221541721373805,2.7143657766738576,0.11508562574021,0.12311373073749768
sqlite-native,telemetry,tmpfs,16,write_worker_cpu_s,5,6.727544399999999,0.09093677408672439,6.695692000000001,6.6635979999999995,6.887734999999999,1.3517082709513504,6.614631481503725,6.840457318496274
sqlite-native,telemetry,tmpfs,16,write_worker_cpu_core_equivalents,5,1.5282554661461474,0.08036846650318058,1.4900801232832455,1.4617204319080732,1.6610782681440082,5.258837169799131,1.4284648346983029,1.6280460975939919
sqlite-native,telemetry,tmpfs,16,write_worker_peak_rss_max_kib,5,23396.0,2266.78803596631,22320.0,22140.0,27404.0,9.688784561319498,20581.410904181615,26210.589095818385
sqlite-native,telemetry,tmpfs,16,write_worker_major_faults,5,5.0,1.8708286933869707,4.0,3.0,7.0,37.416573867739416,2.6770593646148098,7.322940635385191
sqlite-native,telemetry,tmpfs,16,write_worker_voluntary_switches,5,1439.0,245.85056436786962,1377.0,1275.0,1868.0,17.084820317433607,1133.736205286339,1744.263794713661
sqlite-native,telemetry,tmpfs,16,write_worker_involuntary_switches,5,31.2,24.014578905323322,21.0,8.0,70.0,76.9698041837286,1.3819619412364723,61.01803805876352
sqlite-native,telemetry,tmpfs,16,read_worker_cpu_s,5,11.3579868,0.08879600437632305,11.350032000000002,11.222393,11.448735000000001,0.7817935162270399,11.247731998181576,11.468241601818425
sqlite-native,telemetry,tmpfs,16,read_worker_cpu_core_equivalents,5,15.198654151545657,0.12155761695033436,15.222410166247755,15.059799298168759,15.337264502428646,0.7997919798574554,15.047720434870984,15.34958786822033
sqlite-native,telemetry,tmpfs,16,read_worker_peak_rss_max_kib,5,22429.6,647.5652862839391,22140.0,22140.0,23588.0,2.887101358401127,21625.541497534716,23233.65850246528
sqlite-native,telemetry,tmpfs,16,read_worker_major_faults,5,9.6,3.9115214431215892,8.0,5.0,15.0,40.745015032516555,4.74320464587389,14.45679535412611
sqlite-native,telemetry,tmpfs,16,read_worker_voluntary_switches,5,2.8,1.9235384061671346,3.0,0.0,5.0,68.6978002202548,0.41161161190001927,5.18838838809998
sqlite-native,telemetry,tmpfs,16,read_worker_involuntary_switches,5,102.2,48.90500996830489,103.0,45.0,153.0,47.852260242959765,41.476409790559615,162.9235902094404
sqlite-shifter,metadata,lustre,16,completion_throughput_records_s,5,213104.16366273566,4483.537537138921,212668.76402320902,208141.83339533894,217680.89418939172,2.103918318665367,207537.11651827508,218671.21080719624
sqlite-shifter,metadata,lustre,16,read_queries_per_s,5,37129.353911104525,1585.55041366882,37890.22484611215,35256.78231717393,38608.44347394456,4.270342051911167,35160.63304511487,39098.07477709418
sqlite-shifter,metadata,lustre,16,completion_wall_s,5,4.694201803160832,0.09868534733209154,4.702147983945906,4.593880430911668,4.804416217957623,2.1022817396909086,4.5716677602283395,4.816735846093324
sqlite-shifter,metadata,lustre,16,workload_wall_s,5,4.586757319769822,0.08879416301478062,4.56232382892631,4.4971596989780664,4.683880693046376,1.9358809900855314,4.476504804303732,4.697009835235911
sqlite-shifter,metadata,lustre,16,read_wall_s,5,1.7262562279822304,0.07472679133807887,1.6890900030266494,1.6576684849569574,1.8152535709086806,4.328835437449793,1.633470661476453,1.819041794488008
sqlite-shifter,metadata,lustre,16,transaction_latency_mean_ms,5,49.52524764027912,4.801209976188072,51.296504576224834,44.04976416891441,54.16842235508375,9.694469396823823,43.56375806502964,55.4867372155286
sqlite-shifter,metadata,lustre,16,transaction_latency_p50_ms,5,6.556389317847788,1.4689114994671502,7.366886537056416,4.006858973298222,7.443379028700292,22.404275101060314,4.73249479241192,8.380283843283657
sqlite-shifter,metadata,lustre,16,transaction_latency_p95_ms,5,138.13979874132193,62.86401795865146,180.9437390358651,63.46754403202794,186.24497586861236,45.507535504934005,60.08381085962954,216.19578662301433
sqlite-shifter,metadata,lustre,16,transaction_latency_p99_ms,5,1116.0757060812307,145.6866918323853,1044.1671625082363,1038.3760531432927,1375.0527665496331,13.053477558786847,935.1817858155515,1296.96962634691
sqlite-shifter,metadata,lustre,16,read_latency_mean_ms,5,0.3911564816778991,0.015868046162642157,0.3829681470597279,0.37684124013685505,0.4093674354353425,4.056700299219079,0.371453700035911,0.41085926331988726
sqlite-shifter,metadata,lustre,16,read_latency_p50_ms,5,0.37810918875038624,0.01407549206829004,0.37136045284569263,0.36517344415187836,0.39450504118576646,3.722599843396602,0.36063215699218787,0.3955862205085846
sqlite-shifter,metadata,lustre,16,read_latency_p95_ms,5,0.5148320912849158,0.02816301354759921,0.4983004531823099,0.4899935680441559,0.5463420471642166,5.470329846243671,0.479863091281937,0.5498010912878946
sqlite-shifter,metadata,lustre,16,read_latency_p99_ms,5,0.601691629504785,0.03625371617996157,0.5789458367507906,0.5709206475876273,0.6412851763889194,6.025298409053779,0.5566766953230294,0.6467065636865407
sqlite-shifter,metadata,lustre,16,write_worker_cpu_s,5,5.4290845999999995,0.09299623175053935,5.452344,5.300415,5.5216140000000005,1.7129265539634315,5.313614527066741,5.544554672933258
sqlite-shifter,metadata,lustre,16,write_worker_cpu_core_equivalents,5,1.1842528768821483,0.040965894265573975,1.210263498831789,1.133324777912856,1.2190075715579702,3.459218471432155,1.133387000818363,1.2351187529459335
sqlite-shifter,metadata,lustre,16,write_worker_peak_rss_max_kib,5,26632.0,0.0,26632.0,26632.0,26632.0,0.0,26632.0,26632.0
sqlite-shifter,metadata,lustre,16,write_worker_major_faults,5,0.0,0.0,0.0,0.0,0.0,,0.0,0.0
sqlite-shifter,metadata,lustre,16,write_worker_voluntary_switches,5,20903.4,2071.192241198291,21467.0,18548.0,22817.0,9.908398830804035,18331.675160745115,23475.124839254888
sqlite-shifter,metadata,lustre,16,write_worker_involuntary_switches,5,12478.6,2544.751127320705,12433.0,9697.0,15547.0,20.392921700516926,9318.874140817437,15638.325859182563
sqlite-shifter,metadata,lustre,16,read_worker_cpu_s,5,18.472073599999998,0.6306979809796438,18.163852,17.756871,19.145514999999996,3.414332330181079,17.68895862327777,19.255188576722226
sqlite-shifter,metadata,lustre,16,read_worker_cpu_core_equivalents,5,10.704193352654917,0.12219802265231967,10.711955473087896,10.547019604768563,10.871491721261414,1.1415902032637648,10.552464467275843,10.85592223803399
sqlite-shifter,metadata,lustre,16,read_worker_peak_rss_max_kib,5,26632.0,0.0,26632.0,26632.0,26632.0,0.0,26632.0,26632.0
sqlite-shifter,metadata,lustre,16,read_worker_major_faults,5,0.0,0.0,0.0,0.0,0.0,,0.0,0.0
sqlite-shifter,metadata,lustre,16,read_worker_voluntary_switches,5,177501.4,6657.7176494651685,178366.0,170858.0,186773.0,3.7507972610160643,169234.7516844533,185768.04831554668
sqlite-shifter,metadata,lustre,16,read_worker_involuntary_switches,5,340217.0,103389.33455390841,289007.0,229055.0,459472.0,30.389232329339336,211842.1854861675,468591.8145138325
sqlite-shifter,metadata,lustre,64,completion_throughput_records_s,5,166624.4707742929,15458.52046371656,174230.20483999635,145776.21856618926,180160.44832419354,9.277461102731092,147430.18244899987,185818.7590995859
sqlite-shifter,metadata,lustre,64,read_queries_per_s,5,40805.852341875936,216.25880164435506,40794.34340015307,40582.36744917804,41097.23823704087,0.5299700636872253,40537.33157357945,41074.37311017242
sqlite-shifter,metadata,lustre,64,completion_wall_s,5,6.044920935598202,0.5852721042439275,5.739532941021025,5.55060785706155,6.859829469001852,9.682047300193668,5.318209634605557,6.771632236590847
sqlite-shifter,metadata,lustre,64,workload_wall_s,5,5.945710712228902,0.5759680718091631,5.602363731013611,5.464301411062479,6.722384150023572,9.68711899528739,5.230551893348624,6.66086953110918
sqlite-shifter,metadata,lustre,64,read_wall_s,5,1.5684376793913544,0.008302328702058298,1.5688449590234086,1.5572822589892894,1.5770395869622007,0.5293374936822538,1.558128976740755,1.5787463820419538
sqlite-shifter,metadata,lustre,64,transaction_latency_mean_ms,5,174.782290242007,11.26602536043025,174.64414534310345,162.40707925905008,190.31608622323256,6.445747646876059,160.7936721491102,188.77090833490382
sqlite-shifter,metadata,lustre,64,transaction_latency_p50_ms,5,5.668246722780168,1.4808223906473057,5.712028534617275,3.718804509844631,7.318103511352092,26.124875346304442,3.829562872579378,7.5069305729809575
sqlite-shifter,metadata,lustre,64,transaction_latency_p95_ms,5,870.0273675448246,156.31589391790433,838.1590710487214,739.5196872297673,1138.866908143973,17.96677894846231,675.9355497199241,1064.119185369725
sqlite-shifter,metadata,lustre,64,transaction_latency_p99_ms,5,4438.873180921653,510.90042730356834,4367.68903416232,3860.326474494067,5087.902769428909,11.509687402186357,3804.506513671893,5073.2398481714135
sqlite-shifter,metadata,lustre,64,read_latency_mean_ms,5,1.5229890866543427,0.008496879354730594,1.523584069820572,1.5116183240133978,1.5315196006231417,0.5579080920005991,1.512438817462493,1.5335393558461925
sqlite-shifter,metadata,lustre,64,read_latency_p50_ms,5,1.5187127981334925,0.008408207225512157,1.5197525499388576,1.5067624626681209,1.5276530757546425,0.5536403746545032,1.5082726299321372,1.5291529663348478
sqlite-shifter,metadata,lustre,64,read_latency_p95_ms,5,1.6410281078424305,0.010059951650105304,1.6419034567661583,1.628027018159628,1.6509004984982312,0.6130273821654277,1.6285370280548241,1.6535191876300368
sqlite-shifter,metadata,lustre,64,read_latency_p99_ms,5,1.7103117576334625,0.011915248343571407,1.7098940443247557,1.6985735937487336,1.7252358747646217,0.6966711355629334,1.695517022735593,1.7251064925313322
sqlite-shifter,metadata,lustre,64,write_worker_cpu_s,5,5.8623902,0.06362163946095695,5.841531,5.7986949999999995,5.958935,1.085250849746524,5.78339350077463,5.94138689922537
sqlite-shifter,metadata,lustre,64,write_worker_cpu_core_equivalents,5,0.9932095966186869,0.0940451628210953,1.0350443631318573,0.8689671505874171,1.0905209196432935,9.468813344259411,0.8764371037385217,1.1099820894988521
sqlite-shifter,metadata,lustre,64,write_worker_peak_rss_max_kib,5,27202.4,850.6637408518128,26944.0,26632.0,28676.0,3.1271642974583593,26146.16145840697,28258.638541593034
sqlite-shifter,metadata,lustre,64,write_worker_major_faults,5,1.2,1.3038404810405297,1.0,0.0,3.0,108.65337342004415,-0.4189317847087033,2.8189317847087034
sqlite-shifter,metadata,lustre,64,write_worker_voluntary_switches,5,29273.0,1255.9504369201836,30111.0,27673.0,30285.0,4.290473941585022,27713.53155894792,30832.46844105208
sqlite-shifter,metadata,lustre,64,write_worker_involuntary_switches,5,10851.2,909.5304832714514,11081.0,9790.0,11951.0,8.381842407028268,9721.868743652969,11980.531256347032
sqlite-shifter,metadata,lustre,64,read_worker_cpu_s,5,22.0854778,0.0666655288413732,22.111912,21.968003000000003,22.128998,0.3018523277833418,22.00270161291645,22.16825398708355
sqlite-shifter,metadata,lustre,64,read_worker_cpu_core_equivalents,5,14.081631741028573,0.10765346582978987,14.085488099318475,13.92989952922884,14.210010980515637,0.7644956764217047,13.947962308225865,14.215301173831282
sqlite-shifter,metadata,lustre,64,read_worker_peak_rss_max_kib,5,26632.8,1.7888543819998315,26632.0,26632.0,26636.0,0.006716734184914209,26630.578843915842,26635.021156084156
sqlite-shifter,metadata,lustre,64,read_worker_major_faults,5,0.0,0.0,0.0,0.0,0.0,,0.0,0.0
sqlite-shifter,metadata,lustre,64,read_worker_voluntary_switches,5,255894.6,25.055937420100648,255892.0,255865.0,255928.0,0.009791506901709005,255863.48894456422,255925.7110554358
sqlite-shifter,metadata,lustre,64,read_worker_involuntary_switches,5,255734.6,2269.0775218136555,256725.0,252279.0,258107.0,0.8872782649722234,252917.16813203058,258552.03186796943
sqlite-shifter,metadata,tmpfs,64,completion_throughput_records_s,5,175225.12551943268,2178.7086691833883,175195.9907993155,172208.64572159055,178368.5683108943,1.2433768631780875,172519.90140233323,177930.34963653213
sqlite-shifter,metadata,tmpfs,64,read_queries_per_s,5,78853.62698564366,10133.28321344246,80781.30353969021,68128.61671946042,91269.76776621398,12.850750942993857,66271.4940359096,91435.7599353777
sqlite-shifter,metadata,tmpfs,64,completion_wall_s,5,5.707649401412345,0.07091024138837194,5.70789317402523,5.606368932989426,5.806909379083663,1.2423720589920144,5.619602707576465,5.795696095248225
sqlite-shifter,metadata,tmpfs,64,workload_wall_s,5,5.69099564042408,0.07084998545805397,5.691030779038556,5.59043294203002,5.790820514084771,1.244948861931906,5.603023764207554,5.778967516640606
sqlite-shifter,metadata,tmpfs,64,read_wall_s,5,0.8225683300290256,0.10666006274764007,0.7922625310020521,0.7012179560260847,0.9393996690632775,12.966711561078021,0.6901323700691265,0.9550042899889247
sqlite-shifter,metadata,tmpfs,64,transaction_latency_mean_ms,5,167.1465286851395,3.3302314065874925,167.1331710400991,162.38371700572316,171.77772570645902,1.9924023746019761,163.01150024189232,171.28155712838665
sqlite-shifter,metadata,tmpfs,64,transaction_latency_p50_ms,5,2.1473696106113493,0.004951671242884093,2.1459294948726892,2.1419209660962224,2.1526465425267816,0.23059240563036415,2.1412212986981194,2.1535179225245793
sqlite-shifter,metadata,tmpfs,64,transaction_latency_p95_ms,5,657.6261595671485,83.77065260349669,637.6070806814778,537.531944434154,737.7625332330308,12.738339463052197,553.6111561233523,761.6411630109448
sqlite-shifter,metadata,tmpfs,64,transaction_latency_p99_ms,5,4640.248398142866,70.78151759638523,4640.8570678380775,4539.494915019021,4739.674916770308,1.525382081371196,4552.361536005208,4728.135260280524
sqlite-shifter,metadata,tmpfs,64,read_latency_mean_ms,5,0.7971039375843247,0.11445332534157344,0.7607295552606956,0.6703936988251371,0.9231020911611267,14.358645083153357,0.6549913640329905,0.939216511135659
sqlite-shifter,metadata,tmpfs,64,read_latency_p50_ms,5,0.8014760329388082,0.11171216511087308,0.7632600609213114,0.6797800306230783,0.9249220602214336,13.938303894285278,0.6627670593592425,0.9401850065183739
sqlite-shifter,metadata,tmpfs,64,read_latency_p95_ms,5,0.8516068558674306,0.08466619385527036,0.831953517626971,0.7506560068577528,0.9418541332706809,9.941934270718262,0.7464798910924006,0.9567338206424605
sqlite-shifter,metadata,tmpfs,64,read_latency_p99_ms,5,0.8705312085803598,0.08043919566969344,0.8530331472866237,0.7674280623905361,0.9555513469967992,9.240242610126712,0.7706527552728334,0.9704096618878862
sqlite-shifter,metadata,tmpfs,64,write_worker_cpu_s,5,3.333412599999999,0.0173276921948654,3.340652999999999,3.3139449999999995,3.3545689999999997,0.5198184045643016,3.3118974284296785,3.3549277715703196
sqlite-shifter,metadata,tmpfs,64,write_worker_cpu_core_equivalents,5,0.585807119524189,0.007915111284378388,0.5828906824015434,0.5769173801664633,0.5975660623498916,1.3511463108893744,0.5759792108006,0.5956350282477779
sqlite-shifter,metadata,tmpfs,64,write_worker_peak_rss_max_kib,5,28224.0,672.5711858234785,28692.0,27284.0,28712.0,2.3829761402475853,27388.892572333774,29059.107427666226
sqlite-shifter,metadata,tmpfs,64,write_worker_major_faults,5,0.0,0.0,0.0,0.0,0.0,,0.0,0.0
sqlite-shifter,metadata,tmpfs,64,write_worker_voluntary_switches,5,2467.6,51.66042973108141,2465.0,2389.0,2519.0,2.093549591954993,2403.455104271181,2531.744895728819
sqlite-shifter,metadata,tmpfs,64,write_worker_involuntary_switches,5,40.0,7.211102550927978,39.0,31.0,51.0,18.027756377319946,31.046233575157405,48.9537664248426
sqlite-shifter,metadata,tmpfs,64,read_worker_cpu_s,5,51.991162599999996,7.23868968015724,49.68632899999999,43.99120299999998,59.963913000000005,13.922923278036565,43.00314222997963,60.97918297002036
sqlite-shifter,metadata,tmpfs,64,read_worker_cpu_core_equivalents,5,63.144986841450056,0.6206081179332608,62.73542002447459,62.62829708656914,63.83216321525111,0.9828303860313373,62.37440008441933,63.91557359848078
sqlite-shifter,metadata,tmpfs,64,read_worker_peak_rss_max_kib,5,26762.4,179.01061421044284,26632.0,26632.0,26976.0,0.6688884935971469,26540.12896503855,26984.67103496145
sqlite-shifter,metadata,tmpfs,64,read_worker_major_faults,5,0.0,0.0,0.0,0.0,0.0,,0.0,0.0
sqlite-shifter,metadata,tmpfs,64,read_worker_voluntary_switches,5,0.0,0.0,0.0,0.0,0.0,,0.0,0.0
sqlite-shifter,metadata,tmpfs,64,read_worker_involuntary_switches,5,115.4,48.99285662216483,128.0,63.0,177.0,42.45481509719656,54.56733376309906,176.23266623690097
sqlite-shifter,metadata,lustre,1,completion_throughput_records_s,5,219152.2749978649,1101.6946222862994,218898.39165282116,217806.09142731325,220666.47790049642,0.502707362858557,217784.3404483573,220520.2095473725
sqlite-shifter,metadata,lustre,1,read_queries_per_s,5,3799.305914108741,17.033690918893583,3807.278270470617,3769.1470339278203,3809.6365067327165,0.4483369147938019,3778.1557933382205,3820.4560348792616
sqlite-shifter,metadata,lustre,1,completion_wall_s,5,4.56312943578232,0.022915977125134306,4.568329590954818,4.531725930981338,4.591239820001647,0.5021987091892672,4.53467549200238,4.591583379562261
sqlite-shifter,metadata,lustre,1,workload_wall_s,5,4.525727466167882,0.021332064718815536,4.522928728023544,4.499764597974718,4.5585228719282895,0.4713510673871458,4.499240209399176,4.552214722936588
sqlite-shifter,metadata,lustre,1,read_wall_s,5,16.845454547787085,0.07595903526604644,16.80990866792854,16.79950302001089,16.979969055042602,0.4509171008153345,16.751138948358946,16.939770147215224
sqlite-shifter,metadata,lustre,1,transaction_latency_mean_ms,5,3.6366696229437365,0.021322719155636157,3.6284757839748636,3.6234098732238635,3.674436472938396,0.586325439658065,3.6101939702243735,3.6631452756630996
sqlite-shifter,metadata,lustre,1,transaction_latency_p50_ms,5,2.9548122081905603,0.015443861257795564,2.954927447717637,2.936637494713068,2.972030022647232,0.5226681145754751,2.9356361216735016,2.973988294707619
sqlite-shifter,metadata,lustre,1,transaction_latency_p95_ms,5,3.8648246985394508,0.16315328935456797,3.8511890685185786,3.707754058996215,4.129977192496881,4.221492618183302,3.6622431329593623,4.06740626411954
sqlite-shifter,metadata,lustre,1,transaction_latency_p99_ms,5,22.559982743347064,0.47258353927226754,22.56501353927888,22.038820611778647,23.14878384466283,2.0947867941593725,21.973192776488975,23.146772710205152
sqlite-shifter,metadata,lustre,1,read_latency_mean_ms,5,0.24211001021212725,0.0011291532901476398,0.24177535087437718,0.2413145927057485,0.24409851197015087,0.4663802579489878,0.2407079812232976,0.2435120392009569
sqlite-shifter,metadata,lustre,1,read_latency_p50_ms,5,0.23879001382738352,0.0011855756253691936,0.23850996512919664,0.2379380166530609,0.2408639993518591,0.4964929673425214,0.23731792725621467,0.24026210039855236
sqlite-shifter,metadata,lustre,1,read_latency_p95_ms,5,0.2568850922398269,0.0023667659899558,0.25654403143562376,0.2544513961765915,0.26037106290459633,0.9213325574168377,0.2539463641179257,0.25982382036172813
sqlite-shifter,metadata,lustre,1,read_latency_p99_ms,5,0.27067161723971367,0.0022420331153119523,0.26969892089255154,0.26866825297474867,0.27439915109425783,0.8283222076167487,0.2678877654376502,0.27345546904177714
sqlite-shifter,metadata,lustre,1,write_worker_cpu_s,5,3.9054918,0.01599454743654866,3.906016,3.8804609999999995,3.924225,0.4095399057437186,3.8856319462804754,3.9253516537195248
sqlite-shifter,metadata,lustre,1,write_worker_cpu_core_equivalents,5,0.8629595374690002,0.0030439198901809927,0.8636032612671467,0.8582119932075977,0.8664779877658229,0.3527303144604666,0.8591800117279461,0.8667390632100543
sqlite-shifter,metadata,lustre,1,write_worker_peak_rss_max_kib,5,27052.8,940.9374049319114,26632.0,26632.0,28736.0,3.478151632850986,25884.47189973277,28221.12810026723
sqlite-shifter,metadata,lustre,1,write_worker_major_faults,5,0.0,0.0,0.0,0.0,0.0,,0.0,0.0
sqlite-shifter,metadata,lustre,1,write_worker_voluntary_switches,5,6959.8,10.61602562167217,6961.0,6946.0,6973.0,0.15253348690583307,6946.618463181561,6972.981536818439
sqlite-shifter,metadata,lustre,1,write_worker_involuntary_switches,5,17.8,19.766132651583618,10.0,6.0,53.0,111.04568905384055,-6.742895297191286,42.34289529719129
sqlite-shifter,metadata,lustre,1,read_worker_cpu_s,5,11.490444,0.04026297242504543,11.48472,11.448101,11.546301999999999,0.3504039741636218,11.44045091667915,11.54043708332085
sqlite-shifter,metadata,lustre,1,read_worker_cpu_core_equivalents,5,0.6821177975569913,0.0032408250133003783,0.6814547422244268,0.6780936975018009,0.6868747610764284,0.47511222033898126,0.678093781813498,0.6861418133004846
sqlite-shifter,metadata,lustre,1,read_worker_peak_rss_max_kib,5,26694.4,139.5306417959869,26632.0,26632.0,26944.0,0.5226963025802673,26521.14982543566,26867.650174564344
sqlite-shifter,metadata,lustre,1,read_worker_major_faults,5,0.0,0.0,0.0,0.0,0.0,,0.0,0.0
sqlite-shifter,metadata,lustre,1,read_worker_voluntary_switches,5,128011.6,8.44393273303382,128010.0,128002.0,128023.0,0.006596224664822423,128001.11547272214,128022.08452727787
sqlite-shifter,metadata,lustre,1,read_worker_involuntary_switches,5,8528.8,4979.140859626287,8159.0,3514.0,14072.0,58.38032149453953,2346.380052616697,14711.219947383302
sqlite-shifter,metadata,tmpfs,1,completion_throughput_records_s,5,384670.43286616064,6078.30788681517,387197.20170713024,374918.1465071887,389462.14666559285,1.5801338931942324,377123.21679310425,392217.64893921703
sqlite-shifter,metadata,tmpfs,1,read_queries_per_s,5,11082.858896500307,114.35847157441295,11109.329614462533,10925.612518459675,11187.88947884341,1.031849928275497,10940.86409945675,11224.853693543864
sqlite-shifter,metadata,tmpfs,1,completion_wall_s,5,2.6001540425699203,0.041621546546063655,2.5826632929965854,2.5676436299690977,2.6672488630283624,1.6007338744025363,2.548474066674111,2.65183401846573
sqlite-shifter,metadata,tmpfs,1,workload_wall_s,5,2.5844464004039764,0.04209025788561787,2.5679372739978135,2.551055273041129,2.6520327100297436,1.6285985996474415,2.5321844425122926,2.6367083582956603
sqlite-shifter,metadata,tmpfs,1,read_wall_s,5,5.775177009170875,0.05981188595318735,5.76092367595993,5.720471239998005,5.857795148040168,1.0356719085528838,5.700910743718133,5.849443274623617
sqlite-shifter,metadata,tmpfs,1,transaction_latency_mean_ms,5,1.7944021319039165,0.04276438021851792,1.7811616935068741,1.759297804441303,1.8676788022276014,2.383210511076666,1.7413031405810857,1.8475011232267473
sqlite-shifter,metadata,tmpfs,1,transaction_latency_p50_ms,5,1.7491005128249526,0.04393116190565424,1.7347265384159982,1.7134460504166782,1.8247549887746572,2.511643075028405,1.694552770687441,1.8036482549624642
sqlite-shifter,metadata,tmpfs,1,transaction_latency_p95_ms,5,1.8054208729881793,0.044629177977527364,1.799116568872705,1.761648920364678,1.880212698597461,2.471954248743172,1.7500064294240554,1.8608353165523033
sqlite-shifter,metadata,tmpfs,1,transaction_latency_p99_ms,5,3.2734835299197584,0.03989543918393771,3.2598095620051026,3.2332020648755133,3.337431075051427,1.2187456823683989,3.223946799392535,3.323020260446982
sqlite-shifter,metadata,tmpfs,1,read_latency_mean_ms,5,0.07776681935611122,0.000828828356354255,0.07742820706334896,0.07700042956639663,0.07902188869775273,1.0657866211023357,0.07673769302533574,0.0787959456868867
sqlite-shifter,metadata,tmpfs,1,read_latency_p50_ms,5,0.07764380425214767,0.0007785389490588197,0.07731898222118616,0.07688906043767929,0.07878197357058525,1.0027058263792952,0.07667712046790194,0.07861048803639341
sqlite-shifter,metadata,tmpfs,1,read_latency_p95_ms,5,0.07936279405839741,0.0011237117929886733,0.07898197509348392,0.07835100404918194,0.08117699180729687,1.4159176303216015,0.07796752158068637,0.08075806653610845
sqlite-shifter,metadata,tmpfs,1,read_latency_p99_ms,5,0.08547622989863157,0.0024443739277062,0.0845119368750602,0.08389098686166108,0.08979310048744084,2.8597119112588905,0.08244113879445085,0.0885113210028123
sqlite-shifter,metadata,tmpfs,1,write_worker_cpu_s,5,2.5844378,0.042105669436549656,2.5679679999999996,2.551027,2.6520409999999996,1.6292003404589446,2.5321567061403676,2.636718893859632
sqlite-shifter,metadata,tmpfs,1,write_worker_cpu_core_equivalents,5,0.999996594166741,1.2618581286034008e-05,0.9999994275853424,0.9999795349897154,1.0000119652463857,0.0012618624262964206,0.9999809261286497,1.0000122622048322
sqlite-shifter,metadata,tmpfs,1,write_worker_peak_rss_max_kib,5,27136.0,548.6200871276953,26984.0,26632.0,27716.0,2.021742655983547,26454.798189122128,27817.201810877872
sqlite-shifter,metadata,tmpfs,1,write_worker_major_faults,5,0.0,0.0,0.0,0.0,0.0,,0.0,0.0
sqlite-shifter,metadata,tmpfs,1,write_worker_voluntary_switches,5,0.0,0.0,0.0,0.0,0.0,,0.0,0.0
sqlite-shifter,metadata,tmpfs,1,write_worker_involuntary_switches,5,9.8,7.463243262818116,5.0,4.0,21.0,76.15554349814404,0.533159530721953,19.06684046927805
sqlite-shifter,metadata,tmpfs,1,read_worker_cpu_s,5,5.774924400000001,0.05985346103025284,5.760715,5.720002,5.8575539999999995,1.0364371355277453,5.700606512270844,5.849242287729157
sqlite-shifter,metadata,tmpfs,1,read_worker_cpu_core_equivalents,5,0.9999561960602484,2.1938789878909908e-05,0.9999637773434145,0.999917971793176,0.999972141792962,0.0021939750926437654,0.9999289554546916,0.9999834366658052
sqlite-shifter,metadata,tmpfs,1,read_worker_peak_rss_max_kib,5,26632.0,0.0,26632.0,26632.0,26632.0,0.0,26632.0,26632.0
sqlite-shifter,metadata,tmpfs,1,read_worker_major_faults,5,0.0,0.0,0.0,0.0,0.0,,0.0,0.0
sqlite-shifter,metadata,tmpfs,1,read_worker_voluntary_switches,5,0.0,0.0,0.0,0.0,0.0,,0.0,0.0
sqlite-shifter,metadata,tmpfs,1,read_worker_involuntary_switches,5,15.0,13.583077707206124,9.0,6.0,39.0,90.55385138137416,-1.8656185738419744,31.865618573841974
sqlite-shifter,metadata,tmpfs,16,completion_throughput_records_s,5,328129.6213455244,3016.018058720639,328563.933553567,324642.5803685885,331748.2935078956,0.9191544629080397,324384.74030407856,331874.5023869702
sqlite-shifter,metadata,tmpfs,16,read_queries_per_s,5,142769.9280535265,6744.678909277859,145931.51930278452,131680.66362658163,147654.4283058221,4.724159352906014,134395.30307243194,151144.55303462106
sqlite-shifter,metadata,tmpfs,16,completion_wall_s,5,3.0477821949869393,0.028024779406071513,3.0435476870043203,3.0143335160100833,3.080310656921938,0.9195138501749667,3.012984835340818,3.0825795546330603
sqlite-shifter,metadata,tmpfs,16,workload_wall_s,5,3.033513142215088,0.027386028023157656,3.029758112039417,2.9996614310657606,3.064952370012179,0.9027825738430864,2.9995088971649335,3.067517387265242
sqlite-shifter,metadata,tmpfs,16,read_wall_s,5,0.4491121576167643,0.022194784521745135,0.4385618700180203,0.4334445010172203,0.4860242820577696,4.941924671895512,0.42155369272822324,0.4766706225053054
sqlite-shifter,metadata,tmpfs,16,transaction_latency_mean_ms,5,29.648457288974896,1.7266330361668991,30.542489476851188,27.559875208185986,31.36395286244806,5.823685931911765,27.5045592098572,31.792355368092593
sqlite-shifter,metadata,tmpfs,16,transaction_latency_p50_ms,5,2.1498815971426666,0.015920325665732357,2.141269971616566,2.1368414745666087,2.1675555617548525,0.7405210448283065,2.1301139019238473,2.169649292361486
sqlite-shifter,metadata,tmpfs,16,transaction_latency_p95_ms,5,67.21051864558831,27.179376723260003,56.27956867101601,36.18090478121303,106.7744272237178,40.439171235355516,33.462865074698975,100.95817221647764
sqlite-shifter,metadata,tmpfs,16,transaction_latency_p99_ms,5,733.4345105227542,157.58679623391177,735.5454728216855,533.3904773788518,931.8577217194252,21.486144157791546,537.7646590468335,929.1043619986749
sqlite-shifter,metadata,tmpfs,16,read_latency_mean_ms,5,0.09582422063685954,0.005621215323402442,0.09347927050839644,0.09269695927287103,0.10583483718073694,5.866173798276839,0.08884455994363939,0.10280388133007969
sqlite-shifter,metadata,tmpfs,16,read_latency_p50_ms,5,0.09539760649204254,0.005444821256576538,0.09311898611485958,0.09244796819984913,0.10509206913411617,5.707503004313541,0.08863696796109688,0.1021582450229882
sqlite-shifter,metadata,tmpfs,16,read_latency_p95_ms,5,0.10412691277451813,0.006548952648705805,0.10081403888761997,0.10029445984400812,0.11565303429961205,6.289394810818266,0.09599531404467895,0.11225851150435731
sqlite-shifter,metadata,tmpfs,16,read_latency_p99_ms,5,0.11089781485497952,0.006929761721092732,0.10751802241429688,0.10562397190369666,0.12239604257047176,6.248781123554819,0.10229337920976811,0.11950225050019092
sqlite-shifter,metadata,tmpfs,16,write_worker_cpu_s,5,3.1518446,0.03514150483829641,3.134136,3.1148559999999996,3.191823,1.1149504273877084,3.108210658599584,3.195478541400416
sqlite-shifter,metadata,tmpfs,16,write_worker_cpu_core_equivalents,5,1.0391167853467889,0.018163806194777008,1.032710503865212,1.022572497590736,1.0640610860092852,1.7480043100944735,1.0165634411243838,1.061670129569194
sqlite-shifter,metadata,tmpfs,16,write_worker_peak_rss_max_kib,5,26636.8,10.73312629199899,26632.0,26632.0,26656.0,0.040294353270659354,26623.47306349505,26650.12693650495
sqlite-shifter,metadata,tmpfs,16,write_worker_major_faults,5,0.0,0.0,0.0,0.0,0.0,,0.0,0.0
sqlite-shifter,metadata,tmpfs,16,write_worker_voluntary_switches,5,1468.6,254.35762225653863,1468.0,1151.0,1776.0,17.31973459461655,1152.7732977753435,1784.4267022246563
sqlite-shifter,metadata,tmpfs,16,write_worker_involuntary_switches,5,15.2,4.147288270665544,16.0,8.0,18.0,27.28479125437858,10.050461464141847,20.34953853585815
sqlite-shifter,metadata,tmpfs,16,read_worker_cpu_s,5,6.968881399999999,0.34822682437428637,6.829232000000001,6.766986999999999,7.588864,4.996882632760639,6.5365006889656225,7.4012621110343755
sqlite-shifter,metadata,tmpfs,16,read_worker_cpu_core_equivalents,5,15.518367493345021,0.24019345255891486,15.595112276457659,15.11930774474978,15.755724167622287,1.547801034238432,15.220127930698354,15.816607055991689
sqlite-shifter,metadata,tmpfs,16,read_worker_peak_rss_max_kib,5,26688.8,90.7039139177577,26632.0,26632.0,26840.0,0.3398575953874199,26576.176215592146,26801.423784407853
sqlite-shifter,metadata,tmpfs,16,read_worker_major_faults,5,0.0,0.0,0.0,0.0,0.0,,0.0,0.0
sqlite-shifter,metadata,tmpfs,16,read_worker_voluntary_switches,5,0.0,0.0,0.0,0.0,0.0,,0.0,0.0
sqlite-shifter,metadata,tmpfs,16,read_worker_involuntary_switches,5,46.4,22.232858565645582,35.0,30.0,83.0,47.91564346044307,18.794259941881702,74.00574005811829
sqlite-shifter,telemetry,lustre,16,completion_throughput_records_s,5,150101.41976553225,1763.6498498741107,149243.78849924906,148256.52557899122,152311.0352678882,1.1749721305961272,147911.5592415061,152291.2802895584
sqlite-shifter,telemetry,lustre,16,read_queries_per_s,5,28227.111301093402,1406.9356655524552,27415.1966190296,26949.60161866944,30093.127447713963,4.984341651346932,26480.169937388066,29974.05266479874
sqlite-shifter,telemetry,lustre,16,completion_wall_s,5,6.662895578588359,0.07802552092442952,6.700446364004165,6.56551246100571,6.745065663009882,1.1710452310729516,6.5660140983154,6.759777058861318
sqlite-shifter,telemetry,lustre,16,workload_wall_s,5,6.565793261560612,0.06683668398953349,6.589080386911519,6.497680058935657,6.652110947994515,1.017952916379935,6.482804557291486,6.648781965829738
sqlite-shifter,telemetry,lustre,16,read_wall_s,5,2.2717496142257003,0.11101476735086334,2.33447167603299,2.126731430995278,2.37480319396127,4.886751896234015,2.133906574337167,2.409592654114234
sqlite-shifter,telemetry,lustre,16,transaction_latency_mean_ms,5,74.55799673988949,2.2834113758350085,74.68955167254899,72.17079318664037,77.73994289455004,3.062597542422105,71.72276704142624,77.39322643835274
sqlite-shifter,telemetry,lustre,16,transaction_latency_p50_ms,5,16.766735399141908,0.5483026099267568,16.434844525065273,16.336736036464572,17.55631749983877,3.270181086980224,16.08592778827469,17.447543010009124
sqlite-shifter,telemetry,lustre,16,transaction_latency_p95_ms,5,256.0303086834027,105.29799477569404,198.43206607038155,196.15049093845298,440.2962749067225,41.12716002928447,125.2855794873754,386.77503787943004
sqlite-shifter,telemetry,lustre,16,transaction_latency_p99_ms,5,1365.5878467666912,191.49627005529814,1342.829438841436,1150.039065850433,1645.4583841876583,14.022991674150058,1127.813822448722,1603.3618710846604
sqlite-shifter,telemetry,lustre,16,read_latency_mean_ms,5,0.4096650675724959,0.019154888777861676,0.4213083475933672,0.3849291281057958,0.42727112492320884,4.675743746315874,0.3858811317874277,0.43344900335756403
sqlite-shifter,telemetry,lustre,16,read_latency_p50_ms,5,0.39113000966608524,0.017907103328450136,0.401423079892993,0.3684645052999258,0.4079049685969949,4.578299513181756,0.36889540415103395,0.41336461518113654
sqlite-shifter,telemetry,lustre,16,read_latency_p95_ms,5,0.5546257831156254,0.031722833996672,0.5714104394428432,0.5152209254447371,0.5872809560969472,5.7196825251195715,0.5152366822209633,0.5940148840102875
sqlite-shifter,telemetry,lustre,16,read_latency_p99_ms,5,0.6511254825163634,0.029399655088266897,0.6610120029654354,0.6141031987499448,0.6838161440100521,4.515205728801753,0.6146209892336543,0.6876299757990725
sqlite-shifter,telemetry,lustre,16,write_worker_cpu_s,5,10.930852399999996,0.11304670702545914,10.929670999999999,10.786707999999999,11.054146,1.034198458534297,10.790486373770994,11.071218426228997
sqlite-shifter,telemetry,lustre,16,write_worker_cpu_core_equivalents,5,1.6650482321335385,0.031035045843902376,1.6730080488086478,1.6215466164544332,1.701089324700249,1.8639127230647896,1.6265131330265616,1.7035833312405153
sqlite-shifter,telemetry,lustre,16,write_worker_peak_rss_max_kib,5,25417.6,883.7040228492796,25124.0,24432.0,26664.0,3.476740616145032,24320.33652976021,26514.863470239787
sqlite-shifter,telemetry,lustre,16,write_worker_major_faults,5,0.2,0.44721359549995804,0.0,0.0,1.0,223.606797749979,-0.3552890210395588,0.7552890210395589
sqlite-shifter,telemetry,lustre,16,write_worker_voluntary_switches,5,28610.2,512.5297064561233,28578.0,27943.0,29127.0,1.7914230115697314,27973.81031548349,29246.58968451651
sqlite-shifter,telemetry,lustre,16,write_worker_involuntary_switches,5,20161.8,4914.052268749286,19736.0,15470.0,27469.0,24.373083101455652,14060.198212602483,26263.401787397517
sqlite-shifter,telemetry,lustre,16,read_worker_cpu_s,5,26.9460174,0.9636254199481761,27.595940000000002,25.587099000000002,27.65654,3.5761329982224983,25.749518408296364,28.142516391703634
sqlite-shifter,telemetry,lustre,16,read_worker_cpu_core_equivalents,5,11.867760950414858,0.17788078585865466,11.83606692840831,11.620306082698512,12.049970459469561,1.498857169451467,11.646892782641974,12.088629118187743
sqlite-shifter,telemetry,lustre,16,read_worker_peak_rss_max_kib,5,24182.4,1034.472232590126,23812.0,23228.0,25896.0,4.277789766897106,22897.933071651372,25466.86692834863
sqlite-shifter,telemetry,lustre,16,read_worker_major_faults,5,0.0,0.0,0.0,0.0,0.0,,0.0,0.0
sqlite-shifter,telemetry,lustre,16,read_worker_voluntary_switches,5,142555.6,523.0170169315717,142375.0,141924.0,143197.0,0.3668863355291351,141906.18859962813,143205.01140037188
sqlite-shifter,telemetry,lustre,16,read_worker_involuntary_switches,5,452825.6,117205.86256156303,518299.0,296450.0,546987.0,25.883223599010975,307295.3000788888,598355.8999211112
sqlite-shifter,telemetry,lustre,64,completion_throughput_records_s,5,139440.7843467593,9296.237156250183,141634.10799402805,126095.09747909395,149351.36629866532,6.666799243707951,127897.9813510793,150983.58734243928
sqlite-shifter,telemetry,lustre,64,read_queries_per_s,5,39455.00307446286,1384.0724970848532,40228.80414056129,37193.57934504203,40551.43712243341,3.5079771619145816,37736.45008392861,41173.55606499711
sqlite-shifter,telemetry,lustre,64,completion_wall_s,5,7.197851956193335,0.4945960228133045,7.060446202987805,6.695620032027364,7.930522438953631,6.871439226917319,6.583729881011287,7.811974031375383
sqlite-shifter,telemetry,lustre,64,workload_wall_s,5,7.1228588100057095,0.503806569308315,6.966041993000545,6.634323050035164,7.872468090965413,7.073094985409533,6.497300330837025,7.748417289174394
sqlite-shifter,telemetry,lustre,64,read_wall_s,5,1.6237514327978715,0.05882279389075082,1.5908998879604042,1.578242462943308,1.7207271020160988,3.6226476973383663,1.5507132873499658,1.6967895782457771
sqlite-shifter,telemetry,lustre,64,transaction_latency_mean_ms,5,240.27809327908327,4.109559253827782,240.71396997617558,234.49906956183258,246.00918413966428,1.7103345534936154,235.1754015051202,245.38078505304634
sqlite-shifter,telemetry,lustre,64,transaction_latency_p50_ms,5,16.75894847139716,3.1405359261414127,17.23063999088481,11.916573450434953,19.747266953345388,18.739456902689504,12.859458076841854,20.65843886595247
sqlite-shifter,telemetry,lustre,64,transaction_latency_p95_ms,5,1370.147371251369,161.33261543711365,1449.5560033014044,1151.5396609320303,1544.1005871631203,11.774836694374489,1169.826470927052,1570.4682715756858
sqlite-shifter,telemetry,lustre,64,transaction_latency_p99_ms,5,5091.053802500011,634.8977544086703,4963.9358006743705,4466.76897650817,5976.840270376994,12.470851400095155,4302.724118310351,5879.383486689672
sqlite-shifter,telemetry,lustre,64,read_latency_mean_ms,5,1.4384751545418113,0.03996822100357503,1.418965398988803,1.4107313791791967,1.506915429223227,2.778513127416918,1.3888480534494207,1.4881022556342018
sqlite-shifter,telemetry,lustre,64,read_latency_p50_ms,5,1.433398004155606,0.03970193691671733,1.4139519771561027,1.4066370204091072,1.5012200456112623,2.769777605495214,1.384101538427161,1.482694469884051
sqlite-shifter,telemetry,lustre,64,read_latency_p95_ms,5,1.5823671070393175,0.05420225549115558,1.5552055381704122,1.539754931582138,1.6729725175537171,3.4253906852608003,1.5150661177745073,1.6496680963041277
sqlite-shifter,telemetry,lustre,64,read_latency_p99_ms,5,1.6642747626174241,0.06048625323548841,1.6362200886942448,1.6128578048665083,1.7651482776273044,3.6343910629493044,1.5891711595886822,1.739378365646166
sqlite-shifter,telemetry,lustre,64,write_worker_cpu_s,5,11.3195542,0.08310800877893763,11.314898000000001,11.225866,11.440656,0.7341986027942481,11.216361977536792,11.42274642246321
sqlite-shifter,telemetry,lustre,64,write_worker_cpu_core_equivalents,5,1.5959219224993944,0.11942170096369097,1.6296710544390645,1.4259652589615457,1.7244647138398486,7.482928787434855,1.4476402958085235,1.7442035491902652
sqlite-shifter,telemetry,lustre,64,write_worker_peak_rss_max_kib,5,26304.0,481.56411826463983,26216.0,25952.0,27136.0,1.8307638316021893,25706.059171524055,26901.940828475945
sqlite-shifter,telemetry,lustre,64,write_worker_major_faults,5,0.6,0.8944271909999159,0.0,0.0,2.0,149.071198499986,-0.5105780420791172,1.710578042079117
sqlite-shifter,telemetry,lustre,64,write_worker_voluntary_switches,5,36949.6,1713.4434043761119,37309.0,35001.0,39014.0,4.637244799337779,34822.079011826485,39077.12098817351
sqlite-shifter,telemetry,lustre,64,write_worker_involuntary_switches,5,19225.0,3869.3266210026777,20352.0,14799.0,23734.0,20.126536390130962,14420.596437409555,24029.403562590443
sqlite-shifter,telemetry,lustre,64,read_worker_cpu_s,5,34.3397332,1.9580303267777062,33.13661700000001,32.66434099999999,37.15533100000001,5.701938088376604,31.908517435848967,36.770948964151025
sqlite-shifter,telemetry,lustre,64,read_worker_cpu_core_equivalents,5,21.136856768246343,0.4936289511722411,20.828851174590532,20.696655784487866,21.749586376805677,2.335394314228472,20.523935471104686,21.749778065388
sqlite-shifter,telemetry,lustre,64,read_worker_peak_rss_max_kib,5,24460.8,298.49489107855766,24336.0,24172.0,24904.0,1.2202989725542814,24090.1696401,24831.430359899998
sqlite-shifter,telemetry,lustre,64,read_worker_major_faults,5,0.0,0.0,0.0,0.0,0.0,,0.0,0.0
sqlite-shifter,telemetry,lustre,64,read_worker_voluntary_switches,5,256023.0,373.731855746871,255851.0,255782.0,256677.0,0.1459758911296528,255558.95060973722,256487.04939026278
sqlite-shifter,telemetry,lustre,64,read_worker_involuntary_switches,5,597798.4,222445.17938876536,469894.0,403136.0,932918.0,37.210735155658725,321596.2291789921,874000.570821008
sqlite-shifter,telemetry,tmpfs,64,completion_throughput_records_s,5,158814.65796606324,8355.2303341593,161503.92509420429,148363.25733131307,167749.30378385514,5.260994445452706,148440.26926343763,169189.04666868885
sqlite-shifter,telemetry,tmpfs,64,read_queries_per_s,5,86495.50051127942,6033.104616168552,87654.65414559038,78081.22904517176,94360.07278663538,6.975050240193484,79004.41171198599,93986.58931057285
sqlite-shifter,telemetry,tmpfs,64,completion_wall_s,5,6.310809010406956,0.3365850681887531,6.191799978958443,5.961276604095474,6.740213298005983,5.333469411508117,5.892883448904023,6.728734571909889
sqlite-shifter,telemetry,tmpfs,64,workload_wall_s,5,6.295452235010453,0.3356105570829843,6.174467638018541,5.947652240050957,6.725056573050097,5.330999975134067,5.878736688863402,6.712167781157504
sqlite-shifter,telemetry,tmpfs,64,read_wall_s,5,0.7428539262153209,0.052636723163822244,0.7301380699500442,0.6782529740594327,0.8196592290187255,7.085743415531892,0.6774968020793847,0.8082110503512571
sqlite-shifter,telemetry,tmpfs,64,transaction_latency_mean_ms,5,182.76275581819937,8.353068345795615,178.390126921935,175.5414870941313,194.34821914334316,4.5704434190654855,172.39105157868948,193.13446005770925
sqlite-shifter,telemetry,tmpfs,64,transaction_latency_p50_ms,5,5.525908293202519,0.3613444498320386,5.336832487955689,5.268510489258915,6.145238992758095,6.5390960301772,5.077239898895331,5.974576687509708
sqlite-shifter,telemetry,tmpfs,64,transaction_latency_p95_ms,5,857.8301420935877,43.35661881877428,841.3817959662947,835.0690880673937,935.1989983813837,5.054219558310199,803.9957894224718,911.6644947647036
sqlite-shifter,telemetry,tmpfs,64,transaction_latency_p99_ms,5,4883.715256409252,297.4960403168042,4742.6460381166535,4543.707781502742,5244.53899126849,6.091592664547317,4514.325133539701,5253.105379278803
sqlite-shifter,telemetry,tmpfs,64,read_latency_mean_ms,5,0.5737872789330141,0.08094334992205568,0.5525233192747692,0.486301623581312,0.7029049598622805,14.106856825507505,0.4732828354407881,0.67429172242524
sqlite-shifter,telemetry,tmpfs,64,read_latency_p50_ms,5,0.5882343277335167,0.082084993896449,0.5681234761141241,0.49761804984882474,0.7192640332505107,13.954471887542635,0.4863123460195202,0.6901563094475132
sqlite-shifter,telemetry,tmpfs,64,read_latency_p95_ms,5,0.6683123798575252,0.05326845881789522,0.6559234287124127,0.5986719625070691,0.7418085355311632,7.970592857976281,0.602170852303545,0.7344539074115055
sqlite-shifter,telemetry,tmpfs,64,read_latency_p99_ms,5,0.698773488169536,0.05142800962690967,0.6882561871316284,0.626186114968732,0.7567262277007103,7.359753982886115,0.6349171801165256,0.7626297962225463
sqlite-shifter,telemetry,tmpfs,64,write_worker_cpu_s,5,7.5438314,0.03069592387109269,7.550707999999998,7.5109400000000015,7.579361,0.406900979667874,7.505717376437661,7.581945423562339
sqlite-shifter,telemetry,tmpfs,64,write_worker_cpu_core_equivalents,5,1.2010390678136889,0.06433560194507712,1.2275327112139995,1.116859006078736,1.263232061452139,5.356661882963592,1.1211558670757185,1.2809222685516592
sqlite-shifter,telemetry,tmpfs,64,write_worker_peak_rss_max_kib,5,26581.6,1140.8649350383243,25968.0,25548.0,28192.0,4.291934778336611,25165.029083349837,27998.17091665016
sqlite-shifter,telemetry,tmpfs,64,write_worker_major_faults,5,0.0,0.0,0.0,0.0,0.0,,0.0,0.0
sqlite-shifter,telemetry,tmpfs,64,write_worker_voluntary_switches,5,3047.2,88.1770945314031,3030.0,2933.0,3149.0,2.8937087992715638,2937.713676254147,3156.686323745853
sqlite-shifter,telemetry,tmpfs,64,write_worker_involuntary_switches,5,41.2,12.13260071048248,44.0,21.0,53.0,29.44805997689922,26.135386493212497,56.26461350678751
sqlite-shifter,telemetry,tmpfs,64,read_worker_cpu_s,5,44.373946999999994,4.431087260922531,42.930013,39.721389,51.50149099999999,9.985785715484205,38.87202547521316,49.87586852478683
sqlite-shifter,telemetry,tmpfs,64,read_worker_cpu_core_equivalents,5,59.64535817627385,1.7942622999933326,58.878510035230065,58.56426808166029,62.83280804591955,3.0082178309511214,57.41748727503785,61.873229077509855
sqlite-shifter,telemetry,tmpfs,64,read_worker_peak_rss_max_kib,5,24576.0,162.9232948353304,24548.0,24420.0,24852.0,0.662936583802614,24373.704010334233,24778.295989665767
sqlite-shifter,telemetry,tmpfs,64,read_worker_major_faults,5,0.0,0.0,0.0,0.0,0.0,,0.0,0.0
sqlite-shifter,telemetry,tmpfs,64,read_worker_voluntary_switches,5,0.0,0.0,0.0,0.0,0.0,,0.0,0.0
sqlite-shifter,telemetry,tmpfs,64,read_worker_involuntary_switches,5,112.4,31.595885808123814,94.0,86.0,153.0,28.11021869050161,73.16852610069543,151.63147389930458
sqlite-shifter,telemetry,lustre,1,completion_throughput_records_s,5,98443.69142554833,279.21801075101905,98392.14377310658,98162.61807831246,98736.18026935079,0.28363220304694486,98096.99647394872,98790.38637714794
sqlite-shifter,telemetry,lustre,1,read_queries_per_s,5,2653.394170880897,8.524627600887385,2649.7082894031314,2647.7605441068786,2668.046770219473,0.3212725683367769,2642.809447690781,2663.978894071013
sqlite-shifter,telemetry,lustre,1,completion_wall_s,5,10.158156596613116,0.02880121364808197,10.163413069909438,10.127999657997862,10.187177355051972,0.283527954842562,10.122395166521718,10.193918026704514
sqlite-shifter,telemetry,lustre,1,workload_wall_s,5,10.123480678605848,0.030189327607281692,10.128092154976912,10.08748694404494,10.154269800987095,0.29821094706172946,10.085995677385908,10.160965679825788
sqlite-shifter,telemetry,lustre,1,read_wall_s,5,24.120248434389943,0.07721696522385478,24.153602211968973,23.987585493014194,24.171370081952773,0.32013337438830475,24.02437090862093,24.216125960158955
sqlite-shifter,telemetry,lustre,1,transaction_latency_mean_ms,5,8.096692707692274,0.015350117465299415,8.096116336528212,8.077353880740702,8.12019390927162,0.18958503205532323,8.077633019467413,8.115752395917134
sqlite-shifter,telemetry,lustre,1,transaction_latency_p50_ms,5,6.8333211820572615,0.021127524982438632,6.825561984442174,6.807008001487702,6.857780506834388,0.30918384222762246,6.8070878949154165,6.859554469199106
sqlite-shifter,telemetry,lustre,1,transaction_latency_p95_ms,5,8.222220137249675,0.1226012590426552,8.167817507637665,8.08539915597066,8.370659191859877,1.4910967718709756,8.069990567761955,8.374449706737394
sqlite-shifter,telemetry,lustre,1,transaction_latency_p99_ms,5,34.20249666552991,0.6919026968592376,33.8643502665218,33.60280058346689,35.270665442803875,2.0229596208295333,33.3433859965797,35.061607334480115
sqlite-shifter,telemetry,lustre,1,read_latency_mean_ms,5,0.2719491701365769,0.001190299369797022,0.2725482963378454,0.26989703728941095,0.27280199032429664,0.43769185587116743,0.2704712182620153,0.27342712201113845
sqlite-shifter,telemetry,lustre,1,read_latency_p50_ms,5,0.27031039353460073,0.0012470218233921104,0.27057097759097815,0.2682559425011277,0.27149298693984747,0.46132958747384867,0.26876201143152034,0.2718587756376811
sqlite-shifter,telemetry,lustre,1,read_latency_p95_ms,5,0.28671171283349395,0.0011370603013899088,0.2868820447474718,0.2847685536835343,0.2875529520679265,0.3965866235992422,0.2852998659934714,0.2881235596735165
sqlite-shifter,telemetry,lustre,1,read_latency_p99_ms,5,0.3037471268326045,0.0014171893449097404,0.3041055041830988,0.3014303022064269,0.30529831768944865,0.46656880665434425,0.30198745384439213,0.3055067998208169
sqlite-shifter,telemetry,lustre,1,write_worker_cpu_s,5,9.2868686,0.028227089361108633,9.278544,9.262182,9.333498,0.303946255480654,9.251820039366232,9.321917160633769
sqlite-shifter,telemetry,lustre,1,write_worker_cpu_core_equivalents,5,0.9173622286363736,0.0026647678887818174,0.9181852775995757,0.9128253613173599,0.9195518317967023,0.29048153560267026,0.9140534822853038,0.9206709749874434
sqlite-shifter,telemetry,lustre,1,write_worker_peak_rss_max_kib,5,23437.6,3044.9310008602824,22404.0,20480.0,27988.0,12.991650172629802,19656.81879921723,27218.381200782766
sqlite-shifter,telemetry,lustre,1,write_worker_major_faults,5,0.0,0.0,0.0,0.0,0.0,,0.0,0.0
sqlite-shifter,telemetry,lustre,1,write_worker_voluntary_switches,5,7107.0,7.416198487095663,7103.0,7100.0,7116.0,0.10435061892634956,7097.79157333504,7116.20842666496
sqlite-shifter,telemetry,lustre,1,write_worker_involuntary_switches,5,1829.8,288.4617825639993,1826.0,1422.0,2236.0,15.764661851787043,1471.6273897325998,2187.9726102674003
sqlite-shifter,telemetry,lustre,1,read_worker_cpu_s,5,18.5115238,0.046628533943283784,18.529362,18.443671000000002,18.555359,0.25188922558219534,18.453626828113602,18.569420771886396
sqlite-shifter,telemetry,lustre,1,read_worker_cpu_core_equivalents,5,0.7674716825331099,0.002088392460723789,0.7672256863025856,0.7647190256124659,0.7705790566284011,0.27211329202803425,0.7648786008005091,0.7700647642657108
sqlite-shifter,telemetry,lustre,1,read_worker_peak_rss_max_kib,5,23301.6,2222.2593908002727,22216.0,21796.0,27048.0,9.536939054830023,20542.30051977307,26060.899480226926
sqlite-shifter,telemetry,lustre,1,read_worker_major_faults,5,0.0,0.0,0.0,0.0,0.0,,0.0,0.0
sqlite-shifter,telemetry,lustre,1,read_worker_voluntary_switches,5,128036.2,9.257429448826493,128036.0,128022.0,128047.0,0.007230321931474452,128024.70538313748,128047.69461686251
sqlite-shifter,telemetry,lustre,1,read_worker_involuntary_switches,5,26557.6,4838.128698164199,28301.0,18864.0,30707.0,18.21749216105446,20550.269776813067,32564.93022318693
sqlite-shifter,telemetry,tmpfs,1,completion_throughput_records_s,5,145904.98995555675,624.4573964845866,145935.92736948596,145019.21298380764,146621.68825704543,0.42798906101484185,145129.6236879298,146680.3562231837
sqlite-shifter,telemetry,tmpfs,1,read_queries_per_s,5,5670.83208372573,53.77899909493884,5684.579818222129,5578.637712910249,5712.675483448951,0.9483440578195731,5604.056636690111,5737.607530761348
sqlite-shifter,telemetry,tmpfs,1,completion_wall_s,5,6.85387574704364,0.029369725458894456,6.852322235004976,6.820273398072459,6.89563802909106,0.4285126626575166,6.817408416304202,6.890343077783077
sqlite-shifter,telemetry,tmpfs,1,workload_wall_s,5,6.841551098227501,0.02926185170881463,6.840224449057132,6.808206991991028,6.883278740104288,0.4277078587689822,6.805217710439888,6.877884486015113
sqlite-shifter,telemetry,tmpfs,1,read_wall_s,5,11.286642201803625,0.10814593184655492,11.258527814992703,11.203156942036003,11.472334877005778,0.9581763106592767,11.15236129167756,11.42092311192969
sqlite-shifter,telemetry,tmpfs,1,transaction_latency_mean_ms,5,5.057533862814307,0.021087263723277468,5.062377154012211,5.034436293877661,5.080958784441464,0.41694755379340714,5.031350566628485,5.0837171590001295
sqlite-shifter,telemetry,tmpfs,1,transaction_latency_p50_ms,5,4.923975747078657,0.01973473723276867,4.928622045554221,4.901705542579293,4.9452780513092875,0.40078867659892686,4.899471834342717,4.9484796598145975
sqlite-shifter,telemetry,tmpfs,1,transaction_latency_p95_ms,5,5.278692592401057,0.12616994658790687,5.26100008864887,5.176703532924873,5.494043754879385,2.390174164897097,5.122031912067561,5.435353272734552
sqlite-shifter,telemetry,tmpfs,1,transaction_latency_p99_ms,5,7.81659989641048,0.12857174663894563,7.805240759626031,7.62868964462541,7.950448828050867,1.644855158801054,7.656956987422726,7.976242805398234
sqlite-shifter,telemetry,tmpfs,1,read_latency_mean_ms,5,0.08774665870842,0.00038317661247028043,0.08767422886012355,0.08733803217728564,0.08835552387972712,0.4366851320727401,0.08727088210376197,0.08822243531307802
sqlite-shifter,telemetry,tmpfs,1,read_latency_p50_ms,5,0.08754020091146231,0.00038316626605648874,0.08746806997805834,0.08710694964975119,0.08813897147774696,0.4377032061464207,0.0870644371535738,0.08801596466935081
sqlite-shifter,telemetry,tmpfs,1,read_latency_p95_ms,5,0.09098939481191337,0.00048641632913863934,0.09079510346055031,0.09053536923602226,0.09176749736070636,0.534585739518461,0.09038542916788349,0.09159336045594325
sqlite-shifter,telemetry,tmpfs,1,read_latency_p99_ms,5,0.09607099648565054,0.0007448716221958655,0.0958549790084362,0.09542296291328967,0.09713694453239441,0.7753345436644054,0.09514611620908629,0.09699587676221479
sqlite-shifter,telemetry,tmpfs,1,write_worker_cpu_s,5,6.8410470000000005,0.02922461116080098,6.839759,6.807734999999999,6.882701,0.4271950062731769,6.80475985246013,6.877334147539871
sqlite-shifter,telemetry,tmpfs,1,write_worker_cpu_core_equivalents,5,0.9999263356348831,6.253244718128316e-06,0.9999270022343267,0.9999160661472386,0.9999319541251024,0.0006253705393365746,0.9999185712060447,0.9999341000637215
sqlite-shifter,telemetry,tmpfs,1,write_worker_peak_rss_max_kib,5,25632.8,2112.597264033067,25156.0,23520.0,28972.0,8.241773290600586,23009.664034546367,28255.93596545363
sqlite-shifter,telemetry,tmpfs,1,write_worker_major_faults,5,0.0,0.0,0.0,0.0,0.0,,0.0,0.0
sqlite-shifter,telemetry,tmpfs,1,write_worker_voluntary_switches,5,0.0,0.0,0.0,0.0,0.0,,0.0,0.0
sqlite-shifter,telemetry,tmpfs,1,write_worker_involuntary_switches,5,13.0,1.8708286933869707,13.0,10.0,15.0,14.390989949130544,10.67705936461481,15.32294063538519
sqlite-shifter,telemetry,tmpfs,1,read_worker_cpu_s,5,11.286063199999997,0.10819832195879901,11.25798,11.202627,11.471853999999999,0.9586896692090031,11.151717238957698,11.420409161042297
sqlite-shifter,telemetry,tmpfs,1,read_worker_cpu_core_equivalents,5,0.9999486613962771,8.35995524971852e-06,0.9999513422179431,0.9999362867869938,0.9999580837718794,0.0008360384460183291,0.999938281140817,0.9999590416517373
sqlite-shifter,telemetry,tmpfs,1,read_worker_peak_rss_max_kib,5,24308.8,1143.144435318652,24780.0,22372.0,25184.0,4.70259509033211,22889.398709917856,25728.201290082143
sqlite-shifter,telemetry,tmpfs,1,read_worker_major_faults,5,0.0,0.0,0.0,0.0,0.0,,0.0,0.0
sqlite-shifter,telemetry,tmpfs,1,read_worker_voluntary_switches,5,0.0,0.0,0.0,0.0,0.0,,0.0,0.0
sqlite-shifter,telemetry,tmpfs,1,read_worker_involuntary_switches,5,17.6,6.985699678629192,15.0,11.0,29.0,39.691475446756776,8.926108206782528,26.273891793217473
sqlite-shifter,telemetry,tmpfs,16,completion_throughput_records_s,5,214301.7316696471,5032.365062726976,214071.95835787567,208976.2220793402,222249.61014299424,2.348261501911019,208053.22514544058,220550.2381938536
sqlite-shifter,telemetry,tmpfs,16,read_queries_per_s,5,75794.31300560627,1291.8871592233809,76372.65469646349,74155.68807211253,77080.75784183628,1.7044645013509445,74190.22323025686,77398.40278095567
sqlite-shifter,telemetry,tmpfs,16,completion_wall_s,5,4.668347878614441,0.10808010605164835,4.671326444018632,4.499445462948643,4.7852334110066295,2.315168210723113,4.534148702008064,4.802547055220817
sqlite-shifter,telemetry,tmpfs,16,workload_wall_s,5,4.655806913459673,0.10881926757508636,4.659820617060177,4.485095110023394,4.77380250801798,2.337280510076482,4.520689946600786,4.7909238803185605
sqlite-shifter,telemetry,tmpfs,16,read_wall_s,5,0.8445879078237339,0.014475585616644422,0.8379962730687112,0.8302980120060965,0.8630491020157933,1.7139229063726409,0.8266140943106304,0.8625617213368375
sqlite-shifter,telemetry,tmpfs,16,transaction_latency_mean_ms,5,43.5105499091791,2.6038972861412777,43.4479458729038,40.24915460788179,46.748562885914,5.9845193673177475,40.277384393956986,46.74371542440121
sqlite-shifter,telemetry,tmpfs,16,transaction_latency_p50_ms,5,6.244976434390992,0.03362092321190265,6.266792013775557,6.194954563397914,6.269608566071838,0.5383674952999459,6.203230544452399,6.286722324329585
sqlite-shifter,telemetry,tmpfs,16,transaction_latency_p95_ms,5,86.35928613599347,34.81918309360285,108.74823844060302,39.0695063280873,114.0590527444137,40.31897975484845,43.12556004180165,129.5930122301853
sqlite-shifter,telemetry,tmpfs,16,transaction_latency_p99_ms,5,957.5902056063042,178.3967241357835,937.2893693868518,738.0445905704964,1139.050772211046,18.62975655884351,736.0814158494132,1179.0989953631952
sqlite-shifter,telemetry,tmpfs,16,read_latency_mean_ms,5,0.10626743845132296,0.0015200087181515309,0.10555451259097026,0.10496109465202608,0.10836985413152433,1.4303616802128798,0.10438009834903834,0.10815477855360757
sqlite-shifter,telemetry,tmpfs,16,read_latency_p50_ms,5,0.10620641987770796,0.0015644446318377988,0.10533200111240149,0.10485202074050903,0.10839907918125391,1.4730226606255896,0.10426390530117183,0.10814893445424409
sqlite-shifter,telemetry,tmpfs,16,read_latency_p95_ms,5,0.11706759803928435,0.0028637703355293737,0.11601299047470093,0.11377001646906137,0.12087298673577607,2.4462536034679543,0.11351175751453361,0.12062343856403508
sqlite-shifter,telemetry,tmpfs,16,read_latency_p99_ms,5,0.1234758768696338,0.002747558866037245,0.12265599798411131,0.1201821560971439,0.12715528369881218,2.2251786629854235,0.1200643319427298,0.1268874217965378
sqlite-shifter,telemetry,tmpfs,16,write_worker_cpu_s,5,7.281821599999999,0.06855706874422272,7.276513999999999,7.214924999999999,7.380376999999999,0.9414823997366638,7.196696755917917,7.366946444082081
sqlite-shifter,telemetry,tmpfs,16,write_worker_cpu_core_equivalents,5,1.5649950348403219,0.05171799385840542,1.56154380135574,1.5113580815046204,1.6455341121989058,3.3046746288036792,1.5007786638070164,1.6292114058736273
sqlite-shifter,telemetry,tmpfs,16,write_worker_peak_rss_max_kib,5,25948.8,342.54809881241493,25920.0,25472.0,26380.0,1.3200922540249065,25523.47035805148,26374.12964194852
sqlite-shifter,telemetry,tmpfs,16,write_worker_major_faults,5,0.0,0.0,0.0,0.0,0.0,,0.0,0.0
sqlite-shifter,telemetry,tmpfs,16,write_worker_voluntary_switches,5,1958.0,172.9089355701434,2025.0,1698.0,2134.0,8.830895585809163,1743.3051997348186,2172.694800265181
sqlite-shifter,telemetry,tmpfs,16,write_worker_involuntary_switches,5,19.2,3.3466401061363023,19.0,15.0,23.0,17.43041721945991,15.044597465265728,23.35540253473427
sqlite-shifter,telemetry,tmpfs,16,read_worker_cpu_s,5,12.946273199999998,0.09784362418522902,12.923280999999998,12.813187999999998,13.059194000000002,0.7557667189135868,12.824784294395421,13.067762105604576
sqlite-shifter,telemetry,tmpfs,16,read_worker_cpu_core_equivalents,5,15.330582478500157,0.1551323234710163,15.407481411246481,15.131461199018808,15.482729699480936,1.0119140853817932,15.137960257488494,15.523204699511819
sqlite-shifter,telemetry,tmpfs,16,read_worker_peak_rss_max_kib,5,25252.8,1163.4479790691116,24792.0,24112.0,27016.0,4.607203870735568,23808.188530606956,26697.411469393042
sqlite-shifter,telemetry,tmpfs,16,read_worker_major_faults,5,0.0,0.0,0.0,0.0,0.0,,0.0,0.0
sqlite-shifter,telemetry,tmpfs,16,read_worker_voluntary_switches,5,0.0,0.0,0.0,0.0,0.0,,0.0,0.0
sqlite-shifter,telemetry,tmpfs,16,read_worker_involuntary_switches,5,53.6,14.741099009232657,51.0,38.0,73.0,27.502050390359436,35.29650806627863,71.90349193372137
postgres,metadata,lustre,16,completion_throughput_records_s,5,364586.33406997455,7654.0564131677265,366210.1313063727,356485.6267413007,375109.4536125998,2.099381051320123,355082.56778152357,374090.1003584255
postgres,metadata,lustre,16,read_queries_per_s,5,70653.25371196675,3307.7535165061827,69929.70003732809,66635.43180000964,74565.3423066592,4.6816718873145655,66546.13525558912,74760.37216834439
postgres,metadata,lustre,16,completion_wall_s,5,2.743798454804346,0.057397852495381395,2.7306726780952886,2.665888556977734,2.8051621860358864,2.0919121225860704,2.672529607786621,2.8150673018220713
postgres,metadata,lustre,16,workload_wall_s,5,2.2645817628130316,0.054812911004583395,2.25484997802414,2.185144084971398,2.3210561360465363,2.4204430109202844,2.1965225445818937,2.3326409810441695
postgres,metadata,lustre,16,read_wall_s,5,0.9074201759649441,0.04241467402895688,0.9152048409450799,0.8583076000213623,0.9604499929118901,4.674204426174834,0.8547554022276401,0.960084949702248
postgres,metadata,lustre,16,transaction_latency_mean_ms,5,33.33751532272436,0.9465189317471713,33.415935611817986,31.86568151973188,34.16382090712432,2.839200590039118,32.16225684155561,34.512773803893104
postgres,metadata,lustre,16,transaction_latency_p50_ms,5,29.906451900023967,1.2835233541188318,30.39913548855111,28.376123518683016,31.20539494557306,4.291794153347236,28.31274716036087,31.500156639687063
postgres,metadata,lustre,16,transaction_latency_p95_ms,5,55.070528311189264,1.353093716029209,55.24878339492716,52.81151637900621,56.241689610760645,2.457019675539024,53.39044055780005,56.75061606457848
postgres,metadata,lustre,16,transaction_latency_p99_ms,5,71.66392457671463,20.230193230051533,62.864404995925725,60.67928198259324,107.77820252464151,28.229256699994938,46.544821966254126,96.78302718717515
postgres,metadata,lustre,16,read_latency_mean_ms,5,0.18551409055835394,0.005659643657791552,0.18414905964164063,0.1790302124009031,0.19226656914725027,3.0507891021956075,0.1784867147858119,0.19254146633089597
postgres,metadata,lustre,16,read_latency_p50_ms,5,0.17597321420907974,0.001296933947741794,0.17578108236193657,0.174278044141829,0.17768400721251965,0.7370064549715293,0.1743628580181205,0.177583570400039
postgres,metadata,lustre,16,read_latency_p95_ms,5,0.2285195142030716,0.0159983033085774,0.22891457774676385,0.21211104467511177,0.24769150768406692,7.000847767583065,0.20865499695246686,0.24838403145367632
postgres,metadata,lustre,16,read_latency_p99_ms,5,0.2700058105401696,0.020359506010573493,0.2802730246912688,0.23497511399909857,0.2835905516985805,7.540395508467974,0.24472614490562733,0.29528547617471185
postgres,metadata,lustre,16,write_worker_cpu_s,5,13.014138599999999,0.34389648883682966,12.957691,12.707519999999997,13.595126999999996,2.642483681838379,12.587134710702625,13.441142489297373
postgres,metadata,lustre,16,write_worker_cpu_core_equivalents,5,5.7493890740400575,0.20114857562326213,5.761144256427744,5.523278304606659,6.041749237536711,3.498607817854922,5.499630129398685,5.99914801868143
postgres,metadata,lustre,16,write_worker_peak_rss_max_kib,5,34330.4,915.8934435839138,34740.0,32692.0,34740.0,2.667878741826235,33193.16808491098,35467.63191508902
postgres,metadata,lustre,16,write_worker_major_faults,5,4.4,2.9664793948382653,4.0,1.0,9.0,67.4199862463242,0.7166293340160372,8.083370665983963
postgres,metadata,lustre,16,write_worker_voluntary_switches,5,5220.4,130.58828431371631,5268.0,5029.0,5342.0,2.501499584585785,5058.253228780461,5382.546771219539
postgres,metadata,lustre,16,write_worker_involuntary_switches,5,20133.0,3287.8095291546315,19302.0,17259.0,25562.0,16.330450152260624,16050.645274697425,24215.354725302575
postgres,metadata,lustre,16,read_worker_cpu_s,5,7.322571199999999,0.3026770931788531,7.242478999999998,7.026534000000001,7.7901110000000005,4.133481053470032,6.9467479503188505,7.698394449681147
postgres,metadata,lustre,16,read_worker_cpu_core_equivalents,5,8.072774254645868,0.17136584599495572,8.123201132025182,7.771539549069408,8.1864986396778,2.122762765183666,7.859995453152201,8.285553056139536
postgres,metadata,lustre,16,read_worker_peak_rss_max_kib,5,34330.4,915.8934435839138,34740.0,32692.0,34740.0,2.667878741826235,33193.16808491098,35467.63191508902
postgres,metadata,lustre,16,read_worker_major_faults,5,3.0,2.5495097567963922,3.0,0.0,6.0,84.98365855987974,-0.16563447808331455,6.165634478083314
postgres,metadata,lustre,16,read_worker_voluntary_switches,5,64033.8,1.4832396974191324,64034.0,64032.0,64036.0,0.002316338710835734,64031.95831466701,64035.641685332994
postgres,metadata,lustre,16,read_worker_involuntary_switches,5,23.0,4.795831523312719,24.0,18.0,28.0,20.851441405707472,17.04518865605188,28.95481134394812
postgres,metadata,lustre,64,completion_throughput_records_s,5,397159.5496744565,5017.142056555264,397102.8335121063,391166.4385247166,404928.9547849275,1.2632560543156302,390929.9450089578,403389.15433995513
postgres,metadata,lustre,64,read_queries_per_s,5,200123.1601088164,2306.5112300070823,199962.57325384085,197286.8581020385,203656.7602069531,1.1525458766256356,197259.24815306393,202987.07206456887
postgres,metadata,lustre,64,completion_wall_s,5,2.518199357367121,0.03162460548930527,2.518239396973513,2.469569014967419,2.556456540012732,1.2558420125390737,2.4789322232736533,2.5574664914605885
postgres,metadata,lustre,64,workload_wall_s,5,2.0040872905636204,0.031133709316801764,1.9880994689883664,1.974266874953173,2.042069706018083,1.553510641148064,1.9654296845744066,2.0427448965528345
postgres,metadata,lustre,64,read_wall_s,5,0.31983689302578566,0.003669064642209132,0.3200598940020427,0.3142542380373925,0.32440072600729764,1.1471674225879023,0.3152811475524722,0.3243926384990991
postgres,metadata,lustre,64,transaction_latency_mean_ms,5,114.91610079179517,2.174718946474599,114.42601269087754,112.60376851132605,117.37833578162827,1.8924405992635895,112.21583056974605,117.6163710138443
postgres,metadata,lustre,64,transaction_latency_p50_ms,5,111.01514369947836,3.315418466098518,112.43681504856795,106.62256146315485,114.10255503142253,2.9864560415950683,106.89850795114388,115.13177944781283
postgres,metadata,lustre,64,transaction_latency_p95_ms,5,213.21155636222102,41.1419706806887,207.84851267235345,173.57500617508776,282.0042192994151,19.29631366265785,162.12705255285505,264.296060171587
postgres,metadata,lustre,64,transaction_latency_p99_ms,5,400.9495898592286,60.6544435971954,412.1812948677689,297.80367592698894,451.5693895332515,15.127698127460581,325.63715091351025,476.2620288049469
postgres,metadata,lustre,64,read_latency_mean_ms,5,0.2679100718771224,0.003987540348877724,0.2692753162846202,0.2635763343550934,0.27265069419081556,1.4883876223610655,0.26295888658453603,0.27286125716970877
postgres,metadata,lustre,64,read_latency_p50_ms,5,0.2604210050776601,0.0032254316684221063,0.26143703144043684,0.2567979972809553,0.26385101955384016,1.2385451271337544,0.25641610269631404,0.2644259074590061
postgres,metadata,lustre,64,read_latency_p95_ms,5,0.33599860849790286,0.005511258208236081,0.3378274675924332,0.32998092938214546,0.3423941088840366,1.6402622120592738,0.3291554775959311,0.3428417393998746
postgres,metadata,lustre,64,read_latency_p99_ms,5,0.4718691513407979,0.014548485743365354,0.4774373362306506,0.4528523446060726,0.4857435089070353,3.0831610208097726,0.4538048203648804,0.48993348231671535
postgres,metadata,lustre,64,write_worker_cpu_s,5,13.89212,0.10357593415702575,13.894730999999997,13.727781999999994,13.981232000000002,0.7455732757637117,13.763513491476898,14.020726508523103
postgres,metadata,lustre,64,write_worker_cpu_core_equivalents,5,6.932928843303631,0.09522029533882204,6.92304990156847,6.834289383823651,7.031844340823475,1.373449771243409,6.814697230683086,7.051160455924176
postgres,metadata,lustre,64,write_worker_peak_rss_max_kib,5,34330.4,915.8934435839138,34740.0,32692.0,34740.0,2.667878741826235,33193.16808491098,35467.63191508902
postgres,metadata,lustre,64,write_worker_major_faults,5,9.0,7.176350047203662,7.0,2.0,21.0,79.73722274670735,0.0893845078793305,17.91061549212067
postgres,metadata,lustre,64,write_worker_voluntary_switches,5,6025.2,15.514509338035799,6022.0,6008.0,6049.0,0.2574936821688209,6005.936192305165,6044.463807694835
postgres,metadata,lustre,64,write_worker_involuntary_switches,5,20786.6,1535.5654658789379,21722.0,18492.0,21951.0,7.387285394816555,18879.94364413313,22693.256355866866
postgres,metadata,lustre,64,read_worker_cpu_s,5,10.042801599999999,0.20886418017649597,9.982915,9.818397999999998,10.364554999999998,2.079740181031715,9.783462466960499,10.302140733039499
postgres,metadata,lustre,64,read_worker_cpu_core_equivalents,5,31.398906361841192,0.47429274867386034,31.499570521828247,30.67675202047444,31.949851430871455,1.5105390716737321,30.809994131203755,31.98781859247863
postgres,metadata,lustre,64,read_worker_peak_rss_max_kib,5,34330.4,915.8934435839138,34740.0,32692.0,34740.0,2.667878741826235,33193.16808491098,35467.63191508902
postgres,metadata,lustre,64,read_worker_major_faults,5,8.6,5.319774431308154,8.0,1.0,15.0,61.857842224513426,1.9946276100797613,15.205372389920239
postgres,metadata,lustre,64,read_worker_voluntary_switches,5,64132.8,12.19426094521517,64135.0,64114.0,64147.0,0.019014078513982187,64117.65882519963,64147.94117480038
postgres,metadata,lustre,64,read_worker_involuntary_switches,5,95.8,43.92265930018355,91.0,45.0,157.0,45.84828736971143,41.26281524159235,150.33718475840766
postgres,metadata,tmpfs,64,completion_throughput_records_s,5,538324.4828764779,10690.643109386076,542213.9931665217,521613.7653078225,549679.464975802,1.9859106262939774,525050.2962099081,551598.6695430477
postgres,metadata,tmpfs,64,read_queries_per_s,5,210798.8345928668,4866.635618970896,208779.03171254293,206149.97025128957,217295.44041378258,2.308663436574605,204756.10835241454,216841.56083331906
postgres,metadata,tmpfs,64,completion_wall_s,5,1.8582095154095442,0.03738271362375824,1.844290285021998,1.8192420559935272,1.9171273200772703,2.0117598857262977,1.8117927457477623,1.904626285071326
postgres,metadata,tmpfs,64,workload_wall_s,5,1.68872099542059,0.037856162870915575,1.6819851130712777,1.6461256380425766,1.7486502210376784,2.2417061772532283,1.641716360873636,1.7357256299675439
postgres,metadata,tmpfs,64,read_wall_s,5,0.3037354096304625,0.006953474941121003,0.30654419399797916,0.2945298800477758,0.3104535980382934,2.2893198226643703,0.29510153013366053,0.3123692891272645
postgres,metadata,tmpfs,64,transaction_latency_mean_ms,5,101.14842568000313,3.8606293588288434,101.0466195406625,95.87365867441986,106.7321295303991,3.8167962900801564,96.35482119473687,105.94203016526939
postgres,metadata,tmpfs,64,transaction_latency_p50_ms,5,103.91601357841864,3.3697857416614885,103.957075974904,99.13960448466241,108.66194550180808,3.2427973568467685,99.7318719413372,108.10015521550008
postgres,metadata,tmpfs,64,transaction_latency_p95_ms,5,134.48352442588657,5.121202309107242,136.57415896304883,127.95522571541369,139.16581193916497,3.8080518271437183,128.12471189115013,140.84233696062302
postgres,metadata,tmpfs,64,transaction_latency_p99_ms,5,140.37876734603196,6.552652279369628,143.9877831772901,131.9391101715155,146.19032202288508,4.667837168862881,132.24257491799085,148.51495977407308
postgres,metadata,tmpfs,64,read_latency_mean_ms,5,0.24995963208384636,0.0034690553524080437,0.24893180942126492,0.2459688940707565,0.25468616481884965,1.3878462388056265,0.24565223094498523,0.2542670332227075
postgres,metadata,tmpfs,64,read_latency_p50_ms,5,0.24088029749691486,0.004257394069397567,0.2407970605418086,0.2360380021855235,0.24673901498317719,1.7674314228427481,0.2355940445547777,0.24616655043905203
postgres,metadata,tmpfs,64,read_latency_p95_ms,5,0.3204112034291029,0.013885176276075476,0.3215730423107743,0.3063339972868562,0.34094101283699274,4.333548929461149,0.30317047993838697,0.3376519269198188
postgres,metadata,tmpfs,64,read_latency_p99_ms,5,0.43849356635473685,0.027984548813092272,0.4292635794263334,0.412390590645373,0.4858423001132906,6.3819747791813795,0.4037461595875443,0.4732409731219294
postgres,metadata,tmpfs,64,write_worker_cpu_s,5,13.559165199999999,0.18474784856311863,13.573988000000002,13.282674999999994,13.764286,1.362531142869464,13.329770447693573,13.788559952306425
postgres,metadata,tmpfs,64,write_worker_cpu_core_equivalents,5,8.030920884174922,0.11573494559844792,8.069052989050427,7.871377496999967,8.176271664854044,1.4411167444882416,7.8872169688912575,8.174624799458586
postgres,metadata,tmpfs,64,write_worker_peak_rss_max_kib,5,34330.4,915.8934435839138,34740.0,32692.0,34740.0,2.667878741826235,33193.16808491098,35467.63191508902
postgres,metadata,tmpfs,64,write_worker_major_faults,5,5.2,1.7888543819998317,5.0,3.0,7.0,34.40104580768907,2.978843915841766,7.421156084158234
postgres,metadata,tmpfs,64,write_worker_voluntary_switches,5,5997.0,2.449489742783178,5997.0,5993.0,5999.0,0.04084525167222241,5993.958556772417,6000.041443227583
postgres,metadata,tmpfs,64,write_worker_involuntary_switches,5,127.0,42.59107887809371,129.0,75.0,185.0,33.53628258117615,74.11619071241428,179.88380928758573
postgres,metadata,tmpfs,64,read_worker_cpu_s,5,10.4859846,0.18744188586145688,10.374927,10.312676000000002,10.721613999999997,1.7875468352438444,10.25324475857041,10.71872444142959
postgres,metadata,tmpfs,64,read_worker_cpu_core_equivalents,5,34.53008102380468,0.56933704956161,34.535318861653266,33.64172671320595,35.196344079991036,1.6488146933947678,33.823155706520474,35.23700634108888
postgres,metadata,tmpfs,64,read_worker_peak_rss_max_kib,5,34330.4,915.8934435839138,34740.0,32692.0,34740.0,2.667878741826235,33193.16808491098,35467.63191508902
postgres,metadata,tmpfs,64,read_worker_major_faults,5,5.4,1.816590212458495,6.0,3.0,7.0,33.64055948997213,3.14440533370096,7.655594666299041
postgres,metadata,tmpfs,64,read_worker_voluntary_switches,5,62832.4,2853.669619980561,64123.0,57728.0,64132.0,4.54171672573475,59289.10117010232,66375.69882989768
postgres,metadata,tmpfs,64,read_worker_involuntary_switches,5,1382.2,2854.531958132541,119.0,65.0,6488.0,206.52090566723635,-2162.169564135271,4926.56956413527
postgres,metadata,lustre,1,completion_throughput_records_s,5,73653.6304873697,442.84522936623137,73826.05693444822,72917.87682287149,74065.1341817607,0.6012537690754722,73103.76550928935,74203.49546545003
postgres,metadata,lustre,1,read_queries_per_s,5,6075.962263003739,56.183036937879606,6047.725854588611,6025.259992896689,6153.361447017109,0.9246771870190108,6006.201808728222,6145.722717279256
postgres,metadata,lustre,1,completion_wall_s,5,13.577458081371152,0.08208493461916916,13.545352975954302,13.501629492035136,13.714058109908365,0.6045677631794214,13.47553617325962,13.679379989482683
postgres,metadata,lustre,1,workload_wall_s,5,13.138713147793897,0.08074814861737999,13.107957223895937,13.06259425508324,13.274049846921116,0.6145818674101907,13.03845107873409,13.238975216853705
postgres,metadata,lustre,1,read_wall_s,5,10.534028563206084,0.09700586338803895,10.582490268046968,10.400819219066761,10.621948276995681,0.920880960270671,10.413579875022483,10.654477251389684
postgres,metadata,lustre,1,transaction_latency_mean_ms,5,12.264413484372199,0.08062524865931901,12.247704452718608,12.191000479273498,12.401951335836202,0.6573918007742882,12.164304015765696,12.364522952978701
postgres,metadata,lustre,1,transaction_latency_p50_ms,5,11.641822603996843,0.13393133089319129,11.59086701227352,11.50888204574585,11.809126008301973,1.150432672348145,11.475524892195251,11.808120315798435
postgres,metadata,lustre,1,transaction_latency_p95_ms,5,13.06483915541321,0.4663315054729172,12.822027184301986,12.595581181813031,13.721249188529326,3.5693627753518884,12.485812113839328,13.643866196987092
postgres,metadata,lustre,1,transaction_latency_p99_ms,5,40.90600456716493,1.3346666438568526,41.19363315985538,39.46230612462386,42.55956795765087,3.2627646184936467,39.24879704588443,42.563212088445425
postgres,metadata,lustre,1,read_latency_mean_ms,5,0.14872865037541488,0.0013669769329488412,0.14929531609232072,0.14694727415189845,0.15007555012743978,0.919108006089192,0.14703132433139732,0.15042597641943245
postgres,metadata,lustre,1,read_latency_p50_ms,5,0.14793302398175,0.0012511616871881078,0.14847808051854372,0.1463040243834257,0.14909892342984676,0.8457622601850276,0.14637950155883667,0.14948654640466336
postgres,metadata,lustre,1,read_latency_p95_ms,5,0.15456611872650683,0.0019152592720331218,0.15529110096395016,0.1523359736893326,0.15670398715883493,1.2391197293515726,0.15218801024119735,0.1569442272118163
postgres,metadata,lustre,1,read_latency_p99_ms,5,0.16244719782844189,0.004010542088778051,0.16263519879430535,0.1580669777467847,0.16778560471721005,2.4688281130053875,0.15746745210352525,0.16742694355335852
postgres,metadata,lustre,1,write_worker_cpu_s,5,10.704601599999998,0.10099783524066182,10.648266,10.620572,10.830600999999998,0.9434992446674693,10.579196224085154,10.830006975914843
postgres,metadata,lustre,1,write_worker_cpu_core_equivalents,5,0.8147350398638686,0.005405586533650727,0.8134059405016008,0.810238530580386,0.824115649859854,0.6634778509776539,0.8080231176758594,0.8214469620518778
postgres,metadata,lustre,1,write_worker_peak_rss_max_kib,5,34874.4,198.18375311816052,34740.0,34740.0,35180.0,0.5682786029814435,34628.32236872428,35120.477631275724
postgres,metadata,lustre,1,write_worker_major_faults,5,0.0,0.0,0.0,0.0,0.0,,0.0,0.0
postgres,metadata,lustre,1,write_worker_voluntary_switches,5,3230.0,43.749285708454714,3239.0,3184.0,3293.0,1.3544670497973597,3175.678086988681,3284.321913011319
postgres,metadata,lustre,1,write_worker_involuntary_switches,5,5727.8,1068.1892154482744,6342.0,4522.0,6642.0,18.649205898395095,4401.467907908354,7054.132092091646
postgres,metadata,lustre,1,read_worker_cpu_s,5,6.2236298,0.05156397108156034,6.223953999999999,6.145933,6.277675,0.8285192522466607,6.1596046735036065,6.287654926496394
postgres,metadata,lustre,1,read_worker_cpu_core_equivalents,5,0.5908195094666414,0.0023493058032727455,0.5910097504048082,0.5870277574808791,0.593437928860165,0.3976351094759153,0.5879024610299465,0.5937365579033363
postgres,metadata,lustre,1,read_worker_peak_rss_max_kib,5,34703.2,301.22948062897166,34740.0,34228.0,35068.0,0.868016438337017,34329.17419870538,35077.22580129461
postgres,metadata,lustre,1,read_worker_major_faults,5,0.0,0.0,0.0,0.0,0.0,,0.0,0.0
postgres,metadata,lustre,1,read_worker_voluntary_switches,5,64002.6,0.5477225575051661,64003.0,64002.0,64003.0,0.000855781729969042,64001.91991261934,64003.280087380655
postgres,metadata,lustre,1,read_worker_involuntary_switches,5,13.0,4.123105625617661,13.0,8.0,18.0,31.716197120135853,7.880488183879144,18.119511816120855
postgres,metadata,tmpfs,1,completion_throughput_records_s,5,104907.79520906927,600.9663630994253,105286.51662914545,104235.0688794617,105416.10753457715,0.5728519619555132,104161.59691187726,105653.99350626128
postgres,metadata,tmpfs,1,read_queries_per_s,5,6510.877110675834,45.92362767259934,6505.524248254378,6442.190317968388,6561.329420619378,0.7053370366536136,6453.855395527853,6567.898825823815
postgres,metadata,tmpfs,1,completion_wall_s,5,9.532430875767023,0.0547163917751472,9.497892341925763,9.486216322984546,9.593700188910589,0.5740025024912071,9.46449150198821,9.600370249545836
postgres,metadata,tmpfs,1,workload_wall_s,5,9.43023328196723,0.049145858366298985,9.398461313918233,9.388709889026359,9.485341341933236,0.5211520955719849,9.369210638972975,9.491255924961484
postgres,metadata,tmpfs,1,read_wall_s,5,9.830097210383974,0.06954393093142151,9.837792859994806,9.754120833938941,9.934509358019568,0.707459239141187,9.743747015052858,9.91644740571509
postgres,metadata,tmpfs,1,transaction_latency_mean_ms,5,8.645154751301742,0.04212069253789164,8.61972878256347,8.607529730536044,8.693909336579964,0.4872173344444682,8.592855003798032,8.697454498805453
postgres,metadata,tmpfs,1,transaction_latency_p50_ms,5,8.482298324815929,0.015964571259537454,8.489747997373343,8.461682067718357,8.496020978782326,0.18821044306861132,8.462475691436202,8.502120958195656
postgres,metadata,tmpfs,1,transaction_latency_p95_ms,5,9.132044981233776,0.17254934972373984,9.104878042126074,8.91570181120187,9.347783448174596,1.889492989558487,8.917796665768337,9.346293296699214
postgres,metadata,tmpfs,1,transaction_latency_p99_ms,5,13.59151379368268,0.17349345330036664,13.529311685124412,13.47907465766184,13.89680581400171,1.276483664247953,13.376093218795567,13.806934368569792
postgres,metadata,tmpfs,1,read_latency_mean_ms,5,0.13778736505410052,0.0010087424243263963,0.1378962027210946,0.13661679582946817,0.139240516053178,0.7321008163051277,0.13653484590235365,0.1390398842058474
postgres,metadata,tmpfs,1,read_latency_p50_ms,5,0.13712956570088863,0.000942832250041161,0.13727694749832153,0.13604306150227785,0.13849791139364243,0.6875484839627485,0.1359588848396671,0.13830024656211018
postgres,metadata,tmpfs,1,read_latency_p95_ms,5,0.14286497724242508,0.0011143434509820677,0.14262693584896624,0.14158396515995264,0.14446000568568707,0.7799976400732265,0.14148133709770652,0.14424861738714365
postgres,metadata,tmpfs,1,read_latency_p99_ms,5,0.14918933017179373,0.0021027203812014473,0.14833720051683488,0.1477061142213643,0.15279614133760336,1.4094308076724613,0.1465784579761666,0.15180020236742087
postgres,metadata,tmpfs,1,write_worker_cpu_s,5,9.2363056,0.04466477787138276,9.208836,9.194467,9.287970999999999,0.4835783895173711,9.180846953329336,9.291764246670663
postgres,metadata,tmpfs,1,write_worker_cpu_core_equivalents,5,0.9794371557406718,0.0005916056368174911,0.9794869708083003,0.9785125980620012,0.9800514043804378,0.060402613210043685,0.9787025803203011,0.9801717311610425
postgres,metadata,tmpfs,1,write_worker_peak_rss_max_kib,5,34330.4,915.8934435839138,34740.0,32692.0,34740.0,2.667878741826235,33193.16808491098,35467.63191508902
postgres,metadata,tmpfs,1,write_worker_major_faults,5,0.0,0.0,0.0,0.0,0.0,,0.0,0.0
postgres,metadata,tmpfs,1,write_worker_voluntary_switches,5,2993.8,3.1937438845342627,2993.0,2990.0,2998.0,0.10667859858822441,2989.8344431990904,2997.76555680091
postgres,metadata,tmpfs,1,write_worker_involuntary_switches,5,57.2,31.05962008782464,54.0,15.0,88.0,54.30003511857455,18.63438793906171,95.7656120609383
postgres,metadata,tmpfs,1,read_worker_cpu_s,5,6.2018892,0.03728378522494747,6.197,6.159574,6.2558750000000005,0.601168192829815,6.1555952661694215,6.248183133830579
postgres,metadata,tmpfs,1,read_worker_cpu_core_equivalents,5,0.6309173870545001,0.002992453271590591,0.6297115211784451,0.6280264372229587,0.6358013103494023,0.4743019186016023,0.6272017655608589,0.6346330085481412
postgres,metadata,tmpfs,1,read_worker_peak_rss_max_kib,5,35168.0,1107.8844705112533,34740.0,34224.0,37076.0,3.150262939351835,33792.379738797135,36543.620261202865
postgres,metadata,tmpfs,1,read_worker_major_faults,5,0.0,0.0,0.0,0.0,0.0,,0.0,0.0
postgres,metadata,tmpfs,1,read_worker_voluntary_switches,5,64002.4,0.8944271909999159,64003.0,64001.0,64003.0,0.0013974900800593664,64001.289421957925,64003.51057804208
postgres,metadata,tmpfs,1,read_worker_involuntary_switches,5,10.4,5.128352561983234,7.0,6.0,16.0,49.311082326761856,4.032309253689381,16.76769074631062
postgres,metadata,tmpfs,16,completion_throughput_records_s,5,557445.3942884217,12798.248582584147,548517.1083565946,547824.2336034216,574033.6647899275,2.295874845090629,541554.2697833646,573336.5187934788
postgres,metadata,tmpfs,16,read_queries_per_s,5,71147.80372586173,6081.536992450738,71114.3222429461,63941.45066790903,80645.23932394567,8.547750842574697,63596.57818859125,78699.02926313221
postgres,metadata,tmpfs,16,completion_wall_s,5,1.7946471561910584,0.04080628226313604,1.823097191983834,1.7420581079786643,1.825403000926599,2.273777445464149,1.7439794646043816,1.8453148477777352
postgres,metadata,tmpfs,16,workload_wall_s,5,1.6732066011987627,0.03677783464790382,1.6953382429201156,1.625234905979596,1.7024778400082141,2.198045036491876,1.6275408879845696,1.7188723144129558
postgres,metadata,tmpfs,16,read_wall_s,5,0.9046314084203914,0.07477428599391653,0.8999593609478325,0.7935992320999503,1.0009156710002571,8.265718534411992,0.8117868695103533,0.9974759473304294
postgres,metadata,tmpfs,16,transaction_latency_mean_ms,5,24.24186641466804,0.8672581768124541,24.466647541034035,23.014905032119714,25.08249069948215,3.577522299552405,23.16502315937218,25.318709669963898
postgres,metadata,tmpfs,16,transaction_latency_p50_ms,5,24.396444798912853,0.9595029867578867,24.48565448867157,23.347690468654037,25.72033746400848,3.932962342122258,23.205064484086602,25.587825113739104
postgres,metadata,tmpfs,16,transaction_latency_p95_ms,5,30.93014294281602,1.1625639849925105,30.93185173929669,29.70800440525636,32.48021933832206,3.7586764055435222,29.486629097042517,32.37365678858952
postgres,metadata,tmpfs,16,transaction_latency_p99_ms,5,34.71251447428949,0.9460545059536652,34.560208374168724,33.654246614314616,36.00429148878902,2.725398952744778,33.537832653908374,35.88719629467061
postgres,metadata,tmpfs,16,read_latency_mean_ms,5,0.1782988276481774,0.00633032032330825,0.17811824461932702,0.17131736621740856,0.18676265699104988,3.550399296959685,0.17043869680562793,0.18615895849072686
postgres,metadata,tmpfs,16,read_latency_p50_ms,5,0.16469741240143776,0.0028877209547690918,0.16476900782436132,0.16154407057911158,0.16922346549108624,1.7533493165821485,0.16111183325504239,0.16828299154783313
postgres,metadata,tmpfs,16,read_latency_p95_ms,5,0.23231078521348542,0.015272570482606723,0.23022646782919767,0.21681003272533417,0.2575199585407973,6.574197779311782,0.21334738428520317,0.25127418614176766
postgres,metadata,tmpfs,16,read_latency_p99_ms,5,0.2688857023604214,0.014525700504536766,0.2743921615183354,0.24538644589483746,0.2830891008488834,5.402184042149678,0.25084966299524786,0.286921741725595
postgres,metadata,tmpfs,16,write_worker_cpu_s,5,11.953418,0.4535471600164638,11.793042,11.399505,12.463365,3.794288462232843,11.390264819919995,12.516571180080003
postgres,metadata,tmpfs,16,write_worker_cpu_core_equivalents,5,7.1473849603168675,0.328471444327342,7.218678947169554,6.695831647327051,7.539723764792559,4.595687040100044,6.739533793457615,7.55523612717612
postgres,metadata,tmpfs,16,write_worker_peak_rss_max_kib,5,34936.8,318.46381270090956,34740.0,34740.0,35472.0,0.9115425931994616,34541.374949038574,35332.22505096143
postgres,metadata,tmpfs,16,write_worker_major_faults,5,1.2,1.6431676725154982,1.0,0.0,4.0,136.93063937629154,-0.8402621419747669,3.2402621419747666
postgres,metadata,tmpfs,16,write_worker_voluntary_switches,5,5300.8,138.96654273601254,5264.0,5136.0,5504.0,2.6216145249021383,5128.250246929849,5473.349753070152
postgres,metadata,tmpfs,16,write_worker_involuntary_switches,5,300.6,209.90069080400855,210.0,113.0,647.0,69.82724244976997,39.973869030562696,561.2261309694373
postgres,metadata,tmpfs,16,read_worker_cpu_s,5,7.554597599999999,0.2826123505577907,7.540028,7.282225000000001,7.940880999999998,3.7409318870642525,7.203688018864649,7.9055071811353494
postgres,metadata,tmpfs,16,read_worker_cpu_core_equivalents,5,8.381793687062242,0.5102771127644051,8.112323281976382,7.933616417519312,9.188140190994593,6.087922607210505,7.748200967035317,9.015386407089165
postgres,metadata,tmpfs,16,read_worker_peak_rss_max_kib,5,34873.6,298.7386817939719,34740.0,34740.0,35408.0,0.8566327588604903,34502.66693394558,35244.53306605442
postgres,metadata,tmpfs,16,read_worker_major_faults,5,3.0,0.7071067811865476,3.0,2.0,4.0,23.570226039551585,2.1220109669149174,3.8779890330850826
postgres,metadata,tmpfs,16,read_worker_voluntary_switches,5,64033.6,1.140175425099138,64034.0,64032.0,64035.0,0.0017805892923389254,64032.18428522302,64035.01571477698
postgres,metadata,tmpfs,16,read_worker_involuntary_switches,5,50.0,27.820855486487112,47.0,19.0,95.0,55.641710972974224,15.455845343199286,84.54415465680071
postgres,telemetry,lustre,16,completion_throughput_records_s,5,207918.81611910308,8385.438678351657,204231.37192935194,200498.33636897008,221726.30940919588,4.033035025338057,197506.91880304847,218330.7134351577
postgres,telemetry,lustre,16,read_queries_per_s,5,40816.587601185005,3208.2266143743286,41614.61818699976,36650.129553631195,44174.44517511137,7.860104930185751,36833.04811603725,44800.12708633276
postgres,telemetry,lustre,16,completion_wall_s,5,4.815623172582127,0.18769305777804146,4.8964073959505185,4.5100646949140355,4.98757255601231,3.8975860662577726,4.582571460026354,5.0486748851379
postgres,telemetry,lustre,16,workload_wall_s,5,4.280276363971643,0.19409664304974045,4.374342162976973,3.958585210959427,4.437107939971611,4.534675486926721,4.039273550124573,4.5212791778187125
postgres,telemetry,lustre,16,read_wall_s,5,1.5759547563502565,0.12678994240814775,1.5379211149411276,1.4488014449598268,1.746242121909745,8.045278070150934,1.4185242495277308,1.7333852631727822
postgres,telemetry,lustre,16,transaction_latency_mean_ms,5,64.8533698218409,2.991267907191335,66.38317236676812,59.80421979422681,67.03345390583854,4.612355403286932,61.1392201524991,68.5675194911827
postgres,telemetry,lustre,16,transaction_latency_p50_ms,5,63.4971238207072,3.0193288897703177,64.86488605150953,58.23719303589314,65.62899798154831,4.755064021948152,59.74813183954286,67.24611580187155
postgres,telemetry,lustre,16,transaction_latency_p95_ms,5,89.46254312060773,3.7430402296340466,89.40169056877494,84.30086461012252,94.7071058617439,4.183918877186306,84.81494482364279,94.11014141757268
postgres,telemetry,lustre,16,transaction_latency_p99_ms,5,100.21834514313377,10.276167274393291,96.40131310326979,91.08193987165578,117.78262664796782,10.253778646730469,87.45879819899992,112.97789208726763
postgres,telemetry,lustre,16,read_latency_mean_ms,5,0.2630170215288672,0.02997516254812582,0.24555067949404474,0.23983345226588426,0.3087028108911909,11.396662609091223,0.22579794135255354,0.30023610170518084
postgres,telemetry,lustre,16,read_latency_p50_ms,5,0.24517221609130502,0.03995510003129536,0.21914404351264238,0.21652900613844395,0.30417804373428226,16.296748737799724,0.19556140683781548,0.29478302534479456
postgres,telemetry,lustre,16,read_latency_p95_ms,5,0.36109713721089065,0.0275640772195405,0.3531544760335237,0.3309299936518073,0.4005345632322133,7.633424466459373,0.3268718148836787,0.3953224595381026
postgres,telemetry,lustre,16,read_latency_p99_ms,5,0.4396050763316454,0.031038691943345104,0.4311430803500116,0.4022988420911135,0.4834655160084368,7.0605854241612525,0.4010654499942566,0.47814470266903425
postgres,telemetry,lustre,16,write_worker_cpu_s,5,16.216583399999998,0.2599957848558332,16.146608999999998,15.925652999999997,16.548027,1.6032710370782124,15.893755994259777,16.539410805740218
postgres,telemetry,lustre,16,write_worker_cpu_core_equivalents,5,3.796590424780544,0.2242980376843337,3.70041730382269,3.6406966823010807,4.180288188362458,5.907880824339879,3.5180876265201557,4.075093223040932
postgres,telemetry,lustre,16,write_worker_peak_rss_max_kib,5,39709.6,915.8934435839138,39300.0,39300.0,41348.0,2.306478643914605,38572.36808491098,40846.83191508902
postgres,telemetry,lustre,16,write_worker_major_faults,5,1.2,0.8366600265340756,1.0,0.0,2.0,69.72166887783963,0.16114936631643229,2.2388506336835676
postgres,telemetry,lustre,16,write_worker_voluntary_switches,5,5938.8,25.410627697874762,5950.0,5897.0,5962.0,0.4278747844324571,5907.24853841579,5970.3514615842105
postgres,telemetry,lustre,16,write_worker_involuntary_switches,5,18049.8,3191.949983943984,17633.0,15242.0,22945.0,17.684129375084403,14086.470620869672,22013.129379130325
postgres,telemetry,lustre,16,read_worker_cpu_s,5,14.848532,2.104627811567286,13.830278999999999,13.017859999999999,18.097588000000002,14.173979027470768,12.235291416758525,17.461772583241476
postgres,telemetry,lustre,16,read_worker_cpu_core_equivalents,5,9.389798640656739,0.6135957735018943,9.348635763510709,8.770301590219296,10.363733512628771,6.534706408347201,8.627918859249446,10.151678422064032
postgres,telemetry,lustre,16,read_worker_peak_rss_max_kib,5,39709.6,915.8934435839138,39300.0,39300.0,41348.0,2.306478643914605,38572.36808491098,40846.83191508902
postgres,telemetry,lustre,16,read_worker_major_faults,5,4.2,1.0954451150103321,5.0,3.0,5.0,26.08202654786505,2.8398252386834892,5.560174761316511
postgres,telemetry,lustre,16,read_worker_voluntary_switches,5,114951.0,7571.020604911863,117691.0,102960.0,121160.0,6.586302515777908,105550.33628522206,124351.66371477794
postgres,telemetry,lustre,16,read_worker_involuntary_switches,5,901.6,1300.0139614634913,414.0,221.0,3221.0,144.18965854741472,-712.5805331114728,2515.780533111473
postgres,telemetry,lustre,64,completion_throughput_records_s,5,210095.0290890058,9479.495416679189,208847.2662085658,200840.0825761087,224033.16352858607,4.5120036669993,198324.68090897767,221865.37726903395
postgres,telemetry,lustre,64,read_queries_per_s,5,127799.6345765726,10857.922403333594,131754.4644178825,108539.01496821274,135024.40059097018,8.496051212750492,114317.74323306319,141281.525920082
postgres,telemetry,lustre,64,completion_wall_s,5,4.767368650995195,0.21114960968217025,4.7881881250068545,4.463624868076295,4.979085783939809,4.429059826076015,4.505191782418067,5.029545519572323
postgres,telemetry,lustre,64,workload_wall_s,5,4.221283463994041,0.20949865942187682,4.231268801027909,3.9155369830550626,4.432710174936801,4.962913796451281,3.9611565209179447,4.481410407070137
postgres,telemetry,lustre,64,read_wall_s,5,0.5040532285813242,0.04811503956101612,0.4857520409859717,0.47398840298410505,0.5896497219800949,9.54562669828296,0.4443105161862606,0.5637959409763877
postgres,telemetry,lustre,64,transaction_latency_mean_ms,5,257.5366705427179,15.143830386427954,256.05073353124317,237.64522067282815,273.8479042079998,5.880261771853585,238.7331215569861,276.34021952844967
postgres,telemetry,lustre,64,transaction_latency_p50_ms,5,251.94696498801932,9.92204512138081,252.84887349698693,238.0595764843747,263.06286751059815,3.9381483011127467,239.62711877224746,264.2668112037912
postgres,telemetry,lustre,64,transaction_latency_p95_ms,5,358.36649972479785,29.70010755709202,349.51438560965454,326.75839981529856,393.1495376687962,8.2876350272416,321.4889454283771,395.2440540212186
postgres,telemetry,lustre,64,transaction_latency_p99_ms,5,501.76574335969053,81.54273444888705,464.26980230840854,410.7459163549356,610.1327247335576,16.251156147667334,400.51706567941767,603.0144210399634
postgres,telemetry,lustre,64,read_latency_mean_ms,5,0.3413473486372823,0.01844036985991577,0.3326929073755309,0.331651608194079,0.37415992458227265,5.402230289332235,0.3184506052686631,0.36424409200590147
postgres,telemetry,lustre,64,read_latency_p50_ms,5,0.3316782065667212,0.02790721691483585,0.3180094645358622,0.3173940349370241,0.38136704824864864,8.413943503768303,0.2970268200335064,0.366329593099936
postgres,telemetry,lustre,64,read_latency_p95_ms,5,0.47279773745685827,0.013030213642001718,0.46976248850114666,0.4623560409527273,0.4952289862558246,2.755980540873611,0.4566185902886812,0.48897688462503536
postgres,telemetry,lustre,64,read_latency_p99_ms,5,0.68952646595426,0.013558825712339127,0.6952209561131907,0.6719428405631339,0.702703073620797,1.966396705828338,0.6726909602093291,0.706361971699191
postgres,telemetry,lustre,64,write_worker_cpu_s,5,15.903209399999998,0.09664559978757294,15.945411999999994,15.773500000000002,16.000859,0.6077112949765533,15.783208038158959,16.023210761841035
postgres,telemetry,lustre,64,write_worker_cpu_core_equivalents,5,3.7750780956237535,0.19602295578236012,3.7278416337359896,3.597215105593348,4.086504372004545,5.192553658945469,3.5316834486073088,4.018472742640198
postgres,telemetry,lustre,64,write_worker_peak_rss_max_kib,5,40119.2,1121.7357977705801,39300.0,39300.0,41348.0,2.796007392397107,38726.381044411886,41512.01895558811
postgres,telemetry,lustre,64,write_worker_major_faults,5,9.2,14.463747785411636,3.0,1.0,35.0,157.21464984143083,-8.759114904245052,27.15911490424505
postgres,telemetry,lustre,64,write_worker_voluntary_switches,5,6381.8,160.42661873891126,6353.0,6193.0,6592.0,2.5138145780016807,6182.604043158332,6580.995956841668
postgres,telemetry,lustre,64,write_worker_involuntary_switches,5,15032.2,3086.1052639208533,14640.0,12042.0,20179.0,20.52996410319749,11200.294199122352,18864.10580087765
postgres,telemetry,lustre,64,read_worker_cpu_s,5,18.057857,1.050604963430119,17.689472000000002,17.455203999999995,19.921247,5.817993593758767,16.75335864057464,19.362355359425358
postgres,telemetry,lustre,64,read_worker_cpu_core_equivalents,5,35.917404246510195,1.2266523458130523,36.373486048280554,33.784883223725984,36.82622589520475,3.4152032184570693,34.394314190401936,37.440494302618454
postgres,telemetry,lustre,64,read_worker_peak_rss_max_kib,5,40119.2,1121.7357977705801,39300.0,39300.0,41348.0,2.796007392397107,38726.381044411886,41512.01895558811
postgres,telemetry,lustre,64,read_worker_major_faults,5,27.2,19.03155274800246,25.0,9.0,57.0,69.96894392647964,3.5692061228894296,50.830793877110565
postgres,telemetry,lustre,64,read_worker_voluntary_switches,5,96775.4,21045.23525171434,105983.0,59203.0,107309.0,21.74647198742071,70644.28905421757,122906.51094578241
postgres,telemetry,lustre,64,read_worker_involuntary_switches,5,5931.4,12136.26766349523,591.0,304.0,27638.0,204.61050786484185,-9137.766630326541,21000.56663032654
postgres,telemetry,tmpfs,64,completion_throughput_records_s,5,264250.6977496011,11331.078293656954,260851.53749397723,257423.1661427483,284280.11753192067,4.288003169018712,250181.3057715391,278320.0897276631
postgres,telemetry,tmpfs,64,read_queries_per_s,5,130127.18497266131,13555.54294542419,135187.537717877,115506.7239138788,145550.86340047058,10.417149151633536,113295.75532122309,146958.61462409954
postgres,telemetry,tmpfs,64,completion_wall_s,5,3.789574087620713,0.15419366999355277,3.833598259021528,3.5176571920746937,3.8846542639657855,4.068891818140001,3.5981173588388065,3.9810308164026194
postgres,telemetry,tmpfs,64,workload_wall_s,5,3.6143823589896784,0.150612604197522,3.6743086309870705,3.348643040051684,3.7097960399696603,4.167035726669009,3.4273721106819024,3.8013926072974544
postgres,telemetry,tmpfs,64,read_wall_s,5,0.496213792799972,0.05270654011480573,0.47341641900129616,0.4397088310215622,0.5540802979376167,10.621740241721211,0.43076997946953527,0.5616576061304088
postgres,telemetry,tmpfs,64,transaction_latency_mean_ms,5,223.54635104751213,9.597259384613166,226.49190065229777,206.66707355505787,230.3099706962239,4.293185435432753,211.62977958821475,235.46292250680952
postgres,telemetry,tmpfs,64,transaction_latency_p50_ms,5,222.97572690295056,8.330025264853708,226.05248750187457,208.2646699855104,228.753621049691,3.7358439775282464,212.63263442745392,233.3188193784472
postgres,telemetry,tmpfs,64,transaction_latency_p95_ms,5,276.8525810306892,12.334977597423112,281.8396724469494,256.3685635395814,286.9018906727433,4.455431678296608,261.53668342931894,292.1684786320594
postgres,telemetry,tmpfs,64,transaction_latency_p99_ms,5,294.60172728728503,10.58911464361978,297.29799244203605,277.8229557129089,306.85841868515126,3.5943830815674938,281.45360486145006,307.74984971312
postgres,telemetry,tmpfs,64,read_latency_mean_ms,5,0.32340590690873794,0.02312244157554772,0.3193915968749934,0.29778391793661285,0.3496228025887831,7.149665816732486,0.2946956036538104,0.35211621016366546
postgres,telemetry,tmpfs,64,read_latency_p50_ms,5,0.3189818118698895,0.02703203541560795,0.30776497442275286,0.2919890102930367,0.352732022292912,8.474475474681338,0.28541710669616,0.352546517043619
postgres,telemetry,tmpfs,64,read_latency_p95_ms,5,0.4369592026341708,0.05735001043171497,0.4088434507139029,0.38169851177372044,0.501422997331247,13.124797483606109,0.36574975938450005,0.5081686458838416
postgres,telemetry,tmpfs,64,read_latency_p99_ms,5,0.585451429942623,0.08421839704523335,0.607867379439995,0.46456903102807723,0.662652550963685,14.385206481345026,0.4808804783451265,0.6900223815401195
postgres,telemetry,tmpfs,64,write_worker_cpu_s,5,15.7315626,0.24467544278962575,15.789438999999998,15.472404000000001,16.032747,1.555315571700587,15.427757911443557,16.035367288556444
postgres,telemetry,tmpfs,64,write_worker_cpu_core_equivalents,5,4.3591688385572,0.2110264453833815,4.321732738744074,4.191792772185987,4.715175314642166,4.840978938848057,4.097144898655742,4.621192778458658
postgres,telemetry,tmpfs,64,write_worker_peak_rss_max_kib,5,40119.2,1121.7357977705801,39300.0,39300.0,41348.0,2.796007392397107,38726.381044411886,41512.01895558811
postgres,telemetry,tmpfs,64,write_worker_major_faults,5,5.6,2.701851217221259,4.0,3.0,9.0,48.247343164665345,2.245208615073344,8.954791384926654
postgres,telemetry,tmpfs,64,write_worker_voluntary_switches,5,6032.8,17.8801565988668,6032.0,6011.0,6053.0,0.2963823862695067,6010.598853268942,6055.001146731059
postgres,telemetry,tmpfs,64,write_worker_involuntary_switches,5,271.6,89.79587963821056,277.0,176.0,412.0,33.06181135427487,160.10368906619553,383.0963109338045
postgres,telemetry,tmpfs,64,read_worker_cpu_s,5,18.829301599999997,0.9044754706086836,19.342778000000003,17.634362999999997,19.618247,4.80355294010843,17.706246970886788,19.952356229113207
postgres,telemetry,tmpfs,64,read_worker_cpu_core_equivalents,5,38.15259590486042,2.6129272420211316,39.042700039408494,35.35092432061055,40.857852038180035,6.848622433285752,34.90821821851693,41.39697359120391
postgres,telemetry,tmpfs,64,read_worker_peak_rss_max_kib,5,40119.2,1121.7357977705801,39300.0,39300.0,41348.0,2.796007392397107,38726.381044411886,41512.01895558811
postgres,telemetry,tmpfs,64,read_worker_major_faults,5,7.6,7.021395872616783,5.0,3.0,20.0,92.38678779758926,-1.1182144721647624,16.31821447216476
postgres,telemetry,tmpfs,64,read_worker_voluntary_switches,5,91694.2,14022.902684537177,92869.0,70077.0,104419.0,15.293118522804253,74282.46658629527,109105.93341370473
postgres,telemetry,tmpfs,64,read_worker_involuntary_switches,5,6205.8,9215.717644329172,694.0,135.0,21377.0,148.50168623431583,-5237.024816574733,17648.624816574735
postgres,telemetry,lustre,1,completion_throughput_records_s,5,60467.424816733306,586.1998777819497,60547.88572757168,59808.10347780364,61294.34275661489,0.9694474000813229,59739.561532740016,61195.2881007266
postgres,telemetry,lustre,1,read_queries_per_s,5,4088.3732823369414,34.29007057298897,4072.7841901796405,4057.1304831249527,4129.663053181536,0.8387216187213838,4045.7965362105947,4130.950028463288
postgres,telemetry,lustre,1,completion_wall_s,5,16.539070815569723,0.15997801810800222,16.51585332804825,16.314719352987595,16.72014228592161,0.9672733123398956,16.340431869981025,16.73770976115842
postgres,telemetry,lustre,1,workload_wall_s,5,16.041177216963842,0.16044064360035312,16.007241014041938,15.815263196011074,16.19661143689882,1.0001799832414056,15.841963845956641,16.240390587971042
postgres,telemetry,lustre,1,read_wall_s,5,15.655026583839208,0.13095747987645115,15.71406610601116,15.4976324159652,15.774695999105461,0.8365203289506993,15.492421395781124,15.817631771897291
postgres,telemetry,lustre,1,transaction_latency_mean_ms,5,14.04429573372472,0.14643388179913058,14.015802887035534,13.866471474175341,14.212403137353249,1.042657350539104,13.862474054577515,14.226117412871925
postgres,telemetry,lustre,1,transaction_latency_p50_ms,5,13.391108671203256,0.05953085679174646,13.374066445976496,13.317906006705016,13.479754445143044,0.44455510184727165,13.31719134954272,13.465025992863792
postgres,telemetry,lustre,1,transaction_latency_p95_ms,5,14.981416141381484,0.6399840604630324,14.841760508716106,14.122100034728646,15.657461568480354,4.271852903780413,14.186770974080275,15.776061308682692
postgres,telemetry,lustre,1,transaction_latency_p99_ms,5,42.56740107666701,0.7124057685436211,42.98381631029769,41.431544587248936,43.0772644712124,1.6735947004622767,41.682832481753714,43.45196967158031
postgres,telemetry,lustre,1,read_latency_mean_ms,5,0.17788691028763423,0.0020754777265196748,0.17917431014393514,0.1753677938686451,0.17962440645533206,1.1667399940578715,0.17530986431554096,0.1804639562597275
postgres,telemetry,lustre,1,read_latency_p50_ms,5,0.17354757292196155,0.0012429752021313038,0.17345498781651258,0.17200293950736523,0.17529894830659032,0.7162158370778412,0.17200421536281507,0.17509093048110802
postgres,telemetry,lustre,1,read_latency_p95_ms,5,0.20647740573622286,0.015574324061071346,0.21703050006181004,0.1852880697697401,0.21849200129508972,7.5428708557912225,0.18713932825323193,0.2258154832192138
postgres,telemetry,lustre,1,read_latency_p99_ms,5,0.22180511546321213,0.012149609996597912,0.22593709407374266,0.20023723132908347,0.2291940455324948,5.477605857387453,0.20671938213821994,0.23689084878820432
postgres,telemetry,lustre,1,write_worker_cpu_s,5,13.614504399999998,0.1403852795427634,13.613717999999999,13.424391,13.816738999999998,1.0311449863923319,13.440193052513978,13.788815747486018
postgres,telemetry,lustre,1,write_worker_cpu_core_equivalents,5,0.8487285838564717,0.004206609755015896,0.8488250137617628,0.8420408215097194,0.8530822742492004,0.4956366304881367,0.8435053879691756,0.8539517797437677
postgres,telemetry,lustre,1,write_worker_peak_rss_max_kib,5,40119.2,1121.7357977705801,39300.0,39300.0,41348.0,2.796007392397107,38726.381044411886,41512.01895558811
postgres,telemetry,lustre,1,write_worker_major_faults,5,0.0,0.0,0.0,0.0,0.0,,0.0,0.0
postgres,telemetry,lustre,1,write_worker_voluntary_switches,5,3029.2,26.252618916976648,3030.0,2990.0,3062.0,0.8666518855465684,2996.6030682322266,3061.796931767773
postgres,telemetry,lustre,1,write_worker_involuntary_switches,5,6962.6,894.4287562461305,6962.0,5888.0,7983.0,12.846189013387677,5852.0200144110095,8073.179985588991
postgres,telemetry,lustre,1,read_worker_cpu_s,5,10.784068,0.10434422627773911,10.834085000000002,10.635378,10.885869,0.9675775994526288,10.654507530810504,10.913628469189495
postgres,telemetry,lustre,1,read_worker_cpu_core_equivalents,5,0.6888515019606232,0.0015994726129066586,0.68945140786035,0.6862582434878085,0.6900842336750773,0.23219410981237715,0.686865494401064,0.6908375095201823
postgres,telemetry,lustre,1,read_worker_peak_rss_max_kib,5,40119.2,1121.7357977705801,39300.0,39300.0,41348.0,2.796007392397107,38726.381044411886,41512.01895558811
postgres,telemetry,lustre,1,read_worker_major_faults,5,0.0,0.0,0.0,0.0,0.0,,0.0,0.0
postgres,telemetry,lustre,1,read_worker_voluntary_switches,5,127744.0,91.80686248859614,127724.0,127657.0,127898.0,0.07186784701324223,127630.00672405987,127857.99327594013
postgres,telemetry,lustre,1,read_worker_involuntary_switches,5,77.6,62.676151764447056,94.0,16.0,165.0,80.76823680985446,-0.22272119186924044,155.42272119186924
postgres,telemetry,tmpfs,1,completion_throughput_records_s,5,82541.90171990471,697.6853186892706,82718.87246382449,81759.26557279586,83315.80070381059,0.8452498720671299,81675.61097761292,83408.1924621965
postgres,telemetry,tmpfs,1,read_queries_per_s,5,4334.881671645364,55.94117897033952,4346.307517838106,4257.843224164138,4385.7351499031265,1.290489180737113,4265.42152370082,4404.341819589908
postgres,telemetry,tmpfs,1,completion_wall_s,5,12.115752185392193,0.10252945130237964,12.0891396390507,12.002525229938328,12.23102963308338,0.846249161698752,11.988445056954442,12.243059313829944
postgres,telemetry,tmpfs,1,workload_wall_s,5,12.013693390390836,0.09297608926338823,11.993164469022304,11.909887762973085,12.114791273023002,0.773917614193111,11.898248327658708,12.129138453122964
postgres,telemetry,tmpfs,1,read_wall_s,5,14.765931596583687,0.1914176872874781,14.725143063929863,14.592764453962445,15.031084196991287,1.2963468375525007,14.528255145659399,15.003608047507976
postgres,telemetry,tmpfs,1,transaction_latency_mean_ms,5,10.268749575712718,0.04322258685024158,10.247223749989644,10.221614821697585,10.324230585247278,0.4209138272538081,10.215081645711537,10.322417505713899
postgres,telemetry,tmpfs,1,transaction_latency_p50_ms,5,10.14066020725295,0.022872663894451035,10.141983046196401,10.113123513292521,10.164507490117103,0.22555399182088479,10.112260043952194,10.169060370553705
postgres,telemetry,tmpfs,1,transaction_latency_p95_ms,5,10.490189268020913,0.09417189987746791,10.484738583909348,10.400424560066313,10.631767043378204,0.897714020895206,10.373259410300612,10.607119125741214
postgres,telemetry,tmpfs,1,transaction_latency_p99_ms,5,15.042337057413533,0.06944627714368033,15.01683077425696,14.966913858661428,15.143297482281923,0.4616721250070255,14.956108115274944,15.128565999552123
postgres,telemetry,tmpfs,1,read_latency_mean_ms,5,0.16383866365831637,0.0026642280799896705,0.16387064957234543,0.161398454423761,0.16813183038539137,1.626129034808223,0.16053058756838964,0.1671467397482431
postgres,telemetry,tmpfs,1,read_latency_p50_ms,5,0.16179282683879137,0.001122670518889247,0.16217399388551712,0.16045104712247849,0.1629350008442998,0.6938938770183327,0.16039884727364184,0.1631868064039409
postgres,telemetry,tmpfs,1,read_latency_p95_ms,5,0.1769040699582547,0.01691460508556376,0.1703089801594615,0.1679949986282736,0.20707992371171713,9.561456155053538,0.15590181377967588,0.1979063261368335
postgres,telemetry,tmpfs,1,read_latency_p99_ms,5,0.1866685978602618,0.01620094258371387,0.17971696914173663,0.1786049793008715,0.21563714253716174,8.67898659411463,0.16655247071709803,0.20678472500342557
postgres,telemetry,tmpfs,1,write_worker_cpu_s,5,11.834936,0.08991898825609569,11.816719,11.732191,11.933032999999998,0.7597758725192573,11.723286829527499,11.946585170472503
postgres,telemetry,tmpfs,1,write_worker_cpu_core_equivalents,5,0.9851213986069798,0.00020739209818267036,0.9850798960905803,0.9848689973116683,0.985373274091193,0.021052440691668572,0.9848638873051544,0.9853789099088052
postgres,telemetry,tmpfs,1,write_worker_peak_rss_max_kib,5,39709.6,915.8934435839138,39300.0,39300.0,41348.0,2.306478643914605,38572.36808491098,40846.83191508902
postgres,telemetry,tmpfs,1,write_worker_major_faults,5,0.0,0.0,0.0,0.0,0.0,,0.0,0.0
postgres,telemetry,tmpfs,1,write_worker_voluntary_switches,5,2993.4,3.7815340802378077,2994.0,2989.0,2997.0,0.12632905993979446,2988.704605274588,2998.095394725412
postgres,telemetry,tmpfs,1,write_worker_involuntary_switches,5,73.6,35.08988458231232,70.0,38.0,111.0,47.67647361727219,30.030153613017454,117.16984638698253
postgres,telemetry,tmpfs,1,read_worker_cpu_s,5,10.693081399999999,0.08875621272226517,10.641528000000001,10.62032,10.828469,0.830034013603087,10.582876006045847,10.80328679395415
postgres,telemetry,tmpfs,1,read_worker_cpu_core_equivalents,5,0.7242209567780691,0.005975358416852464,0.727354764508651,0.7144112732832311,0.7288814980530904,0.8250739447579336,0.7168015693554995,0.7316403442006386
postgres,telemetry,tmpfs,1,read_worker_peak_rss_max_kib,5,39709.6,915.8934435839138,39300.0,39300.0,41348.0,2.306478643914605,38572.36808491098,40846.83191508902
postgres,telemetry,tmpfs,1,read_worker_major_faults,5,0.0,0.0,0.0,0.0,0.0,,0.0,0.0
postgres,telemetry,tmpfs,1,read_worker_voluntary_switches,5,126112.0,2222.0491668727764,126937.0,122258.0,127855.0,1.7619648938029502,123352.9615472554,128871.0384527446
postgres,telemetry,tmpfs,1,read_worker_involuntary_switches,5,19.8,6.260990336999411,22.0,13.0,28.0,31.62116331817884,12.025953705446181,27.57404629455382
postgres,telemetry,tmpfs,16,completion_throughput_records_s,5,289368.0132055638,38474.3079761167,268187.74423080473,257365.30321561437,333187.06265946233,13.29597820778656,241595.8501358158,337140.17627531185
postgres,telemetry,tmpfs,16,read_queries_per_s,5,45707.228348805314,2791.770399175227,44543.452724954244,43109.727638055214,49362.554988688535,6.107940691284987,42240.78755289848,49173.66914471215
postgres,telemetry,tmpfs,16,completion_wall_s,5,3.5032555382233115,0.44625349731422126,3.7287311650579795,3.0013170139864087,3.8855276430258527,12.738251390606244,2.9491586365357225,4.0573524399109
postgres,telemetry,tmpfs,16,workload_wall_s,5,3.3694648292148486,0.44067602427506114,3.579194285091944,2.879325937014073,3.760358400992118,13.078516815317148,2.8222932750009373,3.91663638342876
postgres,telemetry,tmpfs,16,read_wall_s,5,1.4043202942004427,0.0840216352753349,1.436799261951819,1.2965293229790404,1.4845837240573019,5.983082037789184,1.299993654608852,1.5086469337920334
postgres,telemetry,tmpfs,16,transaction_latency_mean_ms,5,49.92146193331573,6.918252645981701,53.04451004834846,42.303099547862075,55.898077818681486,13.858273331864737,41.331316692322325,58.51160717430914
postgres,telemetry,tmpfs,16,transaction_latency_p50_ms,5,50.975102907978,7.0079301632970585,54.41132799023762,42.96725749736652,56.96481198538095,13.747750889189993,42.27360832228582,59.67659749367018
postgres,telemetry,tmpfs,16,transaction_latency_p95_ms,5,60.988131531048566,7.411306762763084,65.45144788688049,51.16266858531162,67.07338663982227,12.15204758156929,51.785778744081554,70.19048431801558
postgres,telemetry,tmpfs,16,transaction_latency_p99_ms,5,64.22124617011286,7.723587297988471,68.88990318402648,53.820346342399716,70.40583880851045,12.026529783507776,54.63114588521669,73.81134645500903
postgres,telemetry,tmpfs,16,read_latency_mean_ms,5,0.23186219741037348,0.013203548265991029,0.2364847782864672,0.21313486456529063,0.24406267710583052,5.69456703742958,0.21546782687994667,0.24825656794080028
postgres,telemetry,tmpfs,16,read_latency_p50_ms,5,0.21661920472979546,0.01903795842534581,0.2129569766111672,0.19360502483323216,0.2361620427109301,8.788675246542988,0.19298045715374354,0.24025795230584737
postgres,telemetry,tmpfs,16,read_latency_p95_ms,5,0.318448303733021,0.028839535612798086,0.3366315795574338,0.28194548794999724,0.34122094511985784,9.056269188664425,0.28263929063769433,0.3542573168283477
postgres,telemetry,tmpfs,16,read_latency_p99_ms,5,0.3656616967637093,0.029914320475070654,0.3625712799839676,0.33750373520888405,0.41498408303596124,8.180873397412828,0.32851816199908435,0.40280523152833425
postgres,telemetry,tmpfs,16,write_worker_cpu_s,5,15.617658599999999,0.34574264367416524,15.652574000000001,15.242811999999999,16.104587000000002,2.2137930693027523,15.188362406705995,16.046954793294002
postgres,telemetry,tmpfs,16,write_worker_cpu_core_equivalents,5,4.71102617662238,0.7301580325162037,4.284142960293673,4.094591648028631,5.542267410322094,15.498916905609262,3.804415234647717,5.6176371185970435
postgres,telemetry,tmpfs,16,write_worker_peak_rss_max_kib,5,40119.2,1121.7357977705801,39300.0,39300.0,41348.0,2.796007392397107,38726.381044411886,41512.01895558811
postgres,telemetry,tmpfs,16,write_worker_major_faults,5,3.8,2.7748873851023217,5.0,0.0,7.0,73.02335223953479,0.35452223484866296,7.245477765151337
postgres,telemetry,tmpfs,16,write_worker_voluntary_switches,5,5924.8,32.797865784224435,5934.0,5885.0,5959.0,0.5535691632498048,5884.076070837809,5965.523929162191
postgres,telemetry,tmpfs,16,write_worker_involuntary_switches,5,114.6,28.85827437668441,112.0,84.0,162.0,25.181740293790934,78.7677196561848,150.4322803438152
postgres,telemetry,tmpfs,16,read_worker_cpu_s,5,13.9057828,0.8087279368064392,14.013575,13.007307,14.708994999999998,5.815767069268759,12.901614436525836,14.909951163474165
postgres,telemetry,tmpfs,16,read_worker_cpu_core_equivalents,5,9.906656631657018,0.29655993696152977,9.976261487917656,9.439396898210305,10.237334740845128,2.9935420999034488,9.538428834622309,10.274884428691728
postgres,telemetry,tmpfs,16,read_worker_peak_rss_max_kib,5,40119.2,1121.7357977705801,39300.0,39300.0,41348.0,2.796007392397107,38726.381044411886,41512.01895558811
postgres,telemetry,tmpfs,16,read_worker_major_faults,5,4.2,3.1144823004794877,3.0,1.0,8.0,74.15434048760685,0.3328594544517829,8.067140545548217
postgres,telemetry,tmpfs,16,read_worker_voluntary_switches,5,114851.6,2744.1896435924396,115409.0,110313.0,117365.0,2.389335145172065,111444.23851530766,118258.96148469235
postgres,telemetry,tmpfs,16,read_worker_involuntary_switches,5,104.4,58.123145131694315,81.0,65.0,206.0,55.67351066254245,32.23058322760279,176.56941677239723
influx,metadata,lustre,16,completion_throughput_records_s,5,627811.7901898234,8036.359817166606,628420.5148933517,616296.7128989337,638835.5024430401,1.2800587600842532,617833.3315282362,637790.2488514106
influx,metadata,lustre,16,read_queries_per_s,5,96.67232869723495,3.711971236791921,97.28204687758715,90.43630341974313,100.00669384597269,3.8397453405899924,92.06330765014252,101.28134974432737
influx,metadata,lustre,16,completion_wall_s,5,1.5930431589717045,0.020421191688646017,1.5912911439081654,1.5653481939807534,1.6225950570078567,1.281898206814919,1.5676869004514948,1.618399417491914
influx,metadata,lustre,16,workload_wall_s,5,1.5930431589717045,0.020421191688646017,1.5912911439081654,1.5653481939807534,1.6225950570078567,1.281898206814919,1.5676869004514948,1.618399417491914
influx,metadata,lustre,16,read_wall_s,5,10.605476520815865,0.42313930597885774,10.5260943089379,10.239314596052282,11.322886509937234,3.989818893553179,10.08007967835699,11.13087336327474
influx,metadata,lustre,16,transaction_latency_mean_ms,5,23.680469015729614,0.2664400122828876,23.695358070312068,23.307727314182557,24.046302171656862,1.1251466856754668,23.349640044796985,24.011297986662242
influx,metadata,lustre,16,transaction_latency_p50_ms,5,21.829583577346057,0.28989318777602957,21.692437469027936,21.53416397050023,22.251044458243996,1.3279831323803635,21.469633642760037,22.189533511932076
influx,metadata,lustre,16,transaction_latency_p95_ms,5,36.61705282283946,1.1072714376523936,36.46945433574729,35.40249148500151,37.787795544136316,3.0239228782545435,35.24219374246716,37.991911903211765
influx,metadata,lustre,16,transaction_latency_p99_ms,5,142.82541598938406,4.381481341011546,144.37640128890052,136.55839650542475,147.6148541632574,3.0677182423450553,137.38508834944847,148.26574362931964
influx,metadata,lustre,16,read_latency_mean_ms,5,164.31484052143333,6.633467452792168,163.07048916974054,158.50402346563897,175.64215085155865,4.0370470687502475,156.07830280204487,172.55137824082178
influx,metadata,lustre,16,read_latency_p50_ms,5,164.20841881772503,6.608009171079787,162.99837303813547,158.4468680084683,175.47500698128715,4.024159795616096,156.00349173019495,172.4133459052551
influx,metadata,lustre,16,read_latency_p95_ms,5,189.19688971480355,6.565365999196272,189.7544562641997,182.33711402863264,199.36470077373087,3.4701236416163823,181.04491111857044,197.34886831103665
influx,metadata,lustre,16,read_latency_p99_ms,5,293.8324518217705,14.700827854942803,295.79879497992806,271.57625598600134,311.39212506241165,5.003132827499892,275.57896313049696,312.0859405130441
influx,metadata,lustre,16,write_worker_cpu_s,5,4.001487599999999,0.028018640122247186,4.0013939999999995,3.9626519999999994,4.041570999999999,0.7002055965948062,3.9666978632815773,4.036277336718421
influx,metadata,lustre,16,write_worker_cpu_core_equivalents,5,2.512081916526886,0.026939737776519326,2.50824094243378,2.49021181018317,2.5562325464625655,1.0724068191918374,2.478631814008732,2.5455320190450403
influx,metadata,lustre,16,write_worker_peak_rss_max_kib,5,19710.4,78.77055287351993,19756.0,19592.0,19780.0,0.39963954497889403,19612.593440378347,19808.206559621656
influx,metadata,lustre,16,write_worker_major_faults,5,1.2,1.3038404810405297,1.0,0.0,3.0,108.65337342004415,-0.4189317847087033,2.8189317847087034
influx,metadata,lustre,16,write_worker_voluntary_switches,5,1000.6,0.8944271909999159,1000.0,1000.0,1002.0,0.08938908564860243,999.4894219579209,1001.7105780420792
influx,metadata,lustre,16,write_worker_involuntary_switches,5,1737.6,152.78023432368468,1785.0,1493.0,1889.0,8.792600962458833,1547.8982834031456,1927.3017165968542
influx,metadata,lustre,16,read_worker_cpu_s,5,0.9256933999999999,0.006567265854219719,0.927042,0.9181659999999999,0.9321139999999999,0.7094428732255972,0.9175390624221824,0.9338477375778174
influx,metadata,lustre,16,read_worker_cpu_core_equivalents,5,0.08738080695122948,0.003065205912305839,0.0880576027106722,0.08232123488846722,0.09053750534800607,3.507870914967226,0.083574851122838,0.09118676277962096
influx,metadata,lustre,16,read_worker_peak_rss_max_kib,5,18775.2,750.9268939117842,19176.0,17632.0,19400.0,3.999568014784312,17842.80111054676,19707.598889453242
influx,metadata,lustre,16,read_worker_major_faults,5,1.2,0.4472135954999579,1.0,1.0,2.0,37.2677996249965,0.6447109789604414,1.7552890210395584
influx,metadata,lustre,16,read_worker_voluntary_switches,5,1223.4,22.897598127314577,1232.0,1185.0,1243.0,1.871636270011,1194.9688767599757,1251.8311232400245
influx,metadata,lustre,16,read_worker_involuntary_switches,5,24.6,4.9295030175464944,26.0,17.0,30.0,20.038630152628023,18.4792135740757,30.720786425924302
influx,metadata,lustre,64,completion_throughput_records_s,5,757236.0686718044,18664.415528318663,751064.8345616184,734616.9833312717,782235.7025891889,2.464808043422461,734061.1358627758,780411.0014808329
influx,metadata,lustre,64,read_queries_per_s,5,131.64884949050153,3.659997707573792,130.32930235823565,128.55348992785773,137.78431391731814,2.7801213012787183,127.10436210349884,136.1933368775042
influx,metadata,lustre,64,completion_wall_s,5,1.321231458010152,0.03242794109894505,1.3314429780002683,1.2783870599232614,1.361253582057543,2.4543724645932463,1.2809668510117198,1.3614960650085843
influx,metadata,lustre,64,workload_wall_s,5,1.321231458010152,0.03242794109894505,1.3314429780002683,1.2783870599232614,1.361253582057543,2.4543724645932463,1.2809668510117198,1.3614960650085843
influx,metadata,lustre,64,read_wall_s,5,7.782955573219806,0.21080701984011782,7.857020497089252,7.431905496981926,7.9655558209633455,2.708572827596227,7.521204086115706,8.044707060323907
influx,metadata,lustre,64,transaction_latency_mean_ms,5,78.5261549450457,1.9683526715745663,78.66959574550856,75.9856276906794,80.96315319323912,2.5066204667120933,76.08212229698337,80.97018759310804
influx,metadata,lustre,64,transaction_latency_p50_ms,5,66.28044811077416,2.502292883083074,66.61093450384215,62.28356499923393,69.12021298194304,3.7753107506168413,63.173441124888406,69.38745509665992
influx,metadata,lustre,64,transaction_latency_p95_ms,5,246.41513041104176,11.674920871726,244.08936883555725,232.72955600987189,259.6693858562499,4.737907470312891,231.91880148274188,260.91145933934166
influx,metadata,lustre,64,transaction_latency_p99_ms,5,301.8367739052046,5.59009897899262,299.45968212792644,296.743750104215,308.18760816473514,1.8520271425735078,294.89574925659383,308.7777985538154
influx,metadata,lustre,64,read_latency_mean_ms,5,478.09249724668916,12.69374702801634,482.46396066508623,456.70827501851363,488.3345651064701,2.6550818306329833,462.33112855969523,493.8538659336831
influx,metadata,lustre,64,read_latency_p50_ms,5,479.2871471028775,15.121151846262464,483.41190349310637,454.3036309769377,492.64883348951116,3.1549253798405648,460.51175724400105,498.06253696175395
influx,metadata,lustre,64,read_latency_p95_ms,5,572.8609127376694,15.481207558701206,575.3615494177211,550.4254895087798,588.4621012082789,2.7024374005057186,553.6384546633102,592.0833708120286
influx,metadata,lustre,64,read_latency_p99_ms,5,607.391703430796,11.136315964144458,613.5921006638091,593.4373517055064,616.7153667577076,1.8334652747546605,593.564140825496,621.2192660360961
influx,metadata,lustre,64,write_worker_cpu_s,5,4.239566399999999,0.05421362506602931,4.225032000000001,4.181326,4.31982,1.278754003381792,4.172251293543393,4.306881506456605
influx,metadata,lustre,64,write_worker_cpu_core_equivalents,5,3.210410677024119,0.0916190261821361,3.217181423424468,3.0903896639459263,3.3361179361875024,2.8538101632237933,3.0966506306632726,3.3241707233849653
influx,metadata,lustre,64,write_worker_peak_rss_max_kib,5,18679.2,1078.040444510316,18880.0,17160.0,19876.0,5.771341623358153,17340.63599144396,20017.76400855604
influx,metadata,lustre,64,write_worker_major_faults,5,3.4,1.3416407864998738,4.0,2.0,5.0,39.46002313234923,1.7341329368813239,5.0658670631186755
influx,metadata,lustre,64,write_worker_voluntary_switches,5,1000.8,0.44721359549995804,1001.0,1000.0,1001.0,0.044685611061146886,1000.2447109789604,1001.3552890210395
influx,metadata,lustre,64,write_worker_involuntary_switches,5,2253.6,369.33088145997215,2156.0,1759.0,2725.0,16.38848426783689,1795.0151410662904,2712.1848589337096
influx,metadata,lustre,64,read_worker_cpu_s,5,0.9286461999999999,0.010934167695805607,0.9274859999999998,0.9147289999999998,0.9447439999999997,1.1774309414937152,0.9150696376217954,0.9422227623782043
influx,metadata,lustre,64,read_worker_cpu_core_equivalents,5,0.11936879291194953,0.002558228248722654,0.11959563114105198,0.11694927773255342,0.12308135516140085,2.1431298636065543,0.11619233299632274,0.12254525282757632
influx,metadata,lustre,64,read_worker_peak_rss_max_kib,5,18201.6,534.9736442106284,18104.0,17608.0,18820.0,2.939157240081248,17537.342485995792,18865.857514004205
influx,metadata,lustre,64,read_worker_major_faults,5,3.0,1.5811388300841898,3.0,1.0,5.0,52.70462766947299,1.0367568385224428,4.963243161477557
influx,metadata,lustre,64,read_worker_voluntary_switches,5,1578.4,20.378910667648555,1578.0,1552.0,1607.0,1.291111927752696,1553.0962403013702,1603.70375969863
influx,metadata,lustre,64,read_worker_involuntary_switches,5,35.0,13.0,35.0,22.0,54.0,37.142857142857146,18.85836802335107,51.14163197664893
influx,metadata,tmpfs,64,completion_throughput_records_s,5,838380.8440828051,26670.39150935309,841721.5522169721,797377.2151833572,869778.5302344378,3.1811785416603473,805265.179127642,871496.5090379682
influx,metadata,tmpfs,64,read_queries_per_s,5,145.55918371901288,9.824537679211883,140.8560856930117,136.67640477142294,158.92061643604333,6.7495141345235545,133.36040898373912,157.75795845428664
influx,metadata,tmpfs,64,completion_wall_s,5,1.1937576798023657,0.038616063426450846,1.1880413390463218,1.1497179629513994,1.254111581016332,3.234832669963973,1.1458095040933887,1.2417058555113427
influx,metadata,tmpfs,64,workload_wall_s,5,1.1937576798023657,0.038616063426450846,1.1880413390463218,1.1497179629513994,1.254111581016332,3.234832669963973,1.1458095040933887,1.2417058555113427
influx,metadata,tmpfs,64,read_wall_s,5,7.05997205202002,0.4638141126272388,7.269831437966786,6.4434685880551115,7.492149078054354,6.569631001507023,6.484070766511952,7.635873337528089
influx,metadata,tmpfs,64,transaction_latency_mean_ms,5,71.43092133495956,2.010161259871483,71.06001836119685,68.99885200080462,74.32889630435966,2.814133182526479,68.93497646799322,73.9268662019259
influx,metadata,tmpfs,64,transaction_latency_p50_ms,5,67.54727673251182,0.9232484931262797,67.22717505181208,66.67765905149281,68.57004802441224,1.3668182312994746,66.40091231720105,68.69364114782259
influx,metadata,tmpfs,64,transaction_latency_p95_ms,5,135.97836515051307,18.465869398739606,130.46637167572032,113.9908054727129,158.59056686749682,13.580005450352283,113.0499599225655,158.90677037846064
influx,metadata,tmpfs,64,transaction_latency_p99_ms,5,166.2023800215684,20.398802599252026,162.0888024638407,141.00915668648668,190.71466013207097,12.27347201442292,140.8739212276118,191.530838815525
influx,metadata,tmpfs,64,read_latency_mean_ms,5,433.68019177271435,29.037375797057123,447.94620165987453,395.1310455250905,460.6823620738396,6.695573454338261,397.6255276431952,469.7348559022335
influx,metadata,tmpfs,64,read_latency_p50_ms,5,433.9482845040038,30.142662118055803,447.57256348384544,394.81030596653,462.40093652158976,6.9461415552105255,396.5212261419935,471.37534286601414
influx,metadata,tmpfs,64,read_latency_p95_ms,5,530.0127901823726,28.376662305041165,543.9031011250336,486.92251818138175,554.5101831492502,5.353958023404871,494.7785102090171,565.247070155728
influx,metadata,tmpfs,64,read_latency_p99_ms,5,568.4462580084801,27.59519888385831,582.2565259470138,528.8793393259402,596.3779861968942,4.85449565285847,534.1822930311205,602.7102229858397
influx,metadata,tmpfs,64,write_worker_cpu_s,5,4.3250738,0.08225792654632162,4.302237000000001,4.250986999999999,4.466283000000001,1.9018849238207591,4.222937094040543,4.427210505959457
influx,metadata,tmpfs,64,write_worker_cpu_core_equivalents,5,3.6265667630703247,0.15039972897969162,3.628771035409156,3.424521442118851,3.796771915459297,4.147165592295898,3.439820834256638,3.8133126918840112
influx,metadata,tmpfs,64,write_worker_peak_rss_max_kib,5,18289.6,999.0299294815946,18644.0,17088.0,19476.0,5.4622841914617855,17049.140503434657,19530.05949656534
influx,metadata,tmpfs,64,write_worker_major_faults,5,4.2,2.16794833886788,3.0,2.0,7.0,51.61781759209237,1.5081365976620993,6.891863402337901
influx,metadata,tmpfs,64,write_worker_voluntary_switches,5,1001.8,1.6431676725154984,1003.0,1000.0,1003.0,0.1640215285002494,999.7597378580252,1003.8402621419747
influx,metadata,tmpfs,64,write_worker_involuntary_switches,5,81.6,67.36319469858893,49.0,43.0,201.0,82.5529346796433,-2.0424536612285493,165.24245366122852
influx,metadata,tmpfs,64,read_worker_cpu_s,5,0.9138464000000001,0.01051146328062845,0.9129880000000002,0.9018889999999999,0.925797,1.1502439885552376,0.9007946944760029,0.9268981055239972
influx,metadata,tmpfs,64,read_worker_cpu_core_equivalents,5,0.1298927175809643,0.00873174355166746,0.12405913502889121,0.12320683830275798,0.14052586547540027,6.722273360879388,0.11905082597131095,0.14073460919061764
influx,metadata,tmpfs,64,read_worker_peak_rss_max_kib,5,17552.8,1627.9641273689049,18372.0,15036.0,19116.0,9.274669154601574,15531.415552678824,19574.184447321175
influx,metadata,tmpfs,64,read_worker_major_faults,5,3.6,2.073644135332772,3.0,2.0,7.0,57.60122598146589,1.0252307320709235,6.174769267929077
influx,metadata,tmpfs,64,read_worker_voluntary_switches,5,1554.2,9.47100839404126,1556.0,1539.0,1565.0,0.609381572129794,1542.4401898504334,1565.9598101495667
influx,metadata,tmpfs,64,read_worker_involuntary_switches,5,26.2,5.585696017507576,25.0,20.0,32.0,21.319450448502202,19.2644423501507,33.1355576498493
influx,metadata,lustre,1,completion_throughput_records_s,5,78842.76268821796,421.3104138055427,78746.1301695461,78288.24872965811,79427.15664903684,0.534367898131127,78319.63671532729,79365.88866110863
influx,metadata,lustre,1,read_queries_per_s,5,13.569346971743965,0.22928333827197614,13.550444253284331,13.26929343633707,13.90003054256066,1.6897153470201824,13.284654105223677,13.854039838264253
influx,metadata,lustre,1,completion_wall_s,5,12.683761925389991,0.0677403244892155,12.699036738020368,12.590152313001454,12.77330910100136,0.5340712391771945,12.599651203245092,12.76787264753489
influx,metadata,lustre,1,workload_wall_s,5,12.683761925389991,0.0677403244892155,12.699036738020368,12.590152313001454,12.77330910100136,0.5340712391771945,12.599651203245092,12.76787264753489
influx,metadata,lustre,1,read_wall_s,5,75.48139803160447,1.271967188502367,75.56947808200493,73.66890287504066,77.1706500359578,1.6851399439763786,73.90204216674462,77.06075389646432
influx,metadata,lustre,1,transaction_latency_mean_ms,5,11.544497854658403,0.060336758024379905,11.547072823508643,11.459891343256459,11.621501837624237,0.5226451490918073,11.469579874451197,11.619415834865608
influx,metadata,lustre,1,transaction_latency_p50_ms,5,10.985559201799333,0.05151765815967707,10.973521508276463,10.915058548562229,11.04222796857357,0.46895799488513024,10.921591580390693,11.049526823207973
influx,metadata,lustre,1,transaction_latency_p95_ms,5,15.270386805059378,0.5590791430585674,15.325430047232652,14.392603334272263,15.781720814993578,3.6611983062101188,14.576198360976942,15.964575249141813
influx,metadata,lustre,1,transaction_latency_p99_ms,5,21.604266865178943,0.6068213675045012,21.555981133133173,20.731153263477605,22.429591080872342,2.8088033317277534,20.85079861980783,22.357735110550056
influx,metadata,lustre,1,read_latency_mean_ms,5,73.6667570621421,1.2410927479218392,73.7527798987685,71.8978193096973,75.31432366170066,1.6847392194486137,72.12573687861577,75.20777724566842
influx,metadata,lustre,1,read_latency_p50_ms,5,72.8432638803497,1.0944087590085958,72.81175197567791,71.22031005565077,74.2899559554644,1.502415873080922,71.48437592496987,74.20215183572952
influx,metadata,lustre,1,read_latency_p95_ms,5,93.43640841194429,1.3960823292774447,93.07816596119665,91.48831411730498,95.00908467452973,1.4941523898503988,91.70294324515203,95.16987357873654
influx,metadata,lustre,1,read_latency_p99_ms,5,99.41435118275695,1.7868059565255152,100.01882509677671,96.36010343325324,100.69760676589793,1.797332010185095,97.19573855476317,101.63296381075072
influx,metadata,lustre,1,write_worker_cpu_s,5,3.5393348,0.028947467500629473,3.553438,3.498433,3.566581,0.8178787579131953,3.5033917717652945,3.575277828234705
influx,metadata,lustre,1,write_worker_cpu_core_equivalents,5,0.2790438810932974,0.0015894913940428773,0.27922138044247274,0.2771791335528267,0.28122554029669544,0.5696205872048619,0.27707026685385966,0.2810174953327352
influx,metadata,lustre,1,write_worker_peak_rss_max_kib,5,18913.6,1177.137545064297,19160.0,16940.0,19856.0,6.223762504569712,17451.9906893597,20375.209310640297
influx,metadata,lustre,1,write_worker_major_faults,5,0.0,0.0,0.0,0.0,0.0,,0.0,0.0
influx,metadata,lustre,1,write_worker_voluntary_switches,5,1000.0,0.0,1000.0,1000.0,1000.0,0.0,1000.0,1000.0
influx,metadata,lustre,1,write_worker_involuntary_switches,5,100.2,9.17605579756357,102.0,90.0,112.0,9.157740316929711,88.8064218706564,111.59357812934361
influx,metadata,lustre,1,read_worker_cpu_s,5,0.8485479999999999,0.01667703702700208,0.8407020000000001,0.836719,0.8765409999999999,1.965361656264829,0.8278407235268602,0.8692552764731395
influx,metadata,lustre,1,read_worker_cpu_core_equivalents,5,0.011241870738514858,0.00011732335901609287,0.011214504742930755,0.011083535592122197,0.011358476306621417,1.0436284293337483,0.01109619454747624,0.011387546929553476
influx,metadata,lustre,1,read_worker_peak_rss_max_kib,5,18680.8,1182.720254328977,18612.0,16828.0,19964.0,6.331207733763956,17212.258840253307,20149.34115974669
influx,metadata,lustre,1,read_worker_major_faults,5,0.0,0.0,0.0,0.0,0.0,,0.0,0.0
influx,metadata,lustre,1,read_worker_voluntary_switches,5,1046.2,3.5637059362410928,1047.0,1040.0,1049.0,0.3406333336112687,1041.7750746387844,1050.6249253612157
influx,metadata,lustre,1,read_worker_involuntary_switches,5,23.4,7.436396977031283,22.0,17.0,36.0,31.779474260817448,14.16649359726895,32.633506402731044
influx,metadata,tmpfs,1,completion_throughput_records_s,5,89259.0510067682,543.7432896977316,89201.57314984249,88438.81372718664,89847.93352575974,0.6091744014357731,88583.90453968565,89934.19747385076
influx,metadata,tmpfs,1,read_queries_per_s,5,14.827162064566854,0.1520886630500058,14.790859520960485,14.699947312131,15.074237740221465,1.0257435805160517,14.63831904712272,15.01600508201099
influx,metadata,tmpfs,1,completion_wall_s,5,11.203679176815786,0.06844105959116366,11.210564619977959,11.129916524048895,11.307252526981756,0.6108802163202909,11.11869837712252,11.288659976509052
influx,metadata,tmpfs,1,workload_wall_s,5,11.203679176815786,0.06844105959116366,11.210564619977959,11.129916524048895,11.307252526981756,0.6108802163202909,11.11869837712252,11.288659976509052
influx,metadata,tmpfs,1,read_wall_s,5,69.06820614018943,0.7026171357404626,69.23194683506154,67.93046637892257,69.66011362196878,1.017280127870041,68.19579173821946,69.94062054215941
influx,metadata,tmpfs,1,transaction_latency_mean_ms,5,10.01590974528808,0.062130676086981765,10.030981432995759,9.949557527317666,10.103668738040142,0.6203198477922661,9.938764321606817,10.093055168969345
influx,metadata,tmpfs,1,transaction_latency_p50_ms,5,9.541543608065695,0.06887331435882856,9.54534305492416,9.475962491706014,9.646057966165245,0.7218257043924036,9.456026093189367,9.627061122942022
influx,metadata,tmpfs,1,transaction_latency_p95_ms,5,13.615422903094435,0.39985874233120394,13.530367886414748,13.148685795022164,14.076717110583544,2.9368073630700544,13.118932698374744,14.111913107814127
influx,metadata,tmpfs,1,transaction_latency_p99_ms,5,20.154126729350537,0.20589782957370806,20.133652910590172,19.920667419210076,20.43775754282251,1.0216162294636075,19.89847080706057,20.409782651640505
influx,metadata,tmpfs,1,read_latency_mean_ms,5,67.40495221833953,0.6856098737398434,67.56635469002958,66.29479883076783,67.98165515920118,1.0171505967677292,66.55365512130373,68.25624931537533
influx,metadata,tmpfs,1,read_latency_p50_ms,5,66.86538077192381,0.7197543537645871,67.09374894853681,65.72616042103618,67.58452148642391,1.076423024075271,65.9716877033039,67.75907384054372
influx,metadata,tmpfs,1,read_latency_p95_ms,5,85.88886331301183,0.6197525218829586,86.01825903751887,84.8219187813811,86.35694907279685,0.7215749492740913,85.11933891879376,86.65838770722989
influx,metadata,tmpfs,1,read_latency_p99_ms,5,90.92005863692611,1.2865027653428016,91.09815808944404,89.5707884838339,92.29713804321362,1.414982331324964,89.32265446961037,92.51746280424186
influx,metadata,tmpfs,1,write_worker_cpu_s,5,3.5348135999999997,0.027591395122392667,3.5226610000000003,3.5060930000000003,3.564763,0.7805615301014082,3.5005543580163097,3.5690728419836897
influx,metadata,tmpfs,1,write_worker_cpu_core_equivalents,5,0.3155047356381041,0.0015399267998926559,0.3152634109385671,0.3140823133554239,0.3179052189440042,0.48808357718567186,0.31359266397080826,0.31741680730539995
influx,metadata,tmpfs,1,write_worker_peak_rss_max_kib,5,20040.0,405.99507386174037,20124.0,19552.0,20604.0,2.0259235222641734,19535.8905333378,20544.1094666622
influx,metadata,tmpfs,1,write_worker_major_faults,5,0.0,0.0,0.0,0.0,0.0,,0.0,0.0
influx,metadata,tmpfs,1,write_worker_voluntary_switches,5,1000.0,0.0,1000.0,1000.0,1000.0,0.0,1000.0,1000.0
influx,metadata,tmpfs,1,write_worker_involuntary_switches,5,101.8,7.918333157931661,101.0,91.0,110.0,7.778323337850355,91.96809079201313,111.63190920798687
influx,metadata,tmpfs,1,read_worker_cpu_s,5,0.8361186,0.01566695751573996,0.8336459999999999,0.8153239999999999,0.852362,1.8737721557372315,0.8166655028913179,0.8555716971086822
influx,metadata,tmpfs,1,read_worker_cpu_core_equivalents,5,0.012106261942355059,0.00023067646106864726,0.012193998424498056,0.011776701902409752,0.012367396332019883,1.9054309428214242,0.011819839285413067,0.01239268459929705
influx,metadata,tmpfs,1,read_worker_peak_rss_max_kib,5,20081.6,1495.7502465318198,19208.0,18656.0,21892.0,7.44836191604165,18224.380768577033,21938.819231422964
influx,metadata,tmpfs,1,read_worker_major_faults,5,0.0,0.0,0.0,0.0,0.0,,0.0,0.0
influx,metadata,tmpfs,1,read_worker_voluntary_switches,5,1042.6,3.286335345030997,1043.0,1037.0,1045.0,0.31520576875417194,1038.5194757160505,1046.6805242839494
influx,metadata,tmpfs,1,read_worker_involuntary_switches,5,27.6,5.770615218501403,30.0,20.0,33.0,20.908026153990587,20.434834835700062,34.765165164299944
influx,metadata,tmpfs,16,completion_throughput_records_s,5,705977.796746505,6006.293486703131,703948.0976869231,699949.9248832915,715950.5903929549,0.8507765420361807,698519.9983614199,713435.59513159
influx,metadata,tmpfs,16,read_queries_per_s,5,105.04046445303565,2.272314048701338,104.84946147547076,102.31450451645533,108.54384253544906,2.1632749441214685,102.21901390615056,107.86191499992074
influx,metadata,tmpfs,16,completion_wall_s,5,1.4165565685834736,0.011963807907858346,1.4205592760117725,1.3967444309964776,1.4286736299982294,0.8445697244425543,1.4017015390228604,1.4314115981440867
influx,metadata,tmpfs,16,workload_wall_s,5,1.4165565685834736,0.011963807907858346,1.4205592760117725,1.3967444309964776,1.4286736299982294,0.8445697244425543,1.4017015390228604,1.4314115981440867
influx,metadata,tmpfs,16,read_wall_s,5,9.752239951188676,0.20898078771226727,9.766383017995395,9.433975949999876,10.008356145001017,2.142900387585266,9.49275603077009,10.011723871607261
influx,metadata,tmpfs,16,transaction_latency_mean_ms,5,20.963101246394217,0.18223602131436978,20.9426689237589,20.699282099143602,21.185807729139924,0.8693180420798449,20.73682533955227,21.189377153236165
influx,metadata,tmpfs,16,transaction_latency_p50_ms,5,20.25148388929665,0.4623132633437087,19.997261988464743,19.816316023934633,20.878157985862345,2.282861176350891,19.677446154310672,20.82552162428263
influx,metadata,tmpfs,16,transaction_latency_p95_ms,5,34.86347793950698,1.4158868396294504,35.17962493351658,32.41127822548151,35.95478430506771,4.061232336275263,33.105422225208585,36.62153365380537
influx,metadata,tmpfs,16,transaction_latency_p99_ms,5,73.24507342837751,1.3045397584652239,73.04531852365471,71.38561127940193,74.91369427531026,1.7810614385428454,71.6252733760658,74.86487348068921
influx,metadata,tmpfs,16,read_latency_mean_ms,5,150.3594408848585,2.831681657199417,150.2356191514309,146.0655948914109,153.85845872015125,1.883274931414415,146.84344371674,153.87543805297696
influx,metadata,tmpfs,16,read_latency_p50_ms,5,151.63638319354504,2.548328177531108,151.76263795001432,147.8245030157268,154.816911497619,1.6805519386983025,148.47221583989645,154.80055054719364
influx,metadata,tmpfs,16,read_latency_p95_ms,5,174.08429097617045,3.9366651069388863,174.27455263677984,168.33992018946446,179.31296520400792,2.2613557402935096,169.19627563989945,178.97230631244145
influx,metadata,tmpfs,16,read_latency_p99_ms,5,267.47224030899815,8.745875803577547,269.6319866052363,255.21573343430646,278.99579239892773,3.269825606378384,256.6128011909345,278.33167942706183
influx,metadata,tmpfs,16,write_worker_cpu_s,5,3.9491707999999996,0.052671224731346604,3.933798,3.891738,4.029952000000001,1.333728709108925,3.883770836509787,4.014570763490212
influx,metadata,tmpfs,16,write_worker_cpu_core_equivalents,5,2.7880182814107024,0.04327581215959146,2.801721881032741,2.739581561795911,2.836641096753731,1.5522069007988872,2.734284263459109,2.841752299362296
influx,metadata,tmpfs,16,write_worker_peak_rss_max_kib,5,19576.8,560.0242851877051,19396.0,19092.0,20544.0,2.8606528400336373,18881.438006962628,20272.16199303737
influx,metadata,tmpfs,16,write_worker_major_faults,5,1.0,0.7071067811865476,1.0,0.0,2.0,70.71067811865476,0.1220109669149172,1.8779890330850828
influx,metadata,tmpfs,16,write_worker_voluntary_switches,5,1000.2,0.4472135954999579,1000.0,1000.0,1001.0,0.04471241706658248,999.6447109789605,1000.7552890210396
influx,metadata,tmpfs,16,write_worker_involuntary_switches,5,36.4,8.018728078691783,40.0,23.0,42.0,22.029472743658747,26.443434033302772,46.356565966697225
influx,metadata,tmpfs,16,read_worker_cpu_s,5,0.9125819999999999,0.011903558186525562,0.9194839999999999,0.895442,0.922233,1.3043823115649404,0.8978017803492674,0.9273622196507324
influx,metadata,tmpfs,16,read_worker_cpu_core_equivalents,5,0.09361551015201287,0.0025704120262038154,0.09263920924798064,0.09106460694659181,0.09746516260728987,2.74571171169177,0.0904239220785256,0.09680709822550014
influx,metadata,tmpfs,16,read_worker_peak_rss_max_kib,5,17942.4,1850.9794164171574,18496.0,15432.0,19720.0,10.316230919036233,15644.105497218603,20240.6945027814
influx,metadata,tmpfs,16,read_worker_major_faults,5,1.4,1.5165750888103102,1.0,0.0,3.0,108.3267920578793,-0.48307668834843875,3.2830766883484386
influx,metadata,tmpfs,16,read_worker_voluntary_switches,5,1257.4,19.060430215501434,1248.0,1243.0,1287.0,1.5158605229442843,1233.7333500111367,1281.0666499888634
influx,metadata,tmpfs,16,read_worker_involuntary_switches,5,20.4,4.159326868617084,20.0,15.0,25.0,20.388857199103356,15.235513570476567,25.56448642952343
influx,telemetry,lustre,16,completion_throughput_records_s,5,576163.606714991,19796.79395426106,575354.5790400344,558369.34744677,608171.1087159053,3.4359674445827806,551582.6403821271,600744.5730478549
influx,telemetry,lustre,16,read_queries_per_s,5,340.48407460242754,133.53980468758198,431.6159184483399,192.16022067196448,446.1140436807995,39.2205728986039,174.67250679469473,506.2956424101603
influx,telemetry,lustre,16,completion_wall_s,5,1.737217757385224,0.05821366312126626,1.7380586449289694,1.644274096004665,1.7909292560070753,3.350970992196548,1.6649359476839856,1.8094995670864626
influx,telemetry,lustre,16,workload_wall_s,5,1.737217757385224,0.05821366312126626,1.7380586449289694,1.644274096004665,1.7909292560070753,3.350970992196548,1.6649359476839856,1.8094995670864626
influx,telemetry,lustre,16,read_wall_s,5,3.5113539988175035,1.6064429732634504,2.37247968907468,2.2953771899919957,5.328886469942518,45.749957816968674,1.5166915937488654,5.506016403886141
influx,telemetry,lustre,16,transaction_latency_mean_ms,5,24.201855699298903,0.8169193400982904,24.263933278154582,22.89524817466736,25.040016107959673,3.3754409176233353,23.18751636526248,25.216195033335328
influx,telemetry,lustre,16,transaction_latency_p50_ms,5,21.352108113933355,1.1970131265513815,21.580519038252532,19.73540848121047,22.83863053889945,5.606065312915256,19.86582000931718,22.83839621854953
influx,telemetry,lustre,16,transaction_latency_p95_ms,5,40.761573775671415,1.5789808855006122,40.51649470929988,38.85945553774945,43.03146786405704,3.873699514622344,38.80101005629341,42.722137495049424
influx,telemetry,lustre,16,transaction_latency_p99_ms,5,108.42728951154277,10.379377373189332,102.38534474163315,100.86906819953583,124.95576060493477,9.572661476596611,95.53959030348283,121.31498871960271
influx,telemetry,lustre,16,read_latency_mean_ms,5,53.77450423529808,24.783459212748266,36.10689983099746,35.19114939319934,81.78312561210532,46.087750254850654,23.00177517987716,84.547233290719
influx,telemetry,lustre,16,read_latency_p50_ms,5,53.40002950979397,23.905223453629812,36.13838745513931,35.767399007454515,80.3981595672667,44.76631131682317,23.717774178405584,83.08228484118234
influx,telemetry,lustre,16,read_latency_p95_ms,5,75.37916156696156,27.41085883855633,57.3598068440333,54.0083211613819,105.69479960249737,36.36397416573338,41.344084987280716,109.41423814664239
influx,telemetry,lustre,16,read_latency_p99_ms,5,115.61653387034308,74.65689532674325,63.98740451550111,59.65987550909631,211.73926557297816,64.57285374985072,22.917754725459133,208.31531301522702
influx,telemetry,lustre,16,write_worker_cpu_s,5,8.3580204,0.09595629017057695,8.305819,8.2797,8.504921,1.148074371421455,8.238874929093999,8.477165870906
influx,telemetry,lustre,16,write_worker_cpu_core_equivalents,5,4.815028380153427,0.15302695448634224,4.791459068308998,4.66134118568906,5.035474328835082,3.178111163728305,4.62502032001297,5.005036440293884
influx,telemetry,lustre,16,write_worker_peak_rss_max_kib,5,19329.6,1195.2091030443166,19492.0,17828.0,20988.0,6.183310068725254,17845.55188642446,20813.64811357554
influx,telemetry,lustre,16,write_worker_major_faults,5,1.8,1.4832396974191326,2.0,0.0,4.0,82.40220541217403,-0.041685332991981516,3.6416853329919814
influx,telemetry,lustre,16,write_worker_voluntary_switches,5,1000.8,1.3038404810405297,1000.0,1000.0,1003.0,0.13027982424465726,999.1810682152912,1002.4189317847087
influx,telemetry,lustre,16,write_worker_involuntary_switches,5,3007.4,192.2506176843133,2962.0,2815.0,3269.0,6.392585545132451,2768.6893293889525,3246.1106706110477
influx,telemetry,lustre,16,read_worker_cpu_s,5,0.9965714,0.044465224898790345,0.970861,0.9550089999999998,1.04705,4.461820286914751,0.9413605310711384,1.0517822689288616
influx,telemetry,lustre,16,read_worker_cpu_core_equivalents,5,0.3267497201236134,0.11733271724133672,0.4077358404603607,0.1964857022017387,0.41605754564605135,35.909049041250384,0.18106190931362354,0.4724375309336033
influx,telemetry,lustre,16,read_worker_peak_rss_max_kib,5,19241.6,2539.096847306144,18084.0,17828.0,23752.0,13.195871691055547,16088.89485674728,22394.305143252717
influx,telemetry,lustre,16,read_worker_major_faults,5,2.6,2.073644135332772,2.0,1.0,6.0,79.75554366664508,0.025230732070923523,5.174769267929077
influx,telemetry,lustre,16,read_worker_voluntary_switches,5,1478.2,93.54250370820743,1503.0,1378.0,1592.0,6.3281358211478445,1362.0516408436768,1594.3483591563233
influx,telemetry,lustre,16,read_worker_involuntary_switches,5,16.8,9.833615815151617,19.0,6.0,26.0,58.53342747114058,4.589953270159077,29.010046729840923
influx,telemetry,lustre,64,completion_throughput_records_s,5,815845.5905821447,18373.42036777532,813433.8151982568,794923.777621084,844631.4858763742,2.2520708060289953,793031.9759876142,838659.2051766751
influx,telemetry,lustre,64,read_queries_per_s,5,360.8009998161814,10.25239063290696,363.3356886377267,344.0070877094136,370.9682178372891,2.8415638088947324,348.0709754717793,373.53102416058346
influx,telemetry,lustre,64,completion_wall_s,5,1.226213570823893,0.027282498541534063,1.2293563180137426,1.18394828599412,1.257982247043401,2.2249385580688807,1.1923378746038236,1.2600892670439625
influx,telemetry,lustre,64,workload_wall_s,5,1.226213570823893,0.027282498541534063,1.2293563180137426,1.18394828599412,1.257982247043401,2.2249385580688807,1.1923378746038236,1.2600892670439625
influx,telemetry,lustre,64,read_wall_s,5,2.8400087258080022,0.08268160830918782,2.8183303540572524,2.7603442849358544,2.976682855049148,2.9113152913170834,2.7373459494568984,2.942671502159106
influx,telemetry,lustre,64,transaction_latency_mean_ms,5,71.43122142243665,1.895228840858772,71.74969528231304,68.62273864960298,73.84033658658154,2.653221942896076,69.07798400238487,73.78445884248843
influx,telemetry,lustre,64,transaction_latency_p50_ms,5,69.74366068607196,1.0771565504489693,69.47571347700432,68.50430596387014,71.38951547676697,1.5444508358937934,68.40619417695012,71.0811271951938
influx,telemetry,lustre,64,transaction_latency_p95_ms,5,135.8176532865036,3.9093625559894822,135.83630276843894,131.38821471948177,141.8605113402009,2.878390593115896,130.9635385448056,140.6717680282016
influx,telemetry,lustre,64,transaction_latency_p99_ms,5,154.45154706435278,9.173210474142063,154.0122541866731,142.87582373130135,163.93465526634827,5.939215662449799,143.0615018706649,165.84159225804066
influx,telemetry,lustre,64,read_latency_mean_ms,5,172.05477970030643,5.468316343859708,171.12037454091933,165.89714385952448,180.45243352628404,3.178241460879316,165.2649681653466,178.84459123526625
influx,telemetry,lustre,64,read_latency_p50_ms,5,168.73985432321206,5.573106622646672,168.6264384770766,162.33892703894526,176.41078255837783,3.3027802738123078,161.81992847172071,175.6597801747034
influx,telemetry,lustre,64,read_latency_p95_ms,5,262.88649997790344,2.610549353743998,263.5420731676277,259.81566253467463,265.9556020691526,0.9930328693042146,259.64507482982543,266.12792512598145
influx,telemetry,lustre,64,read_latency_p99_ms,5,300.4098710604012,22.85813188183136,298.482693224214,280.9075423609465,338.0336627876386,7.608981622722857,272.0277516365376,328.79199048426483
influx,telemetry,lustre,64,write_worker_cpu_s,5,8.687503,0.12488511027940954,8.676968000000002,8.539162999999997,8.821665,1.4375259528475508,8.53243765465435,8.842568345345649
influx,telemetry,lustre,64,write_worker_cpu_core_equivalents,5,7.087750263156583,0.19528463072972735,7.0065962406827795,6.991399240522726,7.436689679910335,2.75524141623404,6.845272367776965,7.330228158536202
influx,telemetry,lustre,64,write_worker_peak_rss_max_kib,5,18931.2,1302.8933954856016,18432.0,17828.0,20872.0,6.88225466682303,17313.44417732807,20548.95582267193
influx,telemetry,lustre,64,write_worker_major_faults,5,5.4,0.5477225575051662,5.0,5.0,6.0,10.143010324169744,4.719912619341745,6.080087380658256
influx,telemetry,lustre,64,write_worker_voluntary_switches,5,1001.4,1.51657508881031,1001.0,1000.0,1004.0,0.15144548520174855,999.5169233116516,1003.2830766883484
influx,telemetry,lustre,64,write_worker_involuntary_switches,5,2878.0,317.3641441625062,2832.0,2471.0,3353.0,11.027246148801467,2483.9403678726667,3272.0596321273333
influx,telemetry,lustre,64,read_worker_cpu_s,5,1.0777089999999998,0.01730360365646435,1.0782579999999997,1.0511249999999994,1.0980409999999998,1.6055914589619602,1.056223738300581,1.0991942616994186
influx,telemetry,lustre,64,read_worker_cpu_core_equivalents,5,0.37965204216759174,0.009237303850251719,0.38079489059982446,0.3648635252350616,0.3896069168822832,2.433097369241609,0.36818241453626516,0.3911216697989183
influx,telemetry,lustre,64,read_worker_peak_rss_max_kib,5,18815.2,1268.82118519514,18184.0,17828.0,20952.0,6.743596587839301,17239.750414184964,20390.649585815037
influx,telemetry,lustre,64,read_worker_major_faults,5,6.0,1.8708286933869707,5.0,4.0,8.0,31.18047822311618,3.6770593646148098,8.32294063538519
influx,telemetry,lustre,64,read_worker_voluntary_switches,5,1798.8,41.05118755894889,1800.0,1739.0,1855.0,2.282142959692511,1747.8282183245428,1849.771781675457
influx,telemetry,lustre,64,read_worker_involuntary_switches,5,27.4,10.114346246792227,28.0,17.0,43.0,36.91367243354828,14.841380399990726,39.95861960000927
influx,telemetry,tmpfs,64,completion_throughput_records_s,5,843640.4064322624,29251.556322854245,848901.9409411529,807576.701390032,882670.9670159156,3.4673014829337614,807319.8020547446,879961.0108097802
influx,telemetry,tmpfs,64,read_queries_per_s,5,350.89562616332853,31.813373925145214,337.9465626517981,319.1392526179987,397.9012947924319,9.066335272682283,311.39410509908134,390.3971472275757
influx,telemetry,tmpfs,64,completion_wall_s,5,1.1864787948084996,0.04110099874944631,1.1779923590365797,1.1329249939881265,1.238272474030964,3.4641157456235963,1.135445164371094,1.237512425245905
influx,telemetry,tmpfs,64,workload_wall_s,5,1.1864787948084996,0.04110099874944631,1.1779923590365797,1.1329249939881265,1.238272474030964,3.4641157456235963,1.135445164371094,1.237512425245905
influx,telemetry,tmpfs,64,read_wall_s,5,2.9367451110156253,0.25548153980987454,3.03006484801881,2.573502558050677,3.2086306889541447,8.699479530980488,2.6195228808280424,3.253967341203208
influx,telemetry,tmpfs,64,transaction_latency_mean_ms,5,69.30839919932187,2.603044842770292,68.79339831601828,66.0621403689729,73.08440745389089,3.7557422662212643,66.07629213234402,72.54050626629972
influx,telemetry,tmpfs,64,transaction_latency_p50_ms,5,69.45828651078045,2.379156614886364,70.40203252108768,65.95324154477566,71.45404600305483,3.4253027743739413,66.50417339598772,72.41239962557319
influx,telemetry,tmpfs,64,transaction_latency_p95_ms,5,105.07564245606773,4.476393175074738,107.19139138818718,99.58265952300279,109.51347933732904,4.260162555700123,99.51746620877239,110.63381870336306
influx,telemetry,tmpfs,64,transaction_latency_p99_ms,5,114.56996147171594,5.441073026126136,115.56841021869332,106.35905911680311,120.4310657957103,4.749127045372518,107.8139769835775,121.32594595985438
influx,telemetry,tmpfs,64,read_latency_mean_ms,5,177.59563724641794,15.829089521115634,184.598914824619,155.17716766737522,194.1659294126339,8.91299457945153,157.94122666370419,197.2500478291317
influx,telemetry,tmpfs,64,read_latency_p50_ms,5,173.26572431484237,16.05547842156243,180.57614151621237,150.79944295575842,189.67492005322129,9.266390386818749,153.3302147848509,193.20123384483384
influx,telemetry,tmpfs,64,read_latency_p95_ms,5,265.33483081380837,17.114251202289378,266.18590673897415,238.53652978432365,285.748225991847,6.4500582715802,244.08468123971016,286.58498038790657
influx,telemetry,tmpfs,64,read_latency_p99_ms,5,306.83730439445935,30.214876388784223,307.82337788376026,271.27525106538087,351.6633743676357,9.847197832875311,269.320580172329,344.3540286165897
influx,telemetry,tmpfs,64,write_worker_cpu_s,5,8.5917034,0.0523940200003788,8.579064000000002,8.517703999999998,8.648062,0.6098210978789003,8.526647631644362,8.656759168355638
influx,telemetry,tmpfs,64,write_worker_cpu_core_equivalents,5,7.247602664657245,0.22790904243915353,7.331189318632779,6.928252206133975,7.518330026435331,3.1446128186710114,6.964616211795454,7.530589117519036
influx,telemetry,tmpfs,64,write_worker_peak_rss_max_kib,5,19040.0,334.0538878684096,19048.0,18680.0,19488.0,1.754484705191227,18625.217313973797,19454.782686026203
influx,telemetry,tmpfs,64,write_worker_major_faults,5,3.2,1.0954451150103321,3.0,2.0,5.0,34.23265984407288,1.839825238683489,4.560174761316511
influx,telemetry,tmpfs,64,write_worker_voluntary_switches,5,1000.6,0.5477225575051662,1001.0,1000.0,1001.0,0.05473941210325467,999.9199126193417,1001.2800873806583
influx,telemetry,tmpfs,64,write_worker_involuntary_switches,5,171.2,77.23147026957339,172.0,76.0,251.0,45.111840110732125,75.30446383792635,267.09553616207364
influx,telemetry,tmpfs,64,read_worker_cpu_s,5,1.0787642000000002,0.020194612690022047,1.0805060000000004,1.0502239999999996,1.1025509999999998,1.8720136142840154,1.0536892764651309,1.1038391235348695
influx,telemetry,tmpfs,64,read_worker_cpu_core_equivalents,5,0.3698060864743263,0.03647002851720943,0.3601576384457713,0.3332384134082192,0.42842428757293993,9.86193301059726,0.3245225650510427,0.41508960789760985
influx,telemetry,tmpfs,64,read_worker_peak_rss_max_kib,5,19660.0,1449.6565110397705,19612.0,17828.0,21332.0,7.373634338961193,17860.01370048024,21459.98629951976
influx,telemetry,tmpfs,64,read_worker_major_faults,5,6.4,2.5099800796022267,6.0,3.0,10.0,39.218438743784795,3.2834480989492976,9.516551901050704
influx,telemetry,tmpfs,64,read_worker_voluntary_switches,5,1822.2,27.958898404622452,1834.0,1788.0,1851.0,1.5343485020646719,1787.4844424215437,1856.9155575784564
influx,telemetry,tmpfs,64,read_worker_involuntary_switches,5,42.4,34.27535557802428,29.0,22.0,103.0,80.83810277835916,-0.15847504686531977,84.95847504686532
influx,telemetry,lustre,1,completion_throughput_records_s,5,64881.02751117099,374.5229386258344,64979.85003544616,64270.57017467173,65264.311533518376,0.5772456956871566,64415.99586177782,65346.05916056417
influx,telemetry,lustre,1,read_queries_per_s,5,63.815404047466146,9.778738533946848,62.82195363999907,50.82608474873245,78.25912500661892,15.323476643152466,51.67349646201649,75.9573116329158
influx,telemetry,lustre,1,completion_wall_s,5,15.413238941365853,0.08938061650028713,15.389386085909791,15.322309796931222,15.559220919967629,0.5798950943426211,15.30225824772019,15.524219635011516
influx,telemetry,lustre,1,workload_wall_s,5,15.413238941365853,0.08938061650028713,15.389386085909791,15.322309796931222,15.559220919967629,0.5798950943426211,15.30225824772019,15.524219635011516
influx,telemetry,lustre,1,read_wall_s,5,16.35139384898357,2.522699058624015,16.300034313928336,13.084736123913899,20.147135177976452,15.428036789541524,13.219049249587604,19.483738448379537
influx,telemetry,lustre,1,transaction_latency_mean_ms,5,12.646215313323774,0.09165058236191256,12.606584258726798,12.561733039328828,12.791988263605163,0.7247273598556521,12.532416084790578,12.76001454185697
influx,telemetry,lustre,1,transaction_latency_p50_ms,5,12.084981624502689,0.07112496689709276,12.064086040481925,12.034964049234986,12.209734006319195,0.5885401327618455,11.996668313733133,12.173294935272244
influx,telemetry,lustre,1,transaction_latency_p95_ms,5,17.18665487132966,0.3927757471505066,17.11070167366415,16.703962237806987,17.79175453702919,2.2853530840706244,16.698959366725294,17.67435037593403
influx,telemetry,lustre,1,transaction_latency_p99_ms,5,22.97009429219179,1.2703591986842646,22.587049972498786,21.68603521189652,24.54807871370576,5.530491875760811,21.392735010398553,24.547453573985024
influx,telemetry,lustre,1,read_latency_mean_ms,5,15.86374292110122,2.460162614883084,15.813943864486646,12.678038345711684,19.56521622571472,15.508084234085066,12.809047572474064,18.918438269728377
influx,telemetry,lustre,1,read_latency_p50_ms,5,13.370733219198883,1.8023081325335484,13.349575572647154,11.052573507186025,16.088338976260275,13.479501108777152,11.132872097362117,15.608594341035648
influx,telemetry,lustre,1,read_latency_p95_ms,5,30.543626671424136,4.992688805409839,30.01540189725347,23.794848576653752,37.71883201552555,16.34609032882423,24.34438472751178,36.74286861533649
influx,telemetry,lustre,1,read_latency_p99_ms,5,33.391698616789654,5.362455453505725,33.186082346364856,25.93019910273142,41.03397223632783,16.05924728492079,26.733330738200156,40.05006649537915
influx,telemetry,lustre,1,write_worker_cpu_s,5,7.3951144,0.059459350003174365,7.374507,7.342555,7.495849,0.8040355670924356,7.3212858657444615,7.468942934255538
influx,telemetry,lustre,1,write_worker_cpu_core_equivalents,5,0.4797882434693209,0.0022885318563256344,0.4805872670107078,0.47606777526130406,0.48176248917324294,0.47698789778119477,0.47694665585457896,0.4826298310840629
influx,telemetry,lustre,1,write_worker_peak_rss_max_kib,5,19508.8,900.4638804527364,19756.0,18004.0,20400.0,4.615680515730011,18390.726417958977,20626.873582041022
influx,telemetry,lustre,1,write_worker_major_faults,5,0.0,0.0,0.0,0.0,0.0,,0.0,0.0
influx,telemetry,lustre,1,write_worker_voluntary_switches,5,1000.0,0.0,1000.0,1000.0,1000.0,0.0,1000.0,1000.0
influx,telemetry,lustre,1,write_worker_involuntary_switches,5,112.8,21.947665023869853,116.0,81.0,135.0,19.457149843856254,85.54837449522485,140.05162550477516
influx,telemetry,lustre,1,read_worker_cpu_s,5,0.8884274,0.036357982882717764,0.8879379999999999,0.834839,0.9369839999999999,4.09239774490496,0.8432830016072206,0.9335717983927794
influx,telemetry,lustre,1,read_worker_cpu_core_equivalents,5,0.055090487139538166,0.006173183957044775,0.05495736896912758,0.04650705878145149,0.06380250943496164,11.205535252227442,0.047425466865786615,0.06275550741328971
influx,telemetry,lustre,1,read_worker_peak_rss_max_kib,5,18161.6,616.7372211890571,17828.0,17828.0,19248.0,3.395830880478907,17395.819596097313,18927.380403902684
influx,telemetry,lustre,1,read_worker_major_faults,5,0.0,0.0,0.0,0.0,0.0,,0.0,0.0
influx,telemetry,lustre,1,read_worker_voluntary_switches,5,1431.0,44.45222154178574,1416.0,1377.0,1478.0,3.1063746709843283,1375.805276871387,1486.194723128613
influx,telemetry,lustre,1,read_worker_involuntary_switches,5,18.6,4.6690470119715,16.0,14.0,25.0,25.102403290169352,12.80261241931413,24.397387580685873
influx,telemetry,tmpfs,1,completion_throughput_records_s,5,71495.65235924577,392.8553542773618,71612.82592992269,70883.86128272985,71937.57843087027,0.5494814598003428,71007.85800933799,71983.44670915355
influx,telemetry,tmpfs,1,read_queries_per_s,5,65.86130222612819,1.3877785565590142,65.81241761658141,64.42332910599401,67.52283776891146,2.107122862214621,64.13814755496968,67.5844568972867
influx,telemetry,tmpfs,1,completion_wall_s,5,13.987203396833502,0.07710157521287199,13.963979036081582,13.900940535007976,14.107583614997566,0.5512293846411546,13.891469146686878,14.082937646980126
influx,telemetry,tmpfs,1,workload_wall_s,5,13.987203396833502,0.07710157521287199,13.963979036081582,13.900940535007976,14.107583614997566,0.5512293846411546,13.891469146686878,14.082937646980126
influx,telemetry,tmpfs,1,read_wall_s,5,15.553340780804865,0.32723173064934946,15.559373703086749,15.165239403955638,15.894863152992912,2.1039321086129745,15.147028921787657,15.959652639822073
influx,telemetry,tmpfs,1,transaction_latency_mean_ms,5,11.198383101308718,0.07001528707063755,11.197403424535878,11.122718675527722,11.309400243451819,0.625226753159169,11.111447640029205,11.28531856258823
influx,telemetry,tmpfs,1,transaction_latency_p50_ms,5,10.599865694530308,0.057901035577029386,10.573714505881071,10.53573505487293,10.675672441720963,0.5462431057679079,10.527972063195596,10.67175932586502
influx,telemetry,tmpfs,1,transaction_latency_p95_ms,5,15.547113186912608,0.22258650074706068,15.492769941920413,15.296059730462728,15.885505516780539,1.4316902313056523,15.270735542448827,15.823490831376388
influx,telemetry,tmpfs,1,transaction_latency_p99_ms,5,21.149689847370606,0.2627721926004698,21.218939343234524,20.854965376202017,21.470267872791734,1.242439934092643,20.82341507608954,21.475964618651673
influx,telemetry,tmpfs,1,read_latency_mean_ms,5,15.08547492735488,0.3192508887132912,15.092627245508083,14.706580533470515,15.418423035498563,2.116279999474099,14.689072592445031,15.48187726226473
influx,telemetry,tmpfs,1,read_latency_p50_ms,5,12.861041876021773,0.2627090077764843,12.856688466854393,12.473850976675749,13.187630975153297,2.04267282782339,12.53484555906188,13.187238192981665
influx,telemetry,tmpfs,1,read_latency_p95_ms,5,28.683204770786688,1.1005503549166882,28.48348431289196,27.382663497701287,30.434244411299005,3.8369155877504255,27.316691016876263,30.049718524697113
influx,telemetry,tmpfs,1,read_latency_p99_ms,5,31.443158652167767,0.9832036456080813,31.446414914680645,29.93129930575378,32.60873292689212,3.126923908900281,30.222350082513522,32.66396722182201
influx,telemetry,tmpfs,1,write_worker_cpu_s,5,7.380717799999999,0.06582463814712507,7.378327,7.318816,7.4844159999999995,0.8918460227150952,7.298985716617924,7.4624498833820745
influx,telemetry,tmpfs,1,write_worker_cpu_core_equivalents,5,0.5276698346473301,0.002211807539081133,0.5277716077262645,0.5243912707562263,0.5305243055262437,0.4191650524346161,0.5249235128550974,0.5304161564395627
influx,telemetry,tmpfs,1,write_worker_peak_rss_max_kib,5,20032.8,1346.9236058514973,20436.0,17832.0,21472.0,6.723591339460771,18360.373450283398,21705.2265497166
influx,telemetry,tmpfs,1,write_worker_major_faults,5,0.0,0.0,0.0,0.0,0.0,,0.0,0.0
influx,telemetry,tmpfs,1,write_worker_voluntary_switches,5,1000.0,0.0,1000.0,1000.0,1000.0,0.0,1000.0,1000.0
influx,telemetry,tmpfs,1,write_worker_involuntary_switches,5,85.6,7.231873892705818,89.0,76.0,93.0,8.44845080923577,76.62044254787747,94.57955745212251
influx,telemetry,tmpfs,1,read_worker_cpu_s,5,0.8801855999999999,0.011022810998107535,0.8765839999999999,0.869491,0.8919870000000001,1.252328031509211,0.8664989724246452,0.8938722275753546
influx,telemetry,tmpfs,1,read_worker_cpu_core_equivalents,5,0.05660873433081146,0.0012411324905676482,0.056117941464129184,0.05528183688850624,0.05832554146639742,2.1924752518130664,0.05506766480027264,0.05814980386135028
influx,telemetry,tmpfs,1,read_worker_peak_rss_max_kib,5,18897.6,1449.9009621350003,18504.0,17828.0,21392.0,7.672407936113584,17097.31017435597,20697.889825644026
influx,telemetry,tmpfs,1,read_worker_major_faults,5,0.0,0.0,0.0,0.0,0.0,,0.0,0.0
influx,telemetry,tmpfs,1,read_worker_voluntary_switches,5,1424.4,55.71624538678104,1450.0,1338.0,1473.0,3.911558929147784,1355.2191439881476,1493.5808560118526
influx,telemetry,tmpfs,1,read_worker_involuntary_switches,5,19.0,5.916079783099616,16.0,14.0,28.0,31.13726201631377,11.654216722824074,26.345783277175926
influx,telemetry,tmpfs,16,completion_throughput_records_s,5,624009.1993473406,9409.145163686324,626605.9059736874,610460.7184824023,633088.1185605349,1.5078535979161,612326.2025437183,635692.196150963
influx,telemetry,tmpfs,16,read_queries_per_s,5,206.60529627384298,7.547161263963738,208.0811303411144,194.4458971432902,213.87459709316306,3.652936976969084,197.2342578437412,215.97633470394476
influx,telemetry,tmpfs,16,completion_wall_s,5,1.6028340303804725,0.024336497592606646,1.5958994169486687,1.5795589439803734,1.6381070390343666,1.5183417079577337,1.5726162774773602,1.6330517832835847
influx,telemetry,tmpfs,16,workload_wall_s,5,1.6028340303804725,0.024336497592606646,1.5958994169486687,1.5795589439803734,1.6381070390343666,1.5183417079577337,1.5726162774773602,1.6330517832835847
influx,telemetry,tmpfs,16,read_wall_s,5,4.961762231215834,0.18662331174434796,4.921157427015714,4.787852386012673,5.26624637003988,3.76123044692163,4.73003878379732,5.193485678634349
influx,telemetry,tmpfs,16,transaction_latency_mean_ms,5,21.96405699062161,0.3259935891765724,21.9517409974942,21.563214894616976,22.420917214476503,1.484213910552899,21.55928248729583,22.36883149394739
influx,telemetry,tmpfs,16,transaction_latency_p50_ms,5,19.84650749946013,0.42429193038997376,19.77122446987778,19.337366509716958,20.336320449132472,2.1378669793741567,19.319679484766525,20.373335514153737
influx,telemetry,tmpfs,16,transaction_latency_p95_ms,5,40.50833172630519,1.372582711826971,40.17618711222894,39.27696325699799,42.862480023177326,3.388396049239537,38.80404518847274,42.21261826413763
influx,telemetry,tmpfs,16,transaction_latency_p99_ms,5,57.896220854716375,2.494401416246519,57.79936528764665,54.642077886965126,61.35409132228233,4.308401100144205,54.79901241909459,60.99342929033816
influx,telemetry,tmpfs,16,read_latency_mean_ms,5,76.22409345203778,3.2532445914349983,75.5061651784672,73.08428713645299,81.40045305867716,4.26800037114515,72.18465676550183,80.26353013857373
influx,telemetry,tmpfs,16,read_latency_p50_ms,5,75.58552538976073,2.942606994216435,75.06447547348216,72.85515748662874,80.16436448087916,3.893082675608494,71.93179622417959,79.23925455534187
influx,telemetry,tmpfs,16,read_latency_p95_ms,5,98.73088111751713,4.245766327881719,98.76562495483087,94.57707850378938,105.46931301942097,4.300342790244199,93.4590659234006,104.00269631163366
influx,telemetry,tmpfs,16,read_latency_p99_ms,5,175.57130381162273,12.458633587862126,174.04602906899524,157.47497053467663,188.19202633807433,7.0960534651092395,160.10186701876214,191.04074060448332
influx,telemetry,tmpfs,16,write_worker_cpu_s,5,8.3870466,0.053105863549141055,8.380585,8.324838,8.47158,0.6331890840947642,8.32110696113751,8.45298623886249
influx,telemetry,tmpfs,16,write_worker_cpu_core_equivalents,5,5.233668345828436,0.09129407923147152,5.246026730185393,5.116017940402843,5.363256643435056,1.7443611860548762,5.120311774397556,5.347024917259316
influx,telemetry,tmpfs,16,write_worker_peak_rss_max_kib,5,19818.4,997.8761446191606,19564.0,19040.0,21512.0,5.035099425882819,18579.37311656002,21057.426883439985
influx,telemetry,tmpfs,16,write_worker_major_faults,5,3.0,1.0,3.0,2.0,4.0,33.333333333333336,1.758336001796236,4.241663998203764
influx,telemetry,tmpfs,16,write_worker_voluntary_switches,5,1000.4,0.5477225575051662,1000.0,1000.0,1001.0,0.054750355608273314,999.7199126193417,1001.0800873806583
influx,telemetry,tmpfs,16,write_worker_involuntary_switches,5,76.0,63.55312738174259,33.0,27.0,163.0,83.62253602860866,-2.9116302431676218,154.91163024316762
influx,telemetry,tmpfs,16,read_worker_cpu_s,5,1.0341288,0.0067255689499104935,1.032859,1.02646,1.044276,0.6503608592962978,1.025777903167459,1.042479696832541
influx,telemetry,tmpfs,16,read_worker_cpu_core_equivalents,5,0.20864706634159233,0.007666039164889358,0.21220129928525153,0.19612811999757968,0.21438839739477358,3.674165805110669,0.19912842150172916,0.2181657111814555
influx,telemetry,tmpfs,16,read_worker_peak_rss_max_kib,5,19672.8,1235.8847842740036,19512.0,18280.0,21680.0,6.282200725234861,18138.246357439144,21207.353642560854
influx,telemetry,tmpfs,16,read_worker_major_faults,5,2.2,2.16794833886788,1.0,0.0,5.0,98.54310631217635,-0.4918634023379007,4.891863402337901
influx,telemetry,tmpfs,16,read_worker_voluntary_switches,5,1350.8,34.29577233421052,1361.0,1311.0,1394.0,2.538923033329177,1308.216174202018,1393.383825797982
influx,telemetry,tmpfs,16,read_worker_involuntary_switches,5,15.6,11.148990985734986,14.0,5.0,34.0,71.46789093419862,1.7566992767145724,29.443300723285425
