study,run_id,trial,database,setting,value,unit
sql-repeats,20261004T065357Z-f8f634b5,1,sqlite,journal_mode,WAL,
sql-repeats,20261004T065357Z-f8f634b5,1,sqlite,synchronous,NORMAL,
sql-repeats,20261004T065357Z-f8f634b5,1,sqlite,wal_autocheckpoint_pages,1000,
sql-repeats,20261004T065357Z-f8f634b5,2,sqlite,journal_mode,WAL,
sql-repeats,20261004T065357Z-f8f634b5,2,sqlite,synchronous,NORMAL,
sql-repeats,20261004T065357Z-f8f634b5,2,sqlite,wal_autocheckpoint_pages,1000,
sql-repeats,20261004T065357Z-f8f634b5,3,sqlite,journal_mode,WAL,
sql-repeats,20261004T065357Z-f8f634b5,3,sqlite,synchronous,NORMAL,
sql-repeats,20261004T065357Z-f8f634b5,3,sqlite,wal_autocheckpoint_pages,1000,
sql-repeats,20261004T065357Z-f8f634b5,4,sqlite,journal_mode,WAL,
sql-repeats,20261004T065357Z-f8f634b5,4,sqlite,synchronous,NORMAL,
sql-repeats,20261004T065357Z-f8f634b5,4,sqlite,wal_autocheckpoint_pages,1000,
sql-repeats,20261004T065357Z-f8f634b5,5,sqlite,journal_mode,WAL,
sql-repeats,20261004T065357Z-f8f634b5,5,sqlite,synchronous,NORMAL,
sql-repeats,20261004T065357Z-f8f634b5,5,sqlite,wal_autocheckpoint_pages,1000,
sql-repeats,20261004T065357Z-f8f634b5,6,sqlite,journal_mode,WAL,
sql-repeats,20261004T065357Z-f8f634b5,6,sqlite,synchronous,NORMAL,
sql-repeats,20261004T065357Z-f8f634b5,6,sqlite,wal_autocheckpoint_pages,1000,
sql-repeats,20261004T065357Z-f8f634b5,7,sqlite,journal_mode,WAL,
sql-repeats,20261004T065357Z-f8f634b5,7,sqlite,synchronous,NORMAL,
sql-repeats,20261004T065357Z-f8f634b5,7,sqlite,wal_autocheckpoint_pages,1000,
sql-repeats,20261004T065357Z-f8f634b5,8,sqlite,journal_mode,WAL,
sql-repeats,20261004T065357Z-f8f634b5,8,sqlite,synchronous,NORMAL,
sql-repeats,20261004T065357Z-f8f634b5,8,sqlite,wal_autocheckpoint_pages,1000,
sql-repeats,20261004T065357Z-f8f634b5,9,sqlite,journal_mode,WAL,
sql-repeats,20261004T065357Z-f8f634b5,9,sqlite,synchronous,NORMAL,
sql-repeats,20261004T065357Z-f8f634b5,9,sqlite,wal_autocheckpoint_pages,1000,
sql-repeats,20261004T065357Z-f8f634b5,10,sqlite,journal_mode,WAL,
sql-repeats,20261004T065357Z-f8f634b5,10,sqlite,synchronous,NORMAL,
sql-repeats,20261004T065357Z-f8f634b5,10,sqlite,wal_autocheckpoint_pages,1000,
sql-repeats,20261004T065357Z-f8f634b5,11,sqlite,journal_mode,WAL,
sql-repeats,20261004T065357Z-f8f634b5,11,sqlite,synchronous,NORMAL,
sql-repeats,20261004T065357Z-f8f634b5,11,sqlite,wal_autocheckpoint_pages,1000,
sql-repeats,20261004T065357Z-f8f634b5,12,sqlite,journal_mode,WAL,
sql-repeats,20261004T065357Z-f8f634b5,12,sqlite,synchronous,NORMAL,
sql-repeats,20261004T065357Z-f8f634b5,12,sqlite,wal_autocheckpoint_pages,1000,
sql-repeats,20261004T065357Z-f8f634b5,13,sqlite,journal_mode,WAL,
sql-repeats,20261004T065357Z-f8f634b5,13,sqlite,synchronous,NORMAL,
sql-repeats,20261004T065357Z-f8f634b5,13,sqlite,wal_autocheckpoint_pages,1000,
sql-repeats,20261004T065357Z-f8f634b5,14,sqlite,journal_mode,WAL,
sql-repeats,20261004T065357Z-f8f634b5,14,sqlite,synchronous,NORMAL,
sql-repeats,20261004T065357Z-f8f634b5,14,sqlite,wal_autocheckpoint_pages,1000,
sql-repeats,20261004T065357Z-f8f634b5,15,sqlite,journal_mode,WAL,
sql-repeats,20261004T065357Z-f8f634b5,15,sqlite,synchronous,NORMAL,
sql-repeats,20261004T065357Z-f8f634b5,15,sqlite,wal_autocheckpoint_pages,1000,
sql-repeats,20261004T065357Z-f8f634b5,16,sqlite,journal_mode,WAL,
sql-repeats,20261004T065357Z-f8f634b5,16,sqlite,synchronous,NORMAL,
sql-repeats,20261004T065357Z-f8f634b5,16,sqlite,wal_autocheckpoint_pages,1000,
sql-repeats,20261004T065357Z-f8f634b5,17,sqlite,journal_mode,WAL,
sql-repeats,20261004T065357Z-f8f634b5,17,sqlite,synchronous,NORMAL,
sql-repeats,20261004T065357Z-f8f634b5,17,sqlite,wal_autocheckpoint_pages,1000,
sql-repeats,20261004T065357Z-f8f634b5,18,sqlite,journal_mode,WAL,
sql-repeats,20261004T065357Z-f8f634b5,18,sqlite,synchronous,NORMAL,
sql-repeats,20261004T065357Z-f8f634b5,18,sqlite,wal_autocheckpoint_pages,1000,
sql-repeats,20261004T065357Z-f8f634b5,19,sqlite,journal_mode,WAL,
sql-repeats,20261004T065357Z-f8f634b5,19,sqlite,synchronous,NORMAL,
sql-repeats,20261004T065357Z-f8f634b5,19,sqlite,wal_autocheckpoint_pages,1000,
sql-repeats,20261004T065357Z-f8f634b5,20,sqlite,journal_mode,WAL,
sql-repeats,20261004T065357Z-f8f634b5,20,sqlite,synchronous,NORMAL,
sql-repeats,20261004T065357Z-f8f634b5,20,sqlite,wal_autocheckpoint_pages,1000,
sql-repeats,20261004T065357Z-f8f634b5,21,sqlite,journal_mode,WAL,
sql-repeats,20261004T065357Z-f8f634b5,21,sqlite,synchronous,NORMAL,
sql-repeats,20261004T065357Z-f8f634b5,21,sqlite,wal_autocheckpoint_pages,1000,
sql-repeats,20261004T065357Z-f8f634b5,22,sqlite,journal_mode,WAL,
sql-repeats,20261004T065357Z-f8f634b5,22,sqlite,synchronous,NORMAL,
sql-repeats,20261004T065357Z-f8f634b5,22,sqlite,wal_autocheckpoint_pages,1000,
sql-repeats,20261004T065357Z-f8f634b5,23,sqlite,journal_mode,WAL,
sql-repeats,20261004T065357Z-f8f634b5,23,sqlite,synchronous,NORMAL,
sql-repeats,20261004T065357Z-f8f634b5,23,sqlite,wal_autocheckpoint_pages,1000,
sql-repeats,20261004T065357Z-f8f634b5,24,sqlite,journal_mode,WAL,
sql-repeats,20261004T065357Z-f8f634b5,24,sqlite,synchronous,NORMAL,
sql-repeats,20261004T065357Z-f8f634b5,24,sqlite,wal_autocheckpoint_pages,1000,
sql-repeats,20261004T065357Z-f8f634b5,25,sqlite,journal_mode,WAL,
sql-repeats,20261004T065357Z-f8f634b5,25,sqlite,synchronous,NORMAL,
sql-repeats,20261004T065357Z-f8f634b5,25,sqlite,wal_autocheckpoint_pages,1000,
sql-repeats,20261004T065357Z-f8f634b5,26,sqlite,journal_mode,WAL,
sql-repeats,20261004T065357Z-f8f634b5,26,sqlite,synchronous,NORMAL,
sql-repeats,20261004T065357Z-f8f634b5,26,sqlite,wal_autocheckpoint_pages,1000,
sql-repeats,20261004T065357Z-f8f634b5,27,sqlite,journal_mode,WAL,
sql-repeats,20261004T065357Z-f8f634b5,27,sqlite,synchronous,NORMAL,
sql-repeats,20261004T065357Z-f8f634b5,27,sqlite,wal_autocheckpoint_pages,1000,
sql-repeats,20261004T065357Z-f8f634b5,28,sqlite,journal_mode,WAL,
sql-repeats,20261004T065357Z-f8f634b5,28,sqlite,synchronous,NORMAL,
sql-repeats,20261004T065357Z-f8f634b5,28,sqlite,wal_autocheckpoint_pages,1000,
sql-repeats,20261004T065357Z-f8f634b5,29,sqlite,journal_mode,WAL,
sql-repeats,20261004T065357Z-f8f634b5,29,sqlite,synchronous,NORMAL,
sql-repeats,20261004T065357Z-f8f634b5,29,sqlite,wal_autocheckpoint_pages,1000,
sql-repeats,20261004T065357Z-f8f634b5,30,sqlite,journal_mode,WAL,
sql-repeats,20261004T065357Z-f8f634b5,30,sqlite,synchronous,NORMAL,
sql-repeats,20261004T065357Z-f8f634b5,30,sqlite,wal_autocheckpoint_pages,1000,
sql-repeats,20261004T065357Z-f8f634b5,31,sqlite,journal_mode,WAL,
sql-repeats,20261004T065357Z-f8f634b5,31,sqlite,synchronous,NORMAL,
sql-repeats,20261004T065357Z-f8f634b5,31,sqlite,wal_autocheckpoint_pages,1000,
sql-repeats,20261004T065357Z-f8f634b5,32,sqlite,journal_mode,WAL,
sql-repeats,20261004T065357Z-f8f634b5,32,sqlite,synchronous,NORMAL,
sql-repeats,20261004T065357Z-f8f634b5,32,sqlite,wal_autocheckpoint_pages,1000,
sql-repeats,20261004T065357Z-f8f634b5,33,sqlite,journal_mode,WAL,
sql-repeats,20261004T065357Z-f8f634b5,33,sqlite,synchronous,NORMAL,
sql-repeats,20261004T065357Z-f8f634b5,33,sqlite,wal_autocheckpoint_pages,1000,
sql-repeats,20261004T065357Z-f8f634b5,34,sqlite,journal_mode,WAL,
sql-repeats,20261004T065357Z-f8f634b5,34,sqlite,synchronous,NORMAL,
sql-repeats,20261004T065357Z-f8f634b5,34,sqlite,wal_autocheckpoint_pages,1000,
sql-repeats,20261004T065357Z-f8f634b5,35,sqlite,journal_mode,WAL,
sql-repeats,20261004T065357Z-f8f634b5,35,sqlite,synchronous,NORMAL,
sql-repeats,20261004T065357Z-f8f634b5,35,sqlite,wal_autocheckpoint_pages,1000,
sql-repeats,20261004T065357Z-f8f634b5,36,sqlite,journal_mode,WAL,
sql-repeats,20261004T065357Z-f8f634b5,36,sqlite,synchronous,NORMAL,
sql-repeats,20261004T065357Z-f8f634b5,36,sqlite,wal_autocheckpoint_pages,1000,
sql-repeats,20261004T065717Z-3083c81a,1,sqlite,journal_mode,WAL,
sql-repeats,20261004T065717Z-3083c81a,1,sqlite,synchronous,NORMAL,
sql-repeats,20261004T065717Z-3083c81a,1,sqlite,wal_autocheckpoint_pages,1000,
sql-repeats,20261004T065717Z-3083c81a,2,sqlite,journal_mode,WAL,
sql-repeats,20261004T065717Z-3083c81a,2,sqlite,synchronous,NORMAL,
sql-repeats,20261004T065717Z-3083c81a,2,sqlite,wal_autocheckpoint_pages,1000,
sql-repeats,20261004T065717Z-3083c81a,3,sqlite,journal_mode,WAL,
sql-repeats,20261004T065717Z-3083c81a,3,sqlite,synchronous,NORMAL,
sql-repeats,20261004T065717Z-3083c81a,3,sqlite,wal_autocheckpoint_pages,1000,
sql-repeats,20261004T065717Z-3083c81a,4,sqlite,journal_mode,WAL,
sql-repeats,20261004T065717Z-3083c81a,4,sqlite,synchronous,NORMAL,
sql-repeats,20261004T065717Z-3083c81a,4,sqlite,wal_autocheckpoint_pages,1000,
sql-repeats,20261004T065717Z-3083c81a,5,sqlite,journal_mode,WAL,
sql-repeats,20261004T065717Z-3083c81a,5,sqlite,synchronous,NORMAL,
sql-repeats,20261004T065717Z-3083c81a,5,sqlite,wal_autocheckpoint_pages,1000,
sql-repeats,20261004T065717Z-3083c81a,6,sqlite,journal_mode,WAL,
sql-repeats,20261004T065717Z-3083c81a,6,sqlite,synchronous,NORMAL,
sql-repeats,20261004T065717Z-3083c81a,6,sqlite,wal_autocheckpoint_pages,1000,
sql-repeats,20261004T065717Z-3083c81a,7,sqlite,journal_mode,WAL,
sql-repeats,20261004T065717Z-3083c81a,7,sqlite,synchronous,NORMAL,
sql-repeats,20261004T065717Z-3083c81a,7,sqlite,wal_autocheckpoint_pages,1000,
sql-repeats,20261004T065717Z-3083c81a,8,sqlite,journal_mode,WAL,
sql-repeats,20261004T065717Z-3083c81a,8,sqlite,synchronous,NORMAL,
sql-repeats,20261004T065717Z-3083c81a,8,sqlite,wal_autocheckpoint_pages,1000,
sql-repeats,20261004T065717Z-3083c81a,9,sqlite,journal_mode,WAL,
sql-repeats,20261004T065717Z-3083c81a,9,sqlite,synchronous,NORMAL,
sql-repeats,20261004T065717Z-3083c81a,9,sqlite,wal_autocheckpoint_pages,1000,
sql-repeats,20261004T065717Z-3083c81a,10,sqlite,journal_mode,WAL,
sql-repeats,20261004T065717Z-3083c81a,10,sqlite,synchronous,NORMAL,
sql-repeats,20261004T065717Z-3083c81a,10,sqlite,wal_autocheckpoint_pages,1000,
sql-repeats,20261004T065717Z-3083c81a,11,sqlite,journal_mode,WAL,
sql-repeats,20261004T065717Z-3083c81a,11,sqlite,synchronous,NORMAL,
sql-repeats,20261004T065717Z-3083c81a,11,sqlite,wal_autocheckpoint_pages,1000,
sql-repeats,20261004T065717Z-3083c81a,12,sqlite,journal_mode,WAL,
sql-repeats,20261004T065717Z-3083c81a,12,sqlite,synchronous,NORMAL,
sql-repeats,20261004T065717Z-3083c81a,12,sqlite,wal_autocheckpoint_pages,1000,
sql-repeats,20261004T065717Z-3083c81a,13,sqlite,journal_mode,WAL,
sql-repeats,20261004T065717Z-3083c81a,13,sqlite,synchronous,NORMAL,
sql-repeats,20261004T065717Z-3083c81a,13,sqlite,wal_autocheckpoint_pages,1000,
sql-repeats,20261004T065717Z-3083c81a,14,sqlite,journal_mode,WAL,
sql-repeats,20261004T065717Z-3083c81a,14,sqlite,synchronous,NORMAL,
sql-repeats,20261004T065717Z-3083c81a,14,sqlite,wal_autocheckpoint_pages,1000,
sql-repeats,20261004T065717Z-3083c81a,15,sqlite,journal_mode,WAL,
sql-repeats,20261004T065717Z-3083c81a,15,sqlite,synchronous,NORMAL,
sql-repeats,20261004T065717Z-3083c81a,15,sqlite,wal_autocheckpoint_pages,1000,
sql-repeats,20261004T065717Z-3083c81a,16,sqlite,journal_mode,WAL,
sql-repeats,20261004T065717Z-3083c81a,16,sqlite,synchronous,NORMAL,
sql-repeats,20261004T065717Z-3083c81a,16,sqlite,wal_autocheckpoint_pages,1000,
sql-repeats,20261004T065717Z-3083c81a,17,sqlite,journal_mode,WAL,
sql-repeats,20261004T065717Z-3083c81a,17,sqlite,synchronous,NORMAL,
sql-repeats,20261004T065717Z-3083c81a,17,sqlite,wal_autocheckpoint_pages,1000,
sql-repeats,20261004T065717Z-3083c81a,18,sqlite,journal_mode,WAL,
sql-repeats,20261004T065717Z-3083c81a,18,sqlite,synchronous,NORMAL,
sql-repeats,20261004T065717Z-3083c81a,18,sqlite,wal_autocheckpoint_pages,1000,
sql-repeats,20261004T065717Z-3083c81a,19,sqlite,journal_mode,WAL,
sql-repeats,20261004T065717Z-3083c81a,19,sqlite,synchronous,NORMAL,
sql-repeats,20261004T065717Z-3083c81a,19,sqlite,wal_autocheckpoint_pages,1000,
sql-repeats,20261004T065717Z-3083c81a,20,sqlite,journal_mode,WAL,
sql-repeats,20261004T065717Z-3083c81a,20,sqlite,synchronous,NORMAL,
sql-repeats,20261004T065717Z-3083c81a,20,sqlite,wal_autocheckpoint_pages,1000,
sql-repeats,20261004T065717Z-3083c81a,21,sqlite,journal_mode,WAL,
sql-repeats,20261004T065717Z-3083c81a,21,sqlite,synchronous,NORMAL,
sql-repeats,20261004T065717Z-3083c81a,21,sqlite,wal_autocheckpoint_pages,1000,
sql-repeats,20261004T065717Z-3083c81a,22,sqlite,journal_mode,WAL,
sql-repeats,20261004T065717Z-3083c81a,22,sqlite,synchronous,NORMAL,
sql-repeats,20261004T065717Z-3083c81a,22,sqlite,wal_autocheckpoint_pages,1000,
sql-repeats,20261004T065717Z-3083c81a,23,sqlite,journal_mode,WAL,
sql-repeats,20261004T065717Z-3083c81a,23,sqlite,synchronous,NORMAL,
sql-repeats,20261004T065717Z-3083c81a,23,sqlite,wal_autocheckpoint_pages,1000,
sql-repeats,20261004T065717Z-3083c81a,24,sqlite,journal_mode,WAL,
sql-repeats,20261004T065717Z-3083c81a,24,sqlite,synchronous,NORMAL,
sql-repeats,20261004T065717Z-3083c81a,24,sqlite,wal_autocheckpoint_pages,1000,
sql-repeats,20261004T065717Z-3083c81a,25,sqlite,journal_mode,WAL,
sql-repeats,20261004T065717Z-3083c81a,25,sqlite,synchronous,NORMAL,
sql-repeats,20261004T065717Z-3083c81a,25,sqlite,wal_autocheckpoint_pages,1000,
sql-repeats,20261004T065717Z-3083c81a,26,sqlite,journal_mode,WAL,
sql-repeats,20261004T065717Z-3083c81a,26,sqlite,synchronous,NORMAL,
sql-repeats,20261004T065717Z-3083c81a,26,sqlite,wal_autocheckpoint_pages,1000,
sql-repeats,20261004T065717Z-3083c81a,27,sqlite,journal_mode,WAL,
sql-repeats,20261004T065717Z-3083c81a,27,sqlite,synchronous,NORMAL,
sql-repeats,20261004T065717Z-3083c81a,27,sqlite,wal_autocheckpoint_pages,1000,
sql-repeats,20261004T065717Z-3083c81a,28,sqlite,journal_mode,WAL,
sql-repeats,20261004T065717Z-3083c81a,28,sqlite,synchronous,NORMAL,
sql-repeats,20261004T065717Z-3083c81a,28,sqlite,wal_autocheckpoint_pages,1000,
sql-repeats,20261004T065717Z-3083c81a,29,sqlite,journal_mode,WAL,
sql-repeats,20261004T065717Z-3083c81a,29,sqlite,synchronous,NORMAL,
sql-repeats,20261004T065717Z-3083c81a,29,sqlite,wal_autocheckpoint_pages,1000,
sql-repeats,20261004T065717Z-3083c81a,30,sqlite,journal_mode,WAL,
sql-repeats,20261004T065717Z-3083c81a,30,sqlite,synchronous,NORMAL,
sql-repeats,20261004T065717Z-3083c81a,30,sqlite,wal_autocheckpoint_pages,1000,
sql-repeats,20261004T065717Z-3083c81a,31,sqlite,journal_mode,WAL,
sql-repeats,20261004T065717Z-3083c81a,31,sqlite,synchronous,NORMAL,
sql-repeats,20261004T065717Z-3083c81a,31,sqlite,wal_autocheckpoint_pages,1000,
sql-repeats,20261004T065717Z-3083c81a,32,sqlite,journal_mode,WAL,
sql-repeats,20261004T065717Z-3083c81a,32,sqlite,synchronous,NORMAL,
sql-repeats,20261004T065717Z-3083c81a,32,sqlite,wal_autocheckpoint_pages,1000,
sql-repeats,20261004T065717Z-3083c81a,33,sqlite,journal_mode,WAL,
sql-repeats,20261004T065717Z-3083c81a,33,sqlite,synchronous,NORMAL,
sql-repeats,20261004T065717Z-3083c81a,33,sqlite,wal_autocheckpoint_pages,1000,
sql-repeats,20261004T065717Z-3083c81a,34,sqlite,journal_mode,WAL,
sql-repeats,20261004T065717Z-3083c81a,34,sqlite,synchronous,NORMAL,
sql-repeats,20261004T065717Z-3083c81a,34,sqlite,wal_autocheckpoint_pages,1000,
sql-repeats,20261004T065717Z-3083c81a,35,sqlite,journal_mode,WAL,
sql-repeats,20261004T065717Z-3083c81a,35,sqlite,synchronous,NORMAL,
sql-repeats,20261004T065717Z-3083c81a,35,sqlite,wal_autocheckpoint_pages,1000,
sql-repeats,20261004T065717Z-3083c81a,36,sqlite,journal_mode,WAL,
sql-repeats,20261004T065717Z-3083c81a,36,sqlite,synchronous,NORMAL,
sql-repeats,20261004T065717Z-3083c81a,36,sqlite,wal_autocheckpoint_pages,1000,
sql-repeats,20261004T070039Z-860165ce,1,postgresql,autovacuum,on,
sql-repeats,20261004T070039Z-860165ce,1,postgresql,checkpoint_timeout,300,s
sql-repeats,20261004T070039Z-860165ce,1,postgresql,data_directory,/pgwork/data,
sql-repeats,20261004T070039Z-860165ce,1,postgresql,fsync,on,
sql-repeats,20261004T070039Z-860165ce,1,postgresql,full_page_writes,on,
sql-repeats,20261004T070039Z-860165ce,1,postgresql,listen_addresses,,
sql-repeats,20261004T070039Z-860165ce,1,postgresql,max_connections,100,
sql-repeats,20261004T070039Z-860165ce,1,postgresql,max_wal_size,1024,MB
sql-repeats,20261004T070039Z-860165ce,1,postgresql,shared_buffers,16384,8kB
sql-repeats,20261004T070039Z-860165ce,1,postgresql,synchronous_commit,on,
sql-repeats,20261004T070039Z-860165ce,1,postgresql,unix_socket_directories,/pgsocket,
sql-repeats,20261004T070039Z-860165ce,2,postgresql,autovacuum,on,
sql-repeats,20261004T070039Z-860165ce,2,postgresql,checkpoint_timeout,300,s
sql-repeats,20261004T070039Z-860165ce,2,postgresql,data_directory,/pgwork/data,
sql-repeats,20261004T070039Z-860165ce,2,postgresql,fsync,on,
sql-repeats,20261004T070039Z-860165ce,2,postgresql,full_page_writes,on,
sql-repeats,20261004T070039Z-860165ce,2,postgresql,listen_addresses,,
sql-repeats,20261004T070039Z-860165ce,2,postgresql,max_connections,100,
sql-repeats,20261004T070039Z-860165ce,2,postgresql,max_wal_size,1024,MB
sql-repeats,20261004T070039Z-860165ce,2,postgresql,shared_buffers,16384,8kB
sql-repeats,20261004T070039Z-860165ce,2,postgresql,synchronous_commit,on,
sql-repeats,20261004T070039Z-860165ce,2,postgresql,unix_socket_directories,/pgsocket,
sql-repeats,20261004T070039Z-860165ce,3,postgresql,autovacuum,on,
sql-repeats,20261004T070039Z-860165ce,3,postgresql,checkpoint_timeout,300,s
sql-repeats,20261004T070039Z-860165ce,3,postgresql,data_directory,/pgwork/data,
sql-repeats,20261004T070039Z-860165ce,3,postgresql,fsync,on,
sql-repeats,20261004T070039Z-860165ce,3,postgresql,full_page_writes,on,
sql-repeats,20261004T070039Z-860165ce,3,postgresql,listen_addresses,,
sql-repeats,20261004T070039Z-860165ce,3,postgresql,max_connections,100,
sql-repeats,20261004T070039Z-860165ce,3,postgresql,max_wal_size,1024,MB
sql-repeats,20261004T070039Z-860165ce,3,postgresql,shared_buffers,16384,8kB
sql-repeats,20261004T070039Z-860165ce,3,postgresql,synchronous_commit,on,
sql-repeats,20261004T070039Z-860165ce,3,postgresql,unix_socket_directories,/pgsocket,
sql-repeats,20261004T070039Z-860165ce,4,postgresql,autovacuum,on,
sql-repeats,20261004T070039Z-860165ce,4,postgresql,checkpoint_timeout,300,s
sql-repeats,20261004T070039Z-860165ce,4,postgresql,data_directory,/pgwork/data,
sql-repeats,20261004T070039Z-860165ce,4,postgresql,fsync,on,
sql-repeats,20261004T070039Z-860165ce,4,postgresql,full_page_writes,on,
sql-repeats,20261004T070039Z-860165ce,4,postgresql,listen_addresses,,
sql-repeats,20261004T070039Z-860165ce,4,postgresql,max_connections,100,
sql-repeats,20261004T070039Z-860165ce,4,postgresql,max_wal_size,1024,MB
sql-repeats,20261004T070039Z-860165ce,4,postgresql,shared_buffers,16384,8kB
sql-repeats,20261004T070039Z-860165ce,4,postgresql,synchronous_commit,on,
sql-repeats,20261004T070039Z-860165ce,4,postgresql,unix_socket_directories,/pgsocket,
sql-repeats,20261004T070039Z-860165ce,5,postgresql,autovacuum,on,
sql-repeats,20261004T070039Z-860165ce,5,postgresql,checkpoint_timeout,300,s
sql-repeats,20261004T070039Z-860165ce,5,postgresql,data_directory,/pgwork/data,
sql-repeats,20261004T070039Z-860165ce,5,postgresql,fsync,on,
sql-repeats,20261004T070039Z-860165ce,5,postgresql,full_page_writes,on,
sql-repeats,20261004T070039Z-860165ce,5,postgresql,listen_addresses,,
sql-repeats,20261004T070039Z-860165ce,5,postgresql,max_connections,100,
sql-repeats,20261004T070039Z-860165ce,5,postgresql,max_wal_size,1024,MB
sql-repeats,20261004T070039Z-860165ce,5,postgresql,shared_buffers,16384,8kB
sql-repeats,20261004T070039Z-860165ce,5,postgresql,synchronous_commit,on,
sql-repeats,20261004T070039Z-860165ce,5,postgresql,unix_socket_directories,/pgsocket,
sql-repeats,20261004T070039Z-860165ce,6,postgresql,autovacuum,on,
sql-repeats,20261004T070039Z-860165ce,6,postgresql,checkpoint_timeout,300,s
sql-repeats,20261004T070039Z-860165ce,6,postgresql,data_directory,/pgwork/data,
sql-repeats,20261004T070039Z-860165ce,6,postgresql,fsync,on,
sql-repeats,20261004T070039Z-860165ce,6,postgresql,full_page_writes,on,
sql-repeats,20261004T070039Z-860165ce,6,postgresql,listen_addresses,,
sql-repeats,20261004T070039Z-860165ce,6,postgresql,max_connections,100,
sql-repeats,20261004T070039Z-860165ce,6,postgresql,max_wal_size,1024,MB
sql-repeats,20261004T070039Z-860165ce,6,postgresql,shared_buffers,16384,8kB
sql-repeats,20261004T070039Z-860165ce,6,postgresql,synchronous_commit,on,
sql-repeats,20261004T070039Z-860165ce,6,postgresql,unix_socket_directories,/pgsocket,
sql-repeats,20261004T070039Z-860165ce,7,postgresql,autovacuum,on,
sql-repeats,20261004T070039Z-860165ce,7,postgresql,checkpoint_timeout,300,s
sql-repeats,20261004T070039Z-860165ce,7,postgresql,data_directory,/pgwork/data,
sql-repeats,20261004T070039Z-860165ce,7,postgresql,fsync,on,
sql-repeats,20261004T070039Z-860165ce,7,postgresql,full_page_writes,on,
sql-repeats,20261004T070039Z-860165ce,7,postgresql,listen_addresses,,
sql-repeats,20261004T070039Z-860165ce,7,postgresql,max_connections,100,
sql-repeats,20261004T070039Z-860165ce,7,postgresql,max_wal_size,1024,MB
sql-repeats,20261004T070039Z-860165ce,7,postgresql,shared_buffers,16384,8kB
sql-repeats,20261004T070039Z-860165ce,7,postgresql,synchronous_commit,on,
sql-repeats,20261004T070039Z-860165ce,7,postgresql,unix_socket_directories,/pgsocket,
sql-repeats,20261004T070039Z-860165ce,8,postgresql,autovacuum,on,
sql-repeats,20261004T070039Z-860165ce,8,postgresql,checkpoint_timeout,300,s
sql-repeats,20261004T070039Z-860165ce,8,postgresql,data_directory,/pgwork/data,
sql-repeats,20261004T070039Z-860165ce,8,postgresql,fsync,on,
sql-repeats,20261004T070039Z-860165ce,8,postgresql,full_page_writes,on,
sql-repeats,20261004T070039Z-860165ce,8,postgresql,listen_addresses,,
sql-repeats,20261004T070039Z-860165ce,8,postgresql,max_connections,100,
sql-repeats,20261004T070039Z-860165ce,8,postgresql,max_wal_size,1024,MB
sql-repeats,20261004T070039Z-860165ce,8,postgresql,shared_buffers,16384,8kB
sql-repeats,20261004T070039Z-860165ce,8,postgresql,synchronous_commit,on,
sql-repeats,20261004T070039Z-860165ce,8,postgresql,unix_socket_directories,/pgsocket,
sql-repeats,20261004T070039Z-860165ce,9,postgresql,autovacuum,on,
sql-repeats,20261004T070039Z-860165ce,9,postgresql,checkpoint_timeout,300,s
sql-repeats,20261004T070039Z-860165ce,9,postgresql,data_directory,/pgwork/data,
sql-repeats,20261004T070039Z-860165ce,9,postgresql,fsync,on,
sql-repeats,20261004T070039Z-860165ce,9,postgresql,full_page_writes,on,
sql-repeats,20261004T070039Z-860165ce,9,postgresql,listen_addresses,,
sql-repeats,20261004T070039Z-860165ce,9,postgresql,max_connections,100,
sql-repeats,20261004T070039Z-860165ce,9,postgresql,max_wal_size,1024,MB
sql-repeats,20261004T070039Z-860165ce,9,postgresql,shared_buffers,16384,8kB
sql-repeats,20261004T070039Z-860165ce,9,postgresql,synchronous_commit,on,
sql-repeats,20261004T070039Z-860165ce,9,postgresql,unix_socket_directories,/pgsocket,
sql-repeats,20261004T070039Z-860165ce,10,postgresql,autovacuum,on,
sql-repeats,20261004T070039Z-860165ce,10,postgresql,checkpoint_timeout,300,s
sql-repeats,20261004T070039Z-860165ce,10,postgresql,data_directory,/pgwork/data,
sql-repeats,20261004T070039Z-860165ce,10,postgresql,fsync,on,
sql-repeats,20261004T070039Z-860165ce,10,postgresql,full_page_writes,on,
sql-repeats,20261004T070039Z-860165ce,10,postgresql,listen_addresses,,
sql-repeats,20261004T070039Z-860165ce,10,postgresql,max_connections,100,
sql-repeats,20261004T070039Z-860165ce,10,postgresql,max_wal_size,1024,MB
sql-repeats,20261004T070039Z-860165ce,10,postgresql,shared_buffers,16384,8kB
sql-repeats,20261004T070039Z-860165ce,10,postgresql,synchronous_commit,on,
sql-repeats,20261004T070039Z-860165ce,10,postgresql,unix_socket_directories,/pgsocket,
sql-repeats,20261004T070039Z-860165ce,11,postgresql,autovacuum,on,
sql-repeats,20261004T070039Z-860165ce,11,postgresql,checkpoint_timeout,300,s
sql-repeats,20261004T070039Z-860165ce,11,postgresql,data_directory,/pgwork/data,
sql-repeats,20261004T070039Z-860165ce,11,postgresql,fsync,on,
sql-repeats,20261004T070039Z-860165ce,11,postgresql,full_page_writes,on,
sql-repeats,20261004T070039Z-860165ce,11,postgresql,listen_addresses,,
sql-repeats,20261004T070039Z-860165ce,11,postgresql,max_connections,100,
sql-repeats,20261004T070039Z-860165ce,11,postgresql,max_wal_size,1024,MB
sql-repeats,20261004T070039Z-860165ce,11,postgresql,shared_buffers,16384,8kB
sql-repeats,20261004T070039Z-860165ce,11,postgresql,synchronous_commit,on,
sql-repeats,20261004T070039Z-860165ce,11,postgresql,unix_socket_directories,/pgsocket,
sql-repeats,20261004T070039Z-860165ce,12,postgresql,autovacuum,on,
sql-repeats,20261004T070039Z-860165ce,12,postgresql,checkpoint_timeout,300,s
sql-repeats,20261004T070039Z-860165ce,12,postgresql,data_directory,/pgwork/data,
sql-repeats,20261004T070039Z-860165ce,12,postgresql,fsync,on,
sql-repeats,20261004T070039Z-860165ce,12,postgresql,full_page_writes,on,
sql-repeats,20261004T070039Z-860165ce,12,postgresql,listen_addresses,,
sql-repeats,20261004T070039Z-860165ce,12,postgresql,max_connections,100,
sql-repeats,20261004T070039Z-860165ce,12,postgresql,max_wal_size,1024,MB
sql-repeats,20261004T070039Z-860165ce,12,postgresql,shared_buffers,16384,8kB
sql-repeats,20261004T070039Z-860165ce,12,postgresql,synchronous_commit,on,
sql-repeats,20261004T070039Z-860165ce,12,postgresql,unix_socket_directories,/pgsocket,
sql-repeats,20261004T070039Z-860165ce,13,postgresql,autovacuum,on,
sql-repeats,20261004T070039Z-860165ce,13,postgresql,checkpoint_timeout,300,s
sql-repeats,20261004T070039Z-860165ce,13,postgresql,data_directory,/pgwork/data,
sql-repeats,20261004T070039Z-860165ce,13,postgresql,fsync,on,
sql-repeats,20261004T070039Z-860165ce,13,postgresql,full_page_writes,on,
sql-repeats,20261004T070039Z-860165ce,13,postgresql,listen_addresses,,
sql-repeats,20261004T070039Z-860165ce,13,postgresql,max_connections,100,
sql-repeats,20261004T070039Z-860165ce,13,postgresql,max_wal_size,1024,MB
sql-repeats,20261004T070039Z-860165ce,13,postgresql,shared_buffers,16384,8kB
sql-repeats,20261004T070039Z-860165ce,13,postgresql,synchronous_commit,on,
sql-repeats,20261004T070039Z-860165ce,13,postgresql,unix_socket_directories,/pgsocket,
sql-repeats,20261004T070039Z-860165ce,14,postgresql,autovacuum,on,
sql-repeats,20261004T070039Z-860165ce,14,postgresql,checkpoint_timeout,300,s
sql-repeats,20261004T070039Z-860165ce,14,postgresql,data_directory,/pgwork/data,
sql-repeats,20261004T070039Z-860165ce,14,postgresql,fsync,on,
sql-repeats,20261004T070039Z-860165ce,14,postgresql,full_page_writes,on,
sql-repeats,20261004T070039Z-860165ce,14,postgresql,listen_addresses,,
sql-repeats,20261004T070039Z-860165ce,14,postgresql,max_connections,100,
sql-repeats,20261004T070039Z-860165ce,14,postgresql,max_wal_size,1024,MB
sql-repeats,20261004T070039Z-860165ce,14,postgresql,shared_buffers,16384,8kB
sql-repeats,20261004T070039Z-860165ce,14,postgresql,synchronous_commit,on,
sql-repeats,20261004T070039Z-860165ce,14,postgresql,unix_socket_directories,/pgsocket,
sql-repeats,20261004T070039Z-860165ce,15,postgresql,autovacuum,on,
sql-repeats,20261004T070039Z-860165ce,15,postgresql,checkpoint_timeout,300,s
sql-repeats,20261004T070039Z-860165ce,15,postgresql,data_directory,/pgwork/data,
sql-repeats,20261004T070039Z-860165ce,15,postgresql,fsync,on,
sql-repeats,20261004T070039Z-860165ce,15,postgresql,full_page_writes,on,
sql-repeats,20261004T070039Z-860165ce,15,postgresql,listen_addresses,,
sql-repeats,20261004T070039Z-860165ce,15,postgresql,max_connections,100,
sql-repeats,20261004T070039Z-860165ce,15,postgresql,max_wal_size,1024,MB
sql-repeats,20261004T070039Z-860165ce,15,postgresql,shared_buffers,16384,8kB
sql-repeats,20261004T070039Z-860165ce,15,postgresql,synchronous_commit,on,
sql-repeats,20261004T070039Z-860165ce,15,postgresql,unix_socket_directories,/pgsocket,
sql-repeats,20261004T070039Z-860165ce,16,postgresql,autovacuum,on,
sql-repeats,20261004T070039Z-860165ce,16,postgresql,checkpoint_timeout,300,s
sql-repeats,20261004T070039Z-860165ce,16,postgresql,data_directory,/pgwork/data,
sql-repeats,20261004T070039Z-860165ce,16,postgresql,fsync,on,
sql-repeats,20261004T070039Z-860165ce,16,postgresql,full_page_writes,on,
sql-repeats,20261004T070039Z-860165ce,16,postgresql,listen_addresses,,
sql-repeats,20261004T070039Z-860165ce,16,postgresql,max_connections,100,
sql-repeats,20261004T070039Z-860165ce,16,postgresql,max_wal_size,1024,MB
sql-repeats,20261004T070039Z-860165ce,16,postgresql,shared_buffers,16384,8kB
sql-repeats,20261004T070039Z-860165ce,16,postgresql,synchronous_commit,on,
sql-repeats,20261004T070039Z-860165ce,16,postgresql,unix_socket_directories,/pgsocket,
sql-repeats,20261004T070039Z-860165ce,17,postgresql,autovacuum,on,
sql-repeats,20261004T070039Z-860165ce,17,postgresql,checkpoint_timeout,300,s
sql-repeats,20261004T070039Z-860165ce,17,postgresql,data_directory,/pgwork/data,
sql-repeats,20261004T070039Z-860165ce,17,postgresql,fsync,on,
sql-repeats,20261004T070039Z-860165ce,17,postgresql,full_page_writes,on,
sql-repeats,20261004T070039Z-860165ce,17,postgresql,listen_addresses,,
sql-repeats,20261004T070039Z-860165ce,17,postgresql,max_connections,100,
sql-repeats,20261004T070039Z-860165ce,17,postgresql,max_wal_size,1024,MB
sql-repeats,20261004T070039Z-860165ce,17,postgresql,shared_buffers,16384,8kB
sql-repeats,20261004T070039Z-860165ce,17,postgresql,synchronous_commit,on,
sql-repeats,20261004T070039Z-860165ce,17,postgresql,unix_socket_directories,/pgsocket,
sql-repeats,20261004T070039Z-860165ce,18,postgresql,autovacuum,on,
sql-repeats,20261004T070039Z-860165ce,18,postgresql,checkpoint_timeout,300,s
sql-repeats,20261004T070039Z-860165ce,18,postgresql,data_directory,/pgwork/data,
sql-repeats,20261004T070039Z-860165ce,18,postgresql,fsync,on,
sql-repeats,20261004T070039Z-860165ce,18,postgresql,full_page_writes,on,
sql-repeats,20261004T070039Z-860165ce,18,postgresql,listen_addresses,,
sql-repeats,20261004T070039Z-860165ce,18,postgresql,max_connections,100,
sql-repeats,20261004T070039Z-860165ce,18,postgresql,max_wal_size,1024,MB
sql-repeats,20261004T070039Z-860165ce,18,postgresql,shared_buffers,16384,8kB
sql-repeats,20261004T070039Z-860165ce,18,postgresql,synchronous_commit,on,
sql-repeats,20261004T070039Z-860165ce,18,postgresql,unix_socket_directories,/pgsocket,
sql-repeats,20261004T070039Z-860165ce,19,postgresql,autovacuum,on,
sql-repeats,20261004T070039Z-860165ce,19,postgresql,checkpoint_timeout,300,s
sql-repeats,20261004T070039Z-860165ce,19,postgresql,data_directory,/pgwork/data,
sql-repeats,20261004T070039Z-860165ce,19,postgresql,fsync,on,
sql-repeats,20261004T070039Z-860165ce,19,postgresql,full_page_writes,on,
sql-repeats,20261004T070039Z-860165ce,19,postgresql,listen_addresses,,
sql-repeats,20261004T070039Z-860165ce,19,postgresql,max_connections,100,
sql-repeats,20261004T070039Z-860165ce,19,postgresql,max_wal_size,1024,MB
sql-repeats,20261004T070039Z-860165ce,19,postgresql,shared_buffers,16384,8kB
sql-repeats,20261004T070039Z-860165ce,19,postgresql,synchronous_commit,on,
sql-repeats,20261004T070039Z-860165ce,19,postgresql,unix_socket_directories,/pgsocket,
sql-repeats,20261004T070039Z-860165ce,20,postgresql,autovacuum,on,
sql-repeats,20261004T070039Z-860165ce,20,postgresql,checkpoint_timeout,300,s
sql-repeats,20261004T070039Z-860165ce,20,postgresql,data_directory,/pgwork/data,
sql-repeats,20261004T070039Z-860165ce,20,postgresql,fsync,on,
sql-repeats,20261004T070039Z-860165ce,20,postgresql,full_page_writes,on,
sql-repeats,20261004T070039Z-860165ce,20,postgresql,listen_addresses,,
sql-repeats,20261004T070039Z-860165ce,20,postgresql,max_connections,100,
sql-repeats,20261004T070039Z-860165ce,20,postgresql,max_wal_size,1024,MB
sql-repeats,20261004T070039Z-860165ce,20,postgresql,shared_buffers,16384,8kB
sql-repeats,20261004T070039Z-860165ce,20,postgresql,synchronous_commit,on,
sql-repeats,20261004T070039Z-860165ce,20,postgresql,unix_socket_directories,/pgsocket,
sql-repeats,20261004T070039Z-860165ce,21,postgresql,autovacuum,on,
sql-repeats,20261004T070039Z-860165ce,21,postgresql,checkpoint_timeout,300,s
sql-repeats,20261004T070039Z-860165ce,21,postgresql,data_directory,/pgwork/data,
sql-repeats,20261004T070039Z-860165ce,21,postgresql,fsync,on,
sql-repeats,20261004T070039Z-860165ce,21,postgresql,full_page_writes,on,
sql-repeats,20261004T070039Z-860165ce,21,postgresql,listen_addresses,,
sql-repeats,20261004T070039Z-860165ce,21,postgresql,max_connections,100,
sql-repeats,20261004T070039Z-860165ce,21,postgresql,max_wal_size,1024,MB
sql-repeats,20261004T070039Z-860165ce,21,postgresql,shared_buffers,16384,8kB
sql-repeats,20261004T070039Z-860165ce,21,postgresql,synchronous_commit,on,
sql-repeats,20261004T070039Z-860165ce,21,postgresql,unix_socket_directories,/pgsocket,
sql-repeats,20261004T070039Z-860165ce,22,postgresql,autovacuum,on,
sql-repeats,20261004T070039Z-860165ce,22,postgresql,checkpoint_timeout,300,s
sql-repeats,20261004T070039Z-860165ce,22,postgresql,data_directory,/pgwork/data,
sql-repeats,20261004T070039Z-860165ce,22,postgresql,fsync,on,
sql-repeats,20261004T070039Z-860165ce,22,postgresql,full_page_writes,on,
sql-repeats,20261004T070039Z-860165ce,22,postgresql,listen_addresses,,
sql-repeats,20261004T070039Z-860165ce,22,postgresql,max_connections,100,
sql-repeats,20261004T070039Z-860165ce,22,postgresql,max_wal_size,1024,MB
sql-repeats,20261004T070039Z-860165ce,22,postgresql,shared_buffers,16384,8kB
sql-repeats,20261004T070039Z-860165ce,22,postgresql,synchronous_commit,on,
sql-repeats,20261004T070039Z-860165ce,22,postgresql,unix_socket_directories,/pgsocket,
sql-repeats,20261004T070039Z-860165ce,23,postgresql,autovacuum,on,
sql-repeats,20261004T070039Z-860165ce,23,postgresql,checkpoint_timeout,300,s
sql-repeats,20261004T070039Z-860165ce,23,postgresql,data_directory,/pgwork/data,
sql-repeats,20261004T070039Z-860165ce,23,postgresql,fsync,on,
sql-repeats,20261004T070039Z-860165ce,23,postgresql,full_page_writes,on,
sql-repeats,20261004T070039Z-860165ce,23,postgresql,listen_addresses,,
sql-repeats,20261004T070039Z-860165ce,23,postgresql,max_connections,100,
sql-repeats,20261004T070039Z-860165ce,23,postgresql,max_wal_size,1024,MB
sql-repeats,20261004T070039Z-860165ce,23,postgresql,shared_buffers,16384,8kB
sql-repeats,20261004T070039Z-860165ce,23,postgresql,synchronous_commit,on,
sql-repeats,20261004T070039Z-860165ce,23,postgresql,unix_socket_directories,/pgsocket,
sql-repeats,20261004T070039Z-860165ce,24,postgresql,autovacuum,on,
sql-repeats,20261004T070039Z-860165ce,24,postgresql,checkpoint_timeout,300,s
sql-repeats,20261004T070039Z-860165ce,24,postgresql,data_directory,/pgwork/data,
sql-repeats,20261004T070039Z-860165ce,24,postgresql,fsync,on,
sql-repeats,20261004T070039Z-860165ce,24,postgresql,full_page_writes,on,
sql-repeats,20261004T070039Z-860165ce,24,postgresql,listen_addresses,,
sql-repeats,20261004T070039Z-860165ce,24,postgresql,max_connections,100,
sql-repeats,20261004T070039Z-860165ce,24,postgresql,max_wal_size,1024,MB
sql-repeats,20261004T070039Z-860165ce,24,postgresql,shared_buffers,16384,8kB
sql-repeats,20261004T070039Z-860165ce,24,postgresql,synchronous_commit,on,
sql-repeats,20261004T070039Z-860165ce,24,postgresql,unix_socket_directories,/pgsocket,
sql-repeats,20261004T070039Z-860165ce,25,postgresql,autovacuum,on,
sql-repeats,20261004T070039Z-860165ce,25,postgresql,checkpoint_timeout,300,s
sql-repeats,20261004T070039Z-860165ce,25,postgresql,data_directory,/pgwork/data,
sql-repeats,20261004T070039Z-860165ce,25,postgresql,fsync,on,
sql-repeats,20261004T070039Z-860165ce,25,postgresql,full_page_writes,on,
sql-repeats,20261004T070039Z-860165ce,25,postgresql,listen_addresses,,
sql-repeats,20261004T070039Z-860165ce,25,postgresql,max_connections,100,
sql-repeats,20261004T070039Z-860165ce,25,postgresql,max_wal_size,1024,MB
sql-repeats,20261004T070039Z-860165ce,25,postgresql,shared_buffers,16384,8kB
sql-repeats,20261004T070039Z-860165ce,25,postgresql,synchronous_commit,on,
sql-repeats,20261004T070039Z-860165ce,25,postgresql,unix_socket_directories,/pgsocket,
sql-repeats,20261004T070039Z-860165ce,26,postgresql,autovacuum,on,
sql-repeats,20261004T070039Z-860165ce,26,postgresql,checkpoint_timeout,300,s
sql-repeats,20261004T070039Z-860165ce,26,postgresql,data_directory,/pgwork/data,
sql-repeats,20261004T070039Z-860165ce,26,postgresql,fsync,on,
sql-repeats,20261004T070039Z-860165ce,26,postgresql,full_page_writes,on,
sql-repeats,20261004T070039Z-860165ce,26,postgresql,listen_addresses,,
sql-repeats,20261004T070039Z-860165ce,26,postgresql,max_connections,100,
sql-repeats,20261004T070039Z-860165ce,26,postgresql,max_wal_size,1024,MB
sql-repeats,20261004T070039Z-860165ce,26,postgresql,shared_buffers,16384,8kB
sql-repeats,20261004T070039Z-860165ce,26,postgresql,synchronous_commit,on,
sql-repeats,20261004T070039Z-860165ce,26,postgresql,unix_socket_directories,/pgsocket,
sql-repeats,20261004T070039Z-860165ce,27,postgresql,autovacuum,on,
sql-repeats,20261004T070039Z-860165ce,27,postgresql,checkpoint_timeout,300,s
sql-repeats,20261004T070039Z-860165ce,27,postgresql,data_directory,/pgwork/data,
sql-repeats,20261004T070039Z-860165ce,27,postgresql,fsync,on,
sql-repeats,20261004T070039Z-860165ce,27,postgresql,full_page_writes,on,
sql-repeats,20261004T070039Z-860165ce,27,postgresql,listen_addresses,,
sql-repeats,20261004T070039Z-860165ce,27,postgresql,max_connections,100,
sql-repeats,20261004T070039Z-860165ce,27,postgresql,max_wal_size,1024,MB
sql-repeats,20261004T070039Z-860165ce,27,postgresql,shared_buffers,16384,8kB
sql-repeats,20261004T070039Z-860165ce,27,postgresql,synchronous_commit,on,
sql-repeats,20261004T070039Z-860165ce,27,postgresql,unix_socket_directories,/pgsocket,
sql-repeats,20261004T070039Z-860165ce,28,postgresql,autovacuum,on,
sql-repeats,20261004T070039Z-860165ce,28,postgresql,checkpoint_timeout,300,s
sql-repeats,20261004T070039Z-860165ce,28,postgresql,data_directory,/pgwork/data,
sql-repeats,20261004T070039Z-860165ce,28,postgresql,fsync,on,
sql-repeats,20261004T070039Z-860165ce,28,postgresql,full_page_writes,on,
sql-repeats,20261004T070039Z-860165ce,28,postgresql,listen_addresses,,
sql-repeats,20261004T070039Z-860165ce,28,postgresql,max_connections,100,
sql-repeats,20261004T070039Z-860165ce,28,postgresql,max_wal_size,1024,MB
sql-repeats,20261004T070039Z-860165ce,28,postgresql,shared_buffers,16384,8kB
sql-repeats,20261004T070039Z-860165ce,28,postgresql,synchronous_commit,on,
sql-repeats,20261004T070039Z-860165ce,28,postgresql,unix_socket_directories,/pgsocket,
sql-repeats,20261004T070039Z-860165ce,29,postgresql,autovacuum,on,
sql-repeats,20261004T070039Z-860165ce,29,postgresql,checkpoint_timeout,300,s
sql-repeats,20261004T070039Z-860165ce,29,postgresql,data_directory,/pgwork/data,
sql-repeats,20261004T070039Z-860165ce,29,postgresql,fsync,on,
sql-repeats,20261004T070039Z-860165ce,29,postgresql,full_page_writes,on,
sql-repeats,20261004T070039Z-860165ce,29,postgresql,listen_addresses,,
sql-repeats,20261004T070039Z-860165ce,29,postgresql,max_connections,100,
sql-repeats,20261004T070039Z-860165ce,29,postgresql,max_wal_size,1024,MB
sql-repeats,20261004T070039Z-860165ce,29,postgresql,shared_buffers,16384,8kB
sql-repeats,20261004T070039Z-860165ce,29,postgresql,synchronous_commit,on,
sql-repeats,20261004T070039Z-860165ce,29,postgresql,unix_socket_directories,/pgsocket,
sql-repeats,20261004T070039Z-860165ce,30,postgresql,autovacuum,on,
sql-repeats,20261004T070039Z-860165ce,30,postgresql,checkpoint_timeout,300,s
sql-repeats,20261004T070039Z-860165ce,30,postgresql,data_directory,/pgwork/data,
sql-repeats,20261004T070039Z-860165ce,30,postgresql,fsync,on,
sql-repeats,20261004T070039Z-860165ce,30,postgresql,full_page_writes,on,
sql-repeats,20261004T070039Z-860165ce,30,postgresql,listen_addresses,,
sql-repeats,20261004T070039Z-860165ce,30,postgresql,max_connections,100,
sql-repeats,20261004T070039Z-860165ce,30,postgresql,max_wal_size,1024,MB
sql-repeats,20261004T070039Z-860165ce,30,postgresql,shared_buffers,16384,8kB
sql-repeats,20261004T070039Z-860165ce,30,postgresql,synchronous_commit,on,
sql-repeats,20261004T070039Z-860165ce,30,postgresql,unix_socket_directories,/pgsocket,
sql-repeats,20261004T070039Z-860165ce,31,postgresql,autovacuum,on,
sql-repeats,20261004T070039Z-860165ce,31,postgresql,checkpoint_timeout,300,s
sql-repeats,20261004T070039Z-860165ce,31,postgresql,data_directory,/pgwork/data,
sql-repeats,20261004T070039Z-860165ce,31,postgresql,fsync,on,
sql-repeats,20261004T070039Z-860165ce,31,postgresql,full_page_writes,on,
sql-repeats,20261004T070039Z-860165ce,31,postgresql,listen_addresses,,
sql-repeats,20261004T070039Z-860165ce,31,postgresql,max_connections,100,
sql-repeats,20261004T070039Z-860165ce,31,postgresql,max_wal_size,1024,MB
sql-repeats,20261004T070039Z-860165ce,31,postgresql,shared_buffers,16384,8kB
sql-repeats,20261004T070039Z-860165ce,31,postgresql,synchronous_commit,on,
sql-repeats,20261004T070039Z-860165ce,31,postgresql,unix_socket_directories,/pgsocket,
sql-repeats,20261004T070039Z-860165ce,32,postgresql,autovacuum,on,
sql-repeats,20261004T070039Z-860165ce,32,postgresql,checkpoint_timeout,300,s
sql-repeats,20261004T070039Z-860165ce,32,postgresql,data_directory,/pgwork/data,
sql-repeats,20261004T070039Z-860165ce,32,postgresql,fsync,on,
sql-repeats,20261004T070039Z-860165ce,32,postgresql,full_page_writes,on,
sql-repeats,20261004T070039Z-860165ce,32,postgresql,listen_addresses,,
sql-repeats,20261004T070039Z-860165ce,32,postgresql,max_connections,100,
sql-repeats,20261004T070039Z-860165ce,32,postgresql,max_wal_size,1024,MB
sql-repeats,20261004T070039Z-860165ce,32,postgresql,shared_buffers,16384,8kB
sql-repeats,20261004T070039Z-860165ce,32,postgresql,synchronous_commit,on,
sql-repeats,20261004T070039Z-860165ce,32,postgresql,unix_socket_directories,/pgsocket,
sql-repeats,20261004T070039Z-860165ce,33,postgresql,autovacuum,on,
sql-repeats,20261004T070039Z-860165ce,33,postgresql,checkpoint_timeout,300,s
sql-repeats,20261004T070039Z-860165ce,33,postgresql,data_directory,/pgwork/data,
sql-repeats,20261004T070039Z-860165ce,33,postgresql,fsync,on,
sql-repeats,20261004T070039Z-860165ce,33,postgresql,full_page_writes,on,
sql-repeats,20261004T070039Z-860165ce,33,postgresql,listen_addresses,,
sql-repeats,20261004T070039Z-860165ce,33,postgresql,max_connections,100,
sql-repeats,20261004T070039Z-860165ce,33,postgresql,max_wal_size,1024,MB
sql-repeats,20261004T070039Z-860165ce,33,postgresql,shared_buffers,16384,8kB
sql-repeats,20261004T070039Z-860165ce,33,postgresql,synchronous_commit,on,
sql-repeats,20261004T070039Z-860165ce,33,postgresql,unix_socket_directories,/pgsocket,
sql-repeats,20261004T070039Z-860165ce,34,postgresql,autovacuum,on,
sql-repeats,20261004T070039Z-860165ce,34,postgresql,checkpoint_timeout,300,s
sql-repeats,20261004T070039Z-860165ce,34,postgresql,data_directory,/pgwork/data,
sql-repeats,20261004T070039Z-860165ce,34,postgresql,fsync,on,
sql-repeats,20261004T070039Z-860165ce,34,postgresql,full_page_writes,on,
sql-repeats,20261004T070039Z-860165ce,34,postgresql,listen_addresses,,
sql-repeats,20261004T070039Z-860165ce,34,postgresql,max_connections,100,
sql-repeats,20261004T070039Z-860165ce,34,postgresql,max_wal_size,1024,MB
sql-repeats,20261004T070039Z-860165ce,34,postgresql,shared_buffers,16384,8kB
sql-repeats,20261004T070039Z-860165ce,34,postgresql,synchronous_commit,on,
sql-repeats,20261004T070039Z-860165ce,34,postgresql,unix_socket_directories,/pgsocket,
sql-repeats,20261004T070039Z-860165ce,35,postgresql,autovacuum,on,
sql-repeats,20261004T070039Z-860165ce,35,postgresql,checkpoint_timeout,300,s
sql-repeats,20261004T070039Z-860165ce,35,postgresql,data_directory,/pgwork/data,
sql-repeats,20261004T070039Z-860165ce,35,postgresql,fsync,on,
sql-repeats,20261004T070039Z-860165ce,35,postgresql,full_page_writes,on,
sql-repeats,20261004T070039Z-860165ce,35,postgresql,listen_addresses,,
sql-repeats,20261004T070039Z-860165ce,35,postgresql,max_connections,100,
sql-repeats,20261004T070039Z-860165ce,35,postgresql,max_wal_size,1024,MB
sql-repeats,20261004T070039Z-860165ce,35,postgresql,shared_buffers,16384,8kB
sql-repeats,20261004T070039Z-860165ce,35,postgresql,synchronous_commit,on,
sql-repeats,20261004T070039Z-860165ce,35,postgresql,unix_socket_directories,/pgsocket,
sql-repeats,20261004T070039Z-860165ce,36,postgresql,autovacuum,on,
sql-repeats,20261004T070039Z-860165ce,36,postgresql,checkpoint_timeout,300,s
sql-repeats,20261004T070039Z-860165ce,36,postgresql,data_directory,/pgwork/data,
sql-repeats,20261004T070039Z-860165ce,36,postgresql,fsync,on,
sql-repeats,20261004T070039Z-860165ce,36,postgresql,full_page_writes,on,
sql-repeats,20261004T070039Z-860165ce,36,postgresql,listen_addresses,,
sql-repeats,20261004T070039Z-860165ce,36,postgresql,max_connections,100,
sql-repeats,20261004T070039Z-860165ce,36,postgresql,max_wal_size,1024,MB
sql-repeats,20261004T070039Z-860165ce,36,postgresql,shared_buffers,16384,8kB
sql-repeats,20261004T070039Z-860165ce,36,postgresql,synchronous_commit,on,
sql-repeats,20261004T070039Z-860165ce,36,postgresql,unix_socket_directories,/pgsocket,
sql-repeats,20261004T082505Z-4fd5113d,1,sqlite,journal_mode,WAL,
sql-repeats,20261004T082505Z-4fd5113d,1,sqlite,synchronous,NORMAL,
sql-repeats,20261004T082505Z-4fd5113d,1,sqlite,wal_autocheckpoint_pages,1000,
sql-repeats,20261004T082505Z-4fd5113d,2,sqlite,journal_mode,WAL,
sql-repeats,20261004T082505Z-4fd5113d,2,sqlite,synchronous,NORMAL,
sql-repeats,20261004T082505Z-4fd5113d,2,sqlite,wal_autocheckpoint_pages,1000,
sql-repeats,20261004T082505Z-4fd5113d,3,sqlite,journal_mode,WAL,
sql-repeats,20261004T082505Z-4fd5113d,3,sqlite,synchronous,NORMAL,
sql-repeats,20261004T082505Z-4fd5113d,3,sqlite,wal_autocheckpoint_pages,1000,
sql-repeats,20261004T082505Z-4fd5113d,4,sqlite,journal_mode,WAL,
sql-repeats,20261004T082505Z-4fd5113d,4,sqlite,synchronous,NORMAL,
sql-repeats,20261004T082505Z-4fd5113d,4,sqlite,wal_autocheckpoint_pages,1000,
sql-repeats,20261004T082505Z-4fd5113d,5,sqlite,journal_mode,WAL,
sql-repeats,20261004T082505Z-4fd5113d,5,sqlite,synchronous,NORMAL,
sql-repeats,20261004T082505Z-4fd5113d,5,sqlite,wal_autocheckpoint_pages,1000,
sql-repeats,20261004T082505Z-4fd5113d,6,sqlite,journal_mode,WAL,
sql-repeats,20261004T082505Z-4fd5113d,6,sqlite,synchronous,NORMAL,
sql-repeats,20261004T082505Z-4fd5113d,6,sqlite,wal_autocheckpoint_pages,1000,
sql-repeats,20261004T082505Z-4fd5113d,7,sqlite,journal_mode,WAL,
sql-repeats,20261004T082505Z-4fd5113d,7,sqlite,synchronous,NORMAL,
sql-repeats,20261004T082505Z-4fd5113d,7,sqlite,wal_autocheckpoint_pages,1000,
sql-repeats,20261004T082505Z-4fd5113d,8,sqlite,journal_mode,WAL,
sql-repeats,20261004T082505Z-4fd5113d,8,sqlite,synchronous,NORMAL,
sql-repeats,20261004T082505Z-4fd5113d,8,sqlite,wal_autocheckpoint_pages,1000,
sql-repeats,20261004T082505Z-4fd5113d,9,sqlite,journal_mode,WAL,
sql-repeats,20261004T082505Z-4fd5113d,9,sqlite,synchronous,NORMAL,
sql-repeats,20261004T082505Z-4fd5113d,9,sqlite,wal_autocheckpoint_pages,1000,
sql-repeats,20261004T082505Z-4fd5113d,10,sqlite,journal_mode,WAL,
sql-repeats,20261004T082505Z-4fd5113d,10,sqlite,synchronous,NORMAL,
sql-repeats,20261004T082505Z-4fd5113d,10,sqlite,wal_autocheckpoint_pages,1000,
sql-repeats,20261004T082505Z-4fd5113d,11,sqlite,journal_mode,WAL,
sql-repeats,20261004T082505Z-4fd5113d,11,sqlite,synchronous,NORMAL,
sql-repeats,20261004T082505Z-4fd5113d,11,sqlite,wal_autocheckpoint_pages,1000,
sql-repeats,20261004T082505Z-4fd5113d,12,sqlite,journal_mode,WAL,
sql-repeats,20261004T082505Z-4fd5113d,12,sqlite,synchronous,NORMAL,
sql-repeats,20261004T082505Z-4fd5113d,12,sqlite,wal_autocheckpoint_pages,1000,
sql-repeats,20261004T082505Z-4fd5113d,13,sqlite,journal_mode,WAL,
sql-repeats,20261004T082505Z-4fd5113d,13,sqlite,synchronous,NORMAL,
sql-repeats,20261004T082505Z-4fd5113d,13,sqlite,wal_autocheckpoint_pages,1000,
sql-repeats,20261004T082505Z-4fd5113d,14,sqlite,journal_mode,WAL,
sql-repeats,20261004T082505Z-4fd5113d,14,sqlite,synchronous,NORMAL,
sql-repeats,20261004T082505Z-4fd5113d,14,sqlite,wal_autocheckpoint_pages,1000,
sql-repeats,20261004T082505Z-4fd5113d,15,sqlite,journal_mode,WAL,
sql-repeats,20261004T082505Z-4fd5113d,15,sqlite,synchronous,NORMAL,
sql-repeats,20261004T082505Z-4fd5113d,15,sqlite,wal_autocheckpoint_pages,1000,
sql-repeats,20261004T082505Z-4fd5113d,16,sqlite,journal_mode,WAL,
sql-repeats,20261004T082505Z-4fd5113d,16,sqlite,synchronous,NORMAL,
sql-repeats,20261004T082505Z-4fd5113d,16,sqlite,wal_autocheckpoint_pages,1000,
sql-repeats,20261004T082505Z-4fd5113d,17,sqlite,journal_mode,WAL,
sql-repeats,20261004T082505Z-4fd5113d,17,sqlite,synchronous,NORMAL,
sql-repeats,20261004T082505Z-4fd5113d,17,sqlite,wal_autocheckpoint_pages,1000,
sql-repeats,20261004T082505Z-4fd5113d,18,sqlite,journal_mode,WAL,
sql-repeats,20261004T082505Z-4fd5113d,18,sqlite,synchronous,NORMAL,
sql-repeats,20261004T082505Z-4fd5113d,18,sqlite,wal_autocheckpoint_pages,1000,
sql-repeats,20261004T082505Z-4fd5113d,19,sqlite,journal_mode,WAL,
sql-repeats,20261004T082505Z-4fd5113d,19,sqlite,synchronous,NORMAL,
sql-repeats,20261004T082505Z-4fd5113d,19,sqlite,wal_autocheckpoint_pages,1000,
sql-repeats,20261004T082505Z-4fd5113d,20,sqlite,journal_mode,WAL,
sql-repeats,20261004T082505Z-4fd5113d,20,sqlite,synchronous,NORMAL,
sql-repeats,20261004T082505Z-4fd5113d,20,sqlite,wal_autocheckpoint_pages,1000,
sql-repeats,20261004T082505Z-4fd5113d,21,sqlite,journal_mode,WAL,
sql-repeats,20261004T082505Z-4fd5113d,21,sqlite,synchronous,NORMAL,
sql-repeats,20261004T082505Z-4fd5113d,21,sqlite,wal_autocheckpoint_pages,1000,
sql-repeats,20261004T082505Z-4fd5113d,22,sqlite,journal_mode,WAL,
sql-repeats,20261004T082505Z-4fd5113d,22,sqlite,synchronous,NORMAL,
sql-repeats,20261004T082505Z-4fd5113d,22,sqlite,wal_autocheckpoint_pages,1000,
sql-repeats,20261004T082505Z-4fd5113d,23,sqlite,journal_mode,WAL,
sql-repeats,20261004T082505Z-4fd5113d,23,sqlite,synchronous,NORMAL,
sql-repeats,20261004T082505Z-4fd5113d,23,sqlite,wal_autocheckpoint_pages,1000,
sql-repeats,20261004T082505Z-4fd5113d,24,sqlite,journal_mode,WAL,
sql-repeats,20261004T082505Z-4fd5113d,24,sqlite,synchronous,NORMAL,
sql-repeats,20261004T082505Z-4fd5113d,24,sqlite,wal_autocheckpoint_pages,1000,
sql-repeats,20261004T082505Z-4fd5113d,25,sqlite,journal_mode,WAL,
sql-repeats,20261004T082505Z-4fd5113d,25,sqlite,synchronous,NORMAL,
sql-repeats,20261004T082505Z-4fd5113d,25,sqlite,wal_autocheckpoint_pages,1000,
sql-repeats,20261004T082505Z-4fd5113d,26,sqlite,journal_mode,WAL,
sql-repeats,20261004T082505Z-4fd5113d,26,sqlite,synchronous,NORMAL,
sql-repeats,20261004T082505Z-4fd5113d,26,sqlite,wal_autocheckpoint_pages,1000,
sql-repeats,20261004T082505Z-4fd5113d,27,sqlite,journal_mode,WAL,
sql-repeats,20261004T082505Z-4fd5113d,27,sqlite,synchronous,NORMAL,
sql-repeats,20261004T082505Z-4fd5113d,27,sqlite,wal_autocheckpoint_pages,1000,
sql-repeats,20261004T082505Z-4fd5113d,28,sqlite,journal_mode,WAL,
sql-repeats,20261004T082505Z-4fd5113d,28,sqlite,synchronous,NORMAL,
sql-repeats,20261004T082505Z-4fd5113d,28,sqlite,wal_autocheckpoint_pages,1000,
sql-repeats,20261004T082505Z-4fd5113d,29,sqlite,journal_mode,WAL,
sql-repeats,20261004T082505Z-4fd5113d,29,sqlite,synchronous,NORMAL,
sql-repeats,20261004T082505Z-4fd5113d,29,sqlite,wal_autocheckpoint_pages,1000,
sql-repeats,20261004T082505Z-4fd5113d,30,sqlite,journal_mode,WAL,
sql-repeats,20261004T082505Z-4fd5113d,30,sqlite,synchronous,NORMAL,
sql-repeats,20261004T082505Z-4fd5113d,30,sqlite,wal_autocheckpoint_pages,1000,
sql-repeats,20261004T082505Z-4fd5113d,31,sqlite,journal_mode,WAL,
sql-repeats,20261004T082505Z-4fd5113d,31,sqlite,synchronous,NORMAL,
sql-repeats,20261004T082505Z-4fd5113d,31,sqlite,wal_autocheckpoint_pages,1000,
sql-repeats,20261004T082505Z-4fd5113d,32,sqlite,journal_mode,WAL,
sql-repeats,20261004T082505Z-4fd5113d,32,sqlite,synchronous,NORMAL,
sql-repeats,20261004T082505Z-4fd5113d,32,sqlite,wal_autocheckpoint_pages,1000,
sql-repeats,20261004T082505Z-4fd5113d,33,sqlite,journal_mode,WAL,
sql-repeats,20261004T082505Z-4fd5113d,33,sqlite,synchronous,NORMAL,
sql-repeats,20261004T082505Z-4fd5113d,33,sqlite,wal_autocheckpoint_pages,1000,
sql-repeats,20261004T082505Z-4fd5113d,34,sqlite,journal_mode,WAL,
sql-repeats,20261004T082505Z-4fd5113d,34,sqlite,synchronous,NORMAL,
sql-repeats,20261004T082505Z-4fd5113d,34,sqlite,wal_autocheckpoint_pages,1000,
sql-repeats,20261004T082505Z-4fd5113d,35,sqlite,journal_mode,WAL,
sql-repeats,20261004T082505Z-4fd5113d,35,sqlite,synchronous,NORMAL,
sql-repeats,20261004T082505Z-4fd5113d,35,sqlite,wal_autocheckpoint_pages,1000,
sql-repeats,20261004T082505Z-4fd5113d,36,sqlite,journal_mode,WAL,
sql-repeats,20261004T082505Z-4fd5113d,36,sqlite,synchronous,NORMAL,
sql-repeats,20261004T082505Z-4fd5113d,36,sqlite,wal_autocheckpoint_pages,1000,
sql-repeats,20261004T082824Z-ba47317e,1,postgresql,autovacuum,on,
sql-repeats,20261004T082824Z-ba47317e,1,postgresql,checkpoint_timeout,300,s
sql-repeats,20261004T082824Z-ba47317e,1,postgresql,data_directory,/pgwork/data,
sql-repeats,20261004T082824Z-ba47317e,1,postgresql,fsync,on,
sql-repeats,20261004T082824Z-ba47317e,1,postgresql,full_page_writes,on,
sql-repeats,20261004T082824Z-ba47317e,1,postgresql,listen_addresses,,
sql-repeats,20261004T082824Z-ba47317e,1,postgresql,max_connections,100,
sql-repeats,20261004T082824Z-ba47317e,1,postgresql,max_wal_size,1024,MB
sql-repeats,20261004T082824Z-ba47317e,1,postgresql,shared_buffers,16384,8kB
sql-repeats,20261004T082824Z-ba47317e,1,postgresql,synchronous_commit,on,
sql-repeats,20261004T082824Z-ba47317e,1,postgresql,unix_socket_directories,/pgsocket,
sql-repeats,20261004T082824Z-ba47317e,2,postgresql,autovacuum,on,
sql-repeats,20261004T082824Z-ba47317e,2,postgresql,checkpoint_timeout,300,s
sql-repeats,20261004T082824Z-ba47317e,2,postgresql,data_directory,/pgwork/data,
sql-repeats,20261004T082824Z-ba47317e,2,postgresql,fsync,on,
sql-repeats,20261004T082824Z-ba47317e,2,postgresql,full_page_writes,on,
sql-repeats,20261004T082824Z-ba47317e,2,postgresql,listen_addresses,,
sql-repeats,20261004T082824Z-ba47317e,2,postgresql,max_connections,100,
sql-repeats,20261004T082824Z-ba47317e,2,postgresql,max_wal_size,1024,MB
sql-repeats,20261004T082824Z-ba47317e,2,postgresql,shared_buffers,16384,8kB
sql-repeats,20261004T082824Z-ba47317e,2,postgresql,synchronous_commit,on,
sql-repeats,20261004T082824Z-ba47317e,2,postgresql,unix_socket_directories,/pgsocket,
sql-repeats,20261004T082824Z-ba47317e,3,postgresql,autovacuum,on,
sql-repeats,20261004T082824Z-ba47317e,3,postgresql,checkpoint_timeout,300,s
sql-repeats,20261004T082824Z-ba47317e,3,postgresql,data_directory,/pgwork/data,
sql-repeats,20261004T082824Z-ba47317e,3,postgresql,fsync,on,
sql-repeats,20261004T082824Z-ba47317e,3,postgresql,full_page_writes,on,
sql-repeats,20261004T082824Z-ba47317e,3,postgresql,listen_addresses,,
sql-repeats,20261004T082824Z-ba47317e,3,postgresql,max_connections,100,
sql-repeats,20261004T082824Z-ba47317e,3,postgresql,max_wal_size,1024,MB
sql-repeats,20261004T082824Z-ba47317e,3,postgresql,shared_buffers,16384,8kB
sql-repeats,20261004T082824Z-ba47317e,3,postgresql,synchronous_commit,on,
sql-repeats,20261004T082824Z-ba47317e,3,postgresql,unix_socket_directories,/pgsocket,
sql-repeats,20261004T082824Z-ba47317e,4,postgresql,autovacuum,on,
sql-repeats,20261004T082824Z-ba47317e,4,postgresql,checkpoint_timeout,300,s
sql-repeats,20261004T082824Z-ba47317e,4,postgresql,data_directory,/pgwork/data,
sql-repeats,20261004T082824Z-ba47317e,4,postgresql,fsync,on,
sql-repeats,20261004T082824Z-ba47317e,4,postgresql,full_page_writes,on,
sql-repeats,20261004T082824Z-ba47317e,4,postgresql,listen_addresses,,
sql-repeats,20261004T082824Z-ba47317e,4,postgresql,max_connections,100,
sql-repeats,20261004T082824Z-ba47317e,4,postgresql,max_wal_size,1024,MB
sql-repeats,20261004T082824Z-ba47317e,4,postgresql,shared_buffers,16384,8kB
sql-repeats,20261004T082824Z-ba47317e,4,postgresql,synchronous_commit,on,
sql-repeats,20261004T082824Z-ba47317e,4,postgresql,unix_socket_directories,/pgsocket,
sql-repeats,20261004T082824Z-ba47317e,5,postgresql,autovacuum,on,
sql-repeats,20261004T082824Z-ba47317e,5,postgresql,checkpoint_timeout,300,s
sql-repeats,20261004T082824Z-ba47317e,5,postgresql,data_directory,/pgwork/data,
sql-repeats,20261004T082824Z-ba47317e,5,postgresql,fsync,on,
sql-repeats,20261004T082824Z-ba47317e,5,postgresql,full_page_writes,on,
sql-repeats,20261004T082824Z-ba47317e,5,postgresql,listen_addresses,,
sql-repeats,20261004T082824Z-ba47317e,5,postgresql,max_connections,100,
sql-repeats,20261004T082824Z-ba47317e,5,postgresql,max_wal_size,1024,MB
sql-repeats,20261004T082824Z-ba47317e,5,postgresql,shared_buffers,16384,8kB
sql-repeats,20261004T082824Z-ba47317e,5,postgresql,synchronous_commit,on,
sql-repeats,20261004T082824Z-ba47317e,5,postgresql,unix_socket_directories,/pgsocket,
sql-repeats,20261004T082824Z-ba47317e,6,postgresql,autovacuum,on,
sql-repeats,20261004T082824Z-ba47317e,6,postgresql,checkpoint_timeout,300,s
sql-repeats,20261004T082824Z-ba47317e,6,postgresql,data_directory,/pgwork/data,
sql-repeats,20261004T082824Z-ba47317e,6,postgresql,fsync,on,
sql-repeats,20261004T082824Z-ba47317e,6,postgresql,full_page_writes,on,
sql-repeats,20261004T082824Z-ba47317e,6,postgresql,listen_addresses,,
sql-repeats,20261004T082824Z-ba47317e,6,postgresql,max_connections,100,
sql-repeats,20261004T082824Z-ba47317e,6,postgresql,max_wal_size,1024,MB
sql-repeats,20261004T082824Z-ba47317e,6,postgresql,shared_buffers,16384,8kB
sql-repeats,20261004T082824Z-ba47317e,6,postgresql,synchronous_commit,on,
sql-repeats,20261004T082824Z-ba47317e,6,postgresql,unix_socket_directories,/pgsocket,
sql-repeats,20261004T082824Z-ba47317e,7,postgresql,autovacuum,on,
sql-repeats,20261004T082824Z-ba47317e,7,postgresql,checkpoint_timeout,300,s
sql-repeats,20261004T082824Z-ba47317e,7,postgresql,data_directory,/pgwork/data,
sql-repeats,20261004T082824Z-ba47317e,7,postgresql,fsync,on,
sql-repeats,20261004T082824Z-ba47317e,7,postgresql,full_page_writes,on,
sql-repeats,20261004T082824Z-ba47317e,7,postgresql,listen_addresses,,
sql-repeats,20261004T082824Z-ba47317e,7,postgresql,max_connections,100,
sql-repeats,20261004T082824Z-ba47317e,7,postgresql,max_wal_size,1024,MB
sql-repeats,20261004T082824Z-ba47317e,7,postgresql,shared_buffers,16384,8kB
sql-repeats,20261004T082824Z-ba47317e,7,postgresql,synchronous_commit,on,
sql-repeats,20261004T082824Z-ba47317e,7,postgresql,unix_socket_directories,/pgsocket,
sql-repeats,20261004T082824Z-ba47317e,8,postgresql,autovacuum,on,
sql-repeats,20261004T082824Z-ba47317e,8,postgresql,checkpoint_timeout,300,s
sql-repeats,20261004T082824Z-ba47317e,8,postgresql,data_directory,/pgwork/data,
sql-repeats,20261004T082824Z-ba47317e,8,postgresql,fsync,on,
sql-repeats,20261004T082824Z-ba47317e,8,postgresql,full_page_writes,on,
sql-repeats,20261004T082824Z-ba47317e,8,postgresql,listen_addresses,,
sql-repeats,20261004T082824Z-ba47317e,8,postgresql,max_connections,100,
sql-repeats,20261004T082824Z-ba47317e,8,postgresql,max_wal_size,1024,MB
sql-repeats,20261004T082824Z-ba47317e,8,postgresql,shared_buffers,16384,8kB
sql-repeats,20261004T082824Z-ba47317e,8,postgresql,synchronous_commit,on,
sql-repeats,20261004T082824Z-ba47317e,8,postgresql,unix_socket_directories,/pgsocket,
sql-repeats,20261004T082824Z-ba47317e,9,postgresql,autovacuum,on,
sql-repeats,20261004T082824Z-ba47317e,9,postgresql,checkpoint_timeout,300,s
sql-repeats,20261004T082824Z-ba47317e,9,postgresql,data_directory,/pgwork/data,
sql-repeats,20261004T082824Z-ba47317e,9,postgresql,fsync,on,
sql-repeats,20261004T082824Z-ba47317e,9,postgresql,full_page_writes,on,
sql-repeats,20261004T082824Z-ba47317e,9,postgresql,listen_addresses,,
sql-repeats,20261004T082824Z-ba47317e,9,postgresql,max_connections,100,
sql-repeats,20261004T082824Z-ba47317e,9,postgresql,max_wal_size,1024,MB
sql-repeats,20261004T082824Z-ba47317e,9,postgresql,shared_buffers,16384,8kB
sql-repeats,20261004T082824Z-ba47317e,9,postgresql,synchronous_commit,on,
sql-repeats,20261004T082824Z-ba47317e,9,postgresql,unix_socket_directories,/pgsocket,
sql-repeats,20261004T082824Z-ba47317e,10,postgresql,autovacuum,on,
sql-repeats,20261004T082824Z-ba47317e,10,postgresql,checkpoint_timeout,300,s
sql-repeats,20261004T082824Z-ba47317e,10,postgresql,data_directory,/pgwork/data,
sql-repeats,20261004T082824Z-ba47317e,10,postgresql,fsync,on,
sql-repeats,20261004T082824Z-ba47317e,10,postgresql,full_page_writes,on,
sql-repeats,20261004T082824Z-ba47317e,10,postgresql,listen_addresses,,
sql-repeats,20261004T082824Z-ba47317e,10,postgresql,max_connections,100,
sql-repeats,20261004T082824Z-ba47317e,10,postgresql,max_wal_size,1024,MB
sql-repeats,20261004T082824Z-ba47317e,10,postgresql,shared_buffers,16384,8kB
sql-repeats,20261004T082824Z-ba47317e,10,postgresql,synchronous_commit,on,
sql-repeats,20261004T082824Z-ba47317e,10,postgresql,unix_socket_directories,/pgsocket,
sql-repeats,20261004T082824Z-ba47317e,11,postgresql,autovacuum,on,
sql-repeats,20261004T082824Z-ba47317e,11,postgresql,checkpoint_timeout,300,s
sql-repeats,20261004T082824Z-ba47317e,11,postgresql,data_directory,/pgwork/data,
sql-repeats,20261004T082824Z-ba47317e,11,postgresql,fsync,on,
sql-repeats,20261004T082824Z-ba47317e,11,postgresql,full_page_writes,on,
sql-repeats,20261004T082824Z-ba47317e,11,postgresql,listen_addresses,,
sql-repeats,20261004T082824Z-ba47317e,11,postgresql,max_connections,100,
sql-repeats,20261004T082824Z-ba47317e,11,postgresql,max_wal_size,1024,MB
sql-repeats,20261004T082824Z-ba47317e,11,postgresql,shared_buffers,16384,8kB
sql-repeats,20261004T082824Z-ba47317e,11,postgresql,synchronous_commit,on,
sql-repeats,20261004T082824Z-ba47317e,11,postgresql,unix_socket_directories,/pgsocket,
sql-repeats,20261004T082824Z-ba47317e,12,postgresql,autovacuum,on,
sql-repeats,20261004T082824Z-ba47317e,12,postgresql,checkpoint_timeout,300,s
sql-repeats,20261004T082824Z-ba47317e,12,postgresql,data_directory,/pgwork/data,
sql-repeats,20261004T082824Z-ba47317e,12,postgresql,fsync,on,
sql-repeats,20261004T082824Z-ba47317e,12,postgresql,full_page_writes,on,
sql-repeats,20261004T082824Z-ba47317e,12,postgresql,listen_addresses,,
sql-repeats,20261004T082824Z-ba47317e,12,postgresql,max_connections,100,
sql-repeats,20261004T082824Z-ba47317e,12,postgresql,max_wal_size,1024,MB
sql-repeats,20261004T082824Z-ba47317e,12,postgresql,shared_buffers,16384,8kB
sql-repeats,20261004T082824Z-ba47317e,12,postgresql,synchronous_commit,on,
sql-repeats,20261004T082824Z-ba47317e,12,postgresql,unix_socket_directories,/pgsocket,
sql-repeats,20261004T082824Z-ba47317e,13,postgresql,autovacuum,on,
sql-repeats,20261004T082824Z-ba47317e,13,postgresql,checkpoint_timeout,300,s
sql-repeats,20261004T082824Z-ba47317e,13,postgresql,data_directory,/pgwork/data,
sql-repeats,20261004T082824Z-ba47317e,13,postgresql,fsync,on,
sql-repeats,20261004T082824Z-ba47317e,13,postgresql,full_page_writes,on,
sql-repeats,20261004T082824Z-ba47317e,13,postgresql,listen_addresses,,
sql-repeats,20261004T082824Z-ba47317e,13,postgresql,max_connections,100,
sql-repeats,20261004T082824Z-ba47317e,13,postgresql,max_wal_size,1024,MB
sql-repeats,20261004T082824Z-ba47317e,13,postgresql,shared_buffers,16384,8kB
sql-repeats,20261004T082824Z-ba47317e,13,postgresql,synchronous_commit,on,
sql-repeats,20261004T082824Z-ba47317e,13,postgresql,unix_socket_directories,/pgsocket,
sql-repeats,20261004T082824Z-ba47317e,14,postgresql,autovacuum,on,
sql-repeats,20261004T082824Z-ba47317e,14,postgresql,checkpoint_timeout,300,s
sql-repeats,20261004T082824Z-ba47317e,14,postgresql,data_directory,/pgwork/data,
sql-repeats,20261004T082824Z-ba47317e,14,postgresql,fsync,on,
sql-repeats,20261004T082824Z-ba47317e,14,postgresql,full_page_writes,on,
sql-repeats,20261004T082824Z-ba47317e,14,postgresql,listen_addresses,,
sql-repeats,20261004T082824Z-ba47317e,14,postgresql,max_connections,100,
sql-repeats,20261004T082824Z-ba47317e,14,postgresql,max_wal_size,1024,MB
sql-repeats,20261004T082824Z-ba47317e,14,postgresql,shared_buffers,16384,8kB
sql-repeats,20261004T082824Z-ba47317e,14,postgresql,synchronous_commit,on,
sql-repeats,20261004T082824Z-ba47317e,14,postgresql,unix_socket_directories,/pgsocket,
sql-repeats,20261004T082824Z-ba47317e,15,postgresql,autovacuum,on,
sql-repeats,20261004T082824Z-ba47317e,15,postgresql,checkpoint_timeout,300,s
sql-repeats,20261004T082824Z-ba47317e,15,postgresql,data_directory,/pgwork/data,
sql-repeats,20261004T082824Z-ba47317e,15,postgresql,fsync,on,
sql-repeats,20261004T082824Z-ba47317e,15,postgresql,full_page_writes,on,
sql-repeats,20261004T082824Z-ba47317e,15,postgresql,listen_addresses,,
sql-repeats,20261004T082824Z-ba47317e,15,postgresql,max_connections,100,
sql-repeats,20261004T082824Z-ba47317e,15,postgresql,max_wal_size,1024,MB
sql-repeats,20261004T082824Z-ba47317e,15,postgresql,shared_buffers,16384,8kB
sql-repeats,20261004T082824Z-ba47317e,15,postgresql,synchronous_commit,on,
sql-repeats,20261004T082824Z-ba47317e,15,postgresql,unix_socket_directories,/pgsocket,
sql-repeats,20261004T082824Z-ba47317e,16,postgresql,autovacuum,on,
sql-repeats,20261004T082824Z-ba47317e,16,postgresql,checkpoint_timeout,300,s
sql-repeats,20261004T082824Z-ba47317e,16,postgresql,data_directory,/pgwork/data,
sql-repeats,20261004T082824Z-ba47317e,16,postgresql,fsync,on,
sql-repeats,20261004T082824Z-ba47317e,16,postgresql,full_page_writes,on,
sql-repeats,20261004T082824Z-ba47317e,16,postgresql,listen_addresses,,
sql-repeats,20261004T082824Z-ba47317e,16,postgresql,max_connections,100,
sql-repeats,20261004T082824Z-ba47317e,16,postgresql,max_wal_size,1024,MB
sql-repeats,20261004T082824Z-ba47317e,16,postgresql,shared_buffers,16384,8kB
sql-repeats,20261004T082824Z-ba47317e,16,postgresql,synchronous_commit,on,
sql-repeats,20261004T082824Z-ba47317e,16,postgresql,unix_socket_directories,/pgsocket,
sql-repeats,20261004T082824Z-ba47317e,17,postgresql,autovacuum,on,
sql-repeats,20261004T082824Z-ba47317e,17,postgresql,checkpoint_timeout,300,s
sql-repeats,20261004T082824Z-ba47317e,17,postgresql,data_directory,/pgwork/data,
sql-repeats,20261004T082824Z-ba47317e,17,postgresql,fsync,on,
sql-repeats,20261004T082824Z-ba47317e,17,postgresql,full_page_writes,on,
sql-repeats,20261004T082824Z-ba47317e,17,postgresql,listen_addresses,,
sql-repeats,20261004T082824Z-ba47317e,17,postgresql,max_connections,100,
sql-repeats,20261004T082824Z-ba47317e,17,postgresql,max_wal_size,1024,MB
sql-repeats,20261004T082824Z-ba47317e,17,postgresql,shared_buffers,16384,8kB
sql-repeats,20261004T082824Z-ba47317e,17,postgresql,synchronous_commit,on,
sql-repeats,20261004T082824Z-ba47317e,17,postgresql,unix_socket_directories,/pgsocket,
sql-repeats,20261004T082824Z-ba47317e,18,postgresql,autovacuum,on,
sql-repeats,20261004T082824Z-ba47317e,18,postgresql,checkpoint_timeout,300,s
sql-repeats,20261004T082824Z-ba47317e,18,postgresql,data_directory,/pgwork/data,
sql-repeats,20261004T082824Z-ba47317e,18,postgresql,fsync,on,
sql-repeats,20261004T082824Z-ba47317e,18,postgresql,full_page_writes,on,
sql-repeats,20261004T082824Z-ba47317e,18,postgresql,listen_addresses,,
sql-repeats,20261004T082824Z-ba47317e,18,postgresql,max_connections,100,
sql-repeats,20261004T082824Z-ba47317e,18,postgresql,max_wal_size,1024,MB
sql-repeats,20261004T082824Z-ba47317e,18,postgresql,shared_buffers,16384,8kB
sql-repeats,20261004T082824Z-ba47317e,18,postgresql,synchronous_commit,on,
sql-repeats,20261004T082824Z-ba47317e,18,postgresql,unix_socket_directories,/pgsocket,
sql-repeats,20261004T082824Z-ba47317e,19,postgresql,autovacuum,on,
sql-repeats,20261004T082824Z-ba47317e,19,postgresql,checkpoint_timeout,300,s
sql-repeats,20261004T082824Z-ba47317e,19,postgresql,data_directory,/pgwork/data,
sql-repeats,20261004T082824Z-ba47317e,19,postgresql,fsync,on,
sql-repeats,20261004T082824Z-ba47317e,19,postgresql,full_page_writes,on,
sql-repeats,20261004T082824Z-ba47317e,19,postgresql,listen_addresses,,
sql-repeats,20261004T082824Z-ba47317e,19,postgresql,max_connections,100,
sql-repeats,20261004T082824Z-ba47317e,19,postgresql,max_wal_size,1024,MB
sql-repeats,20261004T082824Z-ba47317e,19,postgresql,shared_buffers,16384,8kB
sql-repeats,20261004T082824Z-ba47317e,19,postgresql,synchronous_commit,on,
sql-repeats,20261004T082824Z-ba47317e,19,postgresql,unix_socket_directories,/pgsocket,
sql-repeats,20261004T082824Z-ba47317e,20,postgresql,autovacuum,on,
sql-repeats,20261004T082824Z-ba47317e,20,postgresql,checkpoint_timeout,300,s
sql-repeats,20261004T082824Z-ba47317e,20,postgresql,data_directory,/pgwork/data,
sql-repeats,20261004T082824Z-ba47317e,20,postgresql,fsync,on,
sql-repeats,20261004T082824Z-ba47317e,20,postgresql,full_page_writes,on,
sql-repeats,20261004T082824Z-ba47317e,20,postgresql,listen_addresses,,
sql-repeats,20261004T082824Z-ba47317e,20,postgresql,max_connections,100,
sql-repeats,20261004T082824Z-ba47317e,20,postgresql,max_wal_size,1024,MB
sql-repeats,20261004T082824Z-ba47317e,20,postgresql,shared_buffers,16384,8kB
sql-repeats,20261004T082824Z-ba47317e,20,postgresql,synchronous_commit,on,
sql-repeats,20261004T082824Z-ba47317e,20,postgresql,unix_socket_directories,/pgsocket,
sql-repeats,20261004T082824Z-ba47317e,21,postgresql,autovacuum,on,
sql-repeats,20261004T082824Z-ba47317e,21,postgresql,checkpoint_timeout,300,s
sql-repeats,20261004T082824Z-ba47317e,21,postgresql,data_directory,/pgwork/data,
sql-repeats,20261004T082824Z-ba47317e,21,postgresql,fsync,on,
sql-repeats,20261004T082824Z-ba47317e,21,postgresql,full_page_writes,on,
sql-repeats,20261004T082824Z-ba47317e,21,postgresql,listen_addresses,,
sql-repeats,20261004T082824Z-ba47317e,21,postgresql,max_connections,100,
sql-repeats,20261004T082824Z-ba47317e,21,postgresql,max_wal_size,1024,MB
sql-repeats,20261004T082824Z-ba47317e,21,postgresql,shared_buffers,16384,8kB
sql-repeats,20261004T082824Z-ba47317e,21,postgresql,synchronous_commit,on,
sql-repeats,20261004T082824Z-ba47317e,21,postgresql,unix_socket_directories,/pgsocket,
sql-repeats,20261004T082824Z-ba47317e,22,postgresql,autovacuum,on,
sql-repeats,20261004T082824Z-ba47317e,22,postgresql,checkpoint_timeout,300,s
sql-repeats,20261004T082824Z-ba47317e,22,postgresql,data_directory,/pgwork/data,
sql-repeats,20261004T082824Z-ba47317e,22,postgresql,fsync,on,
sql-repeats,20261004T082824Z-ba47317e,22,postgresql,full_page_writes,on,
sql-repeats,20261004T082824Z-ba47317e,22,postgresql,listen_addresses,,
sql-repeats,20261004T082824Z-ba47317e,22,postgresql,max_connections,100,
sql-repeats,20261004T082824Z-ba47317e,22,postgresql,max_wal_size,1024,MB
sql-repeats,20261004T082824Z-ba47317e,22,postgresql,shared_buffers,16384,8kB
sql-repeats,20261004T082824Z-ba47317e,22,postgresql,synchronous_commit,on,
sql-repeats,20261004T082824Z-ba47317e,22,postgresql,unix_socket_directories,/pgsocket,
sql-repeats,20261004T082824Z-ba47317e,23,postgresql,autovacuum,on,
sql-repeats,20261004T082824Z-ba47317e,23,postgresql,checkpoint_timeout,300,s
sql-repeats,20261004T082824Z-ba47317e,23,postgresql,data_directory,/pgwork/data,
sql-repeats,20261004T082824Z-ba47317e,23,postgresql,fsync,on,
sql-repeats,20261004T082824Z-ba47317e,23,postgresql,full_page_writes,on,
sql-repeats,20261004T082824Z-ba47317e,23,postgresql,listen_addresses,,
sql-repeats,20261004T082824Z-ba47317e,23,postgresql,max_connections,100,
sql-repeats,20261004T082824Z-ba47317e,23,postgresql,max_wal_size,1024,MB
sql-repeats,20261004T082824Z-ba47317e,23,postgresql,shared_buffers,16384,8kB
sql-repeats,20261004T082824Z-ba47317e,23,postgresql,synchronous_commit,on,
sql-repeats,20261004T082824Z-ba47317e,23,postgresql,unix_socket_directories,/pgsocket,
sql-repeats,20261004T082824Z-ba47317e,24,postgresql,autovacuum,on,
sql-repeats,20261004T082824Z-ba47317e,24,postgresql,checkpoint_timeout,300,s
sql-repeats,20261004T082824Z-ba47317e,24,postgresql,data_directory,/pgwork/data,
sql-repeats,20261004T082824Z-ba47317e,24,postgresql,fsync,on,
sql-repeats,20261004T082824Z-ba47317e,24,postgresql,full_page_writes,on,
sql-repeats,20261004T082824Z-ba47317e,24,postgresql,listen_addresses,,
sql-repeats,20261004T082824Z-ba47317e,24,postgresql,max_connections,100,
sql-repeats,20261004T082824Z-ba47317e,24,postgresql,max_wal_size,1024,MB
sql-repeats,20261004T082824Z-ba47317e,24,postgresql,shared_buffers,16384,8kB
sql-repeats,20261004T082824Z-ba47317e,24,postgresql,synchronous_commit,on,
sql-repeats,20261004T082824Z-ba47317e,24,postgresql,unix_socket_directories,/pgsocket,
sql-repeats,20261004T082824Z-ba47317e,25,postgresql,autovacuum,on,
sql-repeats,20261004T082824Z-ba47317e,25,postgresql,checkpoint_timeout,300,s
sql-repeats,20261004T082824Z-ba47317e,25,postgresql,data_directory,/pgwork/data,
sql-repeats,20261004T082824Z-ba47317e,25,postgresql,fsync,on,
sql-repeats,20261004T082824Z-ba47317e,25,postgresql,full_page_writes,on,
sql-repeats,20261004T082824Z-ba47317e,25,postgresql,listen_addresses,,
sql-repeats,20261004T082824Z-ba47317e,25,postgresql,max_connections,100,
sql-repeats,20261004T082824Z-ba47317e,25,postgresql,max_wal_size,1024,MB
sql-repeats,20261004T082824Z-ba47317e,25,postgresql,shared_buffers,16384,8kB
sql-repeats,20261004T082824Z-ba47317e,25,postgresql,synchronous_commit,on,
sql-repeats,20261004T082824Z-ba47317e,25,postgresql,unix_socket_directories,/pgsocket,
sql-repeats,20261004T082824Z-ba47317e,26,postgresql,autovacuum,on,
sql-repeats,20261004T082824Z-ba47317e,26,postgresql,checkpoint_timeout,300,s
sql-repeats,20261004T082824Z-ba47317e,26,postgresql,data_directory,/pgwork/data,
sql-repeats,20261004T082824Z-ba47317e,26,postgresql,fsync,on,
sql-repeats,20261004T082824Z-ba47317e,26,postgresql,full_page_writes,on,
sql-repeats,20261004T082824Z-ba47317e,26,postgresql,listen_addresses,,
sql-repeats,20261004T082824Z-ba47317e,26,postgresql,max_connections,100,
sql-repeats,20261004T082824Z-ba47317e,26,postgresql,max_wal_size,1024,MB
sql-repeats,20261004T082824Z-ba47317e,26,postgresql,shared_buffers,16384,8kB
sql-repeats,20261004T082824Z-ba47317e,26,postgresql,synchronous_commit,on,
sql-repeats,20261004T082824Z-ba47317e,26,postgresql,unix_socket_directories,/pgsocket,
sql-repeats,20261004T082824Z-ba47317e,27,postgresql,autovacuum,on,
sql-repeats,20261004T082824Z-ba47317e,27,postgresql,checkpoint_timeout,300,s
sql-repeats,20261004T082824Z-ba47317e,27,postgresql,data_directory,/pgwork/data,
sql-repeats,20261004T082824Z-ba47317e,27,postgresql,fsync,on,
sql-repeats,20261004T082824Z-ba47317e,27,postgresql,full_page_writes,on,
sql-repeats,20261004T082824Z-ba47317e,27,postgresql,listen_addresses,,
sql-repeats,20261004T082824Z-ba47317e,27,postgresql,max_connections,100,
sql-repeats,20261004T082824Z-ba47317e,27,postgresql,max_wal_size,1024,MB
sql-repeats,20261004T082824Z-ba47317e,27,postgresql,shared_buffers,16384,8kB
sql-repeats,20261004T082824Z-ba47317e,27,postgresql,synchronous_commit,on,
sql-repeats,20261004T082824Z-ba47317e,27,postgresql,unix_socket_directories,/pgsocket,
sql-repeats,20261004T082824Z-ba47317e,28,postgresql,autovacuum,on,
sql-repeats,20261004T082824Z-ba47317e,28,postgresql,checkpoint_timeout,300,s
sql-repeats,20261004T082824Z-ba47317e,28,postgresql,data_directory,/pgwork/data,
sql-repeats,20261004T082824Z-ba47317e,28,postgresql,fsync,on,
sql-repeats,20261004T082824Z-ba47317e,28,postgresql,full_page_writes,on,
sql-repeats,20261004T082824Z-ba47317e,28,postgresql,listen_addresses,,
sql-repeats,20261004T082824Z-ba47317e,28,postgresql,max_connections,100,
sql-repeats,20261004T082824Z-ba47317e,28,postgresql,max_wal_size,1024,MB
sql-repeats,20261004T082824Z-ba47317e,28,postgresql,shared_buffers,16384,8kB
sql-repeats,20261004T082824Z-ba47317e,28,postgresql,synchronous_commit,on,
sql-repeats,20261004T082824Z-ba47317e,28,postgresql,unix_socket_directories,/pgsocket,
sql-repeats,20261004T082824Z-ba47317e,29,postgresql,autovacuum,on,
sql-repeats,20261004T082824Z-ba47317e,29,postgresql,checkpoint_timeout,300,s
sql-repeats,20261004T082824Z-ba47317e,29,postgresql,data_directory,/pgwork/data,
sql-repeats,20261004T082824Z-ba47317e,29,postgresql,fsync,on,
sql-repeats,20261004T082824Z-ba47317e,29,postgresql,full_page_writes,on,
sql-repeats,20261004T082824Z-ba47317e,29,postgresql,listen_addresses,,
sql-repeats,20261004T082824Z-ba47317e,29,postgresql,max_connections,100,
sql-repeats,20261004T082824Z-ba47317e,29,postgresql,max_wal_size,1024,MB
sql-repeats,20261004T082824Z-ba47317e,29,postgresql,shared_buffers,16384,8kB
sql-repeats,20261004T082824Z-ba47317e,29,postgresql,synchronous_commit,on,
sql-repeats,20261004T082824Z-ba47317e,29,postgresql,unix_socket_directories,/pgsocket,
sql-repeats,20261004T082824Z-ba47317e,30,postgresql,autovacuum,on,
sql-repeats,20261004T082824Z-ba47317e,30,postgresql,checkpoint_timeout,300,s
sql-repeats,20261004T082824Z-ba47317e,30,postgresql,data_directory,/pgwork/data,
sql-repeats,20261004T082824Z-ba47317e,30,postgresql,fsync,on,
sql-repeats,20261004T082824Z-ba47317e,30,postgresql,full_page_writes,on,
sql-repeats,20261004T082824Z-ba47317e,30,postgresql,listen_addresses,,
sql-repeats,20261004T082824Z-ba47317e,30,postgresql,max_connections,100,
sql-repeats,20261004T082824Z-ba47317e,30,postgresql,max_wal_size,1024,MB
sql-repeats,20261004T082824Z-ba47317e,30,postgresql,shared_buffers,16384,8kB
sql-repeats,20261004T082824Z-ba47317e,30,postgresql,synchronous_commit,on,
sql-repeats,20261004T082824Z-ba47317e,30,postgresql,unix_socket_directories,/pgsocket,
sql-repeats,20261004T082824Z-ba47317e,31,postgresql,autovacuum,on,
sql-repeats,20261004T082824Z-ba47317e,31,postgresql,checkpoint_timeout,300,s
sql-repeats,20261004T082824Z-ba47317e,31,postgresql,data_directory,/pgwork/data,
sql-repeats,20261004T082824Z-ba47317e,31,postgresql,fsync,on,
sql-repeats,20261004T082824Z-ba47317e,31,postgresql,full_page_writes,on,
sql-repeats,20261004T082824Z-ba47317e,31,postgresql,listen_addresses,,
sql-repeats,20261004T082824Z-ba47317e,31,postgresql,max_connections,100,
sql-repeats,20261004T082824Z-ba47317e,31,postgresql,max_wal_size,1024,MB
sql-repeats,20261004T082824Z-ba47317e,31,postgresql,shared_buffers,16384,8kB
sql-repeats,20261004T082824Z-ba47317e,31,postgresql,synchronous_commit,on,
sql-repeats,20261004T082824Z-ba47317e,31,postgresql,unix_socket_directories,/pgsocket,
sql-repeats,20261004T082824Z-ba47317e,32,postgresql,autovacuum,on,
sql-repeats,20261004T082824Z-ba47317e,32,postgresql,checkpoint_timeout,300,s
sql-repeats,20261004T082824Z-ba47317e,32,postgresql,data_directory,/pgwork/data,
sql-repeats,20261004T082824Z-ba47317e,32,postgresql,fsync,on,
sql-repeats,20261004T082824Z-ba47317e,32,postgresql,full_page_writes,on,
sql-repeats,20261004T082824Z-ba47317e,32,postgresql,listen_addresses,,
sql-repeats,20261004T082824Z-ba47317e,32,postgresql,max_connections,100,
sql-repeats,20261004T082824Z-ba47317e,32,postgresql,max_wal_size,1024,MB
sql-repeats,20261004T082824Z-ba47317e,32,postgresql,shared_buffers,16384,8kB
sql-repeats,20261004T082824Z-ba47317e,32,postgresql,synchronous_commit,on,
sql-repeats,20261004T082824Z-ba47317e,32,postgresql,unix_socket_directories,/pgsocket,
sql-repeats,20261004T082824Z-ba47317e,33,postgresql,autovacuum,on,
sql-repeats,20261004T082824Z-ba47317e,33,postgresql,checkpoint_timeout,300,s
sql-repeats,20261004T082824Z-ba47317e,33,postgresql,data_directory,/pgwork/data,
sql-repeats,20261004T082824Z-ba47317e,33,postgresql,fsync,on,
sql-repeats,20261004T082824Z-ba47317e,33,postgresql,full_page_writes,on,
sql-repeats,20261004T082824Z-ba47317e,33,postgresql,listen_addresses,,
sql-repeats,20261004T082824Z-ba47317e,33,postgresql,max_connections,100,
sql-repeats,20261004T082824Z-ba47317e,33,postgresql,max_wal_size,1024,MB
sql-repeats,20261004T082824Z-ba47317e,33,postgresql,shared_buffers,16384,8kB
sql-repeats,20261004T082824Z-ba47317e,33,postgresql,synchronous_commit,on,
sql-repeats,20261004T082824Z-ba47317e,33,postgresql,unix_socket_directories,/pgsocket,
sql-repeats,20261004T082824Z-ba47317e,34,postgresql,autovacuum,on,
sql-repeats,20261004T082824Z-ba47317e,34,postgresql,checkpoint_timeout,300,s
sql-repeats,20261004T082824Z-ba47317e,34,postgresql,data_directory,/pgwork/data,
sql-repeats,20261004T082824Z-ba47317e,34,postgresql,fsync,on,
sql-repeats,20261004T082824Z-ba47317e,34,postgresql,full_page_writes,on,
sql-repeats,20261004T082824Z-ba47317e,34,postgresql,listen_addresses,,
sql-repeats,20261004T082824Z-ba47317e,34,postgresql,max_connections,100,
sql-repeats,20261004T082824Z-ba47317e,34,postgresql,max_wal_size,1024,MB
sql-repeats,20261004T082824Z-ba47317e,34,postgresql,shared_buffers,16384,8kB
sql-repeats,20261004T082824Z-ba47317e,34,postgresql,synchronous_commit,on,
sql-repeats,20261004T082824Z-ba47317e,34,postgresql,unix_socket_directories,/pgsocket,
sql-repeats,20261004T082824Z-ba47317e,35,postgresql,autovacuum,on,
sql-repeats,20261004T082824Z-ba47317e,35,postgresql,checkpoint_timeout,300,s
sql-repeats,20261004T082824Z-ba47317e,35,postgresql,data_directory,/pgwork/data,
sql-repeats,20261004T082824Z-ba47317e,35,postgresql,fsync,on,
sql-repeats,20261004T082824Z-ba47317e,35,postgresql,full_page_writes,on,
sql-repeats,20261004T082824Z-ba47317e,35,postgresql,listen_addresses,,
sql-repeats,20261004T082824Z-ba47317e,35,postgresql,max_connections,100,
sql-repeats,20261004T082824Z-ba47317e,35,postgresql,max_wal_size,1024,MB
sql-repeats,20261004T082824Z-ba47317e,35,postgresql,shared_buffers,16384,8kB
sql-repeats,20261004T082824Z-ba47317e,35,postgresql,synchronous_commit,on,
sql-repeats,20261004T082824Z-ba47317e,35,postgresql,unix_socket_directories,/pgsocket,
sql-repeats,20261004T082824Z-ba47317e,36,postgresql,autovacuum,on,
sql-repeats,20261004T082824Z-ba47317e,36,postgresql,checkpoint_timeout,300,s
sql-repeats,20261004T082824Z-ba47317e,36,postgresql,data_directory,/pgwork/data,
sql-repeats,20261004T082824Z-ba47317e,36,postgresql,fsync,on,
sql-repeats,20261004T082824Z-ba47317e,36,postgresql,full_page_writes,on,
sql-repeats,20261004T082824Z-ba47317e,36,postgresql,listen_addresses,,
sql-repeats,20261004T082824Z-ba47317e,36,postgresql,max_connections,100,
sql-repeats,20261004T082824Z-ba47317e,36,postgresql,max_wal_size,1024,MB
sql-repeats,20261004T082824Z-ba47317e,36,postgresql,shared_buffers,16384,8kB
sql-repeats,20261004T082824Z-ba47317e,36,postgresql,synchronous_commit,on,
sql-repeats,20261004T082824Z-ba47317e,36,postgresql,unix_socket_directories,/pgsocket,
sql-repeats,20261004T083519Z-df02616c,1,sqlite,journal_mode,WAL,
sql-repeats,20261004T083519Z-df02616c,1,sqlite,synchronous,NORMAL,
sql-repeats,20261004T083519Z-df02616c,1,sqlite,wal_autocheckpoint_pages,1000,
sql-repeats,20261004T083519Z-df02616c,2,sqlite,journal_mode,WAL,
sql-repeats,20261004T083519Z-df02616c,2,sqlite,synchronous,NORMAL,
sql-repeats,20261004T083519Z-df02616c,2,sqlite,wal_autocheckpoint_pages,1000,
sql-repeats,20261004T083519Z-df02616c,3,sqlite,journal_mode,WAL,
sql-repeats,20261004T083519Z-df02616c,3,sqlite,synchronous,NORMAL,
sql-repeats,20261004T083519Z-df02616c,3,sqlite,wal_autocheckpoint_pages,1000,
sql-repeats,20261004T083519Z-df02616c,4,sqlite,journal_mode,WAL,
sql-repeats,20261004T083519Z-df02616c,4,sqlite,synchronous,NORMAL,
sql-repeats,20261004T083519Z-df02616c,4,sqlite,wal_autocheckpoint_pages,1000,
sql-repeats,20261004T083519Z-df02616c,5,sqlite,journal_mode,WAL,
sql-repeats,20261004T083519Z-df02616c,5,sqlite,synchronous,NORMAL,
sql-repeats,20261004T083519Z-df02616c,5,sqlite,wal_autocheckpoint_pages,1000,
sql-repeats,20261004T083519Z-df02616c,6,sqlite,journal_mode,WAL,
sql-repeats,20261004T083519Z-df02616c,6,sqlite,synchronous,NORMAL,
sql-repeats,20261004T083519Z-df02616c,6,sqlite,wal_autocheckpoint_pages,1000,
sql-repeats,20261004T083519Z-df02616c,7,sqlite,journal_mode,WAL,
sql-repeats,20261004T083519Z-df02616c,7,sqlite,synchronous,NORMAL,
sql-repeats,20261004T083519Z-df02616c,7,sqlite,wal_autocheckpoint_pages,1000,
sql-repeats,20261004T083519Z-df02616c,8,sqlite,journal_mode,WAL,
sql-repeats,20261004T083519Z-df02616c,8,sqlite,synchronous,NORMAL,
sql-repeats,20261004T083519Z-df02616c,8,sqlite,wal_autocheckpoint_pages,1000,
sql-repeats,20261004T083519Z-df02616c,9,sqlite,journal_mode,WAL,
sql-repeats,20261004T083519Z-df02616c,9,sqlite,synchronous,NORMAL,
sql-repeats,20261004T083519Z-df02616c,9,sqlite,wal_autocheckpoint_pages,1000,
sql-repeats,20261004T083519Z-df02616c,10,sqlite,journal_mode,WAL,
sql-repeats,20261004T083519Z-df02616c,10,sqlite,synchronous,NORMAL,
sql-repeats,20261004T083519Z-df02616c,10,sqlite,wal_autocheckpoint_pages,1000,
sql-repeats,20261004T083519Z-df02616c,11,sqlite,journal_mode,WAL,
sql-repeats,20261004T083519Z-df02616c,11,sqlite,synchronous,NORMAL,
sql-repeats,20261004T083519Z-df02616c,11,sqlite,wal_autocheckpoint_pages,1000,
sql-repeats,20261004T083519Z-df02616c,12,sqlite,journal_mode,WAL,
sql-repeats,20261004T083519Z-df02616c,12,sqlite,synchronous,NORMAL,
sql-repeats,20261004T083519Z-df02616c,12,sqlite,wal_autocheckpoint_pages,1000,
sql-repeats,20261004T083519Z-df02616c,13,sqlite,journal_mode,WAL,
sql-repeats,20261004T083519Z-df02616c,13,sqlite,synchronous,NORMAL,
sql-repeats,20261004T083519Z-df02616c,13,sqlite,wal_autocheckpoint_pages,1000,
sql-repeats,20261004T083519Z-df02616c,14,sqlite,journal_mode,WAL,
sql-repeats,20261004T083519Z-df02616c,14,sqlite,synchronous,NORMAL,
sql-repeats,20261004T083519Z-df02616c,14,sqlite,wal_autocheckpoint_pages,1000,
sql-repeats,20261004T083519Z-df02616c,15,sqlite,journal_mode,WAL,
sql-repeats,20261004T083519Z-df02616c,15,sqlite,synchronous,NORMAL,
sql-repeats,20261004T083519Z-df02616c,15,sqlite,wal_autocheckpoint_pages,1000,
sql-repeats,20261004T083519Z-df02616c,16,sqlite,journal_mode,WAL,
sql-repeats,20261004T083519Z-df02616c,16,sqlite,synchronous,NORMAL,
sql-repeats,20261004T083519Z-df02616c,16,sqlite,wal_autocheckpoint_pages,1000,
sql-repeats,20261004T083519Z-df02616c,17,sqlite,journal_mode,WAL,
sql-repeats,20261004T083519Z-df02616c,17,sqlite,synchronous,NORMAL,
sql-repeats,20261004T083519Z-df02616c,17,sqlite,wal_autocheckpoint_pages,1000,
sql-repeats,20261004T083519Z-df02616c,18,sqlite,journal_mode,WAL,
sql-repeats,20261004T083519Z-df02616c,18,sqlite,synchronous,NORMAL,
sql-repeats,20261004T083519Z-df02616c,18,sqlite,wal_autocheckpoint_pages,1000,
sql-repeats,20261004T083519Z-df02616c,19,sqlite,journal_mode,WAL,
sql-repeats,20261004T083519Z-df02616c,19,sqlite,synchronous,NORMAL,
sql-repeats,20261004T083519Z-df02616c,19,sqlite,wal_autocheckpoint_pages,1000,
sql-repeats,20261004T083519Z-df02616c,20,sqlite,journal_mode,WAL,
sql-repeats,20261004T083519Z-df02616c,20,sqlite,synchronous,NORMAL,
sql-repeats,20261004T083519Z-df02616c,20,sqlite,wal_autocheckpoint_pages,1000,
sql-repeats,20261004T083519Z-df02616c,21,sqlite,journal_mode,WAL,
sql-repeats,20261004T083519Z-df02616c,21,sqlite,synchronous,NORMAL,
sql-repeats,20261004T083519Z-df02616c,21,sqlite,wal_autocheckpoint_pages,1000,
sql-repeats,20261004T083519Z-df02616c,22,sqlite,journal_mode,WAL,
sql-repeats,20261004T083519Z-df02616c,22,sqlite,synchronous,NORMAL,
sql-repeats,20261004T083519Z-df02616c,22,sqlite,wal_autocheckpoint_pages,1000,
sql-repeats,20261004T083519Z-df02616c,23,sqlite,journal_mode,WAL,
sql-repeats,20261004T083519Z-df02616c,23,sqlite,synchronous,NORMAL,
sql-repeats,20261004T083519Z-df02616c,23,sqlite,wal_autocheckpoint_pages,1000,
sql-repeats,20261004T083519Z-df02616c,24,sqlite,journal_mode,WAL,
sql-repeats,20261004T083519Z-df02616c,24,sqlite,synchronous,NORMAL,
sql-repeats,20261004T083519Z-df02616c,24,sqlite,wal_autocheckpoint_pages,1000,
sql-repeats,20261004T083519Z-df02616c,25,sqlite,journal_mode,WAL,
sql-repeats,20261004T083519Z-df02616c,25,sqlite,synchronous,NORMAL,
sql-repeats,20261004T083519Z-df02616c,25,sqlite,wal_autocheckpoint_pages,1000,
sql-repeats,20261004T083519Z-df02616c,26,sqlite,journal_mode,WAL,
sql-repeats,20261004T083519Z-df02616c,26,sqlite,synchronous,NORMAL,
sql-repeats,20261004T083519Z-df02616c,26,sqlite,wal_autocheckpoint_pages,1000,
sql-repeats,20261004T083519Z-df02616c,27,sqlite,journal_mode,WAL,
sql-repeats,20261004T083519Z-df02616c,27,sqlite,synchronous,NORMAL,
sql-repeats,20261004T083519Z-df02616c,27,sqlite,wal_autocheckpoint_pages,1000,
sql-repeats,20261004T083519Z-df02616c,28,sqlite,journal_mode,WAL,
sql-repeats,20261004T083519Z-df02616c,28,sqlite,synchronous,NORMAL,
sql-repeats,20261004T083519Z-df02616c,28,sqlite,wal_autocheckpoint_pages,1000,
sql-repeats,20261004T083519Z-df02616c,29,sqlite,journal_mode,WAL,
sql-repeats,20261004T083519Z-df02616c,29,sqlite,synchronous,NORMAL,
sql-repeats,20261004T083519Z-df02616c,29,sqlite,wal_autocheckpoint_pages,1000,
sql-repeats,20261004T083519Z-df02616c,30,sqlite,journal_mode,WAL,
sql-repeats,20261004T083519Z-df02616c,30,sqlite,synchronous,NORMAL,
sql-repeats,20261004T083519Z-df02616c,30,sqlite,wal_autocheckpoint_pages,1000,
sql-repeats,20261004T083519Z-df02616c,31,sqlite,journal_mode,WAL,
sql-repeats,20261004T083519Z-df02616c,31,sqlite,synchronous,NORMAL,
sql-repeats,20261004T083519Z-df02616c,31,sqlite,wal_autocheckpoint_pages,1000,
sql-repeats,20261004T083519Z-df02616c,32,sqlite,journal_mode,WAL,
sql-repeats,20261004T083519Z-df02616c,32,sqlite,synchronous,NORMAL,
sql-repeats,20261004T083519Z-df02616c,32,sqlite,wal_autocheckpoint_pages,1000,
sql-repeats,20261004T083519Z-df02616c,33,sqlite,journal_mode,WAL,
sql-repeats,20261004T083519Z-df02616c,33,sqlite,synchronous,NORMAL,
sql-repeats,20261004T083519Z-df02616c,33,sqlite,wal_autocheckpoint_pages,1000,
sql-repeats,20261004T083519Z-df02616c,34,sqlite,journal_mode,WAL,
sql-repeats,20261004T083519Z-df02616c,34,sqlite,synchronous,NORMAL,
sql-repeats,20261004T083519Z-df02616c,34,sqlite,wal_autocheckpoint_pages,1000,
sql-repeats,20261004T083519Z-df02616c,35,sqlite,journal_mode,WAL,
sql-repeats,20261004T083519Z-df02616c,35,sqlite,synchronous,NORMAL,
sql-repeats,20261004T083519Z-df02616c,35,sqlite,wal_autocheckpoint_pages,1000,
sql-repeats,20261004T083519Z-df02616c,36,sqlite,journal_mode,WAL,
sql-repeats,20261004T083519Z-df02616c,36,sqlite,synchronous,NORMAL,
sql-repeats,20261004T083519Z-df02616c,36,sqlite,wal_autocheckpoint_pages,1000,
sql-repeats,20261004T095019Z-6d9bbb41,1,postgresql,autovacuum,on,
sql-repeats,20261004T095019Z-6d9bbb41,1,postgresql,checkpoint_timeout,300,s
sql-repeats,20261004T095019Z-6d9bbb41,1,postgresql,data_directory,/pgwork/data,
sql-repeats,20261004T095019Z-6d9bbb41,1,postgresql,fsync,on,
sql-repeats,20261004T095019Z-6d9bbb41,1,postgresql,full_page_writes,on,
sql-repeats,20261004T095019Z-6d9bbb41,1,postgresql,listen_addresses,,
sql-repeats,20261004T095019Z-6d9bbb41,1,postgresql,max_connections,100,
sql-repeats,20261004T095019Z-6d9bbb41,1,postgresql,max_wal_size,1024,MB
sql-repeats,20261004T095019Z-6d9bbb41,1,postgresql,shared_buffers,16384,8kB
sql-repeats,20261004T095019Z-6d9bbb41,1,postgresql,synchronous_commit,on,
sql-repeats,20261004T095019Z-6d9bbb41,1,postgresql,unix_socket_directories,/pgsocket,
sql-repeats,20261004T095019Z-6d9bbb41,2,postgresql,autovacuum,on,
sql-repeats,20261004T095019Z-6d9bbb41,2,postgresql,checkpoint_timeout,300,s
sql-repeats,20261004T095019Z-6d9bbb41,2,postgresql,data_directory,/pgwork/data,
sql-repeats,20261004T095019Z-6d9bbb41,2,postgresql,fsync,on,
sql-repeats,20261004T095019Z-6d9bbb41,2,postgresql,full_page_writes,on,
sql-repeats,20261004T095019Z-6d9bbb41,2,postgresql,listen_addresses,,
sql-repeats,20261004T095019Z-6d9bbb41,2,postgresql,max_connections,100,
sql-repeats,20261004T095019Z-6d9bbb41,2,postgresql,max_wal_size,1024,MB
sql-repeats,20261004T095019Z-6d9bbb41,2,postgresql,shared_buffers,16384,8kB
sql-repeats,20261004T095019Z-6d9bbb41,2,postgresql,synchronous_commit,on,
sql-repeats,20261004T095019Z-6d9bbb41,2,postgresql,unix_socket_directories,/pgsocket,
sql-repeats,20261004T095019Z-6d9bbb41,3,postgresql,autovacuum,on,
sql-repeats,20261004T095019Z-6d9bbb41,3,postgresql,checkpoint_timeout,300,s
sql-repeats,20261004T095019Z-6d9bbb41,3,postgresql,data_directory,/pgwork/data,
sql-repeats,20261004T095019Z-6d9bbb41,3,postgresql,fsync,on,
sql-repeats,20261004T095019Z-6d9bbb41,3,postgresql,full_page_writes,on,
sql-repeats,20261004T095019Z-6d9bbb41,3,postgresql,listen_addresses,,
sql-repeats,20261004T095019Z-6d9bbb41,3,postgresql,max_connections,100,
sql-repeats,20261004T095019Z-6d9bbb41,3,postgresql,max_wal_size,1024,MB
sql-repeats,20261004T095019Z-6d9bbb41,3,postgresql,shared_buffers,16384,8kB
sql-repeats,20261004T095019Z-6d9bbb41,3,postgresql,synchronous_commit,on,
sql-repeats,20261004T095019Z-6d9bbb41,3,postgresql,unix_socket_directories,/pgsocket,
sql-repeats,20261004T095019Z-6d9bbb41,4,postgresql,autovacuum,on,
sql-repeats,20261004T095019Z-6d9bbb41,4,postgresql,checkpoint_timeout,300,s
sql-repeats,20261004T095019Z-6d9bbb41,4,postgresql,data_directory,/pgwork/data,
sql-repeats,20261004T095019Z-6d9bbb41,4,postgresql,fsync,on,
sql-repeats,20261004T095019Z-6d9bbb41,4,postgresql,full_page_writes,on,
sql-repeats,20261004T095019Z-6d9bbb41,4,postgresql,listen_addresses,,
sql-repeats,20261004T095019Z-6d9bbb41,4,postgresql,max_connections,100,
sql-repeats,20261004T095019Z-6d9bbb41,4,postgresql,max_wal_size,1024,MB
sql-repeats,20261004T095019Z-6d9bbb41,4,postgresql,shared_buffers,16384,8kB
sql-repeats,20261004T095019Z-6d9bbb41,4,postgresql,synchronous_commit,on,
sql-repeats,20261004T095019Z-6d9bbb41,4,postgresql,unix_socket_directories,/pgsocket,
sql-repeats,20261004T095019Z-6d9bbb41,5,postgresql,autovacuum,on,
sql-repeats,20261004T095019Z-6d9bbb41,5,postgresql,checkpoint_timeout,300,s
sql-repeats,20261004T095019Z-6d9bbb41,5,postgresql,data_directory,/pgwork/data,
sql-repeats,20261004T095019Z-6d9bbb41,5,postgresql,fsync,on,
sql-repeats,20261004T095019Z-6d9bbb41,5,postgresql,full_page_writes,on,
sql-repeats,20261004T095019Z-6d9bbb41,5,postgresql,listen_addresses,,
sql-repeats,20261004T095019Z-6d9bbb41,5,postgresql,max_connections,100,
sql-repeats,20261004T095019Z-6d9bbb41,5,postgresql,max_wal_size,1024,MB
sql-repeats,20261004T095019Z-6d9bbb41,5,postgresql,shared_buffers,16384,8kB
sql-repeats,20261004T095019Z-6d9bbb41,5,postgresql,synchronous_commit,on,
sql-repeats,20261004T095019Z-6d9bbb41,5,postgresql,unix_socket_directories,/pgsocket,
sql-repeats,20261004T095019Z-6d9bbb41,6,postgresql,autovacuum,on,
sql-repeats,20261004T095019Z-6d9bbb41,6,postgresql,checkpoint_timeout,300,s
sql-repeats,20261004T095019Z-6d9bbb41,6,postgresql,data_directory,/pgwork/data,
sql-repeats,20261004T095019Z-6d9bbb41,6,postgresql,fsync,on,
sql-repeats,20261004T095019Z-6d9bbb41,6,postgresql,full_page_writes,on,
sql-repeats,20261004T095019Z-6d9bbb41,6,postgresql,listen_addresses,,
sql-repeats,20261004T095019Z-6d9bbb41,6,postgresql,max_connections,100,
sql-repeats,20261004T095019Z-6d9bbb41,6,postgresql,max_wal_size,1024,MB
sql-repeats,20261004T095019Z-6d9bbb41,6,postgresql,shared_buffers,16384,8kB
sql-repeats,20261004T095019Z-6d9bbb41,6,postgresql,synchronous_commit,on,
sql-repeats,20261004T095019Z-6d9bbb41,6,postgresql,unix_socket_directories,/pgsocket,
sql-repeats,20261004T095019Z-6d9bbb41,7,postgresql,autovacuum,on,
sql-repeats,20261004T095019Z-6d9bbb41,7,postgresql,checkpoint_timeout,300,s
sql-repeats,20261004T095019Z-6d9bbb41,7,postgresql,data_directory,/pgwork/data,
sql-repeats,20261004T095019Z-6d9bbb41,7,postgresql,fsync,on,
sql-repeats,20261004T095019Z-6d9bbb41,7,postgresql,full_page_writes,on,
sql-repeats,20261004T095019Z-6d9bbb41,7,postgresql,listen_addresses,,
sql-repeats,20261004T095019Z-6d9bbb41,7,postgresql,max_connections,100,
sql-repeats,20261004T095019Z-6d9bbb41,7,postgresql,max_wal_size,1024,MB
sql-repeats,20261004T095019Z-6d9bbb41,7,postgresql,shared_buffers,16384,8kB
sql-repeats,20261004T095019Z-6d9bbb41,7,postgresql,synchronous_commit,on,
sql-repeats,20261004T095019Z-6d9bbb41,7,postgresql,unix_socket_directories,/pgsocket,
sql-repeats,20261004T095019Z-6d9bbb41,8,postgresql,autovacuum,on,
sql-repeats,20261004T095019Z-6d9bbb41,8,postgresql,checkpoint_timeout,300,s
sql-repeats,20261004T095019Z-6d9bbb41,8,postgresql,data_directory,/pgwork/data,
sql-repeats,20261004T095019Z-6d9bbb41,8,postgresql,fsync,on,
sql-repeats,20261004T095019Z-6d9bbb41,8,postgresql,full_page_writes,on,
sql-repeats,20261004T095019Z-6d9bbb41,8,postgresql,listen_addresses,,
sql-repeats,20261004T095019Z-6d9bbb41,8,postgresql,max_connections,100,
sql-repeats,20261004T095019Z-6d9bbb41,8,postgresql,max_wal_size,1024,MB
sql-repeats,20261004T095019Z-6d9bbb41,8,postgresql,shared_buffers,16384,8kB
sql-repeats,20261004T095019Z-6d9bbb41,8,postgresql,synchronous_commit,on,
sql-repeats,20261004T095019Z-6d9bbb41,8,postgresql,unix_socket_directories,/pgsocket,
sql-repeats,20261004T095019Z-6d9bbb41,9,postgresql,autovacuum,on,
sql-repeats,20261004T095019Z-6d9bbb41,9,postgresql,checkpoint_timeout,300,s
sql-repeats,20261004T095019Z-6d9bbb41,9,postgresql,data_directory,/pgwork/data,
sql-repeats,20261004T095019Z-6d9bbb41,9,postgresql,fsync,on,
sql-repeats,20261004T095019Z-6d9bbb41,9,postgresql,full_page_writes,on,
sql-repeats,20261004T095019Z-6d9bbb41,9,postgresql,listen_addresses,,
sql-repeats,20261004T095019Z-6d9bbb41,9,postgresql,max_connections,100,
sql-repeats,20261004T095019Z-6d9bbb41,9,postgresql,max_wal_size,1024,MB
sql-repeats,20261004T095019Z-6d9bbb41,9,postgresql,shared_buffers,16384,8kB
sql-repeats,20261004T095019Z-6d9bbb41,9,postgresql,synchronous_commit,on,
sql-repeats,20261004T095019Z-6d9bbb41,9,postgresql,unix_socket_directories,/pgsocket,
sql-repeats,20261004T095019Z-6d9bbb41,10,postgresql,autovacuum,on,
sql-repeats,20261004T095019Z-6d9bbb41,10,postgresql,checkpoint_timeout,300,s
sql-repeats,20261004T095019Z-6d9bbb41,10,postgresql,data_directory,/pgwork/data,
sql-repeats,20261004T095019Z-6d9bbb41,10,postgresql,fsync,on,
sql-repeats,20261004T095019Z-6d9bbb41,10,postgresql,full_page_writes,on,
sql-repeats,20261004T095019Z-6d9bbb41,10,postgresql,listen_addresses,,
sql-repeats,20261004T095019Z-6d9bbb41,10,postgresql,max_connections,100,
sql-repeats,20261004T095019Z-6d9bbb41,10,postgresql,max_wal_size,1024,MB
sql-repeats,20261004T095019Z-6d9bbb41,10,postgresql,shared_buffers,16384,8kB
sql-repeats,20261004T095019Z-6d9bbb41,10,postgresql,synchronous_commit,on,
sql-repeats,20261004T095019Z-6d9bbb41,10,postgresql,unix_socket_directories,/pgsocket,
sql-repeats,20261004T095019Z-6d9bbb41,11,postgresql,autovacuum,on,
sql-repeats,20261004T095019Z-6d9bbb41,11,postgresql,checkpoint_timeout,300,s
sql-repeats,20261004T095019Z-6d9bbb41,11,postgresql,data_directory,/pgwork/data,
sql-repeats,20261004T095019Z-6d9bbb41,11,postgresql,fsync,on,
sql-repeats,20261004T095019Z-6d9bbb41,11,postgresql,full_page_writes,on,
sql-repeats,20261004T095019Z-6d9bbb41,11,postgresql,listen_addresses,,
sql-repeats,20261004T095019Z-6d9bbb41,11,postgresql,max_connections,100,
sql-repeats,20261004T095019Z-6d9bbb41,11,postgresql,max_wal_size,1024,MB
sql-repeats,20261004T095019Z-6d9bbb41,11,postgresql,shared_buffers,16384,8kB
sql-repeats,20261004T095019Z-6d9bbb41,11,postgresql,synchronous_commit,on,
sql-repeats,20261004T095019Z-6d9bbb41,11,postgresql,unix_socket_directories,/pgsocket,
sql-repeats,20261004T095019Z-6d9bbb41,12,postgresql,autovacuum,on,
sql-repeats,20261004T095019Z-6d9bbb41,12,postgresql,checkpoint_timeout,300,s
sql-repeats,20261004T095019Z-6d9bbb41,12,postgresql,data_directory,/pgwork/data,
sql-repeats,20261004T095019Z-6d9bbb41,12,postgresql,fsync,on,
sql-repeats,20261004T095019Z-6d9bbb41,12,postgresql,full_page_writes,on,
sql-repeats,20261004T095019Z-6d9bbb41,12,postgresql,listen_addresses,,
sql-repeats,20261004T095019Z-6d9bbb41,12,postgresql,max_connections,100,
sql-repeats,20261004T095019Z-6d9bbb41,12,postgresql,max_wal_size,1024,MB
sql-repeats,20261004T095019Z-6d9bbb41,12,postgresql,shared_buffers,16384,8kB
sql-repeats,20261004T095019Z-6d9bbb41,12,postgresql,synchronous_commit,on,
sql-repeats,20261004T095019Z-6d9bbb41,12,postgresql,unix_socket_directories,/pgsocket,
sql-repeats,20261004T095019Z-6d9bbb41,13,postgresql,autovacuum,on,
sql-repeats,20261004T095019Z-6d9bbb41,13,postgresql,checkpoint_timeout,300,s
sql-repeats,20261004T095019Z-6d9bbb41,13,postgresql,data_directory,/pgwork/data,
sql-repeats,20261004T095019Z-6d9bbb41,13,postgresql,fsync,on,
sql-repeats,20261004T095019Z-6d9bbb41,13,postgresql,full_page_writes,on,
sql-repeats,20261004T095019Z-6d9bbb41,13,postgresql,listen_addresses,,
sql-repeats,20261004T095019Z-6d9bbb41,13,postgresql,max_connections,100,
sql-repeats,20261004T095019Z-6d9bbb41,13,postgresql,max_wal_size,1024,MB
sql-repeats,20261004T095019Z-6d9bbb41,13,postgresql,shared_buffers,16384,8kB
sql-repeats,20261004T095019Z-6d9bbb41,13,postgresql,synchronous_commit,on,
sql-repeats,20261004T095019Z-6d9bbb41,13,postgresql,unix_socket_directories,/pgsocket,
sql-repeats,20261004T095019Z-6d9bbb41,14,postgresql,autovacuum,on,
sql-repeats,20261004T095019Z-6d9bbb41,14,postgresql,checkpoint_timeout,300,s
sql-repeats,20261004T095019Z-6d9bbb41,14,postgresql,data_directory,/pgwork/data,
sql-repeats,20261004T095019Z-6d9bbb41,14,postgresql,fsync,on,
sql-repeats,20261004T095019Z-6d9bbb41,14,postgresql,full_page_writes,on,
sql-repeats,20261004T095019Z-6d9bbb41,14,postgresql,listen_addresses,,
sql-repeats,20261004T095019Z-6d9bbb41,14,postgresql,max_connections,100,
sql-repeats,20261004T095019Z-6d9bbb41,14,postgresql,max_wal_size,1024,MB
sql-repeats,20261004T095019Z-6d9bbb41,14,postgresql,shared_buffers,16384,8kB
sql-repeats,20261004T095019Z-6d9bbb41,14,postgresql,synchronous_commit,on,
sql-repeats,20261004T095019Z-6d9bbb41,14,postgresql,unix_socket_directories,/pgsocket,
sql-repeats,20261004T095019Z-6d9bbb41,15,postgresql,autovacuum,on,
sql-repeats,20261004T095019Z-6d9bbb41,15,postgresql,checkpoint_timeout,300,s
sql-repeats,20261004T095019Z-6d9bbb41,15,postgresql,data_directory,/pgwork/data,
sql-repeats,20261004T095019Z-6d9bbb41,15,postgresql,fsync,on,
sql-repeats,20261004T095019Z-6d9bbb41,15,postgresql,full_page_writes,on,
sql-repeats,20261004T095019Z-6d9bbb41,15,postgresql,listen_addresses,,
sql-repeats,20261004T095019Z-6d9bbb41,15,postgresql,max_connections,100,
sql-repeats,20261004T095019Z-6d9bbb41,15,postgresql,max_wal_size,1024,MB
sql-repeats,20261004T095019Z-6d9bbb41,15,postgresql,shared_buffers,16384,8kB
sql-repeats,20261004T095019Z-6d9bbb41,15,postgresql,synchronous_commit,on,
sql-repeats,20261004T095019Z-6d9bbb41,15,postgresql,unix_socket_directories,/pgsocket,
sql-repeats,20261004T095019Z-6d9bbb41,16,postgresql,autovacuum,on,
sql-repeats,20261004T095019Z-6d9bbb41,16,postgresql,checkpoint_timeout,300,s
sql-repeats,20261004T095019Z-6d9bbb41,16,postgresql,data_directory,/pgwork/data,
sql-repeats,20261004T095019Z-6d9bbb41,16,postgresql,fsync,on,
sql-repeats,20261004T095019Z-6d9bbb41,16,postgresql,full_page_writes,on,
sql-repeats,20261004T095019Z-6d9bbb41,16,postgresql,listen_addresses,,
sql-repeats,20261004T095019Z-6d9bbb41,16,postgresql,max_connections,100,
sql-repeats,20261004T095019Z-6d9bbb41,16,postgresql,max_wal_size,1024,MB
sql-repeats,20261004T095019Z-6d9bbb41,16,postgresql,shared_buffers,16384,8kB
sql-repeats,20261004T095019Z-6d9bbb41,16,postgresql,synchronous_commit,on,
sql-repeats,20261004T095019Z-6d9bbb41,16,postgresql,unix_socket_directories,/pgsocket,
sql-repeats,20261004T095019Z-6d9bbb41,17,postgresql,autovacuum,on,
sql-repeats,20261004T095019Z-6d9bbb41,17,postgresql,checkpoint_timeout,300,s
sql-repeats,20261004T095019Z-6d9bbb41,17,postgresql,data_directory,/pgwork/data,
sql-repeats,20261004T095019Z-6d9bbb41,17,postgresql,fsync,on,
sql-repeats,20261004T095019Z-6d9bbb41,17,postgresql,full_page_writes,on,
sql-repeats,20261004T095019Z-6d9bbb41,17,postgresql,listen_addresses,,
sql-repeats,20261004T095019Z-6d9bbb41,17,postgresql,max_connections,100,
sql-repeats,20261004T095019Z-6d9bbb41,17,postgresql,max_wal_size,1024,MB
sql-repeats,20261004T095019Z-6d9bbb41,17,postgresql,shared_buffers,16384,8kB
sql-repeats,20261004T095019Z-6d9bbb41,17,postgresql,synchronous_commit,on,
sql-repeats,20261004T095019Z-6d9bbb41,17,postgresql,unix_socket_directories,/pgsocket,
sql-repeats,20261004T095019Z-6d9bbb41,18,postgresql,autovacuum,on,
sql-repeats,20261004T095019Z-6d9bbb41,18,postgresql,checkpoint_timeout,300,s
sql-repeats,20261004T095019Z-6d9bbb41,18,postgresql,data_directory,/pgwork/data,
sql-repeats,20261004T095019Z-6d9bbb41,18,postgresql,fsync,on,
sql-repeats,20261004T095019Z-6d9bbb41,18,postgresql,full_page_writes,on,
sql-repeats,20261004T095019Z-6d9bbb41,18,postgresql,listen_addresses,,
sql-repeats,20261004T095019Z-6d9bbb41,18,postgresql,max_connections,100,
sql-repeats,20261004T095019Z-6d9bbb41,18,postgresql,max_wal_size,1024,MB
sql-repeats,20261004T095019Z-6d9bbb41,18,postgresql,shared_buffers,16384,8kB
sql-repeats,20261004T095019Z-6d9bbb41,18,postgresql,synchronous_commit,on,
sql-repeats,20261004T095019Z-6d9bbb41,18,postgresql,unix_socket_directories,/pgsocket,
sql-repeats,20261004T095019Z-6d9bbb41,19,postgresql,autovacuum,on,
sql-repeats,20261004T095019Z-6d9bbb41,19,postgresql,checkpoint_timeout,300,s
sql-repeats,20261004T095019Z-6d9bbb41,19,postgresql,data_directory,/pgwork/data,
sql-repeats,20261004T095019Z-6d9bbb41,19,postgresql,fsync,on,
sql-repeats,20261004T095019Z-6d9bbb41,19,postgresql,full_page_writes,on,
sql-repeats,20261004T095019Z-6d9bbb41,19,postgresql,listen_addresses,,
sql-repeats,20261004T095019Z-6d9bbb41,19,postgresql,max_connections,100,
sql-repeats,20261004T095019Z-6d9bbb41,19,postgresql,max_wal_size,1024,MB
sql-repeats,20261004T095019Z-6d9bbb41,19,postgresql,shared_buffers,16384,8kB
sql-repeats,20261004T095019Z-6d9bbb41,19,postgresql,synchronous_commit,on,
sql-repeats,20261004T095019Z-6d9bbb41,19,postgresql,unix_socket_directories,/pgsocket,
sql-repeats,20261004T095019Z-6d9bbb41,20,postgresql,autovacuum,on,
sql-repeats,20261004T095019Z-6d9bbb41,20,postgresql,checkpoint_timeout,300,s
sql-repeats,20261004T095019Z-6d9bbb41,20,postgresql,data_directory,/pgwork/data,
sql-repeats,20261004T095019Z-6d9bbb41,20,postgresql,fsync,on,
sql-repeats,20261004T095019Z-6d9bbb41,20,postgresql,full_page_writes,on,
sql-repeats,20261004T095019Z-6d9bbb41,20,postgresql,listen_addresses,,
sql-repeats,20261004T095019Z-6d9bbb41,20,postgresql,max_connections,100,
sql-repeats,20261004T095019Z-6d9bbb41,20,postgresql,max_wal_size,1024,MB
sql-repeats,20261004T095019Z-6d9bbb41,20,postgresql,shared_buffers,16384,8kB
sql-repeats,20261004T095019Z-6d9bbb41,20,postgresql,synchronous_commit,on,
sql-repeats,20261004T095019Z-6d9bbb41,20,postgresql,unix_socket_directories,/pgsocket,
sql-repeats,20261004T095019Z-6d9bbb41,21,postgresql,autovacuum,on,
sql-repeats,20261004T095019Z-6d9bbb41,21,postgresql,checkpoint_timeout,300,s
sql-repeats,20261004T095019Z-6d9bbb41,21,postgresql,data_directory,/pgwork/data,
sql-repeats,20261004T095019Z-6d9bbb41,21,postgresql,fsync,on,
sql-repeats,20261004T095019Z-6d9bbb41,21,postgresql,full_page_writes,on,
sql-repeats,20261004T095019Z-6d9bbb41,21,postgresql,listen_addresses,,
sql-repeats,20261004T095019Z-6d9bbb41,21,postgresql,max_connections,100,
sql-repeats,20261004T095019Z-6d9bbb41,21,postgresql,max_wal_size,1024,MB
sql-repeats,20261004T095019Z-6d9bbb41,21,postgresql,shared_buffers,16384,8kB
sql-repeats,20261004T095019Z-6d9bbb41,21,postgresql,synchronous_commit,on,
sql-repeats,20261004T095019Z-6d9bbb41,21,postgresql,unix_socket_directories,/pgsocket,
sql-repeats,20261004T095019Z-6d9bbb41,22,postgresql,autovacuum,on,
sql-repeats,20261004T095019Z-6d9bbb41,22,postgresql,checkpoint_timeout,300,s
sql-repeats,20261004T095019Z-6d9bbb41,22,postgresql,data_directory,/pgwork/data,
sql-repeats,20261004T095019Z-6d9bbb41,22,postgresql,fsync,on,
sql-repeats,20261004T095019Z-6d9bbb41,22,postgresql,full_page_writes,on,
sql-repeats,20261004T095019Z-6d9bbb41,22,postgresql,listen_addresses,,
sql-repeats,20261004T095019Z-6d9bbb41,22,postgresql,max_connections,100,
sql-repeats,20261004T095019Z-6d9bbb41,22,postgresql,max_wal_size,1024,MB
sql-repeats,20261004T095019Z-6d9bbb41,22,postgresql,shared_buffers,16384,8kB
sql-repeats,20261004T095019Z-6d9bbb41,22,postgresql,synchronous_commit,on,
sql-repeats,20261004T095019Z-6d9bbb41,22,postgresql,unix_socket_directories,/pgsocket,
sql-repeats,20261004T095019Z-6d9bbb41,23,postgresql,autovacuum,on,
sql-repeats,20261004T095019Z-6d9bbb41,23,postgresql,checkpoint_timeout,300,s
sql-repeats,20261004T095019Z-6d9bbb41,23,postgresql,data_directory,/pgwork/data,
sql-repeats,20261004T095019Z-6d9bbb41,23,postgresql,fsync,on,
sql-repeats,20261004T095019Z-6d9bbb41,23,postgresql,full_page_writes,on,
sql-repeats,20261004T095019Z-6d9bbb41,23,postgresql,listen_addresses,,
sql-repeats,20261004T095019Z-6d9bbb41,23,postgresql,max_connections,100,
sql-repeats,20261004T095019Z-6d9bbb41,23,postgresql,max_wal_size,1024,MB
sql-repeats,20261004T095019Z-6d9bbb41,23,postgresql,shared_buffers,16384,8kB
sql-repeats,20261004T095019Z-6d9bbb41,23,postgresql,synchronous_commit,on,
sql-repeats,20261004T095019Z-6d9bbb41,23,postgresql,unix_socket_directories,/pgsocket,
sql-repeats,20261004T095019Z-6d9bbb41,24,postgresql,autovacuum,on,
sql-repeats,20261004T095019Z-6d9bbb41,24,postgresql,checkpoint_timeout,300,s
sql-repeats,20261004T095019Z-6d9bbb41,24,postgresql,data_directory,/pgwork/data,
sql-repeats,20261004T095019Z-6d9bbb41,24,postgresql,fsync,on,
sql-repeats,20261004T095019Z-6d9bbb41,24,postgresql,full_page_writes,on,
sql-repeats,20261004T095019Z-6d9bbb41,24,postgresql,listen_addresses,,
sql-repeats,20261004T095019Z-6d9bbb41,24,postgresql,max_connections,100,
sql-repeats,20261004T095019Z-6d9bbb41,24,postgresql,max_wal_size,1024,MB
sql-repeats,20261004T095019Z-6d9bbb41,24,postgresql,shared_buffers,16384,8kB
sql-repeats,20261004T095019Z-6d9bbb41,24,postgresql,synchronous_commit,on,
sql-repeats,20261004T095019Z-6d9bbb41,24,postgresql,unix_socket_directories,/pgsocket,
sql-repeats,20261004T095019Z-6d9bbb41,25,postgresql,autovacuum,on,
sql-repeats,20261004T095019Z-6d9bbb41,25,postgresql,checkpoint_timeout,300,s
sql-repeats,20261004T095019Z-6d9bbb41,25,postgresql,data_directory,/pgwork/data,
sql-repeats,20261004T095019Z-6d9bbb41,25,postgresql,fsync,on,
sql-repeats,20261004T095019Z-6d9bbb41,25,postgresql,full_page_writes,on,
sql-repeats,20261004T095019Z-6d9bbb41,25,postgresql,listen_addresses,,
sql-repeats,20261004T095019Z-6d9bbb41,25,postgresql,max_connections,100,
sql-repeats,20261004T095019Z-6d9bbb41,25,postgresql,max_wal_size,1024,MB
sql-repeats,20261004T095019Z-6d9bbb41,25,postgresql,shared_buffers,16384,8kB
sql-repeats,20261004T095019Z-6d9bbb41,25,postgresql,synchronous_commit,on,
sql-repeats,20261004T095019Z-6d9bbb41,25,postgresql,unix_socket_directories,/pgsocket,
sql-repeats,20261004T095019Z-6d9bbb41,26,postgresql,autovacuum,on,
sql-repeats,20261004T095019Z-6d9bbb41,26,postgresql,checkpoint_timeout,300,s
sql-repeats,20261004T095019Z-6d9bbb41,26,postgresql,data_directory,/pgwork/data,
sql-repeats,20261004T095019Z-6d9bbb41,26,postgresql,fsync,on,
sql-repeats,20261004T095019Z-6d9bbb41,26,postgresql,full_page_writes,on,
sql-repeats,20261004T095019Z-6d9bbb41,26,postgresql,listen_addresses,,
sql-repeats,20261004T095019Z-6d9bbb41,26,postgresql,max_connections,100,
sql-repeats,20261004T095019Z-6d9bbb41,26,postgresql,max_wal_size,1024,MB
sql-repeats,20261004T095019Z-6d9bbb41,26,postgresql,shared_buffers,16384,8kB
sql-repeats,20261004T095019Z-6d9bbb41,26,postgresql,synchronous_commit,on,
sql-repeats,20261004T095019Z-6d9bbb41,26,postgresql,unix_socket_directories,/pgsocket,
sql-repeats,20261004T095019Z-6d9bbb41,27,postgresql,autovacuum,on,
sql-repeats,20261004T095019Z-6d9bbb41,27,postgresql,checkpoint_timeout,300,s
sql-repeats,20261004T095019Z-6d9bbb41,27,postgresql,data_directory,/pgwork/data,
sql-repeats,20261004T095019Z-6d9bbb41,27,postgresql,fsync,on,
sql-repeats,20261004T095019Z-6d9bbb41,27,postgresql,full_page_writes,on,
sql-repeats,20261004T095019Z-6d9bbb41,27,postgresql,listen_addresses,,
sql-repeats,20261004T095019Z-6d9bbb41,27,postgresql,max_connections,100,
sql-repeats,20261004T095019Z-6d9bbb41,27,postgresql,max_wal_size,1024,MB
sql-repeats,20261004T095019Z-6d9bbb41,27,postgresql,shared_buffers,16384,8kB
sql-repeats,20261004T095019Z-6d9bbb41,27,postgresql,synchronous_commit,on,
sql-repeats,20261004T095019Z-6d9bbb41,27,postgresql,unix_socket_directories,/pgsocket,
sql-repeats,20261004T095019Z-6d9bbb41,28,postgresql,autovacuum,on,
sql-repeats,20261004T095019Z-6d9bbb41,28,postgresql,checkpoint_timeout,300,s
sql-repeats,20261004T095019Z-6d9bbb41,28,postgresql,data_directory,/pgwork/data,
sql-repeats,20261004T095019Z-6d9bbb41,28,postgresql,fsync,on,
sql-repeats,20261004T095019Z-6d9bbb41,28,postgresql,full_page_writes,on,
sql-repeats,20261004T095019Z-6d9bbb41,28,postgresql,listen_addresses,,
sql-repeats,20261004T095019Z-6d9bbb41,28,postgresql,max_connections,100,
sql-repeats,20261004T095019Z-6d9bbb41,28,postgresql,max_wal_size,1024,MB
sql-repeats,20261004T095019Z-6d9bbb41,28,postgresql,shared_buffers,16384,8kB
sql-repeats,20261004T095019Z-6d9bbb41,28,postgresql,synchronous_commit,on,
sql-repeats,20261004T095019Z-6d9bbb41,28,postgresql,unix_socket_directories,/pgsocket,
sql-repeats,20261004T095019Z-6d9bbb41,29,postgresql,autovacuum,on,
sql-repeats,20261004T095019Z-6d9bbb41,29,postgresql,checkpoint_timeout,300,s
sql-repeats,20261004T095019Z-6d9bbb41,29,postgresql,data_directory,/pgwork/data,
sql-repeats,20261004T095019Z-6d9bbb41,29,postgresql,fsync,on,
sql-repeats,20261004T095019Z-6d9bbb41,29,postgresql,full_page_writes,on,
sql-repeats,20261004T095019Z-6d9bbb41,29,postgresql,listen_addresses,,
sql-repeats,20261004T095019Z-6d9bbb41,29,postgresql,max_connections,100,
sql-repeats,20261004T095019Z-6d9bbb41,29,postgresql,max_wal_size,1024,MB
sql-repeats,20261004T095019Z-6d9bbb41,29,postgresql,shared_buffers,16384,8kB
sql-repeats,20261004T095019Z-6d9bbb41,29,postgresql,synchronous_commit,on,
sql-repeats,20261004T095019Z-6d9bbb41,29,postgresql,unix_socket_directories,/pgsocket,
sql-repeats,20261004T095019Z-6d9bbb41,30,postgresql,autovacuum,on,
sql-repeats,20261004T095019Z-6d9bbb41,30,postgresql,checkpoint_timeout,300,s
sql-repeats,20261004T095019Z-6d9bbb41,30,postgresql,data_directory,/pgwork/data,
sql-repeats,20261004T095019Z-6d9bbb41,30,postgresql,fsync,on,
sql-repeats,20261004T095019Z-6d9bbb41,30,postgresql,full_page_writes,on,
sql-repeats,20261004T095019Z-6d9bbb41,30,postgresql,listen_addresses,,
sql-repeats,20261004T095019Z-6d9bbb41,30,postgresql,max_connections,100,
sql-repeats,20261004T095019Z-6d9bbb41,30,postgresql,max_wal_size,1024,MB
sql-repeats,20261004T095019Z-6d9bbb41,30,postgresql,shared_buffers,16384,8kB
sql-repeats,20261004T095019Z-6d9bbb41,30,postgresql,synchronous_commit,on,
sql-repeats,20261004T095019Z-6d9bbb41,30,postgresql,unix_socket_directories,/pgsocket,
sql-repeats,20261004T095019Z-6d9bbb41,31,postgresql,autovacuum,on,
sql-repeats,20261004T095019Z-6d9bbb41,31,postgresql,checkpoint_timeout,300,s
sql-repeats,20261004T095019Z-6d9bbb41,31,postgresql,data_directory,/pgwork/data,
sql-repeats,20261004T095019Z-6d9bbb41,31,postgresql,fsync,on,
sql-repeats,20261004T095019Z-6d9bbb41,31,postgresql,full_page_writes,on,
sql-repeats,20261004T095019Z-6d9bbb41,31,postgresql,listen_addresses,,
sql-repeats,20261004T095019Z-6d9bbb41,31,postgresql,max_connections,100,
sql-repeats,20261004T095019Z-6d9bbb41,31,postgresql,max_wal_size,1024,MB
sql-repeats,20261004T095019Z-6d9bbb41,31,postgresql,shared_buffers,16384,8kB
sql-repeats,20261004T095019Z-6d9bbb41,31,postgresql,synchronous_commit,on,
sql-repeats,20261004T095019Z-6d9bbb41,31,postgresql,unix_socket_directories,/pgsocket,
sql-repeats,20261004T095019Z-6d9bbb41,32,postgresql,autovacuum,on,
sql-repeats,20261004T095019Z-6d9bbb41,32,postgresql,checkpoint_timeout,300,s
sql-repeats,20261004T095019Z-6d9bbb41,32,postgresql,data_directory,/pgwork/data,
sql-repeats,20261004T095019Z-6d9bbb41,32,postgresql,fsync,on,
sql-repeats,20261004T095019Z-6d9bbb41,32,postgresql,full_page_writes,on,
sql-repeats,20261004T095019Z-6d9bbb41,32,postgresql,listen_addresses,,
sql-repeats,20261004T095019Z-6d9bbb41,32,postgresql,max_connections,100,
sql-repeats,20261004T095019Z-6d9bbb41,32,postgresql,max_wal_size,1024,MB
sql-repeats,20261004T095019Z-6d9bbb41,32,postgresql,shared_buffers,16384,8kB
sql-repeats,20261004T095019Z-6d9bbb41,32,postgresql,synchronous_commit,on,
sql-repeats,20261004T095019Z-6d9bbb41,32,postgresql,unix_socket_directories,/pgsocket,
sql-repeats,20261004T095019Z-6d9bbb41,33,postgresql,autovacuum,on,
sql-repeats,20261004T095019Z-6d9bbb41,33,postgresql,checkpoint_timeout,300,s
sql-repeats,20261004T095019Z-6d9bbb41,33,postgresql,data_directory,/pgwork/data,
sql-repeats,20261004T095019Z-6d9bbb41,33,postgresql,fsync,on,
sql-repeats,20261004T095019Z-6d9bbb41,33,postgresql,full_page_writes,on,
sql-repeats,20261004T095019Z-6d9bbb41,33,postgresql,listen_addresses,,
sql-repeats,20261004T095019Z-6d9bbb41,33,postgresql,max_connections,100,
sql-repeats,20261004T095019Z-6d9bbb41,33,postgresql,max_wal_size,1024,MB
sql-repeats,20261004T095019Z-6d9bbb41,33,postgresql,shared_buffers,16384,8kB
sql-repeats,20261004T095019Z-6d9bbb41,33,postgresql,synchronous_commit,on,
sql-repeats,20261004T095019Z-6d9bbb41,33,postgresql,unix_socket_directories,/pgsocket,
sql-repeats,20261004T095019Z-6d9bbb41,34,postgresql,autovacuum,on,
sql-repeats,20261004T095019Z-6d9bbb41,34,postgresql,checkpoint_timeout,300,s
sql-repeats,20261004T095019Z-6d9bbb41,34,postgresql,data_directory,/pgwork/data,
sql-repeats,20261004T095019Z-6d9bbb41,34,postgresql,fsync,on,
sql-repeats,20261004T095019Z-6d9bbb41,34,postgresql,full_page_writes,on,
sql-repeats,20261004T095019Z-6d9bbb41,34,postgresql,listen_addresses,,
sql-repeats,20261004T095019Z-6d9bbb41,34,postgresql,max_connections,100,
sql-repeats,20261004T095019Z-6d9bbb41,34,postgresql,max_wal_size,1024,MB
sql-repeats,20261004T095019Z-6d9bbb41,34,postgresql,shared_buffers,16384,8kB
sql-repeats,20261004T095019Z-6d9bbb41,34,postgresql,synchronous_commit,on,
sql-repeats,20261004T095019Z-6d9bbb41,34,postgresql,unix_socket_directories,/pgsocket,
sql-repeats,20261004T095019Z-6d9bbb41,35,postgresql,autovacuum,on,
sql-repeats,20261004T095019Z-6d9bbb41,35,postgresql,checkpoint_timeout,300,s
sql-repeats,20261004T095019Z-6d9bbb41,35,postgresql,data_directory,/pgwork/data,
sql-repeats,20261004T095019Z-6d9bbb41,35,postgresql,fsync,on,
sql-repeats,20261004T095019Z-6d9bbb41,35,postgresql,full_page_writes,on,
sql-repeats,20261004T095019Z-6d9bbb41,35,postgresql,listen_addresses,,
sql-repeats,20261004T095019Z-6d9bbb41,35,postgresql,max_connections,100,
sql-repeats,20261004T095019Z-6d9bbb41,35,postgresql,max_wal_size,1024,MB
sql-repeats,20261004T095019Z-6d9bbb41,35,postgresql,shared_buffers,16384,8kB
sql-repeats,20261004T095019Z-6d9bbb41,35,postgresql,synchronous_commit,on,
sql-repeats,20261004T095019Z-6d9bbb41,35,postgresql,unix_socket_directories,/pgsocket,
sql-repeats,20261004T095019Z-6d9bbb41,36,postgresql,autovacuum,on,
sql-repeats,20261004T095019Z-6d9bbb41,36,postgresql,checkpoint_timeout,300,s
sql-repeats,20261004T095019Z-6d9bbb41,36,postgresql,data_directory,/pgwork/data,
sql-repeats,20261004T095019Z-6d9bbb41,36,postgresql,fsync,on,
sql-repeats,20261004T095019Z-6d9bbb41,36,postgresql,full_page_writes,on,
sql-repeats,20261004T095019Z-6d9bbb41,36,postgresql,listen_addresses,,
sql-repeats,20261004T095019Z-6d9bbb41,36,postgresql,max_connections,100,
sql-repeats,20261004T095019Z-6d9bbb41,36,postgresql,max_wal_size,1024,MB
sql-repeats,20261004T095019Z-6d9bbb41,36,postgresql,shared_buffers,16384,8kB
sql-repeats,20261004T095019Z-6d9bbb41,36,postgresql,synchronous_commit,on,
sql-repeats,20261004T095019Z-6d9bbb41,36,postgresql,unix_socket_directories,/pgsocket,
sql-repeats,20261004T095739Z-6926eee6,1,sqlite,journal_mode,WAL,
sql-repeats,20261004T095739Z-6926eee6,1,sqlite,synchronous,NORMAL,
sql-repeats,20261004T095739Z-6926eee6,1,sqlite,wal_autocheckpoint_pages,1000,
sql-repeats,20261004T095739Z-6926eee6,2,sqlite,journal_mode,WAL,
sql-repeats,20261004T095739Z-6926eee6,2,sqlite,synchronous,NORMAL,
sql-repeats,20261004T095739Z-6926eee6,2,sqlite,wal_autocheckpoint_pages,1000,
sql-repeats,20261004T095739Z-6926eee6,3,sqlite,journal_mode,WAL,
sql-repeats,20261004T095739Z-6926eee6,3,sqlite,synchronous,NORMAL,
sql-repeats,20261004T095739Z-6926eee6,3,sqlite,wal_autocheckpoint_pages,1000,
sql-repeats,20261004T095739Z-6926eee6,4,sqlite,journal_mode,WAL,
sql-repeats,20261004T095739Z-6926eee6,4,sqlite,synchronous,NORMAL,
sql-repeats,20261004T095739Z-6926eee6,4,sqlite,wal_autocheckpoint_pages,1000,
sql-repeats,20261004T095739Z-6926eee6,5,sqlite,journal_mode,WAL,
sql-repeats,20261004T095739Z-6926eee6,5,sqlite,synchronous,NORMAL,
sql-repeats,20261004T095739Z-6926eee6,5,sqlite,wal_autocheckpoint_pages,1000,
sql-repeats,20261004T095739Z-6926eee6,6,sqlite,journal_mode,WAL,
sql-repeats,20261004T095739Z-6926eee6,6,sqlite,synchronous,NORMAL,
sql-repeats,20261004T095739Z-6926eee6,6,sqlite,wal_autocheckpoint_pages,1000,
sql-repeats,20261004T095739Z-6926eee6,7,sqlite,journal_mode,WAL,
sql-repeats,20261004T095739Z-6926eee6,7,sqlite,synchronous,NORMAL,
sql-repeats,20261004T095739Z-6926eee6,7,sqlite,wal_autocheckpoint_pages,1000,
sql-repeats,20261004T095739Z-6926eee6,8,sqlite,journal_mode,WAL,
sql-repeats,20261004T095739Z-6926eee6,8,sqlite,synchronous,NORMAL,
sql-repeats,20261004T095739Z-6926eee6,8,sqlite,wal_autocheckpoint_pages,1000,
sql-repeats,20261004T095739Z-6926eee6,9,sqlite,journal_mode,WAL,
sql-repeats,20261004T095739Z-6926eee6,9,sqlite,synchronous,NORMAL,
sql-repeats,20261004T095739Z-6926eee6,9,sqlite,wal_autocheckpoint_pages,1000,
sql-repeats,20261004T095739Z-6926eee6,10,sqlite,journal_mode,WAL,
sql-repeats,20261004T095739Z-6926eee6,10,sqlite,synchronous,NORMAL,
sql-repeats,20261004T095739Z-6926eee6,10,sqlite,wal_autocheckpoint_pages,1000,
sql-repeats,20261004T095739Z-6926eee6,11,sqlite,journal_mode,WAL,
sql-repeats,20261004T095739Z-6926eee6,11,sqlite,synchronous,NORMAL,
sql-repeats,20261004T095739Z-6926eee6,11,sqlite,wal_autocheckpoint_pages,1000,
sql-repeats,20261004T095739Z-6926eee6,12,sqlite,journal_mode,WAL,
sql-repeats,20261004T095739Z-6926eee6,12,sqlite,synchronous,NORMAL,
sql-repeats,20261004T095739Z-6926eee6,12,sqlite,wal_autocheckpoint_pages,1000,
sql-repeats,20261004T095739Z-6926eee6,13,sqlite,journal_mode,WAL,
sql-repeats,20261004T095739Z-6926eee6,13,sqlite,synchronous,NORMAL,
sql-repeats,20261004T095739Z-6926eee6,13,sqlite,wal_autocheckpoint_pages,1000,
sql-repeats,20261004T095739Z-6926eee6,14,sqlite,journal_mode,WAL,
sql-repeats,20261004T095739Z-6926eee6,14,sqlite,synchronous,NORMAL,
sql-repeats,20261004T095739Z-6926eee6,14,sqlite,wal_autocheckpoint_pages,1000,
sql-repeats,20261004T095739Z-6926eee6,15,sqlite,journal_mode,WAL,
sql-repeats,20261004T095739Z-6926eee6,15,sqlite,synchronous,NORMAL,
sql-repeats,20261004T095739Z-6926eee6,15,sqlite,wal_autocheckpoint_pages,1000,
sql-repeats,20261004T095739Z-6926eee6,16,sqlite,journal_mode,WAL,
sql-repeats,20261004T095739Z-6926eee6,16,sqlite,synchronous,NORMAL,
sql-repeats,20261004T095739Z-6926eee6,16,sqlite,wal_autocheckpoint_pages,1000,
sql-repeats,20261004T095739Z-6926eee6,17,sqlite,journal_mode,WAL,
sql-repeats,20261004T095739Z-6926eee6,17,sqlite,synchronous,NORMAL,
sql-repeats,20261004T095739Z-6926eee6,17,sqlite,wal_autocheckpoint_pages,1000,
sql-repeats,20261004T095739Z-6926eee6,18,sqlite,journal_mode,WAL,
sql-repeats,20261004T095739Z-6926eee6,18,sqlite,synchronous,NORMAL,
sql-repeats,20261004T095739Z-6926eee6,18,sqlite,wal_autocheckpoint_pages,1000,
sql-repeats,20261004T095739Z-6926eee6,19,sqlite,journal_mode,WAL,
sql-repeats,20261004T095739Z-6926eee6,19,sqlite,synchronous,NORMAL,
sql-repeats,20261004T095739Z-6926eee6,19,sqlite,wal_autocheckpoint_pages,1000,
sql-repeats,20261004T095739Z-6926eee6,20,sqlite,journal_mode,WAL,
sql-repeats,20261004T095739Z-6926eee6,20,sqlite,synchronous,NORMAL,
sql-repeats,20261004T095739Z-6926eee6,20,sqlite,wal_autocheckpoint_pages,1000,
sql-repeats,20261004T095739Z-6926eee6,21,sqlite,journal_mode,WAL,
sql-repeats,20261004T095739Z-6926eee6,21,sqlite,synchronous,NORMAL,
sql-repeats,20261004T095739Z-6926eee6,21,sqlite,wal_autocheckpoint_pages,1000,
sql-repeats,20261004T095739Z-6926eee6,22,sqlite,journal_mode,WAL,
sql-repeats,20261004T095739Z-6926eee6,22,sqlite,synchronous,NORMAL,
sql-repeats,20261004T095739Z-6926eee6,22,sqlite,wal_autocheckpoint_pages,1000,
sql-repeats,20261004T095739Z-6926eee6,23,sqlite,journal_mode,WAL,
sql-repeats,20261004T095739Z-6926eee6,23,sqlite,synchronous,NORMAL,
sql-repeats,20261004T095739Z-6926eee6,23,sqlite,wal_autocheckpoint_pages,1000,
sql-repeats,20261004T095739Z-6926eee6,24,sqlite,journal_mode,WAL,
sql-repeats,20261004T095739Z-6926eee6,24,sqlite,synchronous,NORMAL,
sql-repeats,20261004T095739Z-6926eee6,24,sqlite,wal_autocheckpoint_pages,1000,
sql-repeats,20261004T095739Z-6926eee6,25,sqlite,journal_mode,WAL,
sql-repeats,20261004T095739Z-6926eee6,25,sqlite,synchronous,NORMAL,
sql-repeats,20261004T095739Z-6926eee6,25,sqlite,wal_autocheckpoint_pages,1000,
sql-repeats,20261004T095739Z-6926eee6,26,sqlite,journal_mode,WAL,
sql-repeats,20261004T095739Z-6926eee6,26,sqlite,synchronous,NORMAL,
sql-repeats,20261004T095739Z-6926eee6,26,sqlite,wal_autocheckpoint_pages,1000,
sql-repeats,20261004T095739Z-6926eee6,27,sqlite,journal_mode,WAL,
sql-repeats,20261004T095739Z-6926eee6,27,sqlite,synchronous,NORMAL,
sql-repeats,20261004T095739Z-6926eee6,27,sqlite,wal_autocheckpoint_pages,1000,
sql-repeats,20261004T095739Z-6926eee6,28,sqlite,journal_mode,WAL,
sql-repeats,20261004T095739Z-6926eee6,28,sqlite,synchronous,NORMAL,
sql-repeats,20261004T095739Z-6926eee6,28,sqlite,wal_autocheckpoint_pages,1000,
sql-repeats,20261004T095739Z-6926eee6,29,sqlite,journal_mode,WAL,
sql-repeats,20261004T095739Z-6926eee6,29,sqlite,synchronous,NORMAL,
sql-repeats,20261004T095739Z-6926eee6,29,sqlite,wal_autocheckpoint_pages,1000,
sql-repeats,20261004T095739Z-6926eee6,30,sqlite,journal_mode,WAL,
sql-repeats,20261004T095739Z-6926eee6,30,sqlite,synchronous,NORMAL,
sql-repeats,20261004T095739Z-6926eee6,30,sqlite,wal_autocheckpoint_pages,1000,
sql-repeats,20261004T095739Z-6926eee6,31,sqlite,journal_mode,WAL,
sql-repeats,20261004T095739Z-6926eee6,31,sqlite,synchronous,NORMAL,
sql-repeats,20261004T095739Z-6926eee6,31,sqlite,wal_autocheckpoint_pages,1000,
sql-repeats,20261004T095739Z-6926eee6,32,sqlite,journal_mode,WAL,
sql-repeats,20261004T095739Z-6926eee6,32,sqlite,synchronous,NORMAL,
sql-repeats,20261004T095739Z-6926eee6,32,sqlite,wal_autocheckpoint_pages,1000,
sql-repeats,20261004T095739Z-6926eee6,33,sqlite,journal_mode,WAL,
sql-repeats,20261004T095739Z-6926eee6,33,sqlite,synchronous,NORMAL,
sql-repeats,20261004T095739Z-6926eee6,33,sqlite,wal_autocheckpoint_pages,1000,
sql-repeats,20261004T095739Z-6926eee6,34,sqlite,journal_mode,WAL,
sql-repeats,20261004T095739Z-6926eee6,34,sqlite,synchronous,NORMAL,
sql-repeats,20261004T095739Z-6926eee6,34,sqlite,wal_autocheckpoint_pages,1000,
sql-repeats,20261004T095739Z-6926eee6,35,sqlite,journal_mode,WAL,
sql-repeats,20261004T095739Z-6926eee6,35,sqlite,synchronous,NORMAL,
sql-repeats,20261004T095739Z-6926eee6,35,sqlite,wal_autocheckpoint_pages,1000,
sql-repeats,20261004T095739Z-6926eee6,36,sqlite,journal_mode,WAL,
sql-repeats,20261004T095739Z-6926eee6,36,sqlite,synchronous,NORMAL,
sql-repeats,20261004T095739Z-6926eee6,36,sqlite,wal_autocheckpoint_pages,1000,
sql-repeats,20261004T100122Z-735bcceb,1,sqlite,journal_mode,WAL,
sql-repeats,20261004T100122Z-735bcceb,1,sqlite,synchronous,NORMAL,
sql-repeats,20261004T100122Z-735bcceb,1,sqlite,wal_autocheckpoint_pages,1000,
sql-repeats,20261004T100122Z-735bcceb,2,sqlite,journal_mode,WAL,
sql-repeats,20261004T100122Z-735bcceb,2,sqlite,synchronous,NORMAL,
sql-repeats,20261004T100122Z-735bcceb,2,sqlite,wal_autocheckpoint_pages,1000,
sql-repeats,20261004T100122Z-735bcceb,3,sqlite,journal_mode,WAL,
sql-repeats,20261004T100122Z-735bcceb,3,sqlite,synchronous,NORMAL,
sql-repeats,20261004T100122Z-735bcceb,3,sqlite,wal_autocheckpoint_pages,1000,
sql-repeats,20261004T100122Z-735bcceb,4,sqlite,journal_mode,WAL,
sql-repeats,20261004T100122Z-735bcceb,4,sqlite,synchronous,NORMAL,
sql-repeats,20261004T100122Z-735bcceb,4,sqlite,wal_autocheckpoint_pages,1000,
sql-repeats,20261004T100122Z-735bcceb,5,sqlite,journal_mode,WAL,
sql-repeats,20261004T100122Z-735bcceb,5,sqlite,synchronous,NORMAL,
sql-repeats,20261004T100122Z-735bcceb,5,sqlite,wal_autocheckpoint_pages,1000,
sql-repeats,20261004T100122Z-735bcceb,6,sqlite,journal_mode,WAL,
sql-repeats,20261004T100122Z-735bcceb,6,sqlite,synchronous,NORMAL,
sql-repeats,20261004T100122Z-735bcceb,6,sqlite,wal_autocheckpoint_pages,1000,
sql-repeats,20261004T100122Z-735bcceb,7,sqlite,journal_mode,WAL,
sql-repeats,20261004T100122Z-735bcceb,7,sqlite,synchronous,NORMAL,
sql-repeats,20261004T100122Z-735bcceb,7,sqlite,wal_autocheckpoint_pages,1000,
sql-repeats,20261004T100122Z-735bcceb,8,sqlite,journal_mode,WAL,
sql-repeats,20261004T100122Z-735bcceb,8,sqlite,synchronous,NORMAL,
sql-repeats,20261004T100122Z-735bcceb,8,sqlite,wal_autocheckpoint_pages,1000,
sql-repeats,20261004T100122Z-735bcceb,9,sqlite,journal_mode,WAL,
sql-repeats,20261004T100122Z-735bcceb,9,sqlite,synchronous,NORMAL,
sql-repeats,20261004T100122Z-735bcceb,9,sqlite,wal_autocheckpoint_pages,1000,
sql-repeats,20261004T100122Z-735bcceb,10,sqlite,journal_mode,WAL,
sql-repeats,20261004T100122Z-735bcceb,10,sqlite,synchronous,NORMAL,
sql-repeats,20261004T100122Z-735bcceb,10,sqlite,wal_autocheckpoint_pages,1000,
sql-repeats,20261004T100122Z-735bcceb,11,sqlite,journal_mode,WAL,
sql-repeats,20261004T100122Z-735bcceb,11,sqlite,synchronous,NORMAL,
sql-repeats,20261004T100122Z-735bcceb,11,sqlite,wal_autocheckpoint_pages,1000,
sql-repeats,20261004T100122Z-735bcceb,12,sqlite,journal_mode,WAL,
sql-repeats,20261004T100122Z-735bcceb,12,sqlite,synchronous,NORMAL,
sql-repeats,20261004T100122Z-735bcceb,12,sqlite,wal_autocheckpoint_pages,1000,
sql-repeats,20261004T100122Z-735bcceb,13,sqlite,journal_mode,WAL,
sql-repeats,20261004T100122Z-735bcceb,13,sqlite,synchronous,NORMAL,
sql-repeats,20261004T100122Z-735bcceb,13,sqlite,wal_autocheckpoint_pages,1000,
sql-repeats,20261004T100122Z-735bcceb,14,sqlite,journal_mode,WAL,
sql-repeats,20261004T100122Z-735bcceb,14,sqlite,synchronous,NORMAL,
sql-repeats,20261004T100122Z-735bcceb,14,sqlite,wal_autocheckpoint_pages,1000,
sql-repeats,20261004T100122Z-735bcceb,15,sqlite,journal_mode,WAL,
sql-repeats,20261004T100122Z-735bcceb,15,sqlite,synchronous,NORMAL,
sql-repeats,20261004T100122Z-735bcceb,15,sqlite,wal_autocheckpoint_pages,1000,
sql-repeats,20261004T100122Z-735bcceb,16,sqlite,journal_mode,WAL,
sql-repeats,20261004T100122Z-735bcceb,16,sqlite,synchronous,NORMAL,
sql-repeats,20261004T100122Z-735bcceb,16,sqlite,wal_autocheckpoint_pages,1000,
sql-repeats,20261004T100122Z-735bcceb,17,sqlite,journal_mode,WAL,
sql-repeats,20261004T100122Z-735bcceb,17,sqlite,synchronous,NORMAL,
sql-repeats,20261004T100122Z-735bcceb,17,sqlite,wal_autocheckpoint_pages,1000,
sql-repeats,20261004T100122Z-735bcceb,18,sqlite,journal_mode,WAL,
sql-repeats,20261004T100122Z-735bcceb,18,sqlite,synchronous,NORMAL,
sql-repeats,20261004T100122Z-735bcceb,18,sqlite,wal_autocheckpoint_pages,1000,
sql-repeats,20261004T100122Z-735bcceb,19,sqlite,journal_mode,WAL,
sql-repeats,20261004T100122Z-735bcceb,19,sqlite,synchronous,NORMAL,
sql-repeats,20261004T100122Z-735bcceb,19,sqlite,wal_autocheckpoint_pages,1000,
sql-repeats,20261004T100122Z-735bcceb,20,sqlite,journal_mode,WAL,
sql-repeats,20261004T100122Z-735bcceb,20,sqlite,synchronous,NORMAL,
sql-repeats,20261004T100122Z-735bcceb,20,sqlite,wal_autocheckpoint_pages,1000,
sql-repeats,20261004T100122Z-735bcceb,21,sqlite,journal_mode,WAL,
sql-repeats,20261004T100122Z-735bcceb,21,sqlite,synchronous,NORMAL,
sql-repeats,20261004T100122Z-735bcceb,21,sqlite,wal_autocheckpoint_pages,1000,
sql-repeats,20261004T100122Z-735bcceb,22,sqlite,journal_mode,WAL,
sql-repeats,20261004T100122Z-735bcceb,22,sqlite,synchronous,NORMAL,
sql-repeats,20261004T100122Z-735bcceb,22,sqlite,wal_autocheckpoint_pages,1000,
sql-repeats,20261004T100122Z-735bcceb,23,sqlite,journal_mode,WAL,
sql-repeats,20261004T100122Z-735bcceb,23,sqlite,synchronous,NORMAL,
sql-repeats,20261004T100122Z-735bcceb,23,sqlite,wal_autocheckpoint_pages,1000,
sql-repeats,20261004T100122Z-735bcceb,24,sqlite,journal_mode,WAL,
sql-repeats,20261004T100122Z-735bcceb,24,sqlite,synchronous,NORMAL,
sql-repeats,20261004T100122Z-735bcceb,24,sqlite,wal_autocheckpoint_pages,1000,
sql-repeats,20261004T100122Z-735bcceb,25,sqlite,journal_mode,WAL,
sql-repeats,20261004T100122Z-735bcceb,25,sqlite,synchronous,NORMAL,
sql-repeats,20261004T100122Z-735bcceb,25,sqlite,wal_autocheckpoint_pages,1000,
sql-repeats,20261004T100122Z-735bcceb,26,sqlite,journal_mode,WAL,
sql-repeats,20261004T100122Z-735bcceb,26,sqlite,synchronous,NORMAL,
sql-repeats,20261004T100122Z-735bcceb,26,sqlite,wal_autocheckpoint_pages,1000,
sql-repeats,20261004T100122Z-735bcceb,27,sqlite,journal_mode,WAL,
sql-repeats,20261004T100122Z-735bcceb,27,sqlite,synchronous,NORMAL,
sql-repeats,20261004T100122Z-735bcceb,27,sqlite,wal_autocheckpoint_pages,1000,
sql-repeats,20261004T100122Z-735bcceb,28,sqlite,journal_mode,WAL,
sql-repeats,20261004T100122Z-735bcceb,28,sqlite,synchronous,NORMAL,
sql-repeats,20261004T100122Z-735bcceb,28,sqlite,wal_autocheckpoint_pages,1000,
sql-repeats,20261004T100122Z-735bcceb,29,sqlite,journal_mode,WAL,
sql-repeats,20261004T100122Z-735bcceb,29,sqlite,synchronous,NORMAL,
sql-repeats,20261004T100122Z-735bcceb,29,sqlite,wal_autocheckpoint_pages,1000,
sql-repeats,20261004T100122Z-735bcceb,30,sqlite,journal_mode,WAL,
sql-repeats,20261004T100122Z-735bcceb,30,sqlite,synchronous,NORMAL,
sql-repeats,20261004T100122Z-735bcceb,30,sqlite,wal_autocheckpoint_pages,1000,
sql-repeats,20261004T100122Z-735bcceb,31,sqlite,journal_mode,WAL,
sql-repeats,20261004T100122Z-735bcceb,31,sqlite,synchronous,NORMAL,
sql-repeats,20261004T100122Z-735bcceb,31,sqlite,wal_autocheckpoint_pages,1000,
sql-repeats,20261004T100122Z-735bcceb,32,sqlite,journal_mode,WAL,
sql-repeats,20261004T100122Z-735bcceb,32,sqlite,synchronous,NORMAL,
sql-repeats,20261004T100122Z-735bcceb,32,sqlite,wal_autocheckpoint_pages,1000,
sql-repeats,20261004T100122Z-735bcceb,33,sqlite,journal_mode,WAL,
sql-repeats,20261004T100122Z-735bcceb,33,sqlite,synchronous,NORMAL,
sql-repeats,20261004T100122Z-735bcceb,33,sqlite,wal_autocheckpoint_pages,1000,
sql-repeats,20261004T100122Z-735bcceb,34,sqlite,journal_mode,WAL,
sql-repeats,20261004T100122Z-735bcceb,34,sqlite,synchronous,NORMAL,
sql-repeats,20261004T100122Z-735bcceb,34,sqlite,wal_autocheckpoint_pages,1000,
sql-repeats,20261004T100122Z-735bcceb,35,sqlite,journal_mode,WAL,
sql-repeats,20261004T100122Z-735bcceb,35,sqlite,synchronous,NORMAL,
sql-repeats,20261004T100122Z-735bcceb,35,sqlite,wal_autocheckpoint_pages,1000,
sql-repeats,20261004T100122Z-735bcceb,36,sqlite,journal_mode,WAL,
sql-repeats,20261004T100122Z-735bcceb,36,sqlite,synchronous,NORMAL,
sql-repeats,20261004T100122Z-735bcceb,36,sqlite,wal_autocheckpoint_pages,1000,
sql-repeats,20261004T074917Z-a81b941b,1,sqlite,journal_mode,WAL,
sql-repeats,20261004T074917Z-a81b941b,1,sqlite,synchronous,NORMAL,
sql-repeats,20261004T074917Z-a81b941b,1,sqlite,wal_autocheckpoint_pages,1000,
sql-repeats,20261004T074917Z-a81b941b,2,sqlite,journal_mode,WAL,
sql-repeats,20261004T074917Z-a81b941b,2,sqlite,synchronous,NORMAL,
sql-repeats,20261004T074917Z-a81b941b,2,sqlite,wal_autocheckpoint_pages,1000,
sql-repeats,20261004T074917Z-a81b941b,3,sqlite,journal_mode,WAL,
sql-repeats,20261004T074917Z-a81b941b,3,sqlite,synchronous,NORMAL,
sql-repeats,20261004T074917Z-a81b941b,3,sqlite,wal_autocheckpoint_pages,1000,
sql-repeats,20261004T074917Z-a81b941b,4,sqlite,journal_mode,WAL,
sql-repeats,20261004T074917Z-a81b941b,4,sqlite,synchronous,NORMAL,
sql-repeats,20261004T074917Z-a81b941b,4,sqlite,wal_autocheckpoint_pages,1000,
sql-repeats,20261004T074917Z-a81b941b,5,sqlite,journal_mode,WAL,
sql-repeats,20261004T074917Z-a81b941b,5,sqlite,synchronous,NORMAL,
sql-repeats,20261004T074917Z-a81b941b,5,sqlite,wal_autocheckpoint_pages,1000,
sql-repeats,20261004T074917Z-a81b941b,6,sqlite,journal_mode,WAL,
sql-repeats,20261004T074917Z-a81b941b,6,sqlite,synchronous,NORMAL,
sql-repeats,20261004T074917Z-a81b941b,6,sqlite,wal_autocheckpoint_pages,1000,
sql-repeats,20261004T074917Z-a81b941b,7,sqlite,journal_mode,WAL,
sql-repeats,20261004T074917Z-a81b941b,7,sqlite,synchronous,NORMAL,
sql-repeats,20261004T074917Z-a81b941b,7,sqlite,wal_autocheckpoint_pages,1000,
sql-repeats,20261004T074917Z-a81b941b,8,sqlite,journal_mode,WAL,
sql-repeats,20261004T074917Z-a81b941b,8,sqlite,synchronous,NORMAL,
sql-repeats,20261004T074917Z-a81b941b,8,sqlite,wal_autocheckpoint_pages,1000,
sql-repeats,20261004T074917Z-a81b941b,9,sqlite,journal_mode,WAL,
sql-repeats,20261004T074917Z-a81b941b,9,sqlite,synchronous,NORMAL,
sql-repeats,20261004T074917Z-a81b941b,9,sqlite,wal_autocheckpoint_pages,1000,
sql-repeats,20261004T074917Z-a81b941b,10,sqlite,journal_mode,WAL,
sql-repeats,20261004T074917Z-a81b941b,10,sqlite,synchronous,NORMAL,
sql-repeats,20261004T074917Z-a81b941b,10,sqlite,wal_autocheckpoint_pages,1000,
sql-repeats,20261004T074917Z-a81b941b,11,sqlite,journal_mode,WAL,
sql-repeats,20261004T074917Z-a81b941b,11,sqlite,synchronous,NORMAL,
sql-repeats,20261004T074917Z-a81b941b,11,sqlite,wal_autocheckpoint_pages,1000,
sql-repeats,20261004T074917Z-a81b941b,12,sqlite,journal_mode,WAL,
sql-repeats,20261004T074917Z-a81b941b,12,sqlite,synchronous,NORMAL,
sql-repeats,20261004T074917Z-a81b941b,12,sqlite,wal_autocheckpoint_pages,1000,
sql-repeats,20261004T074917Z-a81b941b,13,sqlite,journal_mode,WAL,
sql-repeats,20261004T074917Z-a81b941b,13,sqlite,synchronous,NORMAL,
sql-repeats,20261004T074917Z-a81b941b,13,sqlite,wal_autocheckpoint_pages,1000,
sql-repeats,20261004T074917Z-a81b941b,14,sqlite,journal_mode,WAL,
sql-repeats,20261004T074917Z-a81b941b,14,sqlite,synchronous,NORMAL,
sql-repeats,20261004T074917Z-a81b941b,14,sqlite,wal_autocheckpoint_pages,1000,
sql-repeats,20261004T074917Z-a81b941b,15,sqlite,journal_mode,WAL,
sql-repeats,20261004T074917Z-a81b941b,15,sqlite,synchronous,NORMAL,
sql-repeats,20261004T074917Z-a81b941b,15,sqlite,wal_autocheckpoint_pages,1000,
sql-repeats,20261004T074917Z-a81b941b,16,sqlite,journal_mode,WAL,
sql-repeats,20261004T074917Z-a81b941b,16,sqlite,synchronous,NORMAL,
sql-repeats,20261004T074917Z-a81b941b,16,sqlite,wal_autocheckpoint_pages,1000,
sql-repeats,20261004T074917Z-a81b941b,17,sqlite,journal_mode,WAL,
sql-repeats,20261004T074917Z-a81b941b,17,sqlite,synchronous,NORMAL,
sql-repeats,20261004T074917Z-a81b941b,17,sqlite,wal_autocheckpoint_pages,1000,
sql-repeats,20261004T074917Z-a81b941b,18,sqlite,journal_mode,WAL,
sql-repeats,20261004T074917Z-a81b941b,18,sqlite,synchronous,NORMAL,
sql-repeats,20261004T074917Z-a81b941b,18,sqlite,wal_autocheckpoint_pages,1000,
sql-repeats,20261004T074917Z-a81b941b,19,sqlite,journal_mode,WAL,
sql-repeats,20261004T074917Z-a81b941b,19,sqlite,synchronous,NORMAL,
sql-repeats,20261004T074917Z-a81b941b,19,sqlite,wal_autocheckpoint_pages,1000,
sql-repeats,20261004T074917Z-a81b941b,20,sqlite,journal_mode,WAL,
sql-repeats,20261004T074917Z-a81b941b,20,sqlite,synchronous,NORMAL,
sql-repeats,20261004T074917Z-a81b941b,20,sqlite,wal_autocheckpoint_pages,1000,
sql-repeats,20261004T074917Z-a81b941b,21,sqlite,journal_mode,WAL,
sql-repeats,20261004T074917Z-a81b941b,21,sqlite,synchronous,NORMAL,
sql-repeats,20261004T074917Z-a81b941b,21,sqlite,wal_autocheckpoint_pages,1000,
sql-repeats,20261004T074917Z-a81b941b,22,sqlite,journal_mode,WAL,
sql-repeats,20261004T074917Z-a81b941b,22,sqlite,synchronous,NORMAL,
sql-repeats,20261004T074917Z-a81b941b,22,sqlite,wal_autocheckpoint_pages,1000,
sql-repeats,20261004T074917Z-a81b941b,23,sqlite,journal_mode,WAL,
sql-repeats,20261004T074917Z-a81b941b,23,sqlite,synchronous,NORMAL,
sql-repeats,20261004T074917Z-a81b941b,23,sqlite,wal_autocheckpoint_pages,1000,
sql-repeats,20261004T074917Z-a81b941b,24,sqlite,journal_mode,WAL,
sql-repeats,20261004T074917Z-a81b941b,24,sqlite,synchronous,NORMAL,
sql-repeats,20261004T074917Z-a81b941b,24,sqlite,wal_autocheckpoint_pages,1000,
sql-repeats,20261004T074917Z-a81b941b,25,sqlite,journal_mode,WAL,
sql-repeats,20261004T074917Z-a81b941b,25,sqlite,synchronous,NORMAL,
sql-repeats,20261004T074917Z-a81b941b,25,sqlite,wal_autocheckpoint_pages,1000,
sql-repeats,20261004T074917Z-a81b941b,26,sqlite,journal_mode,WAL,
sql-repeats,20261004T074917Z-a81b941b,26,sqlite,synchronous,NORMAL,
sql-repeats,20261004T074917Z-a81b941b,26,sqlite,wal_autocheckpoint_pages,1000,
sql-repeats,20261004T074917Z-a81b941b,27,sqlite,journal_mode,WAL,
sql-repeats,20261004T074917Z-a81b941b,27,sqlite,synchronous,NORMAL,
sql-repeats,20261004T074917Z-a81b941b,27,sqlite,wal_autocheckpoint_pages,1000,
sql-repeats,20261004T074917Z-a81b941b,28,sqlite,journal_mode,WAL,
sql-repeats,20261004T074917Z-a81b941b,28,sqlite,synchronous,NORMAL,
sql-repeats,20261004T074917Z-a81b941b,28,sqlite,wal_autocheckpoint_pages,1000,
sql-repeats,20261004T074917Z-a81b941b,29,sqlite,journal_mode,WAL,
sql-repeats,20261004T074917Z-a81b941b,29,sqlite,synchronous,NORMAL,
sql-repeats,20261004T074917Z-a81b941b,29,sqlite,wal_autocheckpoint_pages,1000,
sql-repeats,20261004T074917Z-a81b941b,30,sqlite,journal_mode,WAL,
sql-repeats,20261004T074917Z-a81b941b,30,sqlite,synchronous,NORMAL,
sql-repeats,20261004T074917Z-a81b941b,30,sqlite,wal_autocheckpoint_pages,1000,
sql-repeats,20261004T074917Z-a81b941b,31,sqlite,journal_mode,WAL,
sql-repeats,20261004T074917Z-a81b941b,31,sqlite,synchronous,NORMAL,
sql-repeats,20261004T074917Z-a81b941b,31,sqlite,wal_autocheckpoint_pages,1000,
sql-repeats,20261004T074917Z-a81b941b,32,sqlite,journal_mode,WAL,
sql-repeats,20261004T074917Z-a81b941b,32,sqlite,synchronous,NORMAL,
sql-repeats,20261004T074917Z-a81b941b,32,sqlite,wal_autocheckpoint_pages,1000,
sql-repeats,20261004T074917Z-a81b941b,33,sqlite,journal_mode,WAL,
sql-repeats,20261004T074917Z-a81b941b,33,sqlite,synchronous,NORMAL,
sql-repeats,20261004T074917Z-a81b941b,33,sqlite,wal_autocheckpoint_pages,1000,
sql-repeats,20261004T074917Z-a81b941b,34,sqlite,journal_mode,WAL,
sql-repeats,20261004T074917Z-a81b941b,34,sqlite,synchronous,NORMAL,
sql-repeats,20261004T074917Z-a81b941b,34,sqlite,wal_autocheckpoint_pages,1000,
sql-repeats,20261004T074917Z-a81b941b,35,sqlite,journal_mode,WAL,
sql-repeats,20261004T074917Z-a81b941b,35,sqlite,synchronous,NORMAL,
sql-repeats,20261004T074917Z-a81b941b,35,sqlite,wal_autocheckpoint_pages,1000,
sql-repeats,20261004T074917Z-a81b941b,36,sqlite,journal_mode,WAL,
sql-repeats,20261004T074917Z-a81b941b,36,sqlite,synchronous,NORMAL,
sql-repeats,20261004T074917Z-a81b941b,36,sqlite,wal_autocheckpoint_pages,1000,
sql-repeats,20261004T075405Z-6e44220f,1,sqlite,journal_mode,WAL,
sql-repeats,20261004T075405Z-6e44220f,1,sqlite,synchronous,NORMAL,
sql-repeats,20261004T075405Z-6e44220f,1,sqlite,wal_autocheckpoint_pages,1000,
sql-repeats,20261004T075405Z-6e44220f,2,sqlite,journal_mode,WAL,
sql-repeats,20261004T075405Z-6e44220f,2,sqlite,synchronous,NORMAL,
sql-repeats,20261004T075405Z-6e44220f,2,sqlite,wal_autocheckpoint_pages,1000,
sql-repeats,20261004T075405Z-6e44220f,3,sqlite,journal_mode,WAL,
sql-repeats,20261004T075405Z-6e44220f,3,sqlite,synchronous,NORMAL,
sql-repeats,20261004T075405Z-6e44220f,3,sqlite,wal_autocheckpoint_pages,1000,
sql-repeats,20261004T075405Z-6e44220f,4,sqlite,journal_mode,WAL,
sql-repeats,20261004T075405Z-6e44220f,4,sqlite,synchronous,NORMAL,
sql-repeats,20261004T075405Z-6e44220f,4,sqlite,wal_autocheckpoint_pages,1000,
sql-repeats,20261004T075405Z-6e44220f,5,sqlite,journal_mode,WAL,
sql-repeats,20261004T075405Z-6e44220f,5,sqlite,synchronous,NORMAL,
sql-repeats,20261004T075405Z-6e44220f,5,sqlite,wal_autocheckpoint_pages,1000,
sql-repeats,20261004T075405Z-6e44220f,6,sqlite,journal_mode,WAL,
sql-repeats,20261004T075405Z-6e44220f,6,sqlite,synchronous,NORMAL,
sql-repeats,20261004T075405Z-6e44220f,6,sqlite,wal_autocheckpoint_pages,1000,
sql-repeats,20261004T075405Z-6e44220f,7,sqlite,journal_mode,WAL,
sql-repeats,20261004T075405Z-6e44220f,7,sqlite,synchronous,NORMAL,
sql-repeats,20261004T075405Z-6e44220f,7,sqlite,wal_autocheckpoint_pages,1000,
sql-repeats,20261004T075405Z-6e44220f,8,sqlite,journal_mode,WAL,
sql-repeats,20261004T075405Z-6e44220f,8,sqlite,synchronous,NORMAL,
sql-repeats,20261004T075405Z-6e44220f,8,sqlite,wal_autocheckpoint_pages,1000,
sql-repeats,20261004T075405Z-6e44220f,9,sqlite,journal_mode,WAL,
sql-repeats,20261004T075405Z-6e44220f,9,sqlite,synchronous,NORMAL,
sql-repeats,20261004T075405Z-6e44220f,9,sqlite,wal_autocheckpoint_pages,1000,
sql-repeats,20261004T075405Z-6e44220f,10,sqlite,journal_mode,WAL,
sql-repeats,20261004T075405Z-6e44220f,10,sqlite,synchronous,NORMAL,
sql-repeats,20261004T075405Z-6e44220f,10,sqlite,wal_autocheckpoint_pages,1000,
sql-repeats,20261004T075405Z-6e44220f,11,sqlite,journal_mode,WAL,
sql-repeats,20261004T075405Z-6e44220f,11,sqlite,synchronous,NORMAL,
sql-repeats,20261004T075405Z-6e44220f,11,sqlite,wal_autocheckpoint_pages,1000,
sql-repeats,20261004T075405Z-6e44220f,12,sqlite,journal_mode,WAL,
sql-repeats,20261004T075405Z-6e44220f,12,sqlite,synchronous,NORMAL,
sql-repeats,20261004T075405Z-6e44220f,12,sqlite,wal_autocheckpoint_pages,1000,
sql-repeats,20261004T075405Z-6e44220f,13,sqlite,journal_mode,WAL,
sql-repeats,20261004T075405Z-6e44220f,13,sqlite,synchronous,NORMAL,
sql-repeats,20261004T075405Z-6e44220f,13,sqlite,wal_autocheckpoint_pages,1000,
sql-repeats,20261004T075405Z-6e44220f,14,sqlite,journal_mode,WAL,
sql-repeats,20261004T075405Z-6e44220f,14,sqlite,synchronous,NORMAL,
sql-repeats,20261004T075405Z-6e44220f,14,sqlite,wal_autocheckpoint_pages,1000,
sql-repeats,20261004T075405Z-6e44220f,15,sqlite,journal_mode,WAL,
sql-repeats,20261004T075405Z-6e44220f,15,sqlite,synchronous,NORMAL,
sql-repeats,20261004T075405Z-6e44220f,15,sqlite,wal_autocheckpoint_pages,1000,
sql-repeats,20261004T075405Z-6e44220f,16,sqlite,journal_mode,WAL,
sql-repeats,20261004T075405Z-6e44220f,16,sqlite,synchronous,NORMAL,
sql-repeats,20261004T075405Z-6e44220f,16,sqlite,wal_autocheckpoint_pages,1000,
sql-repeats,20261004T075405Z-6e44220f,17,sqlite,journal_mode,WAL,
sql-repeats,20261004T075405Z-6e44220f,17,sqlite,synchronous,NORMAL,
sql-repeats,20261004T075405Z-6e44220f,17,sqlite,wal_autocheckpoint_pages,1000,
sql-repeats,20261004T075405Z-6e44220f,18,sqlite,journal_mode,WAL,
sql-repeats,20261004T075405Z-6e44220f,18,sqlite,synchronous,NORMAL,
sql-repeats,20261004T075405Z-6e44220f,18,sqlite,wal_autocheckpoint_pages,1000,
sql-repeats,20261004T075405Z-6e44220f,19,sqlite,journal_mode,WAL,
sql-repeats,20261004T075405Z-6e44220f,19,sqlite,synchronous,NORMAL,
sql-repeats,20261004T075405Z-6e44220f,19,sqlite,wal_autocheckpoint_pages,1000,
sql-repeats,20261004T075405Z-6e44220f,20,sqlite,journal_mode,WAL,
sql-repeats,20261004T075405Z-6e44220f,20,sqlite,synchronous,NORMAL,
sql-repeats,20261004T075405Z-6e44220f,20,sqlite,wal_autocheckpoint_pages,1000,
sql-repeats,20261004T075405Z-6e44220f,21,sqlite,journal_mode,WAL,
sql-repeats,20261004T075405Z-6e44220f,21,sqlite,synchronous,NORMAL,
sql-repeats,20261004T075405Z-6e44220f,21,sqlite,wal_autocheckpoint_pages,1000,
sql-repeats,20261004T075405Z-6e44220f,22,sqlite,journal_mode,WAL,
sql-repeats,20261004T075405Z-6e44220f,22,sqlite,synchronous,NORMAL,
sql-repeats,20261004T075405Z-6e44220f,22,sqlite,wal_autocheckpoint_pages,1000,
sql-repeats,20261004T075405Z-6e44220f,23,sqlite,journal_mode,WAL,
sql-repeats,20261004T075405Z-6e44220f,23,sqlite,synchronous,NORMAL,
sql-repeats,20261004T075405Z-6e44220f,23,sqlite,wal_autocheckpoint_pages,1000,
sql-repeats,20261004T075405Z-6e44220f,24,sqlite,journal_mode,WAL,
sql-repeats,20261004T075405Z-6e44220f,24,sqlite,synchronous,NORMAL,
sql-repeats,20261004T075405Z-6e44220f,24,sqlite,wal_autocheckpoint_pages,1000,
sql-repeats,20261004T075405Z-6e44220f,25,sqlite,journal_mode,WAL,
sql-repeats,20261004T075405Z-6e44220f,25,sqlite,synchronous,NORMAL,
sql-repeats,20261004T075405Z-6e44220f,25,sqlite,wal_autocheckpoint_pages,1000,
sql-repeats,20261004T075405Z-6e44220f,26,sqlite,journal_mode,WAL,
sql-repeats,20261004T075405Z-6e44220f,26,sqlite,synchronous,NORMAL,
sql-repeats,20261004T075405Z-6e44220f,26,sqlite,wal_autocheckpoint_pages,1000,
sql-repeats,20261004T075405Z-6e44220f,27,sqlite,journal_mode,WAL,
sql-repeats,20261004T075405Z-6e44220f,27,sqlite,synchronous,NORMAL,
sql-repeats,20261004T075405Z-6e44220f,27,sqlite,wal_autocheckpoint_pages,1000,
sql-repeats,20261004T075405Z-6e44220f,28,sqlite,journal_mode,WAL,
sql-repeats,20261004T075405Z-6e44220f,28,sqlite,synchronous,NORMAL,
sql-repeats,20261004T075405Z-6e44220f,28,sqlite,wal_autocheckpoint_pages,1000,
sql-repeats,20261004T075405Z-6e44220f,29,sqlite,journal_mode,WAL,
sql-repeats,20261004T075405Z-6e44220f,29,sqlite,synchronous,NORMAL,
sql-repeats,20261004T075405Z-6e44220f,29,sqlite,wal_autocheckpoint_pages,1000,
sql-repeats,20261004T075405Z-6e44220f,30,sqlite,journal_mode,WAL,
sql-repeats,20261004T075405Z-6e44220f,30,sqlite,synchronous,NORMAL,
sql-repeats,20261004T075405Z-6e44220f,30,sqlite,wal_autocheckpoint_pages,1000,
sql-repeats,20261004T075405Z-6e44220f,31,sqlite,journal_mode,WAL,
sql-repeats,20261004T075405Z-6e44220f,31,sqlite,synchronous,NORMAL,
sql-repeats,20261004T075405Z-6e44220f,31,sqlite,wal_autocheckpoint_pages,1000,
sql-repeats,20261004T075405Z-6e44220f,32,sqlite,journal_mode,WAL,
sql-repeats,20261004T075405Z-6e44220f,32,sqlite,synchronous,NORMAL,
sql-repeats,20261004T075405Z-6e44220f,32,sqlite,wal_autocheckpoint_pages,1000,
sql-repeats,20261004T075405Z-6e44220f,33,sqlite,journal_mode,WAL,
sql-repeats,20261004T075405Z-6e44220f,33,sqlite,synchronous,NORMAL,
sql-repeats,20261004T075405Z-6e44220f,33,sqlite,wal_autocheckpoint_pages,1000,
sql-repeats,20261004T075405Z-6e44220f,34,sqlite,journal_mode,WAL,
sql-repeats,20261004T075405Z-6e44220f,34,sqlite,synchronous,NORMAL,
sql-repeats,20261004T075405Z-6e44220f,34,sqlite,wal_autocheckpoint_pages,1000,
sql-repeats,20261004T075405Z-6e44220f,35,sqlite,journal_mode,WAL,
sql-repeats,20261004T075405Z-6e44220f,35,sqlite,synchronous,NORMAL,
sql-repeats,20261004T075405Z-6e44220f,35,sqlite,wal_autocheckpoint_pages,1000,
sql-repeats,20261004T075405Z-6e44220f,36,sqlite,journal_mode,WAL,
sql-repeats,20261004T075405Z-6e44220f,36,sqlite,synchronous,NORMAL,
sql-repeats,20261004T075405Z-6e44220f,36,sqlite,wal_autocheckpoint_pages,1000,
sql-repeats,20261004T075908Z-c853218f,1,postgresql,autovacuum,on,
sql-repeats,20261004T075908Z-c853218f,1,postgresql,checkpoint_timeout,300,s
sql-repeats,20261004T075908Z-c853218f,1,postgresql,data_directory,/pgwork/data,
sql-repeats,20261004T075908Z-c853218f,1,postgresql,fsync,on,
sql-repeats,20261004T075908Z-c853218f,1,postgresql,full_page_writes,on,
sql-repeats,20261004T075908Z-c853218f,1,postgresql,listen_addresses,,
sql-repeats,20261004T075908Z-c853218f,1,postgresql,max_connections,100,
sql-repeats,20261004T075908Z-c853218f,1,postgresql,max_wal_size,1024,MB
sql-repeats,20261004T075908Z-c853218f,1,postgresql,shared_buffers,16384,8kB
sql-repeats,20261004T075908Z-c853218f,1,postgresql,synchronous_commit,on,
sql-repeats,20261004T075908Z-c853218f,1,postgresql,unix_socket_directories,/pgsocket,
sql-repeats,20261004T075908Z-c853218f,2,postgresql,autovacuum,on,
sql-repeats,20261004T075908Z-c853218f,2,postgresql,checkpoint_timeout,300,s
sql-repeats,20261004T075908Z-c853218f,2,postgresql,data_directory,/pgwork/data,
sql-repeats,20261004T075908Z-c853218f,2,postgresql,fsync,on,
sql-repeats,20261004T075908Z-c853218f,2,postgresql,full_page_writes,on,
sql-repeats,20261004T075908Z-c853218f,2,postgresql,listen_addresses,,
sql-repeats,20261004T075908Z-c853218f,2,postgresql,max_connections,100,
sql-repeats,20261004T075908Z-c853218f,2,postgresql,max_wal_size,1024,MB
sql-repeats,20261004T075908Z-c853218f,2,postgresql,shared_buffers,16384,8kB
sql-repeats,20261004T075908Z-c853218f,2,postgresql,synchronous_commit,on,
sql-repeats,20261004T075908Z-c853218f,2,postgresql,unix_socket_directories,/pgsocket,
sql-repeats,20261004T075908Z-c853218f,3,postgresql,autovacuum,on,
sql-repeats,20261004T075908Z-c853218f,3,postgresql,checkpoint_timeout,300,s
sql-repeats,20261004T075908Z-c853218f,3,postgresql,data_directory,/pgwork/data,
sql-repeats,20261004T075908Z-c853218f,3,postgresql,fsync,on,
sql-repeats,20261004T075908Z-c853218f,3,postgresql,full_page_writes,on,
sql-repeats,20261004T075908Z-c853218f,3,postgresql,listen_addresses,,
sql-repeats,20261004T075908Z-c853218f,3,postgresql,max_connections,100,
sql-repeats,20261004T075908Z-c853218f,3,postgresql,max_wal_size,1024,MB
sql-repeats,20261004T075908Z-c853218f,3,postgresql,shared_buffers,16384,8kB
sql-repeats,20261004T075908Z-c853218f,3,postgresql,synchronous_commit,on,
sql-repeats,20261004T075908Z-c853218f,3,postgresql,unix_socket_directories,/pgsocket,
sql-repeats,20261004T075908Z-c853218f,4,postgresql,autovacuum,on,
sql-repeats,20261004T075908Z-c853218f,4,postgresql,checkpoint_timeout,300,s
sql-repeats,20261004T075908Z-c853218f,4,postgresql,data_directory,/pgwork/data,
sql-repeats,20261004T075908Z-c853218f,4,postgresql,fsync,on,
sql-repeats,20261004T075908Z-c853218f,4,postgresql,full_page_writes,on,
sql-repeats,20261004T075908Z-c853218f,4,postgresql,listen_addresses,,
sql-repeats,20261004T075908Z-c853218f,4,postgresql,max_connections,100,
sql-repeats,20261004T075908Z-c853218f,4,postgresql,max_wal_size,1024,MB
sql-repeats,20261004T075908Z-c853218f,4,postgresql,shared_buffers,16384,8kB
sql-repeats,20261004T075908Z-c853218f,4,postgresql,synchronous_commit,on,
sql-repeats,20261004T075908Z-c853218f,4,postgresql,unix_socket_directories,/pgsocket,
sql-repeats,20261004T075908Z-c853218f,5,postgresql,autovacuum,on,
sql-repeats,20261004T075908Z-c853218f,5,postgresql,checkpoint_timeout,300,s
sql-repeats,20261004T075908Z-c853218f,5,postgresql,data_directory,/pgwork/data,
sql-repeats,20261004T075908Z-c853218f,5,postgresql,fsync,on,
sql-repeats,20261004T075908Z-c853218f,5,postgresql,full_page_writes,on,
sql-repeats,20261004T075908Z-c853218f,5,postgresql,listen_addresses,,
sql-repeats,20261004T075908Z-c853218f,5,postgresql,max_connections,100,
sql-repeats,20261004T075908Z-c853218f,5,postgresql,max_wal_size,1024,MB
sql-repeats,20261004T075908Z-c853218f,5,postgresql,shared_buffers,16384,8kB
sql-repeats,20261004T075908Z-c853218f,5,postgresql,synchronous_commit,on,
sql-repeats,20261004T075908Z-c853218f,5,postgresql,unix_socket_directories,/pgsocket,
sql-repeats,20261004T075908Z-c853218f,6,postgresql,autovacuum,on,
sql-repeats,20261004T075908Z-c853218f,6,postgresql,checkpoint_timeout,300,s
sql-repeats,20261004T075908Z-c853218f,6,postgresql,data_directory,/pgwork/data,
sql-repeats,20261004T075908Z-c853218f,6,postgresql,fsync,on,
sql-repeats,20261004T075908Z-c853218f,6,postgresql,full_page_writes,on,
sql-repeats,20261004T075908Z-c853218f,6,postgresql,listen_addresses,,
sql-repeats,20261004T075908Z-c853218f,6,postgresql,max_connections,100,
sql-repeats,20261004T075908Z-c853218f,6,postgresql,max_wal_size,1024,MB
sql-repeats,20261004T075908Z-c853218f,6,postgresql,shared_buffers,16384,8kB
sql-repeats,20261004T075908Z-c853218f,6,postgresql,synchronous_commit,on,
sql-repeats,20261004T075908Z-c853218f,6,postgresql,unix_socket_directories,/pgsocket,
sql-repeats,20261004T075908Z-c853218f,7,postgresql,autovacuum,on,
sql-repeats,20261004T075908Z-c853218f,7,postgresql,checkpoint_timeout,300,s
sql-repeats,20261004T075908Z-c853218f,7,postgresql,data_directory,/pgwork/data,
sql-repeats,20261004T075908Z-c853218f,7,postgresql,fsync,on,
sql-repeats,20261004T075908Z-c853218f,7,postgresql,full_page_writes,on,
sql-repeats,20261004T075908Z-c853218f,7,postgresql,listen_addresses,,
sql-repeats,20261004T075908Z-c853218f,7,postgresql,max_connections,100,
sql-repeats,20261004T075908Z-c853218f,7,postgresql,max_wal_size,1024,MB
sql-repeats,20261004T075908Z-c853218f,7,postgresql,shared_buffers,16384,8kB
sql-repeats,20261004T075908Z-c853218f,7,postgresql,synchronous_commit,on,
sql-repeats,20261004T075908Z-c853218f,7,postgresql,unix_socket_directories,/pgsocket,
sql-repeats,20261004T075908Z-c853218f,8,postgresql,autovacuum,on,
sql-repeats,20261004T075908Z-c853218f,8,postgresql,checkpoint_timeout,300,s
sql-repeats,20261004T075908Z-c853218f,8,postgresql,data_directory,/pgwork/data,
sql-repeats,20261004T075908Z-c853218f,8,postgresql,fsync,on,
sql-repeats,20261004T075908Z-c853218f,8,postgresql,full_page_writes,on,
sql-repeats,20261004T075908Z-c853218f,8,postgresql,listen_addresses,,
sql-repeats,20261004T075908Z-c853218f,8,postgresql,max_connections,100,
sql-repeats,20261004T075908Z-c853218f,8,postgresql,max_wal_size,1024,MB
sql-repeats,20261004T075908Z-c853218f,8,postgresql,shared_buffers,16384,8kB
sql-repeats,20261004T075908Z-c853218f,8,postgresql,synchronous_commit,on,
sql-repeats,20261004T075908Z-c853218f,8,postgresql,unix_socket_directories,/pgsocket,
sql-repeats,20261004T075908Z-c853218f,9,postgresql,autovacuum,on,
sql-repeats,20261004T075908Z-c853218f,9,postgresql,checkpoint_timeout,300,s
sql-repeats,20261004T075908Z-c853218f,9,postgresql,data_directory,/pgwork/data,
sql-repeats,20261004T075908Z-c853218f,9,postgresql,fsync,on,
sql-repeats,20261004T075908Z-c853218f,9,postgresql,full_page_writes,on,
sql-repeats,20261004T075908Z-c853218f,9,postgresql,listen_addresses,,
sql-repeats,20261004T075908Z-c853218f,9,postgresql,max_connections,100,
sql-repeats,20261004T075908Z-c853218f,9,postgresql,max_wal_size,1024,MB
sql-repeats,20261004T075908Z-c853218f,9,postgresql,shared_buffers,16384,8kB
sql-repeats,20261004T075908Z-c853218f,9,postgresql,synchronous_commit,on,
sql-repeats,20261004T075908Z-c853218f,9,postgresql,unix_socket_directories,/pgsocket,
sql-repeats,20261004T075908Z-c853218f,10,postgresql,autovacuum,on,
sql-repeats,20261004T075908Z-c853218f,10,postgresql,checkpoint_timeout,300,s
sql-repeats,20261004T075908Z-c853218f,10,postgresql,data_directory,/pgwork/data,
sql-repeats,20261004T075908Z-c853218f,10,postgresql,fsync,on,
sql-repeats,20261004T075908Z-c853218f,10,postgresql,full_page_writes,on,
sql-repeats,20261004T075908Z-c853218f,10,postgresql,listen_addresses,,
sql-repeats,20261004T075908Z-c853218f,10,postgresql,max_connections,100,
sql-repeats,20261004T075908Z-c853218f,10,postgresql,max_wal_size,1024,MB
sql-repeats,20261004T075908Z-c853218f,10,postgresql,shared_buffers,16384,8kB
sql-repeats,20261004T075908Z-c853218f,10,postgresql,synchronous_commit,on,
sql-repeats,20261004T075908Z-c853218f,10,postgresql,unix_socket_directories,/pgsocket,
sql-repeats,20261004T075908Z-c853218f,11,postgresql,autovacuum,on,
sql-repeats,20261004T075908Z-c853218f,11,postgresql,checkpoint_timeout,300,s
sql-repeats,20261004T075908Z-c853218f,11,postgresql,data_directory,/pgwork/data,
sql-repeats,20261004T075908Z-c853218f,11,postgresql,fsync,on,
sql-repeats,20261004T075908Z-c853218f,11,postgresql,full_page_writes,on,
sql-repeats,20261004T075908Z-c853218f,11,postgresql,listen_addresses,,
sql-repeats,20261004T075908Z-c853218f,11,postgresql,max_connections,100,
sql-repeats,20261004T075908Z-c853218f,11,postgresql,max_wal_size,1024,MB
sql-repeats,20261004T075908Z-c853218f,11,postgresql,shared_buffers,16384,8kB
sql-repeats,20261004T075908Z-c853218f,11,postgresql,synchronous_commit,on,
sql-repeats,20261004T075908Z-c853218f,11,postgresql,unix_socket_directories,/pgsocket,
sql-repeats,20261004T075908Z-c853218f,12,postgresql,autovacuum,on,
sql-repeats,20261004T075908Z-c853218f,12,postgresql,checkpoint_timeout,300,s
sql-repeats,20261004T075908Z-c853218f,12,postgresql,data_directory,/pgwork/data,
sql-repeats,20261004T075908Z-c853218f,12,postgresql,fsync,on,
sql-repeats,20261004T075908Z-c853218f,12,postgresql,full_page_writes,on,
sql-repeats,20261004T075908Z-c853218f,12,postgresql,listen_addresses,,
sql-repeats,20261004T075908Z-c853218f,12,postgresql,max_connections,100,
sql-repeats,20261004T075908Z-c853218f,12,postgresql,max_wal_size,1024,MB
sql-repeats,20261004T075908Z-c853218f,12,postgresql,shared_buffers,16384,8kB
sql-repeats,20261004T075908Z-c853218f,12,postgresql,synchronous_commit,on,
sql-repeats,20261004T075908Z-c853218f,12,postgresql,unix_socket_directories,/pgsocket,
sql-repeats,20261004T075908Z-c853218f,13,postgresql,autovacuum,on,
sql-repeats,20261004T075908Z-c853218f,13,postgresql,checkpoint_timeout,300,s
sql-repeats,20261004T075908Z-c853218f,13,postgresql,data_directory,/pgwork/data,
sql-repeats,20261004T075908Z-c853218f,13,postgresql,fsync,on,
sql-repeats,20261004T075908Z-c853218f,13,postgresql,full_page_writes,on,
sql-repeats,20261004T075908Z-c853218f,13,postgresql,listen_addresses,,
sql-repeats,20261004T075908Z-c853218f,13,postgresql,max_connections,100,
sql-repeats,20261004T075908Z-c853218f,13,postgresql,max_wal_size,1024,MB
sql-repeats,20261004T075908Z-c853218f,13,postgresql,shared_buffers,16384,8kB
sql-repeats,20261004T075908Z-c853218f,13,postgresql,synchronous_commit,on,
sql-repeats,20261004T075908Z-c853218f,13,postgresql,unix_socket_directories,/pgsocket,
sql-repeats,20261004T075908Z-c853218f,14,postgresql,autovacuum,on,
sql-repeats,20261004T075908Z-c853218f,14,postgresql,checkpoint_timeout,300,s
sql-repeats,20261004T075908Z-c853218f,14,postgresql,data_directory,/pgwork/data,
sql-repeats,20261004T075908Z-c853218f,14,postgresql,fsync,on,
sql-repeats,20261004T075908Z-c853218f,14,postgresql,full_page_writes,on,
sql-repeats,20261004T075908Z-c853218f,14,postgresql,listen_addresses,,
sql-repeats,20261004T075908Z-c853218f,14,postgresql,max_connections,100,
sql-repeats,20261004T075908Z-c853218f,14,postgresql,max_wal_size,1024,MB
sql-repeats,20261004T075908Z-c853218f,14,postgresql,shared_buffers,16384,8kB
sql-repeats,20261004T075908Z-c853218f,14,postgresql,synchronous_commit,on,
sql-repeats,20261004T075908Z-c853218f,14,postgresql,unix_socket_directories,/pgsocket,
sql-repeats,20261004T075908Z-c853218f,15,postgresql,autovacuum,on,
sql-repeats,20261004T075908Z-c853218f,15,postgresql,checkpoint_timeout,300,s
sql-repeats,20261004T075908Z-c853218f,15,postgresql,data_directory,/pgwork/data,
sql-repeats,20261004T075908Z-c853218f,15,postgresql,fsync,on,
sql-repeats,20261004T075908Z-c853218f,15,postgresql,full_page_writes,on,
sql-repeats,20261004T075908Z-c853218f,15,postgresql,listen_addresses,,
sql-repeats,20261004T075908Z-c853218f,15,postgresql,max_connections,100,
sql-repeats,20261004T075908Z-c853218f,15,postgresql,max_wal_size,1024,MB
sql-repeats,20261004T075908Z-c853218f,15,postgresql,shared_buffers,16384,8kB
sql-repeats,20261004T075908Z-c853218f,15,postgresql,synchronous_commit,on,
sql-repeats,20261004T075908Z-c853218f,15,postgresql,unix_socket_directories,/pgsocket,
sql-repeats,20261004T075908Z-c853218f,16,postgresql,autovacuum,on,
sql-repeats,20261004T075908Z-c853218f,16,postgresql,checkpoint_timeout,300,s
sql-repeats,20261004T075908Z-c853218f,16,postgresql,data_directory,/pgwork/data,
sql-repeats,20261004T075908Z-c853218f,16,postgresql,fsync,on,
sql-repeats,20261004T075908Z-c853218f,16,postgresql,full_page_writes,on,
sql-repeats,20261004T075908Z-c853218f,16,postgresql,listen_addresses,,
sql-repeats,20261004T075908Z-c853218f,16,postgresql,max_connections,100,
sql-repeats,20261004T075908Z-c853218f,16,postgresql,max_wal_size,1024,MB
sql-repeats,20261004T075908Z-c853218f,16,postgresql,shared_buffers,16384,8kB
sql-repeats,20261004T075908Z-c853218f,16,postgresql,synchronous_commit,on,
sql-repeats,20261004T075908Z-c853218f,16,postgresql,unix_socket_directories,/pgsocket,
sql-repeats,20261004T075908Z-c853218f,17,postgresql,autovacuum,on,
sql-repeats,20261004T075908Z-c853218f,17,postgresql,checkpoint_timeout,300,s
sql-repeats,20261004T075908Z-c853218f,17,postgresql,data_directory,/pgwork/data,
sql-repeats,20261004T075908Z-c853218f,17,postgresql,fsync,on,
sql-repeats,20261004T075908Z-c853218f,17,postgresql,full_page_writes,on,
sql-repeats,20261004T075908Z-c853218f,17,postgresql,listen_addresses,,
sql-repeats,20261004T075908Z-c853218f,17,postgresql,max_connections,100,
sql-repeats,20261004T075908Z-c853218f,17,postgresql,max_wal_size,1024,MB
sql-repeats,20261004T075908Z-c853218f,17,postgresql,shared_buffers,16384,8kB
sql-repeats,20261004T075908Z-c853218f,17,postgresql,synchronous_commit,on,
sql-repeats,20261004T075908Z-c853218f,17,postgresql,unix_socket_directories,/pgsocket,
sql-repeats,20261004T075908Z-c853218f,18,postgresql,autovacuum,on,
sql-repeats,20261004T075908Z-c853218f,18,postgresql,checkpoint_timeout,300,s
sql-repeats,20261004T075908Z-c853218f,18,postgresql,data_directory,/pgwork/data,
sql-repeats,20261004T075908Z-c853218f,18,postgresql,fsync,on,
sql-repeats,20261004T075908Z-c853218f,18,postgresql,full_page_writes,on,
sql-repeats,20261004T075908Z-c853218f,18,postgresql,listen_addresses,,
sql-repeats,20261004T075908Z-c853218f,18,postgresql,max_connections,100,
sql-repeats,20261004T075908Z-c853218f,18,postgresql,max_wal_size,1024,MB
sql-repeats,20261004T075908Z-c853218f,18,postgresql,shared_buffers,16384,8kB
sql-repeats,20261004T075908Z-c853218f,18,postgresql,synchronous_commit,on,
sql-repeats,20261004T075908Z-c853218f,18,postgresql,unix_socket_directories,/pgsocket,
sql-repeats,20261004T075908Z-c853218f,19,postgresql,autovacuum,on,
sql-repeats,20261004T075908Z-c853218f,19,postgresql,checkpoint_timeout,300,s
sql-repeats,20261004T075908Z-c853218f,19,postgresql,data_directory,/pgwork/data,
sql-repeats,20261004T075908Z-c853218f,19,postgresql,fsync,on,
sql-repeats,20261004T075908Z-c853218f,19,postgresql,full_page_writes,on,
sql-repeats,20261004T075908Z-c853218f,19,postgresql,listen_addresses,,
sql-repeats,20261004T075908Z-c853218f,19,postgresql,max_connections,100,
sql-repeats,20261004T075908Z-c853218f,19,postgresql,max_wal_size,1024,MB
sql-repeats,20261004T075908Z-c853218f,19,postgresql,shared_buffers,16384,8kB
sql-repeats,20261004T075908Z-c853218f,19,postgresql,synchronous_commit,on,
sql-repeats,20261004T075908Z-c853218f,19,postgresql,unix_socket_directories,/pgsocket,
sql-repeats,20261004T075908Z-c853218f,20,postgresql,autovacuum,on,
sql-repeats,20261004T075908Z-c853218f,20,postgresql,checkpoint_timeout,300,s
sql-repeats,20261004T075908Z-c853218f,20,postgresql,data_directory,/pgwork/data,
sql-repeats,20261004T075908Z-c853218f,20,postgresql,fsync,on,
sql-repeats,20261004T075908Z-c853218f,20,postgresql,full_page_writes,on,
sql-repeats,20261004T075908Z-c853218f,20,postgresql,listen_addresses,,
sql-repeats,20261004T075908Z-c853218f,20,postgresql,max_connections,100,
sql-repeats,20261004T075908Z-c853218f,20,postgresql,max_wal_size,1024,MB
sql-repeats,20261004T075908Z-c853218f,20,postgresql,shared_buffers,16384,8kB
sql-repeats,20261004T075908Z-c853218f,20,postgresql,synchronous_commit,on,
sql-repeats,20261004T075908Z-c853218f,20,postgresql,unix_socket_directories,/pgsocket,
sql-repeats,20261004T075908Z-c853218f,21,postgresql,autovacuum,on,
sql-repeats,20261004T075908Z-c853218f,21,postgresql,checkpoint_timeout,300,s
sql-repeats,20261004T075908Z-c853218f,21,postgresql,data_directory,/pgwork/data,
sql-repeats,20261004T075908Z-c853218f,21,postgresql,fsync,on,
sql-repeats,20261004T075908Z-c853218f,21,postgresql,full_page_writes,on,
sql-repeats,20261004T075908Z-c853218f,21,postgresql,listen_addresses,,
sql-repeats,20261004T075908Z-c853218f,21,postgresql,max_connections,100,
sql-repeats,20261004T075908Z-c853218f,21,postgresql,max_wal_size,1024,MB
sql-repeats,20261004T075908Z-c853218f,21,postgresql,shared_buffers,16384,8kB
sql-repeats,20261004T075908Z-c853218f,21,postgresql,synchronous_commit,on,
sql-repeats,20261004T075908Z-c853218f,21,postgresql,unix_socket_directories,/pgsocket,
sql-repeats,20261004T075908Z-c853218f,22,postgresql,autovacuum,on,
sql-repeats,20261004T075908Z-c853218f,22,postgresql,checkpoint_timeout,300,s
sql-repeats,20261004T075908Z-c853218f,22,postgresql,data_directory,/pgwork/data,
sql-repeats,20261004T075908Z-c853218f,22,postgresql,fsync,on,
sql-repeats,20261004T075908Z-c853218f,22,postgresql,full_page_writes,on,
sql-repeats,20261004T075908Z-c853218f,22,postgresql,listen_addresses,,
sql-repeats,20261004T075908Z-c853218f,22,postgresql,max_connections,100,
sql-repeats,20261004T075908Z-c853218f,22,postgresql,max_wal_size,1024,MB
sql-repeats,20261004T075908Z-c853218f,22,postgresql,shared_buffers,16384,8kB
sql-repeats,20261004T075908Z-c853218f,22,postgresql,synchronous_commit,on,
sql-repeats,20261004T075908Z-c853218f,22,postgresql,unix_socket_directories,/pgsocket,
sql-repeats,20261004T075908Z-c853218f,23,postgresql,autovacuum,on,
sql-repeats,20261004T075908Z-c853218f,23,postgresql,checkpoint_timeout,300,s
sql-repeats,20261004T075908Z-c853218f,23,postgresql,data_directory,/pgwork/data,
sql-repeats,20261004T075908Z-c853218f,23,postgresql,fsync,on,
sql-repeats,20261004T075908Z-c853218f,23,postgresql,full_page_writes,on,
sql-repeats,20261004T075908Z-c853218f,23,postgresql,listen_addresses,,
sql-repeats,20261004T075908Z-c853218f,23,postgresql,max_connections,100,
sql-repeats,20261004T075908Z-c853218f,23,postgresql,max_wal_size,1024,MB
sql-repeats,20261004T075908Z-c853218f,23,postgresql,shared_buffers,16384,8kB
sql-repeats,20261004T075908Z-c853218f,23,postgresql,synchronous_commit,on,
sql-repeats,20261004T075908Z-c853218f,23,postgresql,unix_socket_directories,/pgsocket,
sql-repeats,20261004T075908Z-c853218f,24,postgresql,autovacuum,on,
sql-repeats,20261004T075908Z-c853218f,24,postgresql,checkpoint_timeout,300,s
sql-repeats,20261004T075908Z-c853218f,24,postgresql,data_directory,/pgwork/data,
sql-repeats,20261004T075908Z-c853218f,24,postgresql,fsync,on,
sql-repeats,20261004T075908Z-c853218f,24,postgresql,full_page_writes,on,
sql-repeats,20261004T075908Z-c853218f,24,postgresql,listen_addresses,,
sql-repeats,20261004T075908Z-c853218f,24,postgresql,max_connections,100,
sql-repeats,20261004T075908Z-c853218f,24,postgresql,max_wal_size,1024,MB
sql-repeats,20261004T075908Z-c853218f,24,postgresql,shared_buffers,16384,8kB
sql-repeats,20261004T075908Z-c853218f,24,postgresql,synchronous_commit,on,
sql-repeats,20261004T075908Z-c853218f,24,postgresql,unix_socket_directories,/pgsocket,
sql-repeats,20261004T075908Z-c853218f,25,postgresql,autovacuum,on,
sql-repeats,20261004T075908Z-c853218f,25,postgresql,checkpoint_timeout,300,s
sql-repeats,20261004T075908Z-c853218f,25,postgresql,data_directory,/pgwork/data,
sql-repeats,20261004T075908Z-c853218f,25,postgresql,fsync,on,
sql-repeats,20261004T075908Z-c853218f,25,postgresql,full_page_writes,on,
sql-repeats,20261004T075908Z-c853218f,25,postgresql,listen_addresses,,
sql-repeats,20261004T075908Z-c853218f,25,postgresql,max_connections,100,
sql-repeats,20261004T075908Z-c853218f,25,postgresql,max_wal_size,1024,MB
sql-repeats,20261004T075908Z-c853218f,25,postgresql,shared_buffers,16384,8kB
sql-repeats,20261004T075908Z-c853218f,25,postgresql,synchronous_commit,on,
sql-repeats,20261004T075908Z-c853218f,25,postgresql,unix_socket_directories,/pgsocket,
sql-repeats,20261004T075908Z-c853218f,26,postgresql,autovacuum,on,
sql-repeats,20261004T075908Z-c853218f,26,postgresql,checkpoint_timeout,300,s
sql-repeats,20261004T075908Z-c853218f,26,postgresql,data_directory,/pgwork/data,
sql-repeats,20261004T075908Z-c853218f,26,postgresql,fsync,on,
sql-repeats,20261004T075908Z-c853218f,26,postgresql,full_page_writes,on,
sql-repeats,20261004T075908Z-c853218f,26,postgresql,listen_addresses,,
sql-repeats,20261004T075908Z-c853218f,26,postgresql,max_connections,100,
sql-repeats,20261004T075908Z-c853218f,26,postgresql,max_wal_size,1024,MB
sql-repeats,20261004T075908Z-c853218f,26,postgresql,shared_buffers,16384,8kB
sql-repeats,20261004T075908Z-c853218f,26,postgresql,synchronous_commit,on,
sql-repeats,20261004T075908Z-c853218f,26,postgresql,unix_socket_directories,/pgsocket,
sql-repeats,20261004T075908Z-c853218f,27,postgresql,autovacuum,on,
sql-repeats,20261004T075908Z-c853218f,27,postgresql,checkpoint_timeout,300,s
sql-repeats,20261004T075908Z-c853218f,27,postgresql,data_directory,/pgwork/data,
sql-repeats,20261004T075908Z-c853218f,27,postgresql,fsync,on,
sql-repeats,20261004T075908Z-c853218f,27,postgresql,full_page_writes,on,
sql-repeats,20261004T075908Z-c853218f,27,postgresql,listen_addresses,,
sql-repeats,20261004T075908Z-c853218f,27,postgresql,max_connections,100,
sql-repeats,20261004T075908Z-c853218f,27,postgresql,max_wal_size,1024,MB
sql-repeats,20261004T075908Z-c853218f,27,postgresql,shared_buffers,16384,8kB
sql-repeats,20261004T075908Z-c853218f,27,postgresql,synchronous_commit,on,
sql-repeats,20261004T075908Z-c853218f,27,postgresql,unix_socket_directories,/pgsocket,
sql-repeats,20261004T075908Z-c853218f,28,postgresql,autovacuum,on,
sql-repeats,20261004T075908Z-c853218f,28,postgresql,checkpoint_timeout,300,s
sql-repeats,20261004T075908Z-c853218f,28,postgresql,data_directory,/pgwork/data,
sql-repeats,20261004T075908Z-c853218f,28,postgresql,fsync,on,
sql-repeats,20261004T075908Z-c853218f,28,postgresql,full_page_writes,on,
sql-repeats,20261004T075908Z-c853218f,28,postgresql,listen_addresses,,
sql-repeats,20261004T075908Z-c853218f,28,postgresql,max_connections,100,
sql-repeats,20261004T075908Z-c853218f,28,postgresql,max_wal_size,1024,MB
sql-repeats,20261004T075908Z-c853218f,28,postgresql,shared_buffers,16384,8kB
sql-repeats,20261004T075908Z-c853218f,28,postgresql,synchronous_commit,on,
sql-repeats,20261004T075908Z-c853218f,28,postgresql,unix_socket_directories,/pgsocket,
sql-repeats,20261004T075908Z-c853218f,29,postgresql,autovacuum,on,
sql-repeats,20261004T075908Z-c853218f,29,postgresql,checkpoint_timeout,300,s
sql-repeats,20261004T075908Z-c853218f,29,postgresql,data_directory,/pgwork/data,
sql-repeats,20261004T075908Z-c853218f,29,postgresql,fsync,on,
sql-repeats,20261004T075908Z-c853218f,29,postgresql,full_page_writes,on,
sql-repeats,20261004T075908Z-c853218f,29,postgresql,listen_addresses,,
sql-repeats,20261004T075908Z-c853218f,29,postgresql,max_connections,100,
sql-repeats,20261004T075908Z-c853218f,29,postgresql,max_wal_size,1024,MB
sql-repeats,20261004T075908Z-c853218f,29,postgresql,shared_buffers,16384,8kB
sql-repeats,20261004T075908Z-c853218f,29,postgresql,synchronous_commit,on,
sql-repeats,20261004T075908Z-c853218f,29,postgresql,unix_socket_directories,/pgsocket,
sql-repeats,20261004T075908Z-c853218f,30,postgresql,autovacuum,on,
sql-repeats,20261004T075908Z-c853218f,30,postgresql,checkpoint_timeout,300,s
sql-repeats,20261004T075908Z-c853218f,30,postgresql,data_directory,/pgwork/data,
sql-repeats,20261004T075908Z-c853218f,30,postgresql,fsync,on,
sql-repeats,20261004T075908Z-c853218f,30,postgresql,full_page_writes,on,
sql-repeats,20261004T075908Z-c853218f,30,postgresql,listen_addresses,,
sql-repeats,20261004T075908Z-c853218f,30,postgresql,max_connections,100,
sql-repeats,20261004T075908Z-c853218f,30,postgresql,max_wal_size,1024,MB
sql-repeats,20261004T075908Z-c853218f,30,postgresql,shared_buffers,16384,8kB
sql-repeats,20261004T075908Z-c853218f,30,postgresql,synchronous_commit,on,
sql-repeats,20261004T075908Z-c853218f,30,postgresql,unix_socket_directories,/pgsocket,
sql-repeats,20261004T075908Z-c853218f,31,postgresql,autovacuum,on,
sql-repeats,20261004T075908Z-c853218f,31,postgresql,checkpoint_timeout,300,s
sql-repeats,20261004T075908Z-c853218f,31,postgresql,data_directory,/pgwork/data,
sql-repeats,20261004T075908Z-c853218f,31,postgresql,fsync,on,
sql-repeats,20261004T075908Z-c853218f,31,postgresql,full_page_writes,on,
sql-repeats,20261004T075908Z-c853218f,31,postgresql,listen_addresses,,
sql-repeats,20261004T075908Z-c853218f,31,postgresql,max_connections,100,
sql-repeats,20261004T075908Z-c853218f,31,postgresql,max_wal_size,1024,MB
sql-repeats,20261004T075908Z-c853218f,31,postgresql,shared_buffers,16384,8kB
sql-repeats,20261004T075908Z-c853218f,31,postgresql,synchronous_commit,on,
sql-repeats,20261004T075908Z-c853218f,31,postgresql,unix_socket_directories,/pgsocket,
sql-repeats,20261004T075908Z-c853218f,32,postgresql,autovacuum,on,
sql-repeats,20261004T075908Z-c853218f,32,postgresql,checkpoint_timeout,300,s
sql-repeats,20261004T075908Z-c853218f,32,postgresql,data_directory,/pgwork/data,
sql-repeats,20261004T075908Z-c853218f,32,postgresql,fsync,on,
sql-repeats,20261004T075908Z-c853218f,32,postgresql,full_page_writes,on,
sql-repeats,20261004T075908Z-c853218f,32,postgresql,listen_addresses,,
sql-repeats,20261004T075908Z-c853218f,32,postgresql,max_connections,100,
sql-repeats,20261004T075908Z-c853218f,32,postgresql,max_wal_size,1024,MB
sql-repeats,20261004T075908Z-c853218f,32,postgresql,shared_buffers,16384,8kB
sql-repeats,20261004T075908Z-c853218f,32,postgresql,synchronous_commit,on,
sql-repeats,20261004T075908Z-c853218f,32,postgresql,unix_socket_directories,/pgsocket,
sql-repeats,20261004T075908Z-c853218f,33,postgresql,autovacuum,on,
sql-repeats,20261004T075908Z-c853218f,33,postgresql,checkpoint_timeout,300,s
sql-repeats,20261004T075908Z-c853218f,33,postgresql,data_directory,/pgwork/data,
sql-repeats,20261004T075908Z-c853218f,33,postgresql,fsync,on,
sql-repeats,20261004T075908Z-c853218f,33,postgresql,full_page_writes,on,
sql-repeats,20261004T075908Z-c853218f,33,postgresql,listen_addresses,,
sql-repeats,20261004T075908Z-c853218f,33,postgresql,max_connections,100,
sql-repeats,20261004T075908Z-c853218f,33,postgresql,max_wal_size,1024,MB
sql-repeats,20261004T075908Z-c853218f,33,postgresql,shared_buffers,16384,8kB
sql-repeats,20261004T075908Z-c853218f,33,postgresql,synchronous_commit,on,
sql-repeats,20261004T075908Z-c853218f,33,postgresql,unix_socket_directories,/pgsocket,
sql-repeats,20261004T075908Z-c853218f,34,postgresql,autovacuum,on,
sql-repeats,20261004T075908Z-c853218f,34,postgresql,checkpoint_timeout,300,s
sql-repeats,20261004T075908Z-c853218f,34,postgresql,data_directory,/pgwork/data,
sql-repeats,20261004T075908Z-c853218f,34,postgresql,fsync,on,
sql-repeats,20261004T075908Z-c853218f,34,postgresql,full_page_writes,on,
sql-repeats,20261004T075908Z-c853218f,34,postgresql,listen_addresses,,
sql-repeats,20261004T075908Z-c853218f,34,postgresql,max_connections,100,
sql-repeats,20261004T075908Z-c853218f,34,postgresql,max_wal_size,1024,MB
sql-repeats,20261004T075908Z-c853218f,34,postgresql,shared_buffers,16384,8kB
sql-repeats,20261004T075908Z-c853218f,34,postgresql,synchronous_commit,on,
sql-repeats,20261004T075908Z-c853218f,34,postgresql,unix_socket_directories,/pgsocket,
sql-repeats,20261004T075908Z-c853218f,35,postgresql,autovacuum,on,
sql-repeats,20261004T075908Z-c853218f,35,postgresql,checkpoint_timeout,300,s
sql-repeats,20261004T075908Z-c853218f,35,postgresql,data_directory,/pgwork/data,
sql-repeats,20261004T075908Z-c853218f,35,postgresql,fsync,on,
sql-repeats,20261004T075908Z-c853218f,35,postgresql,full_page_writes,on,
sql-repeats,20261004T075908Z-c853218f,35,postgresql,listen_addresses,,
sql-repeats,20261004T075908Z-c853218f,35,postgresql,max_connections,100,
sql-repeats,20261004T075908Z-c853218f,35,postgresql,max_wal_size,1024,MB
sql-repeats,20261004T075908Z-c853218f,35,postgresql,shared_buffers,16384,8kB
sql-repeats,20261004T075908Z-c853218f,35,postgresql,synchronous_commit,on,
sql-repeats,20261004T075908Z-c853218f,35,postgresql,unix_socket_directories,/pgsocket,
sql-repeats,20261004T075908Z-c853218f,36,postgresql,autovacuum,on,
sql-repeats,20261004T075908Z-c853218f,36,postgresql,checkpoint_timeout,300,s
sql-repeats,20261004T075908Z-c853218f,36,postgresql,data_directory,/pgwork/data,
sql-repeats,20261004T075908Z-c853218f,36,postgresql,fsync,on,
sql-repeats,20261004T075908Z-c853218f,36,postgresql,full_page_writes,on,
sql-repeats,20261004T075908Z-c853218f,36,postgresql,listen_addresses,,
sql-repeats,20261004T075908Z-c853218f,36,postgresql,max_connections,100,
sql-repeats,20261004T075908Z-c853218f,36,postgresql,max_wal_size,1024,MB
sql-repeats,20261004T075908Z-c853218f,36,postgresql,shared_buffers,16384,8kB
sql-repeats,20261004T075908Z-c853218f,36,postgresql,synchronous_commit,on,
sql-repeats,20261004T075908Z-c853218f,36,postgresql,unix_socket_directories,/pgsocket,
sql-repeats,20261004T093056Z-61e77377,1,sqlite,journal_mode,WAL,
sql-repeats,20261004T093056Z-61e77377,1,sqlite,synchronous,NORMAL,
sql-repeats,20261004T093056Z-61e77377,1,sqlite,wal_autocheckpoint_pages,1000,
sql-repeats,20261004T093056Z-61e77377,2,sqlite,journal_mode,WAL,
sql-repeats,20261004T093056Z-61e77377,2,sqlite,synchronous,NORMAL,
sql-repeats,20261004T093056Z-61e77377,2,sqlite,wal_autocheckpoint_pages,1000,
sql-repeats,20261004T093056Z-61e77377,3,sqlite,journal_mode,WAL,
sql-repeats,20261004T093056Z-61e77377,3,sqlite,synchronous,NORMAL,
sql-repeats,20261004T093056Z-61e77377,3,sqlite,wal_autocheckpoint_pages,1000,
sql-repeats,20261004T093056Z-61e77377,4,sqlite,journal_mode,WAL,
sql-repeats,20261004T093056Z-61e77377,4,sqlite,synchronous,NORMAL,
sql-repeats,20261004T093056Z-61e77377,4,sqlite,wal_autocheckpoint_pages,1000,
sql-repeats,20261004T093056Z-61e77377,5,sqlite,journal_mode,WAL,
sql-repeats,20261004T093056Z-61e77377,5,sqlite,synchronous,NORMAL,
sql-repeats,20261004T093056Z-61e77377,5,sqlite,wal_autocheckpoint_pages,1000,
sql-repeats,20261004T093056Z-61e77377,6,sqlite,journal_mode,WAL,
sql-repeats,20261004T093056Z-61e77377,6,sqlite,synchronous,NORMAL,
sql-repeats,20261004T093056Z-61e77377,6,sqlite,wal_autocheckpoint_pages,1000,
sql-repeats,20261004T093056Z-61e77377,7,sqlite,journal_mode,WAL,
sql-repeats,20261004T093056Z-61e77377,7,sqlite,synchronous,NORMAL,
sql-repeats,20261004T093056Z-61e77377,7,sqlite,wal_autocheckpoint_pages,1000,
sql-repeats,20261004T093056Z-61e77377,8,sqlite,journal_mode,WAL,
sql-repeats,20261004T093056Z-61e77377,8,sqlite,synchronous,NORMAL,
sql-repeats,20261004T093056Z-61e77377,8,sqlite,wal_autocheckpoint_pages,1000,
sql-repeats,20261004T093056Z-61e77377,9,sqlite,journal_mode,WAL,
sql-repeats,20261004T093056Z-61e77377,9,sqlite,synchronous,NORMAL,
sql-repeats,20261004T093056Z-61e77377,9,sqlite,wal_autocheckpoint_pages,1000,
sql-repeats,20261004T093056Z-61e77377,10,sqlite,journal_mode,WAL,
sql-repeats,20261004T093056Z-61e77377,10,sqlite,synchronous,NORMAL,
sql-repeats,20261004T093056Z-61e77377,10,sqlite,wal_autocheckpoint_pages,1000,
sql-repeats,20261004T093056Z-61e77377,11,sqlite,journal_mode,WAL,
sql-repeats,20261004T093056Z-61e77377,11,sqlite,synchronous,NORMAL,
sql-repeats,20261004T093056Z-61e77377,11,sqlite,wal_autocheckpoint_pages,1000,
sql-repeats,20261004T093056Z-61e77377,12,sqlite,journal_mode,WAL,
sql-repeats,20261004T093056Z-61e77377,12,sqlite,synchronous,NORMAL,
sql-repeats,20261004T093056Z-61e77377,12,sqlite,wal_autocheckpoint_pages,1000,
sql-repeats,20261004T093056Z-61e77377,13,sqlite,journal_mode,WAL,
sql-repeats,20261004T093056Z-61e77377,13,sqlite,synchronous,NORMAL,
sql-repeats,20261004T093056Z-61e77377,13,sqlite,wal_autocheckpoint_pages,1000,
sql-repeats,20261004T093056Z-61e77377,14,sqlite,journal_mode,WAL,
sql-repeats,20261004T093056Z-61e77377,14,sqlite,synchronous,NORMAL,
sql-repeats,20261004T093056Z-61e77377,14,sqlite,wal_autocheckpoint_pages,1000,
sql-repeats,20261004T093056Z-61e77377,15,sqlite,journal_mode,WAL,
sql-repeats,20261004T093056Z-61e77377,15,sqlite,synchronous,NORMAL,
sql-repeats,20261004T093056Z-61e77377,15,sqlite,wal_autocheckpoint_pages,1000,
sql-repeats,20261004T093056Z-61e77377,16,sqlite,journal_mode,WAL,
sql-repeats,20261004T093056Z-61e77377,16,sqlite,synchronous,NORMAL,
sql-repeats,20261004T093056Z-61e77377,16,sqlite,wal_autocheckpoint_pages,1000,
sql-repeats,20261004T093056Z-61e77377,17,sqlite,journal_mode,WAL,
sql-repeats,20261004T093056Z-61e77377,17,sqlite,synchronous,NORMAL,
sql-repeats,20261004T093056Z-61e77377,17,sqlite,wal_autocheckpoint_pages,1000,
sql-repeats,20261004T093056Z-61e77377,18,sqlite,journal_mode,WAL,
sql-repeats,20261004T093056Z-61e77377,18,sqlite,synchronous,NORMAL,
sql-repeats,20261004T093056Z-61e77377,18,sqlite,wal_autocheckpoint_pages,1000,
sql-repeats,20261004T093056Z-61e77377,19,sqlite,journal_mode,WAL,
sql-repeats,20261004T093056Z-61e77377,19,sqlite,synchronous,NORMAL,
sql-repeats,20261004T093056Z-61e77377,19,sqlite,wal_autocheckpoint_pages,1000,
sql-repeats,20261004T093056Z-61e77377,20,sqlite,journal_mode,WAL,
sql-repeats,20261004T093056Z-61e77377,20,sqlite,synchronous,NORMAL,
sql-repeats,20261004T093056Z-61e77377,20,sqlite,wal_autocheckpoint_pages,1000,
sql-repeats,20261004T093056Z-61e77377,21,sqlite,journal_mode,WAL,
sql-repeats,20261004T093056Z-61e77377,21,sqlite,synchronous,NORMAL,
sql-repeats,20261004T093056Z-61e77377,21,sqlite,wal_autocheckpoint_pages,1000,
sql-repeats,20261004T093056Z-61e77377,22,sqlite,journal_mode,WAL,
sql-repeats,20261004T093056Z-61e77377,22,sqlite,synchronous,NORMAL,
sql-repeats,20261004T093056Z-61e77377,22,sqlite,wal_autocheckpoint_pages,1000,
sql-repeats,20261004T093056Z-61e77377,23,sqlite,journal_mode,WAL,
sql-repeats,20261004T093056Z-61e77377,23,sqlite,synchronous,NORMAL,
sql-repeats,20261004T093056Z-61e77377,23,sqlite,wal_autocheckpoint_pages,1000,
sql-repeats,20261004T093056Z-61e77377,24,sqlite,journal_mode,WAL,
sql-repeats,20261004T093056Z-61e77377,24,sqlite,synchronous,NORMAL,
sql-repeats,20261004T093056Z-61e77377,24,sqlite,wal_autocheckpoint_pages,1000,
sql-repeats,20261004T093056Z-61e77377,25,sqlite,journal_mode,WAL,
sql-repeats,20261004T093056Z-61e77377,25,sqlite,synchronous,NORMAL,
sql-repeats,20261004T093056Z-61e77377,25,sqlite,wal_autocheckpoint_pages,1000,
sql-repeats,20261004T093056Z-61e77377,26,sqlite,journal_mode,WAL,
sql-repeats,20261004T093056Z-61e77377,26,sqlite,synchronous,NORMAL,
sql-repeats,20261004T093056Z-61e77377,26,sqlite,wal_autocheckpoint_pages,1000,
sql-repeats,20261004T093056Z-61e77377,27,sqlite,journal_mode,WAL,
sql-repeats,20261004T093056Z-61e77377,27,sqlite,synchronous,NORMAL,
sql-repeats,20261004T093056Z-61e77377,27,sqlite,wal_autocheckpoint_pages,1000,
sql-repeats,20261004T093056Z-61e77377,28,sqlite,journal_mode,WAL,
sql-repeats,20261004T093056Z-61e77377,28,sqlite,synchronous,NORMAL,
sql-repeats,20261004T093056Z-61e77377,28,sqlite,wal_autocheckpoint_pages,1000,
sql-repeats,20261004T093056Z-61e77377,29,sqlite,journal_mode,WAL,
sql-repeats,20261004T093056Z-61e77377,29,sqlite,synchronous,NORMAL,
sql-repeats,20261004T093056Z-61e77377,29,sqlite,wal_autocheckpoint_pages,1000,
sql-repeats,20261004T093056Z-61e77377,30,sqlite,journal_mode,WAL,
sql-repeats,20261004T093056Z-61e77377,30,sqlite,synchronous,NORMAL,
sql-repeats,20261004T093056Z-61e77377,30,sqlite,wal_autocheckpoint_pages,1000,
sql-repeats,20261004T093056Z-61e77377,31,sqlite,journal_mode,WAL,
sql-repeats,20261004T093056Z-61e77377,31,sqlite,synchronous,NORMAL,
sql-repeats,20261004T093056Z-61e77377,31,sqlite,wal_autocheckpoint_pages,1000,
sql-repeats,20261004T093056Z-61e77377,32,sqlite,journal_mode,WAL,
sql-repeats,20261004T093056Z-61e77377,32,sqlite,synchronous,NORMAL,
sql-repeats,20261004T093056Z-61e77377,32,sqlite,wal_autocheckpoint_pages,1000,
sql-repeats,20261004T093056Z-61e77377,33,sqlite,journal_mode,WAL,
sql-repeats,20261004T093056Z-61e77377,33,sqlite,synchronous,NORMAL,
sql-repeats,20261004T093056Z-61e77377,33,sqlite,wal_autocheckpoint_pages,1000,
sql-repeats,20261004T093056Z-61e77377,34,sqlite,journal_mode,WAL,
sql-repeats,20261004T093056Z-61e77377,34,sqlite,synchronous,NORMAL,
sql-repeats,20261004T093056Z-61e77377,34,sqlite,wal_autocheckpoint_pages,1000,
sql-repeats,20261004T093056Z-61e77377,35,sqlite,journal_mode,WAL,
sql-repeats,20261004T093056Z-61e77377,35,sqlite,synchronous,NORMAL,
sql-repeats,20261004T093056Z-61e77377,35,sqlite,wal_autocheckpoint_pages,1000,
sql-repeats,20261004T093056Z-61e77377,36,sqlite,journal_mode,WAL,
sql-repeats,20261004T093056Z-61e77377,36,sqlite,synchronous,NORMAL,
sql-repeats,20261004T093056Z-61e77377,36,sqlite,wal_autocheckpoint_pages,1000,
sql-repeats,20261004T093602Z-60a9acff,1,postgresql,autovacuum,on,
sql-repeats,20261004T093602Z-60a9acff,1,postgresql,checkpoint_timeout,300,s
sql-repeats,20261004T093602Z-60a9acff,1,postgresql,data_directory,/pgwork/data,
sql-repeats,20261004T093602Z-60a9acff,1,postgresql,fsync,on,
sql-repeats,20261004T093602Z-60a9acff,1,postgresql,full_page_writes,on,
sql-repeats,20261004T093602Z-60a9acff,1,postgresql,listen_addresses,,
sql-repeats,20261004T093602Z-60a9acff,1,postgresql,max_connections,100,
sql-repeats,20261004T093602Z-60a9acff,1,postgresql,max_wal_size,1024,MB
sql-repeats,20261004T093602Z-60a9acff,1,postgresql,shared_buffers,16384,8kB
sql-repeats,20261004T093602Z-60a9acff,1,postgresql,synchronous_commit,on,
sql-repeats,20261004T093602Z-60a9acff,1,postgresql,unix_socket_directories,/pgsocket,
sql-repeats,20261004T093602Z-60a9acff,2,postgresql,autovacuum,on,
sql-repeats,20261004T093602Z-60a9acff,2,postgresql,checkpoint_timeout,300,s
sql-repeats,20261004T093602Z-60a9acff,2,postgresql,data_directory,/pgwork/data,
sql-repeats,20261004T093602Z-60a9acff,2,postgresql,fsync,on,
sql-repeats,20261004T093602Z-60a9acff,2,postgresql,full_page_writes,on,
sql-repeats,20261004T093602Z-60a9acff,2,postgresql,listen_addresses,,
sql-repeats,20261004T093602Z-60a9acff,2,postgresql,max_connections,100,
sql-repeats,20261004T093602Z-60a9acff,2,postgresql,max_wal_size,1024,MB
sql-repeats,20261004T093602Z-60a9acff,2,postgresql,shared_buffers,16384,8kB
sql-repeats,20261004T093602Z-60a9acff,2,postgresql,synchronous_commit,on,
sql-repeats,20261004T093602Z-60a9acff,2,postgresql,unix_socket_directories,/pgsocket,
sql-repeats,20261004T093602Z-60a9acff,3,postgresql,autovacuum,on,
sql-repeats,20261004T093602Z-60a9acff,3,postgresql,checkpoint_timeout,300,s
sql-repeats,20261004T093602Z-60a9acff,3,postgresql,data_directory,/pgwork/data,
sql-repeats,20261004T093602Z-60a9acff,3,postgresql,fsync,on,
sql-repeats,20261004T093602Z-60a9acff,3,postgresql,full_page_writes,on,
sql-repeats,20261004T093602Z-60a9acff,3,postgresql,listen_addresses,,
sql-repeats,20261004T093602Z-60a9acff,3,postgresql,max_connections,100,
sql-repeats,20261004T093602Z-60a9acff,3,postgresql,max_wal_size,1024,MB
sql-repeats,20261004T093602Z-60a9acff,3,postgresql,shared_buffers,16384,8kB
sql-repeats,20261004T093602Z-60a9acff,3,postgresql,synchronous_commit,on,
sql-repeats,20261004T093602Z-60a9acff,3,postgresql,unix_socket_directories,/pgsocket,
sql-repeats,20261004T093602Z-60a9acff,4,postgresql,autovacuum,on,
sql-repeats,20261004T093602Z-60a9acff,4,postgresql,checkpoint_timeout,300,s
sql-repeats,20261004T093602Z-60a9acff,4,postgresql,data_directory,/pgwork/data,
sql-repeats,20261004T093602Z-60a9acff,4,postgresql,fsync,on,
sql-repeats,20261004T093602Z-60a9acff,4,postgresql,full_page_writes,on,
sql-repeats,20261004T093602Z-60a9acff,4,postgresql,listen_addresses,,
sql-repeats,20261004T093602Z-60a9acff,4,postgresql,max_connections,100,
sql-repeats,20261004T093602Z-60a9acff,4,postgresql,max_wal_size,1024,MB
sql-repeats,20261004T093602Z-60a9acff,4,postgresql,shared_buffers,16384,8kB
sql-repeats,20261004T093602Z-60a9acff,4,postgresql,synchronous_commit,on,
sql-repeats,20261004T093602Z-60a9acff,4,postgresql,unix_socket_directories,/pgsocket,
sql-repeats,20261004T093602Z-60a9acff,5,postgresql,autovacuum,on,
sql-repeats,20261004T093602Z-60a9acff,5,postgresql,checkpoint_timeout,300,s
sql-repeats,20261004T093602Z-60a9acff,5,postgresql,data_directory,/pgwork/data,
sql-repeats,20261004T093602Z-60a9acff,5,postgresql,fsync,on,
sql-repeats,20261004T093602Z-60a9acff,5,postgresql,full_page_writes,on,
sql-repeats,20261004T093602Z-60a9acff,5,postgresql,listen_addresses,,
sql-repeats,20261004T093602Z-60a9acff,5,postgresql,max_connections,100,
sql-repeats,20261004T093602Z-60a9acff,5,postgresql,max_wal_size,1024,MB
sql-repeats,20261004T093602Z-60a9acff,5,postgresql,shared_buffers,16384,8kB
sql-repeats,20261004T093602Z-60a9acff,5,postgresql,synchronous_commit,on,
sql-repeats,20261004T093602Z-60a9acff,5,postgresql,unix_socket_directories,/pgsocket,
sql-repeats,20261004T093602Z-60a9acff,6,postgresql,autovacuum,on,
sql-repeats,20261004T093602Z-60a9acff,6,postgresql,checkpoint_timeout,300,s
sql-repeats,20261004T093602Z-60a9acff,6,postgresql,data_directory,/pgwork/data,
sql-repeats,20261004T093602Z-60a9acff,6,postgresql,fsync,on,
sql-repeats,20261004T093602Z-60a9acff,6,postgresql,full_page_writes,on,
sql-repeats,20261004T093602Z-60a9acff,6,postgresql,listen_addresses,,
sql-repeats,20261004T093602Z-60a9acff,6,postgresql,max_connections,100,
sql-repeats,20261004T093602Z-60a9acff,6,postgresql,max_wal_size,1024,MB
sql-repeats,20261004T093602Z-60a9acff,6,postgresql,shared_buffers,16384,8kB
sql-repeats,20261004T093602Z-60a9acff,6,postgresql,synchronous_commit,on,
sql-repeats,20261004T093602Z-60a9acff,6,postgresql,unix_socket_directories,/pgsocket,
sql-repeats,20261004T093602Z-60a9acff,7,postgresql,autovacuum,on,
sql-repeats,20261004T093602Z-60a9acff,7,postgresql,checkpoint_timeout,300,s
sql-repeats,20261004T093602Z-60a9acff,7,postgresql,data_directory,/pgwork/data,
sql-repeats,20261004T093602Z-60a9acff,7,postgresql,fsync,on,
sql-repeats,20261004T093602Z-60a9acff,7,postgresql,full_page_writes,on,
sql-repeats,20261004T093602Z-60a9acff,7,postgresql,listen_addresses,,
sql-repeats,20261004T093602Z-60a9acff,7,postgresql,max_connections,100,
sql-repeats,20261004T093602Z-60a9acff,7,postgresql,max_wal_size,1024,MB
sql-repeats,20261004T093602Z-60a9acff,7,postgresql,shared_buffers,16384,8kB
sql-repeats,20261004T093602Z-60a9acff,7,postgresql,synchronous_commit,on,
sql-repeats,20261004T093602Z-60a9acff,7,postgresql,unix_socket_directories,/pgsocket,
sql-repeats,20261004T093602Z-60a9acff,8,postgresql,autovacuum,on,
sql-repeats,20261004T093602Z-60a9acff,8,postgresql,checkpoint_timeout,300,s
sql-repeats,20261004T093602Z-60a9acff,8,postgresql,data_directory,/pgwork/data,
sql-repeats,20261004T093602Z-60a9acff,8,postgresql,fsync,on,
sql-repeats,20261004T093602Z-60a9acff,8,postgresql,full_page_writes,on,
sql-repeats,20261004T093602Z-60a9acff,8,postgresql,listen_addresses,,
sql-repeats,20261004T093602Z-60a9acff,8,postgresql,max_connections,100,
sql-repeats,20261004T093602Z-60a9acff,8,postgresql,max_wal_size,1024,MB
sql-repeats,20261004T093602Z-60a9acff,8,postgresql,shared_buffers,16384,8kB
sql-repeats,20261004T093602Z-60a9acff,8,postgresql,synchronous_commit,on,
sql-repeats,20261004T093602Z-60a9acff,8,postgresql,unix_socket_directories,/pgsocket,
sql-repeats,20261004T093602Z-60a9acff,9,postgresql,autovacuum,on,
sql-repeats,20261004T093602Z-60a9acff,9,postgresql,checkpoint_timeout,300,s
sql-repeats,20261004T093602Z-60a9acff,9,postgresql,data_directory,/pgwork/data,
sql-repeats,20261004T093602Z-60a9acff,9,postgresql,fsync,on,
sql-repeats,20261004T093602Z-60a9acff,9,postgresql,full_page_writes,on,
sql-repeats,20261004T093602Z-60a9acff,9,postgresql,listen_addresses,,
sql-repeats,20261004T093602Z-60a9acff,9,postgresql,max_connections,100,
sql-repeats,20261004T093602Z-60a9acff,9,postgresql,max_wal_size,1024,MB
sql-repeats,20261004T093602Z-60a9acff,9,postgresql,shared_buffers,16384,8kB
sql-repeats,20261004T093602Z-60a9acff,9,postgresql,synchronous_commit,on,
sql-repeats,20261004T093602Z-60a9acff,9,postgresql,unix_socket_directories,/pgsocket,
sql-repeats,20261004T093602Z-60a9acff,10,postgresql,autovacuum,on,
sql-repeats,20261004T093602Z-60a9acff,10,postgresql,checkpoint_timeout,300,s
sql-repeats,20261004T093602Z-60a9acff,10,postgresql,data_directory,/pgwork/data,
sql-repeats,20261004T093602Z-60a9acff,10,postgresql,fsync,on,
sql-repeats,20261004T093602Z-60a9acff,10,postgresql,full_page_writes,on,
sql-repeats,20261004T093602Z-60a9acff,10,postgresql,listen_addresses,,
sql-repeats,20261004T093602Z-60a9acff,10,postgresql,max_connections,100,
sql-repeats,20261004T093602Z-60a9acff,10,postgresql,max_wal_size,1024,MB
sql-repeats,20261004T093602Z-60a9acff,10,postgresql,shared_buffers,16384,8kB
sql-repeats,20261004T093602Z-60a9acff,10,postgresql,synchronous_commit,on,
sql-repeats,20261004T093602Z-60a9acff,10,postgresql,unix_socket_directories,/pgsocket,
sql-repeats,20261004T093602Z-60a9acff,11,postgresql,autovacuum,on,
sql-repeats,20261004T093602Z-60a9acff,11,postgresql,checkpoint_timeout,300,s
sql-repeats,20261004T093602Z-60a9acff,11,postgresql,data_directory,/pgwork/data,
sql-repeats,20261004T093602Z-60a9acff,11,postgresql,fsync,on,
sql-repeats,20261004T093602Z-60a9acff,11,postgresql,full_page_writes,on,
sql-repeats,20261004T093602Z-60a9acff,11,postgresql,listen_addresses,,
sql-repeats,20261004T093602Z-60a9acff,11,postgresql,max_connections,100,
sql-repeats,20261004T093602Z-60a9acff,11,postgresql,max_wal_size,1024,MB
sql-repeats,20261004T093602Z-60a9acff,11,postgresql,shared_buffers,16384,8kB
sql-repeats,20261004T093602Z-60a9acff,11,postgresql,synchronous_commit,on,
sql-repeats,20261004T093602Z-60a9acff,11,postgresql,unix_socket_directories,/pgsocket,
sql-repeats,20261004T093602Z-60a9acff,12,postgresql,autovacuum,on,
sql-repeats,20261004T093602Z-60a9acff,12,postgresql,checkpoint_timeout,300,s
sql-repeats,20261004T093602Z-60a9acff,12,postgresql,data_directory,/pgwork/data,
sql-repeats,20261004T093602Z-60a9acff,12,postgresql,fsync,on,
sql-repeats,20261004T093602Z-60a9acff,12,postgresql,full_page_writes,on,
sql-repeats,20261004T093602Z-60a9acff,12,postgresql,listen_addresses,,
sql-repeats,20261004T093602Z-60a9acff,12,postgresql,max_connections,100,
sql-repeats,20261004T093602Z-60a9acff,12,postgresql,max_wal_size,1024,MB
sql-repeats,20261004T093602Z-60a9acff,12,postgresql,shared_buffers,16384,8kB
sql-repeats,20261004T093602Z-60a9acff,12,postgresql,synchronous_commit,on,
sql-repeats,20261004T093602Z-60a9acff,12,postgresql,unix_socket_directories,/pgsocket,
sql-repeats,20261004T093602Z-60a9acff,13,postgresql,autovacuum,on,
sql-repeats,20261004T093602Z-60a9acff,13,postgresql,checkpoint_timeout,300,s
sql-repeats,20261004T093602Z-60a9acff,13,postgresql,data_directory,/pgwork/data,
sql-repeats,20261004T093602Z-60a9acff,13,postgresql,fsync,on,
sql-repeats,20261004T093602Z-60a9acff,13,postgresql,full_page_writes,on,
sql-repeats,20261004T093602Z-60a9acff,13,postgresql,listen_addresses,,
sql-repeats,20261004T093602Z-60a9acff,13,postgresql,max_connections,100,
sql-repeats,20261004T093602Z-60a9acff,13,postgresql,max_wal_size,1024,MB
sql-repeats,20261004T093602Z-60a9acff,13,postgresql,shared_buffers,16384,8kB
sql-repeats,20261004T093602Z-60a9acff,13,postgresql,synchronous_commit,on,
sql-repeats,20261004T093602Z-60a9acff,13,postgresql,unix_socket_directories,/pgsocket,
sql-repeats,20261004T093602Z-60a9acff,14,postgresql,autovacuum,on,
sql-repeats,20261004T093602Z-60a9acff,14,postgresql,checkpoint_timeout,300,s
sql-repeats,20261004T093602Z-60a9acff,14,postgresql,data_directory,/pgwork/data,
sql-repeats,20261004T093602Z-60a9acff,14,postgresql,fsync,on,
sql-repeats,20261004T093602Z-60a9acff,14,postgresql,full_page_writes,on,
sql-repeats,20261004T093602Z-60a9acff,14,postgresql,listen_addresses,,
sql-repeats,20261004T093602Z-60a9acff,14,postgresql,max_connections,100,
sql-repeats,20261004T093602Z-60a9acff,14,postgresql,max_wal_size,1024,MB
sql-repeats,20261004T093602Z-60a9acff,14,postgresql,shared_buffers,16384,8kB
sql-repeats,20261004T093602Z-60a9acff,14,postgresql,synchronous_commit,on,
sql-repeats,20261004T093602Z-60a9acff,14,postgresql,unix_socket_directories,/pgsocket,
sql-repeats,20261004T093602Z-60a9acff,15,postgresql,autovacuum,on,
sql-repeats,20261004T093602Z-60a9acff,15,postgresql,checkpoint_timeout,300,s
sql-repeats,20261004T093602Z-60a9acff,15,postgresql,data_directory,/pgwork/data,
sql-repeats,20261004T093602Z-60a9acff,15,postgresql,fsync,on,
sql-repeats,20261004T093602Z-60a9acff,15,postgresql,full_page_writes,on,
sql-repeats,20261004T093602Z-60a9acff,15,postgresql,listen_addresses,,
sql-repeats,20261004T093602Z-60a9acff,15,postgresql,max_connections,100,
sql-repeats,20261004T093602Z-60a9acff,15,postgresql,max_wal_size,1024,MB
sql-repeats,20261004T093602Z-60a9acff,15,postgresql,shared_buffers,16384,8kB
sql-repeats,20261004T093602Z-60a9acff,15,postgresql,synchronous_commit,on,
sql-repeats,20261004T093602Z-60a9acff,15,postgresql,unix_socket_directories,/pgsocket,
sql-repeats,20261004T093602Z-60a9acff,16,postgresql,autovacuum,on,
sql-repeats,20261004T093602Z-60a9acff,16,postgresql,checkpoint_timeout,300,s
sql-repeats,20261004T093602Z-60a9acff,16,postgresql,data_directory,/pgwork/data,
sql-repeats,20261004T093602Z-60a9acff,16,postgresql,fsync,on,
sql-repeats,20261004T093602Z-60a9acff,16,postgresql,full_page_writes,on,
sql-repeats,20261004T093602Z-60a9acff,16,postgresql,listen_addresses,,
sql-repeats,20261004T093602Z-60a9acff,16,postgresql,max_connections,100,
sql-repeats,20261004T093602Z-60a9acff,16,postgresql,max_wal_size,1024,MB
sql-repeats,20261004T093602Z-60a9acff,16,postgresql,shared_buffers,16384,8kB
sql-repeats,20261004T093602Z-60a9acff,16,postgresql,synchronous_commit,on,
sql-repeats,20261004T093602Z-60a9acff,16,postgresql,unix_socket_directories,/pgsocket,
sql-repeats,20261004T093602Z-60a9acff,17,postgresql,autovacuum,on,
sql-repeats,20261004T093602Z-60a9acff,17,postgresql,checkpoint_timeout,300,s
sql-repeats,20261004T093602Z-60a9acff,17,postgresql,data_directory,/pgwork/data,
sql-repeats,20261004T093602Z-60a9acff,17,postgresql,fsync,on,
sql-repeats,20261004T093602Z-60a9acff,17,postgresql,full_page_writes,on,
sql-repeats,20261004T093602Z-60a9acff,17,postgresql,listen_addresses,,
sql-repeats,20261004T093602Z-60a9acff,17,postgresql,max_connections,100,
sql-repeats,20261004T093602Z-60a9acff,17,postgresql,max_wal_size,1024,MB
sql-repeats,20261004T093602Z-60a9acff,17,postgresql,shared_buffers,16384,8kB
sql-repeats,20261004T093602Z-60a9acff,17,postgresql,synchronous_commit,on,
sql-repeats,20261004T093602Z-60a9acff,17,postgresql,unix_socket_directories,/pgsocket,
sql-repeats,20261004T093602Z-60a9acff,18,postgresql,autovacuum,on,
sql-repeats,20261004T093602Z-60a9acff,18,postgresql,checkpoint_timeout,300,s
sql-repeats,20261004T093602Z-60a9acff,18,postgresql,data_directory,/pgwork/data,
sql-repeats,20261004T093602Z-60a9acff,18,postgresql,fsync,on,
sql-repeats,20261004T093602Z-60a9acff,18,postgresql,full_page_writes,on,
sql-repeats,20261004T093602Z-60a9acff,18,postgresql,listen_addresses,,
sql-repeats,20261004T093602Z-60a9acff,18,postgresql,max_connections,100,
sql-repeats,20261004T093602Z-60a9acff,18,postgresql,max_wal_size,1024,MB
sql-repeats,20261004T093602Z-60a9acff,18,postgresql,shared_buffers,16384,8kB
sql-repeats,20261004T093602Z-60a9acff,18,postgresql,synchronous_commit,on,
sql-repeats,20261004T093602Z-60a9acff,18,postgresql,unix_socket_directories,/pgsocket,
sql-repeats,20261004T093602Z-60a9acff,19,postgresql,autovacuum,on,
sql-repeats,20261004T093602Z-60a9acff,19,postgresql,checkpoint_timeout,300,s
sql-repeats,20261004T093602Z-60a9acff,19,postgresql,data_directory,/pgwork/data,
sql-repeats,20261004T093602Z-60a9acff,19,postgresql,fsync,on,
sql-repeats,20261004T093602Z-60a9acff,19,postgresql,full_page_writes,on,
sql-repeats,20261004T093602Z-60a9acff,19,postgresql,listen_addresses,,
sql-repeats,20261004T093602Z-60a9acff,19,postgresql,max_connections,100,
sql-repeats,20261004T093602Z-60a9acff,19,postgresql,max_wal_size,1024,MB
sql-repeats,20261004T093602Z-60a9acff,19,postgresql,shared_buffers,16384,8kB
sql-repeats,20261004T093602Z-60a9acff,19,postgresql,synchronous_commit,on,
sql-repeats,20261004T093602Z-60a9acff,19,postgresql,unix_socket_directories,/pgsocket,
sql-repeats,20261004T093602Z-60a9acff,20,postgresql,autovacuum,on,
sql-repeats,20261004T093602Z-60a9acff,20,postgresql,checkpoint_timeout,300,s
sql-repeats,20261004T093602Z-60a9acff,20,postgresql,data_directory,/pgwork/data,
sql-repeats,20261004T093602Z-60a9acff,20,postgresql,fsync,on,
sql-repeats,20261004T093602Z-60a9acff,20,postgresql,full_page_writes,on,
sql-repeats,20261004T093602Z-60a9acff,20,postgresql,listen_addresses,,
sql-repeats,20261004T093602Z-60a9acff,20,postgresql,max_connections,100,
sql-repeats,20261004T093602Z-60a9acff,20,postgresql,max_wal_size,1024,MB
sql-repeats,20261004T093602Z-60a9acff,20,postgresql,shared_buffers,16384,8kB
sql-repeats,20261004T093602Z-60a9acff,20,postgresql,synchronous_commit,on,
sql-repeats,20261004T093602Z-60a9acff,20,postgresql,unix_socket_directories,/pgsocket,
sql-repeats,20261004T093602Z-60a9acff,21,postgresql,autovacuum,on,
sql-repeats,20261004T093602Z-60a9acff,21,postgresql,checkpoint_timeout,300,s
sql-repeats,20261004T093602Z-60a9acff,21,postgresql,data_directory,/pgwork/data,
sql-repeats,20261004T093602Z-60a9acff,21,postgresql,fsync,on,
sql-repeats,20261004T093602Z-60a9acff,21,postgresql,full_page_writes,on,
sql-repeats,20261004T093602Z-60a9acff,21,postgresql,listen_addresses,,
sql-repeats,20261004T093602Z-60a9acff,21,postgresql,max_connections,100,
sql-repeats,20261004T093602Z-60a9acff,21,postgresql,max_wal_size,1024,MB
sql-repeats,20261004T093602Z-60a9acff,21,postgresql,shared_buffers,16384,8kB
sql-repeats,20261004T093602Z-60a9acff,21,postgresql,synchronous_commit,on,
sql-repeats,20261004T093602Z-60a9acff,21,postgresql,unix_socket_directories,/pgsocket,
sql-repeats,20261004T093602Z-60a9acff,22,postgresql,autovacuum,on,
sql-repeats,20261004T093602Z-60a9acff,22,postgresql,checkpoint_timeout,300,s
sql-repeats,20261004T093602Z-60a9acff,22,postgresql,data_directory,/pgwork/data,
sql-repeats,20261004T093602Z-60a9acff,22,postgresql,fsync,on,
sql-repeats,20261004T093602Z-60a9acff,22,postgresql,full_page_writes,on,
sql-repeats,20261004T093602Z-60a9acff,22,postgresql,listen_addresses,,
sql-repeats,20261004T093602Z-60a9acff,22,postgresql,max_connections,100,
sql-repeats,20261004T093602Z-60a9acff,22,postgresql,max_wal_size,1024,MB
sql-repeats,20261004T093602Z-60a9acff,22,postgresql,shared_buffers,16384,8kB
sql-repeats,20261004T093602Z-60a9acff,22,postgresql,synchronous_commit,on,
sql-repeats,20261004T093602Z-60a9acff,22,postgresql,unix_socket_directories,/pgsocket,
sql-repeats,20261004T093602Z-60a9acff,23,postgresql,autovacuum,on,
sql-repeats,20261004T093602Z-60a9acff,23,postgresql,checkpoint_timeout,300,s
sql-repeats,20261004T093602Z-60a9acff,23,postgresql,data_directory,/pgwork/data,
sql-repeats,20261004T093602Z-60a9acff,23,postgresql,fsync,on,
sql-repeats,20261004T093602Z-60a9acff,23,postgresql,full_page_writes,on,
sql-repeats,20261004T093602Z-60a9acff,23,postgresql,listen_addresses,,
sql-repeats,20261004T093602Z-60a9acff,23,postgresql,max_connections,100,
sql-repeats,20261004T093602Z-60a9acff,23,postgresql,max_wal_size,1024,MB
sql-repeats,20261004T093602Z-60a9acff,23,postgresql,shared_buffers,16384,8kB
sql-repeats,20261004T093602Z-60a9acff,23,postgresql,synchronous_commit,on,
sql-repeats,20261004T093602Z-60a9acff,23,postgresql,unix_socket_directories,/pgsocket,
sql-repeats,20261004T093602Z-60a9acff,24,postgresql,autovacuum,on,
sql-repeats,20261004T093602Z-60a9acff,24,postgresql,checkpoint_timeout,300,s
sql-repeats,20261004T093602Z-60a9acff,24,postgresql,data_directory,/pgwork/data,
sql-repeats,20261004T093602Z-60a9acff,24,postgresql,fsync,on,
sql-repeats,20261004T093602Z-60a9acff,24,postgresql,full_page_writes,on,
sql-repeats,20261004T093602Z-60a9acff,24,postgresql,listen_addresses,,
sql-repeats,20261004T093602Z-60a9acff,24,postgresql,max_connections,100,
sql-repeats,20261004T093602Z-60a9acff,24,postgresql,max_wal_size,1024,MB
sql-repeats,20261004T093602Z-60a9acff,24,postgresql,shared_buffers,16384,8kB
sql-repeats,20261004T093602Z-60a9acff,24,postgresql,synchronous_commit,on,
sql-repeats,20261004T093602Z-60a9acff,24,postgresql,unix_socket_directories,/pgsocket,
sql-repeats,20261004T093602Z-60a9acff,25,postgresql,autovacuum,on,
sql-repeats,20261004T093602Z-60a9acff,25,postgresql,checkpoint_timeout,300,s
sql-repeats,20261004T093602Z-60a9acff,25,postgresql,data_directory,/pgwork/data,
sql-repeats,20261004T093602Z-60a9acff,25,postgresql,fsync,on,
sql-repeats,20261004T093602Z-60a9acff,25,postgresql,full_page_writes,on,
sql-repeats,20261004T093602Z-60a9acff,25,postgresql,listen_addresses,,
sql-repeats,20261004T093602Z-60a9acff,25,postgresql,max_connections,100,
sql-repeats,20261004T093602Z-60a9acff,25,postgresql,max_wal_size,1024,MB
sql-repeats,20261004T093602Z-60a9acff,25,postgresql,shared_buffers,16384,8kB
sql-repeats,20261004T093602Z-60a9acff,25,postgresql,synchronous_commit,on,
sql-repeats,20261004T093602Z-60a9acff,25,postgresql,unix_socket_directories,/pgsocket,
sql-repeats,20261004T093602Z-60a9acff,26,postgresql,autovacuum,on,
sql-repeats,20261004T093602Z-60a9acff,26,postgresql,checkpoint_timeout,300,s
sql-repeats,20261004T093602Z-60a9acff,26,postgresql,data_directory,/pgwork/data,
sql-repeats,20261004T093602Z-60a9acff,26,postgresql,fsync,on,
sql-repeats,20261004T093602Z-60a9acff,26,postgresql,full_page_writes,on,
sql-repeats,20261004T093602Z-60a9acff,26,postgresql,listen_addresses,,
sql-repeats,20261004T093602Z-60a9acff,26,postgresql,max_connections,100,
sql-repeats,20261004T093602Z-60a9acff,26,postgresql,max_wal_size,1024,MB
sql-repeats,20261004T093602Z-60a9acff,26,postgresql,shared_buffers,16384,8kB
sql-repeats,20261004T093602Z-60a9acff,26,postgresql,synchronous_commit,on,
sql-repeats,20261004T093602Z-60a9acff,26,postgresql,unix_socket_directories,/pgsocket,
sql-repeats,20261004T093602Z-60a9acff,27,postgresql,autovacuum,on,
sql-repeats,20261004T093602Z-60a9acff,27,postgresql,checkpoint_timeout,300,s
sql-repeats,20261004T093602Z-60a9acff,27,postgresql,data_directory,/pgwork/data,
sql-repeats,20261004T093602Z-60a9acff,27,postgresql,fsync,on,
sql-repeats,20261004T093602Z-60a9acff,27,postgresql,full_page_writes,on,
sql-repeats,20261004T093602Z-60a9acff,27,postgresql,listen_addresses,,
sql-repeats,20261004T093602Z-60a9acff,27,postgresql,max_connections,100,
sql-repeats,20261004T093602Z-60a9acff,27,postgresql,max_wal_size,1024,MB
sql-repeats,20261004T093602Z-60a9acff,27,postgresql,shared_buffers,16384,8kB
sql-repeats,20261004T093602Z-60a9acff,27,postgresql,synchronous_commit,on,
sql-repeats,20261004T093602Z-60a9acff,27,postgresql,unix_socket_directories,/pgsocket,
sql-repeats,20261004T093602Z-60a9acff,28,postgresql,autovacuum,on,
sql-repeats,20261004T093602Z-60a9acff,28,postgresql,checkpoint_timeout,300,s
sql-repeats,20261004T093602Z-60a9acff,28,postgresql,data_directory,/pgwork/data,
sql-repeats,20261004T093602Z-60a9acff,28,postgresql,fsync,on,
sql-repeats,20261004T093602Z-60a9acff,28,postgresql,full_page_writes,on,
sql-repeats,20261004T093602Z-60a9acff,28,postgresql,listen_addresses,,
sql-repeats,20261004T093602Z-60a9acff,28,postgresql,max_connections,100,
sql-repeats,20261004T093602Z-60a9acff,28,postgresql,max_wal_size,1024,MB
sql-repeats,20261004T093602Z-60a9acff,28,postgresql,shared_buffers,16384,8kB
sql-repeats,20261004T093602Z-60a9acff,28,postgresql,synchronous_commit,on,
sql-repeats,20261004T093602Z-60a9acff,28,postgresql,unix_socket_directories,/pgsocket,
sql-repeats,20261004T093602Z-60a9acff,29,postgresql,autovacuum,on,
sql-repeats,20261004T093602Z-60a9acff,29,postgresql,checkpoint_timeout,300,s
sql-repeats,20261004T093602Z-60a9acff,29,postgresql,data_directory,/pgwork/data,
sql-repeats,20261004T093602Z-60a9acff,29,postgresql,fsync,on,
sql-repeats,20261004T093602Z-60a9acff,29,postgresql,full_page_writes,on,
sql-repeats,20261004T093602Z-60a9acff,29,postgresql,listen_addresses,,
sql-repeats,20261004T093602Z-60a9acff,29,postgresql,max_connections,100,
sql-repeats,20261004T093602Z-60a9acff,29,postgresql,max_wal_size,1024,MB
sql-repeats,20261004T093602Z-60a9acff,29,postgresql,shared_buffers,16384,8kB
sql-repeats,20261004T093602Z-60a9acff,29,postgresql,synchronous_commit,on,
sql-repeats,20261004T093602Z-60a9acff,29,postgresql,unix_socket_directories,/pgsocket,
sql-repeats,20261004T093602Z-60a9acff,30,postgresql,autovacuum,on,
sql-repeats,20261004T093602Z-60a9acff,30,postgresql,checkpoint_timeout,300,s
sql-repeats,20261004T093602Z-60a9acff,30,postgresql,data_directory,/pgwork/data,
sql-repeats,20261004T093602Z-60a9acff,30,postgresql,fsync,on,
sql-repeats,20261004T093602Z-60a9acff,30,postgresql,full_page_writes,on,
sql-repeats,20261004T093602Z-60a9acff,30,postgresql,listen_addresses,,
sql-repeats,20261004T093602Z-60a9acff,30,postgresql,max_connections,100,
sql-repeats,20261004T093602Z-60a9acff,30,postgresql,max_wal_size,1024,MB
sql-repeats,20261004T093602Z-60a9acff,30,postgresql,shared_buffers,16384,8kB
sql-repeats,20261004T093602Z-60a9acff,30,postgresql,synchronous_commit,on,
sql-repeats,20261004T093602Z-60a9acff,30,postgresql,unix_socket_directories,/pgsocket,
sql-repeats,20261004T093602Z-60a9acff,31,postgresql,autovacuum,on,
sql-repeats,20261004T093602Z-60a9acff,31,postgresql,checkpoint_timeout,300,s
sql-repeats,20261004T093602Z-60a9acff,31,postgresql,data_directory,/pgwork/data,
sql-repeats,20261004T093602Z-60a9acff,31,postgresql,fsync,on,
sql-repeats,20261004T093602Z-60a9acff,31,postgresql,full_page_writes,on,
sql-repeats,20261004T093602Z-60a9acff,31,postgresql,listen_addresses,,
sql-repeats,20261004T093602Z-60a9acff,31,postgresql,max_connections,100,
sql-repeats,20261004T093602Z-60a9acff,31,postgresql,max_wal_size,1024,MB
sql-repeats,20261004T093602Z-60a9acff,31,postgresql,shared_buffers,16384,8kB
sql-repeats,20261004T093602Z-60a9acff,31,postgresql,synchronous_commit,on,
sql-repeats,20261004T093602Z-60a9acff,31,postgresql,unix_socket_directories,/pgsocket,
sql-repeats,20261004T093602Z-60a9acff,32,postgresql,autovacuum,on,
sql-repeats,20261004T093602Z-60a9acff,32,postgresql,checkpoint_timeout,300,s
sql-repeats,20261004T093602Z-60a9acff,32,postgresql,data_directory,/pgwork/data,
sql-repeats,20261004T093602Z-60a9acff,32,postgresql,fsync,on,
sql-repeats,20261004T093602Z-60a9acff,32,postgresql,full_page_writes,on,
sql-repeats,20261004T093602Z-60a9acff,32,postgresql,listen_addresses,,
sql-repeats,20261004T093602Z-60a9acff,32,postgresql,max_connections,100,
sql-repeats,20261004T093602Z-60a9acff,32,postgresql,max_wal_size,1024,MB
sql-repeats,20261004T093602Z-60a9acff,32,postgresql,shared_buffers,16384,8kB
sql-repeats,20261004T093602Z-60a9acff,32,postgresql,synchronous_commit,on,
sql-repeats,20261004T093602Z-60a9acff,32,postgresql,unix_socket_directories,/pgsocket,
sql-repeats,20261004T093602Z-60a9acff,33,postgresql,autovacuum,on,
sql-repeats,20261004T093602Z-60a9acff,33,postgresql,checkpoint_timeout,300,s
sql-repeats,20261004T093602Z-60a9acff,33,postgresql,data_directory,/pgwork/data,
sql-repeats,20261004T093602Z-60a9acff,33,postgresql,fsync,on,
sql-repeats,20261004T093602Z-60a9acff,33,postgresql,full_page_writes,on,
sql-repeats,20261004T093602Z-60a9acff,33,postgresql,listen_addresses,,
sql-repeats,20261004T093602Z-60a9acff,33,postgresql,max_connections,100,
sql-repeats,20261004T093602Z-60a9acff,33,postgresql,max_wal_size,1024,MB
sql-repeats,20261004T093602Z-60a9acff,33,postgresql,shared_buffers,16384,8kB
sql-repeats,20261004T093602Z-60a9acff,33,postgresql,synchronous_commit,on,
sql-repeats,20261004T093602Z-60a9acff,33,postgresql,unix_socket_directories,/pgsocket,
sql-repeats,20261004T093602Z-60a9acff,34,postgresql,autovacuum,on,
sql-repeats,20261004T093602Z-60a9acff,34,postgresql,checkpoint_timeout,300,s
sql-repeats,20261004T093602Z-60a9acff,34,postgresql,data_directory,/pgwork/data,
sql-repeats,20261004T093602Z-60a9acff,34,postgresql,fsync,on,
sql-repeats,20261004T093602Z-60a9acff,34,postgresql,full_page_writes,on,
sql-repeats,20261004T093602Z-60a9acff,34,postgresql,listen_addresses,,
sql-repeats,20261004T093602Z-60a9acff,34,postgresql,max_connections,100,
sql-repeats,20261004T093602Z-60a9acff,34,postgresql,max_wal_size,1024,MB
sql-repeats,20261004T093602Z-60a9acff,34,postgresql,shared_buffers,16384,8kB
sql-repeats,20261004T093602Z-60a9acff,34,postgresql,synchronous_commit,on,
sql-repeats,20261004T093602Z-60a9acff,34,postgresql,unix_socket_directories,/pgsocket,
sql-repeats,20261004T093602Z-60a9acff,35,postgresql,autovacuum,on,
sql-repeats,20261004T093602Z-60a9acff,35,postgresql,checkpoint_timeout,300,s
sql-repeats,20261004T093602Z-60a9acff,35,postgresql,data_directory,/pgwork/data,
sql-repeats,20261004T093602Z-60a9acff,35,postgresql,fsync,on,
sql-repeats,20261004T093602Z-60a9acff,35,postgresql,full_page_writes,on,
sql-repeats,20261004T093602Z-60a9acff,35,postgresql,listen_addresses,,
sql-repeats,20261004T093602Z-60a9acff,35,postgresql,max_connections,100,
sql-repeats,20261004T093602Z-60a9acff,35,postgresql,max_wal_size,1024,MB
sql-repeats,20261004T093602Z-60a9acff,35,postgresql,shared_buffers,16384,8kB
sql-repeats,20261004T093602Z-60a9acff,35,postgresql,synchronous_commit,on,
sql-repeats,20261004T093602Z-60a9acff,35,postgresql,unix_socket_directories,/pgsocket,
sql-repeats,20261004T093602Z-60a9acff,36,postgresql,autovacuum,on,
sql-repeats,20261004T093602Z-60a9acff,36,postgresql,checkpoint_timeout,300,s
sql-repeats,20261004T093602Z-60a9acff,36,postgresql,data_directory,/pgwork/data,
sql-repeats,20261004T093602Z-60a9acff,36,postgresql,fsync,on,
sql-repeats,20261004T093602Z-60a9acff,36,postgresql,full_page_writes,on,
sql-repeats,20261004T093602Z-60a9acff,36,postgresql,listen_addresses,,
sql-repeats,20261004T093602Z-60a9acff,36,postgresql,max_connections,100,
sql-repeats,20261004T093602Z-60a9acff,36,postgresql,max_wal_size,1024,MB
sql-repeats,20261004T093602Z-60a9acff,36,postgresql,shared_buffers,16384,8kB
sql-repeats,20261004T093602Z-60a9acff,36,postgresql,synchronous_commit,on,
sql-repeats,20261004T093602Z-60a9acff,36,postgresql,unix_socket_directories,/pgsocket,
sql-repeats,20261004T094419Z-c134f2c4,1,sqlite,journal_mode,WAL,
sql-repeats,20261004T094419Z-c134f2c4,1,sqlite,synchronous,NORMAL,
sql-repeats,20261004T094419Z-c134f2c4,1,sqlite,wal_autocheckpoint_pages,1000,
sql-repeats,20261004T094419Z-c134f2c4,2,sqlite,journal_mode,WAL,
sql-repeats,20261004T094419Z-c134f2c4,2,sqlite,synchronous,NORMAL,
sql-repeats,20261004T094419Z-c134f2c4,2,sqlite,wal_autocheckpoint_pages,1000,
sql-repeats,20261004T094419Z-c134f2c4,3,sqlite,journal_mode,WAL,
sql-repeats,20261004T094419Z-c134f2c4,3,sqlite,synchronous,NORMAL,
sql-repeats,20261004T094419Z-c134f2c4,3,sqlite,wal_autocheckpoint_pages,1000,
sql-repeats,20261004T094419Z-c134f2c4,4,sqlite,journal_mode,WAL,
sql-repeats,20261004T094419Z-c134f2c4,4,sqlite,synchronous,NORMAL,
sql-repeats,20261004T094419Z-c134f2c4,4,sqlite,wal_autocheckpoint_pages,1000,
sql-repeats,20261004T094419Z-c134f2c4,5,sqlite,journal_mode,WAL,
sql-repeats,20261004T094419Z-c134f2c4,5,sqlite,synchronous,NORMAL,
sql-repeats,20261004T094419Z-c134f2c4,5,sqlite,wal_autocheckpoint_pages,1000,
sql-repeats,20261004T094419Z-c134f2c4,6,sqlite,journal_mode,WAL,
sql-repeats,20261004T094419Z-c134f2c4,6,sqlite,synchronous,NORMAL,
sql-repeats,20261004T094419Z-c134f2c4,6,sqlite,wal_autocheckpoint_pages,1000,
sql-repeats,20261004T094419Z-c134f2c4,7,sqlite,journal_mode,WAL,
sql-repeats,20261004T094419Z-c134f2c4,7,sqlite,synchronous,NORMAL,
sql-repeats,20261004T094419Z-c134f2c4,7,sqlite,wal_autocheckpoint_pages,1000,
sql-repeats,20261004T094419Z-c134f2c4,8,sqlite,journal_mode,WAL,
sql-repeats,20261004T094419Z-c134f2c4,8,sqlite,synchronous,NORMAL,
sql-repeats,20261004T094419Z-c134f2c4,8,sqlite,wal_autocheckpoint_pages,1000,
sql-repeats,20261004T094419Z-c134f2c4,9,sqlite,journal_mode,WAL,
sql-repeats,20261004T094419Z-c134f2c4,9,sqlite,synchronous,NORMAL,
sql-repeats,20261004T094419Z-c134f2c4,9,sqlite,wal_autocheckpoint_pages,1000,
sql-repeats,20261004T094419Z-c134f2c4,10,sqlite,journal_mode,WAL,
sql-repeats,20261004T094419Z-c134f2c4,10,sqlite,synchronous,NORMAL,
sql-repeats,20261004T094419Z-c134f2c4,10,sqlite,wal_autocheckpoint_pages,1000,
sql-repeats,20261004T094419Z-c134f2c4,11,sqlite,journal_mode,WAL,
sql-repeats,20261004T094419Z-c134f2c4,11,sqlite,synchronous,NORMAL,
sql-repeats,20261004T094419Z-c134f2c4,11,sqlite,wal_autocheckpoint_pages,1000,
sql-repeats,20261004T094419Z-c134f2c4,12,sqlite,journal_mode,WAL,
sql-repeats,20261004T094419Z-c134f2c4,12,sqlite,synchronous,NORMAL,
sql-repeats,20261004T094419Z-c134f2c4,12,sqlite,wal_autocheckpoint_pages,1000,
sql-repeats,20261004T094419Z-c134f2c4,13,sqlite,journal_mode,WAL,
sql-repeats,20261004T094419Z-c134f2c4,13,sqlite,synchronous,NORMAL,
sql-repeats,20261004T094419Z-c134f2c4,13,sqlite,wal_autocheckpoint_pages,1000,
sql-repeats,20261004T094419Z-c134f2c4,14,sqlite,journal_mode,WAL,
sql-repeats,20261004T094419Z-c134f2c4,14,sqlite,synchronous,NORMAL,
sql-repeats,20261004T094419Z-c134f2c4,14,sqlite,wal_autocheckpoint_pages,1000,
sql-repeats,20261004T094419Z-c134f2c4,15,sqlite,journal_mode,WAL,
sql-repeats,20261004T094419Z-c134f2c4,15,sqlite,synchronous,NORMAL,
sql-repeats,20261004T094419Z-c134f2c4,15,sqlite,wal_autocheckpoint_pages,1000,
sql-repeats,20261004T094419Z-c134f2c4,16,sqlite,journal_mode,WAL,
sql-repeats,20261004T094419Z-c134f2c4,16,sqlite,synchronous,NORMAL,
sql-repeats,20261004T094419Z-c134f2c4,16,sqlite,wal_autocheckpoint_pages,1000,
sql-repeats,20261004T094419Z-c134f2c4,17,sqlite,journal_mode,WAL,
sql-repeats,20261004T094419Z-c134f2c4,17,sqlite,synchronous,NORMAL,
sql-repeats,20261004T094419Z-c134f2c4,17,sqlite,wal_autocheckpoint_pages,1000,
sql-repeats,20261004T094419Z-c134f2c4,18,sqlite,journal_mode,WAL,
sql-repeats,20261004T094419Z-c134f2c4,18,sqlite,synchronous,NORMAL,
sql-repeats,20261004T094419Z-c134f2c4,18,sqlite,wal_autocheckpoint_pages,1000,
sql-repeats,20261004T094419Z-c134f2c4,19,sqlite,journal_mode,WAL,
sql-repeats,20261004T094419Z-c134f2c4,19,sqlite,synchronous,NORMAL,
sql-repeats,20261004T094419Z-c134f2c4,19,sqlite,wal_autocheckpoint_pages,1000,
sql-repeats,20261004T094419Z-c134f2c4,20,sqlite,journal_mode,WAL,
sql-repeats,20261004T094419Z-c134f2c4,20,sqlite,synchronous,NORMAL,
sql-repeats,20261004T094419Z-c134f2c4,20,sqlite,wal_autocheckpoint_pages,1000,
sql-repeats,20261004T094419Z-c134f2c4,21,sqlite,journal_mode,WAL,
sql-repeats,20261004T094419Z-c134f2c4,21,sqlite,synchronous,NORMAL,
sql-repeats,20261004T094419Z-c134f2c4,21,sqlite,wal_autocheckpoint_pages,1000,
sql-repeats,20261004T094419Z-c134f2c4,22,sqlite,journal_mode,WAL,
sql-repeats,20261004T094419Z-c134f2c4,22,sqlite,synchronous,NORMAL,
sql-repeats,20261004T094419Z-c134f2c4,22,sqlite,wal_autocheckpoint_pages,1000,
sql-repeats,20261004T094419Z-c134f2c4,23,sqlite,journal_mode,WAL,
sql-repeats,20261004T094419Z-c134f2c4,23,sqlite,synchronous,NORMAL,
sql-repeats,20261004T094419Z-c134f2c4,23,sqlite,wal_autocheckpoint_pages,1000,
sql-repeats,20261004T094419Z-c134f2c4,24,sqlite,journal_mode,WAL,
sql-repeats,20261004T094419Z-c134f2c4,24,sqlite,synchronous,NORMAL,
sql-repeats,20261004T094419Z-c134f2c4,24,sqlite,wal_autocheckpoint_pages,1000,
sql-repeats,20261004T094419Z-c134f2c4,25,sqlite,journal_mode,WAL,
sql-repeats,20261004T094419Z-c134f2c4,25,sqlite,synchronous,NORMAL,
sql-repeats,20261004T094419Z-c134f2c4,25,sqlite,wal_autocheckpoint_pages,1000,
sql-repeats,20261004T094419Z-c134f2c4,26,sqlite,journal_mode,WAL,
sql-repeats,20261004T094419Z-c134f2c4,26,sqlite,synchronous,NORMAL,
sql-repeats,20261004T094419Z-c134f2c4,26,sqlite,wal_autocheckpoint_pages,1000,
sql-repeats,20261004T094419Z-c134f2c4,27,sqlite,journal_mode,WAL,
sql-repeats,20261004T094419Z-c134f2c4,27,sqlite,synchronous,NORMAL,
sql-repeats,20261004T094419Z-c134f2c4,27,sqlite,wal_autocheckpoint_pages,1000,
sql-repeats,20261004T094419Z-c134f2c4,28,sqlite,journal_mode,WAL,
sql-repeats,20261004T094419Z-c134f2c4,28,sqlite,synchronous,NORMAL,
sql-repeats,20261004T094419Z-c134f2c4,28,sqlite,wal_autocheckpoint_pages,1000,
sql-repeats,20261004T094419Z-c134f2c4,29,sqlite,journal_mode,WAL,
sql-repeats,20261004T094419Z-c134f2c4,29,sqlite,synchronous,NORMAL,
sql-repeats,20261004T094419Z-c134f2c4,29,sqlite,wal_autocheckpoint_pages,1000,
sql-repeats,20261004T094419Z-c134f2c4,30,sqlite,journal_mode,WAL,
sql-repeats,20261004T094419Z-c134f2c4,30,sqlite,synchronous,NORMAL,
sql-repeats,20261004T094419Z-c134f2c4,30,sqlite,wal_autocheckpoint_pages,1000,
sql-repeats,20261004T094419Z-c134f2c4,31,sqlite,journal_mode,WAL,
sql-repeats,20261004T094419Z-c134f2c4,31,sqlite,synchronous,NORMAL,
sql-repeats,20261004T094419Z-c134f2c4,31,sqlite,wal_autocheckpoint_pages,1000,
sql-repeats,20261004T094419Z-c134f2c4,32,sqlite,journal_mode,WAL,
sql-repeats,20261004T094419Z-c134f2c4,32,sqlite,synchronous,NORMAL,
sql-repeats,20261004T094419Z-c134f2c4,32,sqlite,wal_autocheckpoint_pages,1000,
sql-repeats,20261004T094419Z-c134f2c4,33,sqlite,journal_mode,WAL,
sql-repeats,20261004T094419Z-c134f2c4,33,sqlite,synchronous,NORMAL,
sql-repeats,20261004T094419Z-c134f2c4,33,sqlite,wal_autocheckpoint_pages,1000,
sql-repeats,20261004T094419Z-c134f2c4,34,sqlite,journal_mode,WAL,
sql-repeats,20261004T094419Z-c134f2c4,34,sqlite,synchronous,NORMAL,
sql-repeats,20261004T094419Z-c134f2c4,34,sqlite,wal_autocheckpoint_pages,1000,
sql-repeats,20261004T094419Z-c134f2c4,35,sqlite,journal_mode,WAL,
sql-repeats,20261004T094419Z-c134f2c4,35,sqlite,synchronous,NORMAL,
sql-repeats,20261004T094419Z-c134f2c4,35,sqlite,wal_autocheckpoint_pages,1000,
sql-repeats,20261004T094419Z-c134f2c4,36,sqlite,journal_mode,WAL,
sql-repeats,20261004T094419Z-c134f2c4,36,sqlite,synchronous,NORMAL,
sql-repeats,20261004T094419Z-c134f2c4,36,sqlite,wal_autocheckpoint_pages,1000,
sql-repeats,20261004T111743Z-e2cf6b9d,1,postgresql,autovacuum,on,
sql-repeats,20261004T111743Z-e2cf6b9d,1,postgresql,checkpoint_timeout,300,s
sql-repeats,20261004T111743Z-e2cf6b9d,1,postgresql,data_directory,/pgwork/data,
sql-repeats,20261004T111743Z-e2cf6b9d,1,postgresql,fsync,on,
sql-repeats,20261004T111743Z-e2cf6b9d,1,postgresql,full_page_writes,on,
sql-repeats,20261004T111743Z-e2cf6b9d,1,postgresql,listen_addresses,,
sql-repeats,20261004T111743Z-e2cf6b9d,1,postgresql,max_connections,100,
sql-repeats,20261004T111743Z-e2cf6b9d,1,postgresql,max_wal_size,1024,MB
sql-repeats,20261004T111743Z-e2cf6b9d,1,postgresql,shared_buffers,16384,8kB
sql-repeats,20261004T111743Z-e2cf6b9d,1,postgresql,synchronous_commit,on,
sql-repeats,20261004T111743Z-e2cf6b9d,1,postgresql,unix_socket_directories,/pgsocket,
sql-repeats,20261004T111743Z-e2cf6b9d,2,postgresql,autovacuum,on,
sql-repeats,20261004T111743Z-e2cf6b9d,2,postgresql,checkpoint_timeout,300,s
sql-repeats,20261004T111743Z-e2cf6b9d,2,postgresql,data_directory,/pgwork/data,
sql-repeats,20261004T111743Z-e2cf6b9d,2,postgresql,fsync,on,
sql-repeats,20261004T111743Z-e2cf6b9d,2,postgresql,full_page_writes,on,
sql-repeats,20261004T111743Z-e2cf6b9d,2,postgresql,listen_addresses,,
sql-repeats,20261004T111743Z-e2cf6b9d,2,postgresql,max_connections,100,
sql-repeats,20261004T111743Z-e2cf6b9d,2,postgresql,max_wal_size,1024,MB
sql-repeats,20261004T111743Z-e2cf6b9d,2,postgresql,shared_buffers,16384,8kB
sql-repeats,20261004T111743Z-e2cf6b9d,2,postgresql,synchronous_commit,on,
sql-repeats,20261004T111743Z-e2cf6b9d,2,postgresql,unix_socket_directories,/pgsocket,
sql-repeats,20261004T111743Z-e2cf6b9d,3,postgresql,autovacuum,on,
sql-repeats,20261004T111743Z-e2cf6b9d,3,postgresql,checkpoint_timeout,300,s
sql-repeats,20261004T111743Z-e2cf6b9d,3,postgresql,data_directory,/pgwork/data,
sql-repeats,20261004T111743Z-e2cf6b9d,3,postgresql,fsync,on,
sql-repeats,20261004T111743Z-e2cf6b9d,3,postgresql,full_page_writes,on,
sql-repeats,20261004T111743Z-e2cf6b9d,3,postgresql,listen_addresses,,
sql-repeats,20261004T111743Z-e2cf6b9d,3,postgresql,max_connections,100,
sql-repeats,20261004T111743Z-e2cf6b9d,3,postgresql,max_wal_size,1024,MB
sql-repeats,20261004T111743Z-e2cf6b9d,3,postgresql,shared_buffers,16384,8kB
sql-repeats,20261004T111743Z-e2cf6b9d,3,postgresql,synchronous_commit,on,
sql-repeats,20261004T111743Z-e2cf6b9d,3,postgresql,unix_socket_directories,/pgsocket,
sql-repeats,20261004T111743Z-e2cf6b9d,4,postgresql,autovacuum,on,
sql-repeats,20261004T111743Z-e2cf6b9d,4,postgresql,checkpoint_timeout,300,s
sql-repeats,20261004T111743Z-e2cf6b9d,4,postgresql,data_directory,/pgwork/data,
sql-repeats,20261004T111743Z-e2cf6b9d,4,postgresql,fsync,on,
sql-repeats,20261004T111743Z-e2cf6b9d,4,postgresql,full_page_writes,on,
sql-repeats,20261004T111743Z-e2cf6b9d,4,postgresql,listen_addresses,,
sql-repeats,20261004T111743Z-e2cf6b9d,4,postgresql,max_connections,100,
sql-repeats,20261004T111743Z-e2cf6b9d,4,postgresql,max_wal_size,1024,MB
sql-repeats,20261004T111743Z-e2cf6b9d,4,postgresql,shared_buffers,16384,8kB
sql-repeats,20261004T111743Z-e2cf6b9d,4,postgresql,synchronous_commit,on,
sql-repeats,20261004T111743Z-e2cf6b9d,4,postgresql,unix_socket_directories,/pgsocket,
sql-repeats,20261004T111743Z-e2cf6b9d,5,postgresql,autovacuum,on,
sql-repeats,20261004T111743Z-e2cf6b9d,5,postgresql,checkpoint_timeout,300,s
sql-repeats,20261004T111743Z-e2cf6b9d,5,postgresql,data_directory,/pgwork/data,
sql-repeats,20261004T111743Z-e2cf6b9d,5,postgresql,fsync,on,
sql-repeats,20261004T111743Z-e2cf6b9d,5,postgresql,full_page_writes,on,
sql-repeats,20261004T111743Z-e2cf6b9d,5,postgresql,listen_addresses,,
sql-repeats,20261004T111743Z-e2cf6b9d,5,postgresql,max_connections,100,
sql-repeats,20261004T111743Z-e2cf6b9d,5,postgresql,max_wal_size,1024,MB
sql-repeats,20261004T111743Z-e2cf6b9d,5,postgresql,shared_buffers,16384,8kB
sql-repeats,20261004T111743Z-e2cf6b9d,5,postgresql,synchronous_commit,on,
sql-repeats,20261004T111743Z-e2cf6b9d,5,postgresql,unix_socket_directories,/pgsocket,
sql-repeats,20261004T111743Z-e2cf6b9d,6,postgresql,autovacuum,on,
sql-repeats,20261004T111743Z-e2cf6b9d,6,postgresql,checkpoint_timeout,300,s
sql-repeats,20261004T111743Z-e2cf6b9d,6,postgresql,data_directory,/pgwork/data,
sql-repeats,20261004T111743Z-e2cf6b9d,6,postgresql,fsync,on,
sql-repeats,20261004T111743Z-e2cf6b9d,6,postgresql,full_page_writes,on,
sql-repeats,20261004T111743Z-e2cf6b9d,6,postgresql,listen_addresses,,
sql-repeats,20261004T111743Z-e2cf6b9d,6,postgresql,max_connections,100,
sql-repeats,20261004T111743Z-e2cf6b9d,6,postgresql,max_wal_size,1024,MB
sql-repeats,20261004T111743Z-e2cf6b9d,6,postgresql,shared_buffers,16384,8kB
sql-repeats,20261004T111743Z-e2cf6b9d,6,postgresql,synchronous_commit,on,
sql-repeats,20261004T111743Z-e2cf6b9d,6,postgresql,unix_socket_directories,/pgsocket,
sql-repeats,20261004T111743Z-e2cf6b9d,7,postgresql,autovacuum,on,
sql-repeats,20261004T111743Z-e2cf6b9d,7,postgresql,checkpoint_timeout,300,s
sql-repeats,20261004T111743Z-e2cf6b9d,7,postgresql,data_directory,/pgwork/data,
sql-repeats,20261004T111743Z-e2cf6b9d,7,postgresql,fsync,on,
sql-repeats,20261004T111743Z-e2cf6b9d,7,postgresql,full_page_writes,on,
sql-repeats,20261004T111743Z-e2cf6b9d,7,postgresql,listen_addresses,,
sql-repeats,20261004T111743Z-e2cf6b9d,7,postgresql,max_connections,100,
sql-repeats,20261004T111743Z-e2cf6b9d,7,postgresql,max_wal_size,1024,MB
sql-repeats,20261004T111743Z-e2cf6b9d,7,postgresql,shared_buffers,16384,8kB
sql-repeats,20261004T111743Z-e2cf6b9d,7,postgresql,synchronous_commit,on,
sql-repeats,20261004T111743Z-e2cf6b9d,7,postgresql,unix_socket_directories,/pgsocket,
sql-repeats,20261004T111743Z-e2cf6b9d,8,postgresql,autovacuum,on,
sql-repeats,20261004T111743Z-e2cf6b9d,8,postgresql,checkpoint_timeout,300,s
sql-repeats,20261004T111743Z-e2cf6b9d,8,postgresql,data_directory,/pgwork/data,
sql-repeats,20261004T111743Z-e2cf6b9d,8,postgresql,fsync,on,
sql-repeats,20261004T111743Z-e2cf6b9d,8,postgresql,full_page_writes,on,
sql-repeats,20261004T111743Z-e2cf6b9d,8,postgresql,listen_addresses,,
sql-repeats,20261004T111743Z-e2cf6b9d,8,postgresql,max_connections,100,
sql-repeats,20261004T111743Z-e2cf6b9d,8,postgresql,max_wal_size,1024,MB
sql-repeats,20261004T111743Z-e2cf6b9d,8,postgresql,shared_buffers,16384,8kB
sql-repeats,20261004T111743Z-e2cf6b9d,8,postgresql,synchronous_commit,on,
sql-repeats,20261004T111743Z-e2cf6b9d,8,postgresql,unix_socket_directories,/pgsocket,
sql-repeats,20261004T111743Z-e2cf6b9d,9,postgresql,autovacuum,on,
sql-repeats,20261004T111743Z-e2cf6b9d,9,postgresql,checkpoint_timeout,300,s
sql-repeats,20261004T111743Z-e2cf6b9d,9,postgresql,data_directory,/pgwork/data,
sql-repeats,20261004T111743Z-e2cf6b9d,9,postgresql,fsync,on,
sql-repeats,20261004T111743Z-e2cf6b9d,9,postgresql,full_page_writes,on,
sql-repeats,20261004T111743Z-e2cf6b9d,9,postgresql,listen_addresses,,
sql-repeats,20261004T111743Z-e2cf6b9d,9,postgresql,max_connections,100,
sql-repeats,20261004T111743Z-e2cf6b9d,9,postgresql,max_wal_size,1024,MB
sql-repeats,20261004T111743Z-e2cf6b9d,9,postgresql,shared_buffers,16384,8kB
sql-repeats,20261004T111743Z-e2cf6b9d,9,postgresql,synchronous_commit,on,
sql-repeats,20261004T111743Z-e2cf6b9d,9,postgresql,unix_socket_directories,/pgsocket,
sql-repeats,20261004T111743Z-e2cf6b9d,10,postgresql,autovacuum,on,
sql-repeats,20261004T111743Z-e2cf6b9d,10,postgresql,checkpoint_timeout,300,s
sql-repeats,20261004T111743Z-e2cf6b9d,10,postgresql,data_directory,/pgwork/data,
sql-repeats,20261004T111743Z-e2cf6b9d,10,postgresql,fsync,on,
sql-repeats,20261004T111743Z-e2cf6b9d,10,postgresql,full_page_writes,on,
sql-repeats,20261004T111743Z-e2cf6b9d,10,postgresql,listen_addresses,,
sql-repeats,20261004T111743Z-e2cf6b9d,10,postgresql,max_connections,100,
sql-repeats,20261004T111743Z-e2cf6b9d,10,postgresql,max_wal_size,1024,MB
sql-repeats,20261004T111743Z-e2cf6b9d,10,postgresql,shared_buffers,16384,8kB
sql-repeats,20261004T111743Z-e2cf6b9d,10,postgresql,synchronous_commit,on,
sql-repeats,20261004T111743Z-e2cf6b9d,10,postgresql,unix_socket_directories,/pgsocket,
sql-repeats,20261004T111743Z-e2cf6b9d,11,postgresql,autovacuum,on,
sql-repeats,20261004T111743Z-e2cf6b9d,11,postgresql,checkpoint_timeout,300,s
sql-repeats,20261004T111743Z-e2cf6b9d,11,postgresql,data_directory,/pgwork/data,
sql-repeats,20261004T111743Z-e2cf6b9d,11,postgresql,fsync,on,
sql-repeats,20261004T111743Z-e2cf6b9d,11,postgresql,full_page_writes,on,
sql-repeats,20261004T111743Z-e2cf6b9d,11,postgresql,listen_addresses,,
sql-repeats,20261004T111743Z-e2cf6b9d,11,postgresql,max_connections,100,
sql-repeats,20261004T111743Z-e2cf6b9d,11,postgresql,max_wal_size,1024,MB
sql-repeats,20261004T111743Z-e2cf6b9d,11,postgresql,shared_buffers,16384,8kB
sql-repeats,20261004T111743Z-e2cf6b9d,11,postgresql,synchronous_commit,on,
sql-repeats,20261004T111743Z-e2cf6b9d,11,postgresql,unix_socket_directories,/pgsocket,
sql-repeats,20261004T111743Z-e2cf6b9d,12,postgresql,autovacuum,on,
sql-repeats,20261004T111743Z-e2cf6b9d,12,postgresql,checkpoint_timeout,300,s
sql-repeats,20261004T111743Z-e2cf6b9d,12,postgresql,data_directory,/pgwork/data,
sql-repeats,20261004T111743Z-e2cf6b9d,12,postgresql,fsync,on,
sql-repeats,20261004T111743Z-e2cf6b9d,12,postgresql,full_page_writes,on,
sql-repeats,20261004T111743Z-e2cf6b9d,12,postgresql,listen_addresses,,
sql-repeats,20261004T111743Z-e2cf6b9d,12,postgresql,max_connections,100,
sql-repeats,20261004T111743Z-e2cf6b9d,12,postgresql,max_wal_size,1024,MB
sql-repeats,20261004T111743Z-e2cf6b9d,12,postgresql,shared_buffers,16384,8kB
sql-repeats,20261004T111743Z-e2cf6b9d,12,postgresql,synchronous_commit,on,
sql-repeats,20261004T111743Z-e2cf6b9d,12,postgresql,unix_socket_directories,/pgsocket,
sql-repeats,20261004T111743Z-e2cf6b9d,13,postgresql,autovacuum,on,
sql-repeats,20261004T111743Z-e2cf6b9d,13,postgresql,checkpoint_timeout,300,s
sql-repeats,20261004T111743Z-e2cf6b9d,13,postgresql,data_directory,/pgwork/data,
sql-repeats,20261004T111743Z-e2cf6b9d,13,postgresql,fsync,on,
sql-repeats,20261004T111743Z-e2cf6b9d,13,postgresql,full_page_writes,on,
sql-repeats,20261004T111743Z-e2cf6b9d,13,postgresql,listen_addresses,,
sql-repeats,20261004T111743Z-e2cf6b9d,13,postgresql,max_connections,100,
sql-repeats,20261004T111743Z-e2cf6b9d,13,postgresql,max_wal_size,1024,MB
sql-repeats,20261004T111743Z-e2cf6b9d,13,postgresql,shared_buffers,16384,8kB
sql-repeats,20261004T111743Z-e2cf6b9d,13,postgresql,synchronous_commit,on,
sql-repeats,20261004T111743Z-e2cf6b9d,13,postgresql,unix_socket_directories,/pgsocket,
sql-repeats,20261004T111743Z-e2cf6b9d,14,postgresql,autovacuum,on,
sql-repeats,20261004T111743Z-e2cf6b9d,14,postgresql,checkpoint_timeout,300,s
sql-repeats,20261004T111743Z-e2cf6b9d,14,postgresql,data_directory,/pgwork/data,
sql-repeats,20261004T111743Z-e2cf6b9d,14,postgresql,fsync,on,
sql-repeats,20261004T111743Z-e2cf6b9d,14,postgresql,full_page_writes,on,
sql-repeats,20261004T111743Z-e2cf6b9d,14,postgresql,listen_addresses,,
sql-repeats,20261004T111743Z-e2cf6b9d,14,postgresql,max_connections,100,
sql-repeats,20261004T111743Z-e2cf6b9d,14,postgresql,max_wal_size,1024,MB
sql-repeats,20261004T111743Z-e2cf6b9d,14,postgresql,shared_buffers,16384,8kB
sql-repeats,20261004T111743Z-e2cf6b9d,14,postgresql,synchronous_commit,on,
sql-repeats,20261004T111743Z-e2cf6b9d,14,postgresql,unix_socket_directories,/pgsocket,
sql-repeats,20261004T111743Z-e2cf6b9d,15,postgresql,autovacuum,on,
sql-repeats,20261004T111743Z-e2cf6b9d,15,postgresql,checkpoint_timeout,300,s
sql-repeats,20261004T111743Z-e2cf6b9d,15,postgresql,data_directory,/pgwork/data,
sql-repeats,20261004T111743Z-e2cf6b9d,15,postgresql,fsync,on,
sql-repeats,20261004T111743Z-e2cf6b9d,15,postgresql,full_page_writes,on,
sql-repeats,20261004T111743Z-e2cf6b9d,15,postgresql,listen_addresses,,
sql-repeats,20261004T111743Z-e2cf6b9d,15,postgresql,max_connections,100,
sql-repeats,20261004T111743Z-e2cf6b9d,15,postgresql,max_wal_size,1024,MB
sql-repeats,20261004T111743Z-e2cf6b9d,15,postgresql,shared_buffers,16384,8kB
sql-repeats,20261004T111743Z-e2cf6b9d,15,postgresql,synchronous_commit,on,
sql-repeats,20261004T111743Z-e2cf6b9d,15,postgresql,unix_socket_directories,/pgsocket,
sql-repeats,20261004T111743Z-e2cf6b9d,16,postgresql,autovacuum,on,
sql-repeats,20261004T111743Z-e2cf6b9d,16,postgresql,checkpoint_timeout,300,s
sql-repeats,20261004T111743Z-e2cf6b9d,16,postgresql,data_directory,/pgwork/data,
sql-repeats,20261004T111743Z-e2cf6b9d,16,postgresql,fsync,on,
sql-repeats,20261004T111743Z-e2cf6b9d,16,postgresql,full_page_writes,on,
sql-repeats,20261004T111743Z-e2cf6b9d,16,postgresql,listen_addresses,,
sql-repeats,20261004T111743Z-e2cf6b9d,16,postgresql,max_connections,100,
sql-repeats,20261004T111743Z-e2cf6b9d,16,postgresql,max_wal_size,1024,MB
sql-repeats,20261004T111743Z-e2cf6b9d,16,postgresql,shared_buffers,16384,8kB
sql-repeats,20261004T111743Z-e2cf6b9d,16,postgresql,synchronous_commit,on,
sql-repeats,20261004T111743Z-e2cf6b9d,16,postgresql,unix_socket_directories,/pgsocket,
sql-repeats,20261004T111743Z-e2cf6b9d,17,postgresql,autovacuum,on,
sql-repeats,20261004T111743Z-e2cf6b9d,17,postgresql,checkpoint_timeout,300,s
sql-repeats,20261004T111743Z-e2cf6b9d,17,postgresql,data_directory,/pgwork/data,
sql-repeats,20261004T111743Z-e2cf6b9d,17,postgresql,fsync,on,
sql-repeats,20261004T111743Z-e2cf6b9d,17,postgresql,full_page_writes,on,
sql-repeats,20261004T111743Z-e2cf6b9d,17,postgresql,listen_addresses,,
sql-repeats,20261004T111743Z-e2cf6b9d,17,postgresql,max_connections,100,
sql-repeats,20261004T111743Z-e2cf6b9d,17,postgresql,max_wal_size,1024,MB
sql-repeats,20261004T111743Z-e2cf6b9d,17,postgresql,shared_buffers,16384,8kB
sql-repeats,20261004T111743Z-e2cf6b9d,17,postgresql,synchronous_commit,on,
sql-repeats,20261004T111743Z-e2cf6b9d,17,postgresql,unix_socket_directories,/pgsocket,
sql-repeats,20261004T111743Z-e2cf6b9d,18,postgresql,autovacuum,on,
sql-repeats,20261004T111743Z-e2cf6b9d,18,postgresql,checkpoint_timeout,300,s
sql-repeats,20261004T111743Z-e2cf6b9d,18,postgresql,data_directory,/pgwork/data,
sql-repeats,20261004T111743Z-e2cf6b9d,18,postgresql,fsync,on,
sql-repeats,20261004T111743Z-e2cf6b9d,18,postgresql,full_page_writes,on,
sql-repeats,20261004T111743Z-e2cf6b9d,18,postgresql,listen_addresses,,
sql-repeats,20261004T111743Z-e2cf6b9d,18,postgresql,max_connections,100,
sql-repeats,20261004T111743Z-e2cf6b9d,18,postgresql,max_wal_size,1024,MB
sql-repeats,20261004T111743Z-e2cf6b9d,18,postgresql,shared_buffers,16384,8kB
sql-repeats,20261004T111743Z-e2cf6b9d,18,postgresql,synchronous_commit,on,
sql-repeats,20261004T111743Z-e2cf6b9d,18,postgresql,unix_socket_directories,/pgsocket,
sql-repeats,20261004T111743Z-e2cf6b9d,19,postgresql,autovacuum,on,
sql-repeats,20261004T111743Z-e2cf6b9d,19,postgresql,checkpoint_timeout,300,s
sql-repeats,20261004T111743Z-e2cf6b9d,19,postgresql,data_directory,/pgwork/data,
sql-repeats,20261004T111743Z-e2cf6b9d,19,postgresql,fsync,on,
sql-repeats,20261004T111743Z-e2cf6b9d,19,postgresql,full_page_writes,on,
sql-repeats,20261004T111743Z-e2cf6b9d,19,postgresql,listen_addresses,,
sql-repeats,20261004T111743Z-e2cf6b9d,19,postgresql,max_connections,100,
sql-repeats,20261004T111743Z-e2cf6b9d,19,postgresql,max_wal_size,1024,MB
sql-repeats,20261004T111743Z-e2cf6b9d,19,postgresql,shared_buffers,16384,8kB
sql-repeats,20261004T111743Z-e2cf6b9d,19,postgresql,synchronous_commit,on,
sql-repeats,20261004T111743Z-e2cf6b9d,19,postgresql,unix_socket_directories,/pgsocket,
sql-repeats,20261004T111743Z-e2cf6b9d,20,postgresql,autovacuum,on,
sql-repeats,20261004T111743Z-e2cf6b9d,20,postgresql,checkpoint_timeout,300,s
sql-repeats,20261004T111743Z-e2cf6b9d,20,postgresql,data_directory,/pgwork/data,
sql-repeats,20261004T111743Z-e2cf6b9d,20,postgresql,fsync,on,
sql-repeats,20261004T111743Z-e2cf6b9d,20,postgresql,full_page_writes,on,
sql-repeats,20261004T111743Z-e2cf6b9d,20,postgresql,listen_addresses,,
sql-repeats,20261004T111743Z-e2cf6b9d,20,postgresql,max_connections,100,
sql-repeats,20261004T111743Z-e2cf6b9d,20,postgresql,max_wal_size,1024,MB
sql-repeats,20261004T111743Z-e2cf6b9d,20,postgresql,shared_buffers,16384,8kB
sql-repeats,20261004T111743Z-e2cf6b9d,20,postgresql,synchronous_commit,on,
sql-repeats,20261004T111743Z-e2cf6b9d,20,postgresql,unix_socket_directories,/pgsocket,
sql-repeats,20261004T111743Z-e2cf6b9d,21,postgresql,autovacuum,on,
sql-repeats,20261004T111743Z-e2cf6b9d,21,postgresql,checkpoint_timeout,300,s
sql-repeats,20261004T111743Z-e2cf6b9d,21,postgresql,data_directory,/pgwork/data,
sql-repeats,20261004T111743Z-e2cf6b9d,21,postgresql,fsync,on,
sql-repeats,20261004T111743Z-e2cf6b9d,21,postgresql,full_page_writes,on,
sql-repeats,20261004T111743Z-e2cf6b9d,21,postgresql,listen_addresses,,
sql-repeats,20261004T111743Z-e2cf6b9d,21,postgresql,max_connections,100,
sql-repeats,20261004T111743Z-e2cf6b9d,21,postgresql,max_wal_size,1024,MB
sql-repeats,20261004T111743Z-e2cf6b9d,21,postgresql,shared_buffers,16384,8kB
sql-repeats,20261004T111743Z-e2cf6b9d,21,postgresql,synchronous_commit,on,
sql-repeats,20261004T111743Z-e2cf6b9d,21,postgresql,unix_socket_directories,/pgsocket,
sql-repeats,20261004T111743Z-e2cf6b9d,22,postgresql,autovacuum,on,
sql-repeats,20261004T111743Z-e2cf6b9d,22,postgresql,checkpoint_timeout,300,s
sql-repeats,20261004T111743Z-e2cf6b9d,22,postgresql,data_directory,/pgwork/data,
sql-repeats,20261004T111743Z-e2cf6b9d,22,postgresql,fsync,on,
sql-repeats,20261004T111743Z-e2cf6b9d,22,postgresql,full_page_writes,on,
sql-repeats,20261004T111743Z-e2cf6b9d,22,postgresql,listen_addresses,,
sql-repeats,20261004T111743Z-e2cf6b9d,22,postgresql,max_connections,100,
sql-repeats,20261004T111743Z-e2cf6b9d,22,postgresql,max_wal_size,1024,MB
sql-repeats,20261004T111743Z-e2cf6b9d,22,postgresql,shared_buffers,16384,8kB
sql-repeats,20261004T111743Z-e2cf6b9d,22,postgresql,synchronous_commit,on,
sql-repeats,20261004T111743Z-e2cf6b9d,22,postgresql,unix_socket_directories,/pgsocket,
sql-repeats,20261004T111743Z-e2cf6b9d,23,postgresql,autovacuum,on,
sql-repeats,20261004T111743Z-e2cf6b9d,23,postgresql,checkpoint_timeout,300,s
sql-repeats,20261004T111743Z-e2cf6b9d,23,postgresql,data_directory,/pgwork/data,
sql-repeats,20261004T111743Z-e2cf6b9d,23,postgresql,fsync,on,
sql-repeats,20261004T111743Z-e2cf6b9d,23,postgresql,full_page_writes,on,
sql-repeats,20261004T111743Z-e2cf6b9d,23,postgresql,listen_addresses,,
sql-repeats,20261004T111743Z-e2cf6b9d,23,postgresql,max_connections,100,
sql-repeats,20261004T111743Z-e2cf6b9d,23,postgresql,max_wal_size,1024,MB
sql-repeats,20261004T111743Z-e2cf6b9d,23,postgresql,shared_buffers,16384,8kB
sql-repeats,20261004T111743Z-e2cf6b9d,23,postgresql,synchronous_commit,on,
sql-repeats,20261004T111743Z-e2cf6b9d,23,postgresql,unix_socket_directories,/pgsocket,
sql-repeats,20261004T111743Z-e2cf6b9d,24,postgresql,autovacuum,on,
sql-repeats,20261004T111743Z-e2cf6b9d,24,postgresql,checkpoint_timeout,300,s
sql-repeats,20261004T111743Z-e2cf6b9d,24,postgresql,data_directory,/pgwork/data,
sql-repeats,20261004T111743Z-e2cf6b9d,24,postgresql,fsync,on,
sql-repeats,20261004T111743Z-e2cf6b9d,24,postgresql,full_page_writes,on,
sql-repeats,20261004T111743Z-e2cf6b9d,24,postgresql,listen_addresses,,
sql-repeats,20261004T111743Z-e2cf6b9d,24,postgresql,max_connections,100,
sql-repeats,20261004T111743Z-e2cf6b9d,24,postgresql,max_wal_size,1024,MB
sql-repeats,20261004T111743Z-e2cf6b9d,24,postgresql,shared_buffers,16384,8kB
sql-repeats,20261004T111743Z-e2cf6b9d,24,postgresql,synchronous_commit,on,
sql-repeats,20261004T111743Z-e2cf6b9d,24,postgresql,unix_socket_directories,/pgsocket,
sql-repeats,20261004T111743Z-e2cf6b9d,25,postgresql,autovacuum,on,
sql-repeats,20261004T111743Z-e2cf6b9d,25,postgresql,checkpoint_timeout,300,s
sql-repeats,20261004T111743Z-e2cf6b9d,25,postgresql,data_directory,/pgwork/data,
sql-repeats,20261004T111743Z-e2cf6b9d,25,postgresql,fsync,on,
sql-repeats,20261004T111743Z-e2cf6b9d,25,postgresql,full_page_writes,on,
sql-repeats,20261004T111743Z-e2cf6b9d,25,postgresql,listen_addresses,,
sql-repeats,20261004T111743Z-e2cf6b9d,25,postgresql,max_connections,100,
sql-repeats,20261004T111743Z-e2cf6b9d,25,postgresql,max_wal_size,1024,MB
sql-repeats,20261004T111743Z-e2cf6b9d,25,postgresql,shared_buffers,16384,8kB
sql-repeats,20261004T111743Z-e2cf6b9d,25,postgresql,synchronous_commit,on,
sql-repeats,20261004T111743Z-e2cf6b9d,25,postgresql,unix_socket_directories,/pgsocket,
sql-repeats,20261004T111743Z-e2cf6b9d,26,postgresql,autovacuum,on,
sql-repeats,20261004T111743Z-e2cf6b9d,26,postgresql,checkpoint_timeout,300,s
sql-repeats,20261004T111743Z-e2cf6b9d,26,postgresql,data_directory,/pgwork/data,
sql-repeats,20261004T111743Z-e2cf6b9d,26,postgresql,fsync,on,
sql-repeats,20261004T111743Z-e2cf6b9d,26,postgresql,full_page_writes,on,
sql-repeats,20261004T111743Z-e2cf6b9d,26,postgresql,listen_addresses,,
sql-repeats,20261004T111743Z-e2cf6b9d,26,postgresql,max_connections,100,
sql-repeats,20261004T111743Z-e2cf6b9d,26,postgresql,max_wal_size,1024,MB
sql-repeats,20261004T111743Z-e2cf6b9d,26,postgresql,shared_buffers,16384,8kB
sql-repeats,20261004T111743Z-e2cf6b9d,26,postgresql,synchronous_commit,on,
sql-repeats,20261004T111743Z-e2cf6b9d,26,postgresql,unix_socket_directories,/pgsocket,
sql-repeats,20261004T111743Z-e2cf6b9d,27,postgresql,autovacuum,on,
sql-repeats,20261004T111743Z-e2cf6b9d,27,postgresql,checkpoint_timeout,300,s
sql-repeats,20261004T111743Z-e2cf6b9d,27,postgresql,data_directory,/pgwork/data,
sql-repeats,20261004T111743Z-e2cf6b9d,27,postgresql,fsync,on,
sql-repeats,20261004T111743Z-e2cf6b9d,27,postgresql,full_page_writes,on,
sql-repeats,20261004T111743Z-e2cf6b9d,27,postgresql,listen_addresses,,
sql-repeats,20261004T111743Z-e2cf6b9d,27,postgresql,max_connections,100,
sql-repeats,20261004T111743Z-e2cf6b9d,27,postgresql,max_wal_size,1024,MB
sql-repeats,20261004T111743Z-e2cf6b9d,27,postgresql,shared_buffers,16384,8kB
sql-repeats,20261004T111743Z-e2cf6b9d,27,postgresql,synchronous_commit,on,
sql-repeats,20261004T111743Z-e2cf6b9d,27,postgresql,unix_socket_directories,/pgsocket,
sql-repeats,20261004T111743Z-e2cf6b9d,28,postgresql,autovacuum,on,
sql-repeats,20261004T111743Z-e2cf6b9d,28,postgresql,checkpoint_timeout,300,s
sql-repeats,20261004T111743Z-e2cf6b9d,28,postgresql,data_directory,/pgwork/data,
sql-repeats,20261004T111743Z-e2cf6b9d,28,postgresql,fsync,on,
sql-repeats,20261004T111743Z-e2cf6b9d,28,postgresql,full_page_writes,on,
sql-repeats,20261004T111743Z-e2cf6b9d,28,postgresql,listen_addresses,,
sql-repeats,20261004T111743Z-e2cf6b9d,28,postgresql,max_connections,100,
sql-repeats,20261004T111743Z-e2cf6b9d,28,postgresql,max_wal_size,1024,MB
sql-repeats,20261004T111743Z-e2cf6b9d,28,postgresql,shared_buffers,16384,8kB
sql-repeats,20261004T111743Z-e2cf6b9d,28,postgresql,synchronous_commit,on,
sql-repeats,20261004T111743Z-e2cf6b9d,28,postgresql,unix_socket_directories,/pgsocket,
sql-repeats,20261004T111743Z-e2cf6b9d,29,postgresql,autovacuum,on,
sql-repeats,20261004T111743Z-e2cf6b9d,29,postgresql,checkpoint_timeout,300,s
sql-repeats,20261004T111743Z-e2cf6b9d,29,postgresql,data_directory,/pgwork/data,
sql-repeats,20261004T111743Z-e2cf6b9d,29,postgresql,fsync,on,
sql-repeats,20261004T111743Z-e2cf6b9d,29,postgresql,full_page_writes,on,
sql-repeats,20261004T111743Z-e2cf6b9d,29,postgresql,listen_addresses,,
sql-repeats,20261004T111743Z-e2cf6b9d,29,postgresql,max_connections,100,
sql-repeats,20261004T111743Z-e2cf6b9d,29,postgresql,max_wal_size,1024,MB
sql-repeats,20261004T111743Z-e2cf6b9d,29,postgresql,shared_buffers,16384,8kB
sql-repeats,20261004T111743Z-e2cf6b9d,29,postgresql,synchronous_commit,on,
sql-repeats,20261004T111743Z-e2cf6b9d,29,postgresql,unix_socket_directories,/pgsocket,
sql-repeats,20261004T111743Z-e2cf6b9d,30,postgresql,autovacuum,on,
sql-repeats,20261004T111743Z-e2cf6b9d,30,postgresql,checkpoint_timeout,300,s
sql-repeats,20261004T111743Z-e2cf6b9d,30,postgresql,data_directory,/pgwork/data,
sql-repeats,20261004T111743Z-e2cf6b9d,30,postgresql,fsync,on,
sql-repeats,20261004T111743Z-e2cf6b9d,30,postgresql,full_page_writes,on,
sql-repeats,20261004T111743Z-e2cf6b9d,30,postgresql,listen_addresses,,
sql-repeats,20261004T111743Z-e2cf6b9d,30,postgresql,max_connections,100,
sql-repeats,20261004T111743Z-e2cf6b9d,30,postgresql,max_wal_size,1024,MB
sql-repeats,20261004T111743Z-e2cf6b9d,30,postgresql,shared_buffers,16384,8kB
sql-repeats,20261004T111743Z-e2cf6b9d,30,postgresql,synchronous_commit,on,
sql-repeats,20261004T111743Z-e2cf6b9d,30,postgresql,unix_socket_directories,/pgsocket,
sql-repeats,20261004T111743Z-e2cf6b9d,31,postgresql,autovacuum,on,
sql-repeats,20261004T111743Z-e2cf6b9d,31,postgresql,checkpoint_timeout,300,s
sql-repeats,20261004T111743Z-e2cf6b9d,31,postgresql,data_directory,/pgwork/data,
sql-repeats,20261004T111743Z-e2cf6b9d,31,postgresql,fsync,on,
sql-repeats,20261004T111743Z-e2cf6b9d,31,postgresql,full_page_writes,on,
sql-repeats,20261004T111743Z-e2cf6b9d,31,postgresql,listen_addresses,,
sql-repeats,20261004T111743Z-e2cf6b9d,31,postgresql,max_connections,100,
sql-repeats,20261004T111743Z-e2cf6b9d,31,postgresql,max_wal_size,1024,MB
sql-repeats,20261004T111743Z-e2cf6b9d,31,postgresql,shared_buffers,16384,8kB
sql-repeats,20261004T111743Z-e2cf6b9d,31,postgresql,synchronous_commit,on,
sql-repeats,20261004T111743Z-e2cf6b9d,31,postgresql,unix_socket_directories,/pgsocket,
sql-repeats,20261004T111743Z-e2cf6b9d,32,postgresql,autovacuum,on,
sql-repeats,20261004T111743Z-e2cf6b9d,32,postgresql,checkpoint_timeout,300,s
sql-repeats,20261004T111743Z-e2cf6b9d,32,postgresql,data_directory,/pgwork/data,
sql-repeats,20261004T111743Z-e2cf6b9d,32,postgresql,fsync,on,
sql-repeats,20261004T111743Z-e2cf6b9d,32,postgresql,full_page_writes,on,
sql-repeats,20261004T111743Z-e2cf6b9d,32,postgresql,listen_addresses,,
sql-repeats,20261004T111743Z-e2cf6b9d,32,postgresql,max_connections,100,
sql-repeats,20261004T111743Z-e2cf6b9d,32,postgresql,max_wal_size,1024,MB
sql-repeats,20261004T111743Z-e2cf6b9d,32,postgresql,shared_buffers,16384,8kB
sql-repeats,20261004T111743Z-e2cf6b9d,32,postgresql,synchronous_commit,on,
sql-repeats,20261004T111743Z-e2cf6b9d,32,postgresql,unix_socket_directories,/pgsocket,
sql-repeats,20261004T111743Z-e2cf6b9d,33,postgresql,autovacuum,on,
sql-repeats,20261004T111743Z-e2cf6b9d,33,postgresql,checkpoint_timeout,300,s
sql-repeats,20261004T111743Z-e2cf6b9d,33,postgresql,data_directory,/pgwork/data,
sql-repeats,20261004T111743Z-e2cf6b9d,33,postgresql,fsync,on,
sql-repeats,20261004T111743Z-e2cf6b9d,33,postgresql,full_page_writes,on,
sql-repeats,20261004T111743Z-e2cf6b9d,33,postgresql,listen_addresses,,
sql-repeats,20261004T111743Z-e2cf6b9d,33,postgresql,max_connections,100,
sql-repeats,20261004T111743Z-e2cf6b9d,33,postgresql,max_wal_size,1024,MB
sql-repeats,20261004T111743Z-e2cf6b9d,33,postgresql,shared_buffers,16384,8kB
sql-repeats,20261004T111743Z-e2cf6b9d,33,postgresql,synchronous_commit,on,
sql-repeats,20261004T111743Z-e2cf6b9d,33,postgresql,unix_socket_directories,/pgsocket,
sql-repeats,20261004T111743Z-e2cf6b9d,34,postgresql,autovacuum,on,
sql-repeats,20261004T111743Z-e2cf6b9d,34,postgresql,checkpoint_timeout,300,s
sql-repeats,20261004T111743Z-e2cf6b9d,34,postgresql,data_directory,/pgwork/data,
sql-repeats,20261004T111743Z-e2cf6b9d,34,postgresql,fsync,on,
sql-repeats,20261004T111743Z-e2cf6b9d,34,postgresql,full_page_writes,on,
sql-repeats,20261004T111743Z-e2cf6b9d,34,postgresql,listen_addresses,,
sql-repeats,20261004T111743Z-e2cf6b9d,34,postgresql,max_connections,100,
sql-repeats,20261004T111743Z-e2cf6b9d,34,postgresql,max_wal_size,1024,MB
sql-repeats,20261004T111743Z-e2cf6b9d,34,postgresql,shared_buffers,16384,8kB
sql-repeats,20261004T111743Z-e2cf6b9d,34,postgresql,synchronous_commit,on,
sql-repeats,20261004T111743Z-e2cf6b9d,34,postgresql,unix_socket_directories,/pgsocket,
sql-repeats,20261004T111743Z-e2cf6b9d,35,postgresql,autovacuum,on,
sql-repeats,20261004T111743Z-e2cf6b9d,35,postgresql,checkpoint_timeout,300,s
sql-repeats,20261004T111743Z-e2cf6b9d,35,postgresql,data_directory,/pgwork/data,
sql-repeats,20261004T111743Z-e2cf6b9d,35,postgresql,fsync,on,
sql-repeats,20261004T111743Z-e2cf6b9d,35,postgresql,full_page_writes,on,
sql-repeats,20261004T111743Z-e2cf6b9d,35,postgresql,listen_addresses,,
sql-repeats,20261004T111743Z-e2cf6b9d,35,postgresql,max_connections,100,
sql-repeats,20261004T111743Z-e2cf6b9d,35,postgresql,max_wal_size,1024,MB
sql-repeats,20261004T111743Z-e2cf6b9d,35,postgresql,shared_buffers,16384,8kB
sql-repeats,20261004T111743Z-e2cf6b9d,35,postgresql,synchronous_commit,on,
sql-repeats,20261004T111743Z-e2cf6b9d,35,postgresql,unix_socket_directories,/pgsocket,
sql-repeats,20261004T111743Z-e2cf6b9d,36,postgresql,autovacuum,on,
sql-repeats,20261004T111743Z-e2cf6b9d,36,postgresql,checkpoint_timeout,300,s
sql-repeats,20261004T111743Z-e2cf6b9d,36,postgresql,data_directory,/pgwork/data,
sql-repeats,20261004T111743Z-e2cf6b9d,36,postgresql,fsync,on,
sql-repeats,20261004T111743Z-e2cf6b9d,36,postgresql,full_page_writes,on,
sql-repeats,20261004T111743Z-e2cf6b9d,36,postgresql,listen_addresses,,
sql-repeats,20261004T111743Z-e2cf6b9d,36,postgresql,max_connections,100,
sql-repeats,20261004T111743Z-e2cf6b9d,36,postgresql,max_wal_size,1024,MB
sql-repeats,20261004T111743Z-e2cf6b9d,36,postgresql,shared_buffers,16384,8kB
sql-repeats,20261004T111743Z-e2cf6b9d,36,postgresql,synchronous_commit,on,
sql-repeats,20261004T111743Z-e2cf6b9d,36,postgresql,unix_socket_directories,/pgsocket,
sql-repeats,20261004T112609Z-0df1d02f,1,sqlite,journal_mode,WAL,
sql-repeats,20261004T112609Z-0df1d02f,1,sqlite,synchronous,NORMAL,
sql-repeats,20261004T112609Z-0df1d02f,1,sqlite,wal_autocheckpoint_pages,1000,
sql-repeats,20261004T112609Z-0df1d02f,2,sqlite,journal_mode,WAL,
sql-repeats,20261004T112609Z-0df1d02f,2,sqlite,synchronous,NORMAL,
sql-repeats,20261004T112609Z-0df1d02f,2,sqlite,wal_autocheckpoint_pages,1000,
sql-repeats,20261004T112609Z-0df1d02f,3,sqlite,journal_mode,WAL,
sql-repeats,20261004T112609Z-0df1d02f,3,sqlite,synchronous,NORMAL,
sql-repeats,20261004T112609Z-0df1d02f,3,sqlite,wal_autocheckpoint_pages,1000,
sql-repeats,20261004T112609Z-0df1d02f,4,sqlite,journal_mode,WAL,
sql-repeats,20261004T112609Z-0df1d02f,4,sqlite,synchronous,NORMAL,
sql-repeats,20261004T112609Z-0df1d02f,4,sqlite,wal_autocheckpoint_pages,1000,
sql-repeats,20261004T112609Z-0df1d02f,5,sqlite,journal_mode,WAL,
sql-repeats,20261004T112609Z-0df1d02f,5,sqlite,synchronous,NORMAL,
sql-repeats,20261004T112609Z-0df1d02f,5,sqlite,wal_autocheckpoint_pages,1000,
sql-repeats,20261004T112609Z-0df1d02f,6,sqlite,journal_mode,WAL,
sql-repeats,20261004T112609Z-0df1d02f,6,sqlite,synchronous,NORMAL,
sql-repeats,20261004T112609Z-0df1d02f,6,sqlite,wal_autocheckpoint_pages,1000,
sql-repeats,20261004T112609Z-0df1d02f,7,sqlite,journal_mode,WAL,
sql-repeats,20261004T112609Z-0df1d02f,7,sqlite,synchronous,NORMAL,
sql-repeats,20261004T112609Z-0df1d02f,7,sqlite,wal_autocheckpoint_pages,1000,
sql-repeats,20261004T112609Z-0df1d02f,8,sqlite,journal_mode,WAL,
sql-repeats,20261004T112609Z-0df1d02f,8,sqlite,synchronous,NORMAL,
sql-repeats,20261004T112609Z-0df1d02f,8,sqlite,wal_autocheckpoint_pages,1000,
sql-repeats,20261004T112609Z-0df1d02f,9,sqlite,journal_mode,WAL,
sql-repeats,20261004T112609Z-0df1d02f,9,sqlite,synchronous,NORMAL,
sql-repeats,20261004T112609Z-0df1d02f,9,sqlite,wal_autocheckpoint_pages,1000,
sql-repeats,20261004T112609Z-0df1d02f,10,sqlite,journal_mode,WAL,
sql-repeats,20261004T112609Z-0df1d02f,10,sqlite,synchronous,NORMAL,
sql-repeats,20261004T112609Z-0df1d02f,10,sqlite,wal_autocheckpoint_pages,1000,
sql-repeats,20261004T112609Z-0df1d02f,11,sqlite,journal_mode,WAL,
sql-repeats,20261004T112609Z-0df1d02f,11,sqlite,synchronous,NORMAL,
sql-repeats,20261004T112609Z-0df1d02f,11,sqlite,wal_autocheckpoint_pages,1000,
sql-repeats,20261004T112609Z-0df1d02f,12,sqlite,journal_mode,WAL,
sql-repeats,20261004T112609Z-0df1d02f,12,sqlite,synchronous,NORMAL,
sql-repeats,20261004T112609Z-0df1d02f,12,sqlite,wal_autocheckpoint_pages,1000,
sql-repeats,20261004T112609Z-0df1d02f,13,sqlite,journal_mode,WAL,
sql-repeats,20261004T112609Z-0df1d02f,13,sqlite,synchronous,NORMAL,
sql-repeats,20261004T112609Z-0df1d02f,13,sqlite,wal_autocheckpoint_pages,1000,
sql-repeats,20261004T112609Z-0df1d02f,14,sqlite,journal_mode,WAL,
sql-repeats,20261004T112609Z-0df1d02f,14,sqlite,synchronous,NORMAL,
sql-repeats,20261004T112609Z-0df1d02f,14,sqlite,wal_autocheckpoint_pages,1000,
sql-repeats,20261004T112609Z-0df1d02f,15,sqlite,journal_mode,WAL,
sql-repeats,20261004T112609Z-0df1d02f,15,sqlite,synchronous,NORMAL,
sql-repeats,20261004T112609Z-0df1d02f,15,sqlite,wal_autocheckpoint_pages,1000,
sql-repeats,20261004T112609Z-0df1d02f,16,sqlite,journal_mode,WAL,
sql-repeats,20261004T112609Z-0df1d02f,16,sqlite,synchronous,NORMAL,
sql-repeats,20261004T112609Z-0df1d02f,16,sqlite,wal_autocheckpoint_pages,1000,
sql-repeats,20261004T112609Z-0df1d02f,17,sqlite,journal_mode,WAL,
sql-repeats,20261004T112609Z-0df1d02f,17,sqlite,synchronous,NORMAL,
sql-repeats,20261004T112609Z-0df1d02f,17,sqlite,wal_autocheckpoint_pages,1000,
sql-repeats,20261004T112609Z-0df1d02f,18,sqlite,journal_mode,WAL,
sql-repeats,20261004T112609Z-0df1d02f,18,sqlite,synchronous,NORMAL,
sql-repeats,20261004T112609Z-0df1d02f,18,sqlite,wal_autocheckpoint_pages,1000,
sql-repeats,20261004T112609Z-0df1d02f,19,sqlite,journal_mode,WAL,
sql-repeats,20261004T112609Z-0df1d02f,19,sqlite,synchronous,NORMAL,
sql-repeats,20261004T112609Z-0df1d02f,19,sqlite,wal_autocheckpoint_pages,1000,
sql-repeats,20261004T112609Z-0df1d02f,20,sqlite,journal_mode,WAL,
sql-repeats,20261004T112609Z-0df1d02f,20,sqlite,synchronous,NORMAL,
sql-repeats,20261004T112609Z-0df1d02f,20,sqlite,wal_autocheckpoint_pages,1000,
sql-repeats,20261004T112609Z-0df1d02f,21,sqlite,journal_mode,WAL,
sql-repeats,20261004T112609Z-0df1d02f,21,sqlite,synchronous,NORMAL,
sql-repeats,20261004T112609Z-0df1d02f,21,sqlite,wal_autocheckpoint_pages,1000,
sql-repeats,20261004T112609Z-0df1d02f,22,sqlite,journal_mode,WAL,
sql-repeats,20261004T112609Z-0df1d02f,22,sqlite,synchronous,NORMAL,
sql-repeats,20261004T112609Z-0df1d02f,22,sqlite,wal_autocheckpoint_pages,1000,
sql-repeats,20261004T112609Z-0df1d02f,23,sqlite,journal_mode,WAL,
sql-repeats,20261004T112609Z-0df1d02f,23,sqlite,synchronous,NORMAL,
sql-repeats,20261004T112609Z-0df1d02f,23,sqlite,wal_autocheckpoint_pages,1000,
sql-repeats,20261004T112609Z-0df1d02f,24,sqlite,journal_mode,WAL,
sql-repeats,20261004T112609Z-0df1d02f,24,sqlite,synchronous,NORMAL,
sql-repeats,20261004T112609Z-0df1d02f,24,sqlite,wal_autocheckpoint_pages,1000,
sql-repeats,20261004T112609Z-0df1d02f,25,sqlite,journal_mode,WAL,
sql-repeats,20261004T112609Z-0df1d02f,25,sqlite,synchronous,NORMAL,
sql-repeats,20261004T112609Z-0df1d02f,25,sqlite,wal_autocheckpoint_pages,1000,
sql-repeats,20261004T112609Z-0df1d02f,26,sqlite,journal_mode,WAL,
sql-repeats,20261004T112609Z-0df1d02f,26,sqlite,synchronous,NORMAL,
sql-repeats,20261004T112609Z-0df1d02f,26,sqlite,wal_autocheckpoint_pages,1000,
sql-repeats,20261004T112609Z-0df1d02f,27,sqlite,journal_mode,WAL,
sql-repeats,20261004T112609Z-0df1d02f,27,sqlite,synchronous,NORMAL,
sql-repeats,20261004T112609Z-0df1d02f,27,sqlite,wal_autocheckpoint_pages,1000,
sql-repeats,20261004T112609Z-0df1d02f,28,sqlite,journal_mode,WAL,
sql-repeats,20261004T112609Z-0df1d02f,28,sqlite,synchronous,NORMAL,
sql-repeats,20261004T112609Z-0df1d02f,28,sqlite,wal_autocheckpoint_pages,1000,
sql-repeats,20261004T112609Z-0df1d02f,29,sqlite,journal_mode,WAL,
sql-repeats,20261004T112609Z-0df1d02f,29,sqlite,synchronous,NORMAL,
sql-repeats,20261004T112609Z-0df1d02f,29,sqlite,wal_autocheckpoint_pages,1000,
sql-repeats,20261004T112609Z-0df1d02f,30,sqlite,journal_mode,WAL,
sql-repeats,20261004T112609Z-0df1d02f,30,sqlite,synchronous,NORMAL,
sql-repeats,20261004T112609Z-0df1d02f,30,sqlite,wal_autocheckpoint_pages,1000,
sql-repeats,20261004T112609Z-0df1d02f,31,sqlite,journal_mode,WAL,
sql-repeats,20261004T112609Z-0df1d02f,31,sqlite,synchronous,NORMAL,
sql-repeats,20261004T112609Z-0df1d02f,31,sqlite,wal_autocheckpoint_pages,1000,
sql-repeats,20261004T112609Z-0df1d02f,32,sqlite,journal_mode,WAL,
sql-repeats,20261004T112609Z-0df1d02f,32,sqlite,synchronous,NORMAL,
sql-repeats,20261004T112609Z-0df1d02f,32,sqlite,wal_autocheckpoint_pages,1000,
sql-repeats,20261004T112609Z-0df1d02f,33,sqlite,journal_mode,WAL,
sql-repeats,20261004T112609Z-0df1d02f,33,sqlite,synchronous,NORMAL,
sql-repeats,20261004T112609Z-0df1d02f,33,sqlite,wal_autocheckpoint_pages,1000,
sql-repeats,20261004T112609Z-0df1d02f,34,sqlite,journal_mode,WAL,
sql-repeats,20261004T112609Z-0df1d02f,34,sqlite,synchronous,NORMAL,
sql-repeats,20261004T112609Z-0df1d02f,34,sqlite,wal_autocheckpoint_pages,1000,
sql-repeats,20261004T112609Z-0df1d02f,35,sqlite,journal_mode,WAL,
sql-repeats,20261004T112609Z-0df1d02f,35,sqlite,synchronous,NORMAL,
sql-repeats,20261004T112609Z-0df1d02f,35,sqlite,wal_autocheckpoint_pages,1000,
sql-repeats,20261004T112609Z-0df1d02f,36,sqlite,journal_mode,WAL,
sql-repeats,20261004T112609Z-0df1d02f,36,sqlite,synchronous,NORMAL,
sql-repeats,20261004T112609Z-0df1d02f,36,sqlite,wal_autocheckpoint_pages,1000,
sql-repeats,20261004T113056Z-05a31e13,1,sqlite,journal_mode,WAL,
sql-repeats,20261004T113056Z-05a31e13,1,sqlite,synchronous,NORMAL,
sql-repeats,20261004T113056Z-05a31e13,1,sqlite,wal_autocheckpoint_pages,1000,
sql-repeats,20261004T113056Z-05a31e13,2,sqlite,journal_mode,WAL,
sql-repeats,20261004T113056Z-05a31e13,2,sqlite,synchronous,NORMAL,
sql-repeats,20261004T113056Z-05a31e13,2,sqlite,wal_autocheckpoint_pages,1000,
sql-repeats,20261004T113056Z-05a31e13,3,sqlite,journal_mode,WAL,
sql-repeats,20261004T113056Z-05a31e13,3,sqlite,synchronous,NORMAL,
sql-repeats,20261004T113056Z-05a31e13,3,sqlite,wal_autocheckpoint_pages,1000,
sql-repeats,20261004T113056Z-05a31e13,4,sqlite,journal_mode,WAL,
sql-repeats,20261004T113056Z-05a31e13,4,sqlite,synchronous,NORMAL,
sql-repeats,20261004T113056Z-05a31e13,4,sqlite,wal_autocheckpoint_pages,1000,
sql-repeats,20261004T113056Z-05a31e13,5,sqlite,journal_mode,WAL,
sql-repeats,20261004T113056Z-05a31e13,5,sqlite,synchronous,NORMAL,
sql-repeats,20261004T113056Z-05a31e13,5,sqlite,wal_autocheckpoint_pages,1000,
sql-repeats,20261004T113056Z-05a31e13,6,sqlite,journal_mode,WAL,
sql-repeats,20261004T113056Z-05a31e13,6,sqlite,synchronous,NORMAL,
sql-repeats,20261004T113056Z-05a31e13,6,sqlite,wal_autocheckpoint_pages,1000,
sql-repeats,20261004T113056Z-05a31e13,7,sqlite,journal_mode,WAL,
sql-repeats,20261004T113056Z-05a31e13,7,sqlite,synchronous,NORMAL,
sql-repeats,20261004T113056Z-05a31e13,7,sqlite,wal_autocheckpoint_pages,1000,
sql-repeats,20261004T113056Z-05a31e13,8,sqlite,journal_mode,WAL,
sql-repeats,20261004T113056Z-05a31e13,8,sqlite,synchronous,NORMAL,
sql-repeats,20261004T113056Z-05a31e13,8,sqlite,wal_autocheckpoint_pages,1000,
sql-repeats,20261004T113056Z-05a31e13,9,sqlite,journal_mode,WAL,
sql-repeats,20261004T113056Z-05a31e13,9,sqlite,synchronous,NORMAL,
sql-repeats,20261004T113056Z-05a31e13,9,sqlite,wal_autocheckpoint_pages,1000,
sql-repeats,20261004T113056Z-05a31e13,10,sqlite,journal_mode,WAL,
sql-repeats,20261004T113056Z-05a31e13,10,sqlite,synchronous,NORMAL,
sql-repeats,20261004T113056Z-05a31e13,10,sqlite,wal_autocheckpoint_pages,1000,
sql-repeats,20261004T113056Z-05a31e13,11,sqlite,journal_mode,WAL,
sql-repeats,20261004T113056Z-05a31e13,11,sqlite,synchronous,NORMAL,
sql-repeats,20261004T113056Z-05a31e13,11,sqlite,wal_autocheckpoint_pages,1000,
sql-repeats,20261004T113056Z-05a31e13,12,sqlite,journal_mode,WAL,
sql-repeats,20261004T113056Z-05a31e13,12,sqlite,synchronous,NORMAL,
sql-repeats,20261004T113056Z-05a31e13,12,sqlite,wal_autocheckpoint_pages,1000,
sql-repeats,20261004T113056Z-05a31e13,13,sqlite,journal_mode,WAL,
sql-repeats,20261004T113056Z-05a31e13,13,sqlite,synchronous,NORMAL,
sql-repeats,20261004T113056Z-05a31e13,13,sqlite,wal_autocheckpoint_pages,1000,
sql-repeats,20261004T113056Z-05a31e13,14,sqlite,journal_mode,WAL,
sql-repeats,20261004T113056Z-05a31e13,14,sqlite,synchronous,NORMAL,
sql-repeats,20261004T113056Z-05a31e13,14,sqlite,wal_autocheckpoint_pages,1000,
sql-repeats,20261004T113056Z-05a31e13,15,sqlite,journal_mode,WAL,
sql-repeats,20261004T113056Z-05a31e13,15,sqlite,synchronous,NORMAL,
sql-repeats,20261004T113056Z-05a31e13,15,sqlite,wal_autocheckpoint_pages,1000,
sql-repeats,20261004T113056Z-05a31e13,16,sqlite,journal_mode,WAL,
sql-repeats,20261004T113056Z-05a31e13,16,sqlite,synchronous,NORMAL,
sql-repeats,20261004T113056Z-05a31e13,16,sqlite,wal_autocheckpoint_pages,1000,
sql-repeats,20261004T113056Z-05a31e13,17,sqlite,journal_mode,WAL,
sql-repeats,20261004T113056Z-05a31e13,17,sqlite,synchronous,NORMAL,
sql-repeats,20261004T113056Z-05a31e13,17,sqlite,wal_autocheckpoint_pages,1000,
sql-repeats,20261004T113056Z-05a31e13,18,sqlite,journal_mode,WAL,
sql-repeats,20261004T113056Z-05a31e13,18,sqlite,synchronous,NORMAL,
sql-repeats,20261004T113056Z-05a31e13,18,sqlite,wal_autocheckpoint_pages,1000,
sql-repeats,20261004T113056Z-05a31e13,19,sqlite,journal_mode,WAL,
sql-repeats,20261004T113056Z-05a31e13,19,sqlite,synchronous,NORMAL,
sql-repeats,20261004T113056Z-05a31e13,19,sqlite,wal_autocheckpoint_pages,1000,
sql-repeats,20261004T113056Z-05a31e13,20,sqlite,journal_mode,WAL,
sql-repeats,20261004T113056Z-05a31e13,20,sqlite,synchronous,NORMAL,
sql-repeats,20261004T113056Z-05a31e13,20,sqlite,wal_autocheckpoint_pages,1000,
sql-repeats,20261004T113056Z-05a31e13,21,sqlite,journal_mode,WAL,
sql-repeats,20261004T113056Z-05a31e13,21,sqlite,synchronous,NORMAL,
sql-repeats,20261004T113056Z-05a31e13,21,sqlite,wal_autocheckpoint_pages,1000,
sql-repeats,20261004T113056Z-05a31e13,22,sqlite,journal_mode,WAL,
sql-repeats,20261004T113056Z-05a31e13,22,sqlite,synchronous,NORMAL,
sql-repeats,20261004T113056Z-05a31e13,22,sqlite,wal_autocheckpoint_pages,1000,
sql-repeats,20261004T113056Z-05a31e13,23,sqlite,journal_mode,WAL,
sql-repeats,20261004T113056Z-05a31e13,23,sqlite,synchronous,NORMAL,
sql-repeats,20261004T113056Z-05a31e13,23,sqlite,wal_autocheckpoint_pages,1000,
sql-repeats,20261004T113056Z-05a31e13,24,sqlite,journal_mode,WAL,
sql-repeats,20261004T113056Z-05a31e13,24,sqlite,synchronous,NORMAL,
sql-repeats,20261004T113056Z-05a31e13,24,sqlite,wal_autocheckpoint_pages,1000,
sql-repeats,20261004T113056Z-05a31e13,25,sqlite,journal_mode,WAL,
sql-repeats,20261004T113056Z-05a31e13,25,sqlite,synchronous,NORMAL,
sql-repeats,20261004T113056Z-05a31e13,25,sqlite,wal_autocheckpoint_pages,1000,
sql-repeats,20261004T113056Z-05a31e13,26,sqlite,journal_mode,WAL,
sql-repeats,20261004T113056Z-05a31e13,26,sqlite,synchronous,NORMAL,
sql-repeats,20261004T113056Z-05a31e13,26,sqlite,wal_autocheckpoint_pages,1000,
sql-repeats,20261004T113056Z-05a31e13,27,sqlite,journal_mode,WAL,
sql-repeats,20261004T113056Z-05a31e13,27,sqlite,synchronous,NORMAL,
sql-repeats,20261004T113056Z-05a31e13,27,sqlite,wal_autocheckpoint_pages,1000,
sql-repeats,20261004T113056Z-05a31e13,28,sqlite,journal_mode,WAL,
sql-repeats,20261004T113056Z-05a31e13,28,sqlite,synchronous,NORMAL,
sql-repeats,20261004T113056Z-05a31e13,28,sqlite,wal_autocheckpoint_pages,1000,
sql-repeats,20261004T113056Z-05a31e13,29,sqlite,journal_mode,WAL,
sql-repeats,20261004T113056Z-05a31e13,29,sqlite,synchronous,NORMAL,
sql-repeats,20261004T113056Z-05a31e13,29,sqlite,wal_autocheckpoint_pages,1000,
sql-repeats,20261004T113056Z-05a31e13,30,sqlite,journal_mode,WAL,
sql-repeats,20261004T113056Z-05a31e13,30,sqlite,synchronous,NORMAL,
sql-repeats,20261004T113056Z-05a31e13,30,sqlite,wal_autocheckpoint_pages,1000,
sql-repeats,20261004T113056Z-05a31e13,31,sqlite,journal_mode,WAL,
sql-repeats,20261004T113056Z-05a31e13,31,sqlite,synchronous,NORMAL,
sql-repeats,20261004T113056Z-05a31e13,31,sqlite,wal_autocheckpoint_pages,1000,
sql-repeats,20261004T113056Z-05a31e13,32,sqlite,journal_mode,WAL,
sql-repeats,20261004T113056Z-05a31e13,32,sqlite,synchronous,NORMAL,
sql-repeats,20261004T113056Z-05a31e13,32,sqlite,wal_autocheckpoint_pages,1000,
sql-repeats,20261004T113056Z-05a31e13,33,sqlite,journal_mode,WAL,
sql-repeats,20261004T113056Z-05a31e13,33,sqlite,synchronous,NORMAL,
sql-repeats,20261004T113056Z-05a31e13,33,sqlite,wal_autocheckpoint_pages,1000,
sql-repeats,20261004T113056Z-05a31e13,34,sqlite,journal_mode,WAL,
sql-repeats,20261004T113056Z-05a31e13,34,sqlite,synchronous,NORMAL,
sql-repeats,20261004T113056Z-05a31e13,34,sqlite,wal_autocheckpoint_pages,1000,
sql-repeats,20261004T113056Z-05a31e13,35,sqlite,journal_mode,WAL,
sql-repeats,20261004T113056Z-05a31e13,35,sqlite,synchronous,NORMAL,
sql-repeats,20261004T113056Z-05a31e13,35,sqlite,wal_autocheckpoint_pages,1000,
sql-repeats,20261004T113056Z-05a31e13,36,sqlite,journal_mode,WAL,
sql-repeats,20261004T113056Z-05a31e13,36,sqlite,synchronous,NORMAL,
sql-repeats,20261004T113056Z-05a31e13,36,sqlite,wal_autocheckpoint_pages,1000,
mixed-pilots,20261003T002022Z-e54af4c7,1,sqlite,journal_mode,WAL,
mixed-pilots,20261003T002022Z-e54af4c7,1,sqlite,synchronous,NORMAL,
mixed-pilots,20261003T002022Z-e54af4c7,1,sqlite,wal_autocheckpoint_pages,1000,
mixed-pilots,20261003T002022Z-e54af4c7,2,sqlite,journal_mode,WAL,
mixed-pilots,20261003T002022Z-e54af4c7,2,sqlite,synchronous,NORMAL,
mixed-pilots,20261003T002022Z-e54af4c7,2,sqlite,wal_autocheckpoint_pages,1000,
mixed-pilots,20261003T002022Z-e54af4c7,3,sqlite,journal_mode,WAL,
mixed-pilots,20261003T002022Z-e54af4c7,3,sqlite,synchronous,NORMAL,
mixed-pilots,20261003T002022Z-e54af4c7,3,sqlite,wal_autocheckpoint_pages,1000,
mixed-pilots,20261003T002022Z-e54af4c7,4,sqlite,journal_mode,WAL,
mixed-pilots,20261003T002022Z-e54af4c7,4,sqlite,synchronous,NORMAL,
mixed-pilots,20261003T002022Z-e54af4c7,4,sqlite,wal_autocheckpoint_pages,1000,
mixed-pilots,20261003T002022Z-e54af4c7,5,sqlite,journal_mode,WAL,
mixed-pilots,20261003T002022Z-e54af4c7,5,sqlite,synchronous,NORMAL,
mixed-pilots,20261003T002022Z-e54af4c7,5,sqlite,wal_autocheckpoint_pages,1000,
mixed-pilots,20261003T002022Z-e54af4c7,6,sqlite,journal_mode,WAL,
mixed-pilots,20261003T002022Z-e54af4c7,6,sqlite,synchronous,NORMAL,
mixed-pilots,20261003T002022Z-e54af4c7,6,sqlite,wal_autocheckpoint_pages,1000,
mixed-pilots,20261003T002022Z-e54af4c7,7,sqlite,journal_mode,WAL,
mixed-pilots,20261003T002022Z-e54af4c7,7,sqlite,synchronous,NORMAL,
mixed-pilots,20261003T002022Z-e54af4c7,7,sqlite,wal_autocheckpoint_pages,1000,
mixed-pilots,20261003T002022Z-e54af4c7,8,sqlite,journal_mode,WAL,
mixed-pilots,20261003T002022Z-e54af4c7,8,sqlite,synchronous,NORMAL,
mixed-pilots,20261003T002022Z-e54af4c7,8,sqlite,wal_autocheckpoint_pages,1000,
mixed-pilots,20261003T002022Z-e54af4c7,9,sqlite,journal_mode,WAL,
mixed-pilots,20261003T002022Z-e54af4c7,9,sqlite,synchronous,NORMAL,
mixed-pilots,20261003T002022Z-e54af4c7,9,sqlite,wal_autocheckpoint_pages,1000,
mixed-pilots,20261003T002022Z-e54af4c7,10,sqlite,journal_mode,WAL,
mixed-pilots,20261003T002022Z-e54af4c7,10,sqlite,synchronous,NORMAL,
mixed-pilots,20261003T002022Z-e54af4c7,10,sqlite,wal_autocheckpoint_pages,1000,
mixed-pilots,20261003T002022Z-e54af4c7,11,sqlite,journal_mode,WAL,
mixed-pilots,20261003T002022Z-e54af4c7,11,sqlite,synchronous,NORMAL,
mixed-pilots,20261003T002022Z-e54af4c7,11,sqlite,wal_autocheckpoint_pages,1000,
mixed-pilots,20261003T002022Z-e54af4c7,12,sqlite,journal_mode,WAL,
mixed-pilots,20261003T002022Z-e54af4c7,12,sqlite,synchronous,NORMAL,
mixed-pilots,20261003T002022Z-e54af4c7,12,sqlite,wal_autocheckpoint_pages,1000,
mixed-pilots,20261003T002022Z-e54af4c7,13,sqlite,journal_mode,WAL,
mixed-pilots,20261003T002022Z-e54af4c7,13,sqlite,synchronous,NORMAL,
mixed-pilots,20261003T002022Z-e54af4c7,13,sqlite,wal_autocheckpoint_pages,1000,
mixed-pilots,20261003T002022Z-e54af4c7,14,sqlite,journal_mode,WAL,
mixed-pilots,20261003T002022Z-e54af4c7,14,sqlite,synchronous,NORMAL,
mixed-pilots,20261003T002022Z-e54af4c7,14,sqlite,wal_autocheckpoint_pages,1000,
mixed-pilots,20261003T002022Z-e54af4c7,15,sqlite,journal_mode,WAL,
mixed-pilots,20261003T002022Z-e54af4c7,15,sqlite,synchronous,NORMAL,
mixed-pilots,20261003T002022Z-e54af4c7,15,sqlite,wal_autocheckpoint_pages,1000,
mixed-pilots,20261003T002022Z-e54af4c7,16,sqlite,journal_mode,WAL,
mixed-pilots,20261003T002022Z-e54af4c7,16,sqlite,synchronous,NORMAL,
mixed-pilots,20261003T002022Z-e54af4c7,16,sqlite,wal_autocheckpoint_pages,1000,
mixed-pilots,20261003T002022Z-e54af4c7,17,sqlite,journal_mode,WAL,
mixed-pilots,20261003T002022Z-e54af4c7,17,sqlite,synchronous,NORMAL,
mixed-pilots,20261003T002022Z-e54af4c7,17,sqlite,wal_autocheckpoint_pages,1000,
mixed-pilots,20261003T002022Z-e54af4c7,18,sqlite,journal_mode,WAL,
mixed-pilots,20261003T002022Z-e54af4c7,18,sqlite,synchronous,NORMAL,
mixed-pilots,20261003T002022Z-e54af4c7,18,sqlite,wal_autocheckpoint_pages,1000,
mixed-pilots,20261003T002022Z-e54af4c7,19,sqlite,journal_mode,WAL,
mixed-pilots,20261003T002022Z-e54af4c7,19,sqlite,synchronous,NORMAL,
mixed-pilots,20261003T002022Z-e54af4c7,19,sqlite,wal_autocheckpoint_pages,1000,
mixed-pilots,20261003T002022Z-e54af4c7,20,sqlite,journal_mode,WAL,
mixed-pilots,20261003T002022Z-e54af4c7,20,sqlite,synchronous,NORMAL,
mixed-pilots,20261003T002022Z-e54af4c7,20,sqlite,wal_autocheckpoint_pages,1000,
mixed-pilots,20261003T002022Z-e54af4c7,21,sqlite,journal_mode,WAL,
mixed-pilots,20261003T002022Z-e54af4c7,21,sqlite,synchronous,NORMAL,
mixed-pilots,20261003T002022Z-e54af4c7,21,sqlite,wal_autocheckpoint_pages,1000,
mixed-pilots,20261003T002022Z-e54af4c7,22,sqlite,journal_mode,WAL,
mixed-pilots,20261003T002022Z-e54af4c7,22,sqlite,synchronous,NORMAL,
mixed-pilots,20261003T002022Z-e54af4c7,22,sqlite,wal_autocheckpoint_pages,1000,
mixed-pilots,20261003T002022Z-e54af4c7,23,sqlite,journal_mode,WAL,
mixed-pilots,20261003T002022Z-e54af4c7,23,sqlite,synchronous,NORMAL,
mixed-pilots,20261003T002022Z-e54af4c7,23,sqlite,wal_autocheckpoint_pages,1000,
mixed-pilots,20261003T002022Z-e54af4c7,24,sqlite,journal_mode,WAL,
mixed-pilots,20261003T002022Z-e54af4c7,24,sqlite,synchronous,NORMAL,
mixed-pilots,20261003T002022Z-e54af4c7,24,sqlite,wal_autocheckpoint_pages,1000,
mixed-pilots,20261003T002022Z-e54af4c7,25,sqlite,journal_mode,WAL,
mixed-pilots,20261003T002022Z-e54af4c7,25,sqlite,synchronous,NORMAL,
mixed-pilots,20261003T002022Z-e54af4c7,25,sqlite,wal_autocheckpoint_pages,1000,
mixed-pilots,20261003T002022Z-e54af4c7,26,sqlite,journal_mode,WAL,
mixed-pilots,20261003T002022Z-e54af4c7,26,sqlite,synchronous,NORMAL,
mixed-pilots,20261003T002022Z-e54af4c7,26,sqlite,wal_autocheckpoint_pages,1000,
mixed-pilots,20261003T002022Z-e54af4c7,27,sqlite,journal_mode,WAL,
mixed-pilots,20261003T002022Z-e54af4c7,27,sqlite,synchronous,NORMAL,
mixed-pilots,20261003T002022Z-e54af4c7,27,sqlite,wal_autocheckpoint_pages,1000,
mixed-pilots,20261003T002022Z-e54af4c7,28,sqlite,journal_mode,WAL,
mixed-pilots,20261003T002022Z-e54af4c7,28,sqlite,synchronous,NORMAL,
mixed-pilots,20261003T002022Z-e54af4c7,28,sqlite,wal_autocheckpoint_pages,1000,
mixed-pilots,20261003T002022Z-e54af4c7,29,sqlite,journal_mode,WAL,
mixed-pilots,20261003T002022Z-e54af4c7,29,sqlite,synchronous,NORMAL,
mixed-pilots,20261003T002022Z-e54af4c7,29,sqlite,wal_autocheckpoint_pages,1000,
mixed-pilots,20261003T002022Z-e54af4c7,30,sqlite,journal_mode,WAL,
mixed-pilots,20261003T002022Z-e54af4c7,30,sqlite,synchronous,NORMAL,
mixed-pilots,20261003T002022Z-e54af4c7,30,sqlite,wal_autocheckpoint_pages,1000,
mixed-pilots,20261003T002022Z-e54af4c7,31,sqlite,journal_mode,WAL,
mixed-pilots,20261003T002022Z-e54af4c7,31,sqlite,synchronous,NORMAL,
mixed-pilots,20261003T002022Z-e54af4c7,31,sqlite,wal_autocheckpoint_pages,1000,
mixed-pilots,20261003T002022Z-e54af4c7,32,sqlite,journal_mode,WAL,
mixed-pilots,20261003T002022Z-e54af4c7,32,sqlite,synchronous,NORMAL,
mixed-pilots,20261003T002022Z-e54af4c7,32,sqlite,wal_autocheckpoint_pages,1000,
mixed-pilots,20261003T002022Z-e54af4c7,33,sqlite,journal_mode,WAL,
mixed-pilots,20261003T002022Z-e54af4c7,33,sqlite,synchronous,NORMAL,
mixed-pilots,20261003T002022Z-e54af4c7,33,sqlite,wal_autocheckpoint_pages,1000,
mixed-pilots,20261003T002022Z-e54af4c7,34,sqlite,journal_mode,WAL,
mixed-pilots,20261003T002022Z-e54af4c7,34,sqlite,synchronous,NORMAL,
mixed-pilots,20261003T002022Z-e54af4c7,34,sqlite,wal_autocheckpoint_pages,1000,
mixed-pilots,20261003T002022Z-e54af4c7,35,sqlite,journal_mode,WAL,
mixed-pilots,20261003T002022Z-e54af4c7,35,sqlite,synchronous,NORMAL,
mixed-pilots,20261003T002022Z-e54af4c7,35,sqlite,wal_autocheckpoint_pages,1000,
mixed-pilots,20261003T002022Z-e54af4c7,36,sqlite,journal_mode,WAL,
mixed-pilots,20261003T002022Z-e54af4c7,36,sqlite,synchronous,NORMAL,
mixed-pilots,20261003T002022Z-e54af4c7,36,sqlite,wal_autocheckpoint_pages,1000,
mixed-pilots,20261003T002027Z-855bfe94,1,sqlite,journal_mode,WAL,
mixed-pilots,20261003T002027Z-855bfe94,1,sqlite,synchronous,NORMAL,
mixed-pilots,20261003T002027Z-855bfe94,1,sqlite,wal_autocheckpoint_pages,1000,
mixed-pilots,20261003T002027Z-855bfe94,2,sqlite,journal_mode,WAL,
mixed-pilots,20261003T002027Z-855bfe94,2,sqlite,synchronous,NORMAL,
mixed-pilots,20261003T002027Z-855bfe94,2,sqlite,wal_autocheckpoint_pages,1000,
mixed-pilots,20261003T002027Z-855bfe94,3,sqlite,journal_mode,WAL,
mixed-pilots,20261003T002027Z-855bfe94,3,sqlite,synchronous,NORMAL,
mixed-pilots,20261003T002027Z-855bfe94,3,sqlite,wal_autocheckpoint_pages,1000,
mixed-pilots,20261003T002027Z-855bfe94,4,sqlite,journal_mode,WAL,
mixed-pilots,20261003T002027Z-855bfe94,4,sqlite,synchronous,NORMAL,
mixed-pilots,20261003T002027Z-855bfe94,4,sqlite,wal_autocheckpoint_pages,1000,
mixed-pilots,20261003T002027Z-855bfe94,5,sqlite,journal_mode,WAL,
mixed-pilots,20261003T002027Z-855bfe94,5,sqlite,synchronous,NORMAL,
mixed-pilots,20261003T002027Z-855bfe94,5,sqlite,wal_autocheckpoint_pages,1000,
mixed-pilots,20261003T002027Z-855bfe94,6,sqlite,journal_mode,WAL,
mixed-pilots,20261003T002027Z-855bfe94,6,sqlite,synchronous,NORMAL,
mixed-pilots,20261003T002027Z-855bfe94,6,sqlite,wal_autocheckpoint_pages,1000,
mixed-pilots,20261003T002027Z-855bfe94,7,sqlite,journal_mode,WAL,
mixed-pilots,20261003T002027Z-855bfe94,7,sqlite,synchronous,NORMAL,
mixed-pilots,20261003T002027Z-855bfe94,7,sqlite,wal_autocheckpoint_pages,1000,
mixed-pilots,20261003T002027Z-855bfe94,8,sqlite,journal_mode,WAL,
mixed-pilots,20261003T002027Z-855bfe94,8,sqlite,synchronous,NORMAL,
mixed-pilots,20261003T002027Z-855bfe94,8,sqlite,wal_autocheckpoint_pages,1000,
mixed-pilots,20261003T002027Z-855bfe94,9,sqlite,journal_mode,WAL,
mixed-pilots,20261003T002027Z-855bfe94,9,sqlite,synchronous,NORMAL,
mixed-pilots,20261003T002027Z-855bfe94,9,sqlite,wal_autocheckpoint_pages,1000,
mixed-pilots,20261003T002027Z-855bfe94,10,sqlite,journal_mode,WAL,
mixed-pilots,20261003T002027Z-855bfe94,10,sqlite,synchronous,NORMAL,
mixed-pilots,20261003T002027Z-855bfe94,10,sqlite,wal_autocheckpoint_pages,1000,
mixed-pilots,20261003T002027Z-855bfe94,11,sqlite,journal_mode,WAL,
mixed-pilots,20261003T002027Z-855bfe94,11,sqlite,synchronous,NORMAL,
mixed-pilots,20261003T002027Z-855bfe94,11,sqlite,wal_autocheckpoint_pages,1000,
mixed-pilots,20261003T002027Z-855bfe94,12,sqlite,journal_mode,WAL,
mixed-pilots,20261003T002027Z-855bfe94,12,sqlite,synchronous,NORMAL,
mixed-pilots,20261003T002027Z-855bfe94,12,sqlite,wal_autocheckpoint_pages,1000,
mixed-pilots,20261003T002027Z-855bfe94,13,sqlite,journal_mode,WAL,
mixed-pilots,20261003T002027Z-855bfe94,13,sqlite,synchronous,NORMAL,
mixed-pilots,20261003T002027Z-855bfe94,13,sqlite,wal_autocheckpoint_pages,1000,
mixed-pilots,20261003T002027Z-855bfe94,14,sqlite,journal_mode,WAL,
mixed-pilots,20261003T002027Z-855bfe94,14,sqlite,synchronous,NORMAL,
mixed-pilots,20261003T002027Z-855bfe94,14,sqlite,wal_autocheckpoint_pages,1000,
mixed-pilots,20261003T002027Z-855bfe94,15,sqlite,journal_mode,WAL,
mixed-pilots,20261003T002027Z-855bfe94,15,sqlite,synchronous,NORMAL,
mixed-pilots,20261003T002027Z-855bfe94,15,sqlite,wal_autocheckpoint_pages,1000,
mixed-pilots,20261003T002027Z-855bfe94,16,sqlite,journal_mode,WAL,
mixed-pilots,20261003T002027Z-855bfe94,16,sqlite,synchronous,NORMAL,
mixed-pilots,20261003T002027Z-855bfe94,16,sqlite,wal_autocheckpoint_pages,1000,
mixed-pilots,20261003T002027Z-855bfe94,17,sqlite,journal_mode,WAL,
mixed-pilots,20261003T002027Z-855bfe94,17,sqlite,synchronous,NORMAL,
mixed-pilots,20261003T002027Z-855bfe94,17,sqlite,wal_autocheckpoint_pages,1000,
mixed-pilots,20261003T002027Z-855bfe94,18,sqlite,journal_mode,WAL,
mixed-pilots,20261003T002027Z-855bfe94,18,sqlite,synchronous,NORMAL,
mixed-pilots,20261003T002027Z-855bfe94,18,sqlite,wal_autocheckpoint_pages,1000,
mixed-pilots,20261003T002027Z-855bfe94,19,sqlite,journal_mode,WAL,
mixed-pilots,20261003T002027Z-855bfe94,19,sqlite,synchronous,NORMAL,
mixed-pilots,20261003T002027Z-855bfe94,19,sqlite,wal_autocheckpoint_pages,1000,
mixed-pilots,20261003T002027Z-855bfe94,20,sqlite,journal_mode,WAL,
mixed-pilots,20261003T002027Z-855bfe94,20,sqlite,synchronous,NORMAL,
mixed-pilots,20261003T002027Z-855bfe94,20,sqlite,wal_autocheckpoint_pages,1000,
mixed-pilots,20261003T002027Z-855bfe94,21,sqlite,journal_mode,WAL,
mixed-pilots,20261003T002027Z-855bfe94,21,sqlite,synchronous,NORMAL,
mixed-pilots,20261003T002027Z-855bfe94,21,sqlite,wal_autocheckpoint_pages,1000,
mixed-pilots,20261003T002027Z-855bfe94,22,sqlite,journal_mode,WAL,
mixed-pilots,20261003T002027Z-855bfe94,22,sqlite,synchronous,NORMAL,
mixed-pilots,20261003T002027Z-855bfe94,22,sqlite,wal_autocheckpoint_pages,1000,
mixed-pilots,20261003T002027Z-855bfe94,23,sqlite,journal_mode,WAL,
mixed-pilots,20261003T002027Z-855bfe94,23,sqlite,synchronous,NORMAL,
mixed-pilots,20261003T002027Z-855bfe94,23,sqlite,wal_autocheckpoint_pages,1000,
mixed-pilots,20261003T002027Z-855bfe94,24,sqlite,journal_mode,WAL,
mixed-pilots,20261003T002027Z-855bfe94,24,sqlite,synchronous,NORMAL,
mixed-pilots,20261003T002027Z-855bfe94,24,sqlite,wal_autocheckpoint_pages,1000,
mixed-pilots,20261003T002027Z-855bfe94,25,sqlite,journal_mode,WAL,
mixed-pilots,20261003T002027Z-855bfe94,25,sqlite,synchronous,NORMAL,
mixed-pilots,20261003T002027Z-855bfe94,25,sqlite,wal_autocheckpoint_pages,1000,
mixed-pilots,20261003T002027Z-855bfe94,26,sqlite,journal_mode,WAL,
mixed-pilots,20261003T002027Z-855bfe94,26,sqlite,synchronous,NORMAL,
mixed-pilots,20261003T002027Z-855bfe94,26,sqlite,wal_autocheckpoint_pages,1000,
mixed-pilots,20261003T002027Z-855bfe94,27,sqlite,journal_mode,WAL,
mixed-pilots,20261003T002027Z-855bfe94,27,sqlite,synchronous,NORMAL,
mixed-pilots,20261003T002027Z-855bfe94,27,sqlite,wal_autocheckpoint_pages,1000,
mixed-pilots,20261003T002027Z-855bfe94,28,sqlite,journal_mode,WAL,
mixed-pilots,20261003T002027Z-855bfe94,28,sqlite,synchronous,NORMAL,
mixed-pilots,20261003T002027Z-855bfe94,28,sqlite,wal_autocheckpoint_pages,1000,
mixed-pilots,20261003T002027Z-855bfe94,29,sqlite,journal_mode,WAL,
mixed-pilots,20261003T002027Z-855bfe94,29,sqlite,synchronous,NORMAL,
mixed-pilots,20261003T002027Z-855bfe94,29,sqlite,wal_autocheckpoint_pages,1000,
mixed-pilots,20261003T002027Z-855bfe94,30,sqlite,journal_mode,WAL,
mixed-pilots,20261003T002027Z-855bfe94,30,sqlite,synchronous,NORMAL,
mixed-pilots,20261003T002027Z-855bfe94,30,sqlite,wal_autocheckpoint_pages,1000,
mixed-pilots,20261003T002027Z-855bfe94,31,sqlite,journal_mode,WAL,
mixed-pilots,20261003T002027Z-855bfe94,31,sqlite,synchronous,NORMAL,
mixed-pilots,20261003T002027Z-855bfe94,31,sqlite,wal_autocheckpoint_pages,1000,
mixed-pilots,20261003T002027Z-855bfe94,32,sqlite,journal_mode,WAL,
mixed-pilots,20261003T002027Z-855bfe94,32,sqlite,synchronous,NORMAL,
mixed-pilots,20261003T002027Z-855bfe94,32,sqlite,wal_autocheckpoint_pages,1000,
mixed-pilots,20261003T002027Z-855bfe94,33,sqlite,journal_mode,WAL,
mixed-pilots,20261003T002027Z-855bfe94,33,sqlite,synchronous,NORMAL,
mixed-pilots,20261003T002027Z-855bfe94,33,sqlite,wal_autocheckpoint_pages,1000,
mixed-pilots,20261003T002027Z-855bfe94,34,sqlite,journal_mode,WAL,
mixed-pilots,20261003T002027Z-855bfe94,34,sqlite,synchronous,NORMAL,
mixed-pilots,20261003T002027Z-855bfe94,34,sqlite,wal_autocheckpoint_pages,1000,
mixed-pilots,20261003T002027Z-855bfe94,35,sqlite,journal_mode,WAL,
mixed-pilots,20261003T002027Z-855bfe94,35,sqlite,synchronous,NORMAL,
mixed-pilots,20261003T002027Z-855bfe94,35,sqlite,wal_autocheckpoint_pages,1000,
mixed-pilots,20261003T002027Z-855bfe94,36,sqlite,journal_mode,WAL,
mixed-pilots,20261003T002027Z-855bfe94,36,sqlite,synchronous,NORMAL,
mixed-pilots,20261003T002027Z-855bfe94,36,sqlite,wal_autocheckpoint_pages,1000,
mixed-pilots,20261003T003214Z-8ea12bd9,1,postgresql,autovacuum,on,
mixed-pilots,20261003T003214Z-8ea12bd9,1,postgresql,checkpoint_timeout,300,s
mixed-pilots,20261003T003214Z-8ea12bd9,1,postgresql,data_directory,/pgwork/data,
mixed-pilots,20261003T003214Z-8ea12bd9,1,postgresql,fsync,on,
mixed-pilots,20261003T003214Z-8ea12bd9,1,postgresql,full_page_writes,on,
mixed-pilots,20261003T003214Z-8ea12bd9,1,postgresql,listen_addresses,,
mixed-pilots,20261003T003214Z-8ea12bd9,1,postgresql,max_connections,100,
mixed-pilots,20261003T003214Z-8ea12bd9,1,postgresql,max_wal_size,1024,MB
mixed-pilots,20261003T003214Z-8ea12bd9,1,postgresql,shared_buffers,16384,8kB
mixed-pilots,20261003T003214Z-8ea12bd9,1,postgresql,synchronous_commit,on,
mixed-pilots,20261003T003214Z-8ea12bd9,1,postgresql,unix_socket_directories,/pgsocket,
mixed-pilots,20261003T003214Z-8ea12bd9,2,postgresql,autovacuum,on,
mixed-pilots,20261003T003214Z-8ea12bd9,2,postgresql,checkpoint_timeout,300,s
mixed-pilots,20261003T003214Z-8ea12bd9,2,postgresql,data_directory,/pgwork/data,
mixed-pilots,20261003T003214Z-8ea12bd9,2,postgresql,fsync,on,
mixed-pilots,20261003T003214Z-8ea12bd9,2,postgresql,full_page_writes,on,
mixed-pilots,20261003T003214Z-8ea12bd9,2,postgresql,listen_addresses,,
mixed-pilots,20261003T003214Z-8ea12bd9,2,postgresql,max_connections,100,
mixed-pilots,20261003T003214Z-8ea12bd9,2,postgresql,max_wal_size,1024,MB
mixed-pilots,20261003T003214Z-8ea12bd9,2,postgresql,shared_buffers,16384,8kB
mixed-pilots,20261003T003214Z-8ea12bd9,2,postgresql,synchronous_commit,on,
mixed-pilots,20261003T003214Z-8ea12bd9,2,postgresql,unix_socket_directories,/pgsocket,
mixed-pilots,20261003T003214Z-8ea12bd9,3,postgresql,autovacuum,on,
mixed-pilots,20261003T003214Z-8ea12bd9,3,postgresql,checkpoint_timeout,300,s
mixed-pilots,20261003T003214Z-8ea12bd9,3,postgresql,data_directory,/pgwork/data,
mixed-pilots,20261003T003214Z-8ea12bd9,3,postgresql,fsync,on,
mixed-pilots,20261003T003214Z-8ea12bd9,3,postgresql,full_page_writes,on,
mixed-pilots,20261003T003214Z-8ea12bd9,3,postgresql,listen_addresses,,
mixed-pilots,20261003T003214Z-8ea12bd9,3,postgresql,max_connections,100,
mixed-pilots,20261003T003214Z-8ea12bd9,3,postgresql,max_wal_size,1024,MB
mixed-pilots,20261003T003214Z-8ea12bd9,3,postgresql,shared_buffers,16384,8kB
mixed-pilots,20261003T003214Z-8ea12bd9,3,postgresql,synchronous_commit,on,
mixed-pilots,20261003T003214Z-8ea12bd9,3,postgresql,unix_socket_directories,/pgsocket,
mixed-pilots,20261003T003214Z-8ea12bd9,4,postgresql,autovacuum,on,
mixed-pilots,20261003T003214Z-8ea12bd9,4,postgresql,checkpoint_timeout,300,s
mixed-pilots,20261003T003214Z-8ea12bd9,4,postgresql,data_directory,/pgwork/data,
mixed-pilots,20261003T003214Z-8ea12bd9,4,postgresql,fsync,on,
mixed-pilots,20261003T003214Z-8ea12bd9,4,postgresql,full_page_writes,on,
mixed-pilots,20261003T003214Z-8ea12bd9,4,postgresql,listen_addresses,,
mixed-pilots,20261003T003214Z-8ea12bd9,4,postgresql,max_connections,100,
mixed-pilots,20261003T003214Z-8ea12bd9,4,postgresql,max_wal_size,1024,MB
mixed-pilots,20261003T003214Z-8ea12bd9,4,postgresql,shared_buffers,16384,8kB
mixed-pilots,20261003T003214Z-8ea12bd9,4,postgresql,synchronous_commit,on,
mixed-pilots,20261003T003214Z-8ea12bd9,4,postgresql,unix_socket_directories,/pgsocket,
mixed-pilots,20261003T003214Z-8ea12bd9,5,postgresql,autovacuum,on,
mixed-pilots,20261003T003214Z-8ea12bd9,5,postgresql,checkpoint_timeout,300,s
mixed-pilots,20261003T003214Z-8ea12bd9,5,postgresql,data_directory,/pgwork/data,
mixed-pilots,20261003T003214Z-8ea12bd9,5,postgresql,fsync,on,
mixed-pilots,20261003T003214Z-8ea12bd9,5,postgresql,full_page_writes,on,
mixed-pilots,20261003T003214Z-8ea12bd9,5,postgresql,listen_addresses,,
mixed-pilots,20261003T003214Z-8ea12bd9,5,postgresql,max_connections,100,
mixed-pilots,20261003T003214Z-8ea12bd9,5,postgresql,max_wal_size,1024,MB
mixed-pilots,20261003T003214Z-8ea12bd9,5,postgresql,shared_buffers,16384,8kB
mixed-pilots,20261003T003214Z-8ea12bd9,5,postgresql,synchronous_commit,on,
mixed-pilots,20261003T003214Z-8ea12bd9,5,postgresql,unix_socket_directories,/pgsocket,
mixed-pilots,20261003T003214Z-8ea12bd9,6,postgresql,autovacuum,on,
mixed-pilots,20261003T003214Z-8ea12bd9,6,postgresql,checkpoint_timeout,300,s
mixed-pilots,20261003T003214Z-8ea12bd9,6,postgresql,data_directory,/pgwork/data,
mixed-pilots,20261003T003214Z-8ea12bd9,6,postgresql,fsync,on,
mixed-pilots,20261003T003214Z-8ea12bd9,6,postgresql,full_page_writes,on,
mixed-pilots,20261003T003214Z-8ea12bd9,6,postgresql,listen_addresses,,
mixed-pilots,20261003T003214Z-8ea12bd9,6,postgresql,max_connections,100,
mixed-pilots,20261003T003214Z-8ea12bd9,6,postgresql,max_wal_size,1024,MB
mixed-pilots,20261003T003214Z-8ea12bd9,6,postgresql,shared_buffers,16384,8kB
mixed-pilots,20261003T003214Z-8ea12bd9,6,postgresql,synchronous_commit,on,
mixed-pilots,20261003T003214Z-8ea12bd9,6,postgresql,unix_socket_directories,/pgsocket,
mixed-pilots,20261003T003214Z-8ea12bd9,7,postgresql,autovacuum,on,
mixed-pilots,20261003T003214Z-8ea12bd9,7,postgresql,checkpoint_timeout,300,s
mixed-pilots,20261003T003214Z-8ea12bd9,7,postgresql,data_directory,/pgwork/data,
mixed-pilots,20261003T003214Z-8ea12bd9,7,postgresql,fsync,on,
mixed-pilots,20261003T003214Z-8ea12bd9,7,postgresql,full_page_writes,on,
mixed-pilots,20261003T003214Z-8ea12bd9,7,postgresql,listen_addresses,,
mixed-pilots,20261003T003214Z-8ea12bd9,7,postgresql,max_connections,100,
mixed-pilots,20261003T003214Z-8ea12bd9,7,postgresql,max_wal_size,1024,MB
mixed-pilots,20261003T003214Z-8ea12bd9,7,postgresql,shared_buffers,16384,8kB
mixed-pilots,20261003T003214Z-8ea12bd9,7,postgresql,synchronous_commit,on,
mixed-pilots,20261003T003214Z-8ea12bd9,7,postgresql,unix_socket_directories,/pgsocket,
mixed-pilots,20261003T003214Z-8ea12bd9,8,postgresql,autovacuum,on,
mixed-pilots,20261003T003214Z-8ea12bd9,8,postgresql,checkpoint_timeout,300,s
mixed-pilots,20261003T003214Z-8ea12bd9,8,postgresql,data_directory,/pgwork/data,
mixed-pilots,20261003T003214Z-8ea12bd9,8,postgresql,fsync,on,
mixed-pilots,20261003T003214Z-8ea12bd9,8,postgresql,full_page_writes,on,
mixed-pilots,20261003T003214Z-8ea12bd9,8,postgresql,listen_addresses,,
mixed-pilots,20261003T003214Z-8ea12bd9,8,postgresql,max_connections,100,
mixed-pilots,20261003T003214Z-8ea12bd9,8,postgresql,max_wal_size,1024,MB
mixed-pilots,20261003T003214Z-8ea12bd9,8,postgresql,shared_buffers,16384,8kB
mixed-pilots,20261003T003214Z-8ea12bd9,8,postgresql,synchronous_commit,on,
mixed-pilots,20261003T003214Z-8ea12bd9,8,postgresql,unix_socket_directories,/pgsocket,
mixed-pilots,20261003T003214Z-8ea12bd9,9,postgresql,autovacuum,on,
mixed-pilots,20261003T003214Z-8ea12bd9,9,postgresql,checkpoint_timeout,300,s
mixed-pilots,20261003T003214Z-8ea12bd9,9,postgresql,data_directory,/pgwork/data,
mixed-pilots,20261003T003214Z-8ea12bd9,9,postgresql,fsync,on,
mixed-pilots,20261003T003214Z-8ea12bd9,9,postgresql,full_page_writes,on,
mixed-pilots,20261003T003214Z-8ea12bd9,9,postgresql,listen_addresses,,
mixed-pilots,20261003T003214Z-8ea12bd9,9,postgresql,max_connections,100,
mixed-pilots,20261003T003214Z-8ea12bd9,9,postgresql,max_wal_size,1024,MB
mixed-pilots,20261003T003214Z-8ea12bd9,9,postgresql,shared_buffers,16384,8kB
mixed-pilots,20261003T003214Z-8ea12bd9,9,postgresql,synchronous_commit,on,
mixed-pilots,20261003T003214Z-8ea12bd9,9,postgresql,unix_socket_directories,/pgsocket,
mixed-pilots,20261003T003214Z-8ea12bd9,10,postgresql,autovacuum,on,
mixed-pilots,20261003T003214Z-8ea12bd9,10,postgresql,checkpoint_timeout,300,s
mixed-pilots,20261003T003214Z-8ea12bd9,10,postgresql,data_directory,/pgwork/data,
mixed-pilots,20261003T003214Z-8ea12bd9,10,postgresql,fsync,on,
mixed-pilots,20261003T003214Z-8ea12bd9,10,postgresql,full_page_writes,on,
mixed-pilots,20261003T003214Z-8ea12bd9,10,postgresql,listen_addresses,,
mixed-pilots,20261003T003214Z-8ea12bd9,10,postgresql,max_connections,100,
mixed-pilots,20261003T003214Z-8ea12bd9,10,postgresql,max_wal_size,1024,MB
mixed-pilots,20261003T003214Z-8ea12bd9,10,postgresql,shared_buffers,16384,8kB
mixed-pilots,20261003T003214Z-8ea12bd9,10,postgresql,synchronous_commit,on,
mixed-pilots,20261003T003214Z-8ea12bd9,10,postgresql,unix_socket_directories,/pgsocket,
mixed-pilots,20261003T003214Z-8ea12bd9,11,postgresql,autovacuum,on,
mixed-pilots,20261003T003214Z-8ea12bd9,11,postgresql,checkpoint_timeout,300,s
mixed-pilots,20261003T003214Z-8ea12bd9,11,postgresql,data_directory,/pgwork/data,
mixed-pilots,20261003T003214Z-8ea12bd9,11,postgresql,fsync,on,
mixed-pilots,20261003T003214Z-8ea12bd9,11,postgresql,full_page_writes,on,
mixed-pilots,20261003T003214Z-8ea12bd9,11,postgresql,listen_addresses,,
mixed-pilots,20261003T003214Z-8ea12bd9,11,postgresql,max_connections,100,
mixed-pilots,20261003T003214Z-8ea12bd9,11,postgresql,max_wal_size,1024,MB
mixed-pilots,20261003T003214Z-8ea12bd9,11,postgresql,shared_buffers,16384,8kB
mixed-pilots,20261003T003214Z-8ea12bd9,11,postgresql,synchronous_commit,on,
mixed-pilots,20261003T003214Z-8ea12bd9,11,postgresql,unix_socket_directories,/pgsocket,
mixed-pilots,20261003T003214Z-8ea12bd9,12,postgresql,autovacuum,on,
mixed-pilots,20261003T003214Z-8ea12bd9,12,postgresql,checkpoint_timeout,300,s
mixed-pilots,20261003T003214Z-8ea12bd9,12,postgresql,data_directory,/pgwork/data,
mixed-pilots,20261003T003214Z-8ea12bd9,12,postgresql,fsync,on,
mixed-pilots,20261003T003214Z-8ea12bd9,12,postgresql,full_page_writes,on,
mixed-pilots,20261003T003214Z-8ea12bd9,12,postgresql,listen_addresses,,
mixed-pilots,20261003T003214Z-8ea12bd9,12,postgresql,max_connections,100,
mixed-pilots,20261003T003214Z-8ea12bd9,12,postgresql,max_wal_size,1024,MB
mixed-pilots,20261003T003214Z-8ea12bd9,12,postgresql,shared_buffers,16384,8kB
mixed-pilots,20261003T003214Z-8ea12bd9,12,postgresql,synchronous_commit,on,
mixed-pilots,20261003T003214Z-8ea12bd9,12,postgresql,unix_socket_directories,/pgsocket,
mixed-pilots,20261003T003214Z-8ea12bd9,13,postgresql,autovacuum,on,
mixed-pilots,20261003T003214Z-8ea12bd9,13,postgresql,checkpoint_timeout,300,s
mixed-pilots,20261003T003214Z-8ea12bd9,13,postgresql,data_directory,/pgwork/data,
mixed-pilots,20261003T003214Z-8ea12bd9,13,postgresql,fsync,on,
mixed-pilots,20261003T003214Z-8ea12bd9,13,postgresql,full_page_writes,on,
mixed-pilots,20261003T003214Z-8ea12bd9,13,postgresql,listen_addresses,,
mixed-pilots,20261003T003214Z-8ea12bd9,13,postgresql,max_connections,100,
mixed-pilots,20261003T003214Z-8ea12bd9,13,postgresql,max_wal_size,1024,MB
mixed-pilots,20261003T003214Z-8ea12bd9,13,postgresql,shared_buffers,16384,8kB
mixed-pilots,20261003T003214Z-8ea12bd9,13,postgresql,synchronous_commit,on,
mixed-pilots,20261003T003214Z-8ea12bd9,13,postgresql,unix_socket_directories,/pgsocket,
mixed-pilots,20261003T003214Z-8ea12bd9,14,postgresql,autovacuum,on,
mixed-pilots,20261003T003214Z-8ea12bd9,14,postgresql,checkpoint_timeout,300,s
mixed-pilots,20261003T003214Z-8ea12bd9,14,postgresql,data_directory,/pgwork/data,
mixed-pilots,20261003T003214Z-8ea12bd9,14,postgresql,fsync,on,
mixed-pilots,20261003T003214Z-8ea12bd9,14,postgresql,full_page_writes,on,
mixed-pilots,20261003T003214Z-8ea12bd9,14,postgresql,listen_addresses,,
mixed-pilots,20261003T003214Z-8ea12bd9,14,postgresql,max_connections,100,
mixed-pilots,20261003T003214Z-8ea12bd9,14,postgresql,max_wal_size,1024,MB
mixed-pilots,20261003T003214Z-8ea12bd9,14,postgresql,shared_buffers,16384,8kB
mixed-pilots,20261003T003214Z-8ea12bd9,14,postgresql,synchronous_commit,on,
mixed-pilots,20261003T003214Z-8ea12bd9,14,postgresql,unix_socket_directories,/pgsocket,
mixed-pilots,20261003T003214Z-8ea12bd9,15,postgresql,autovacuum,on,
mixed-pilots,20261003T003214Z-8ea12bd9,15,postgresql,checkpoint_timeout,300,s
mixed-pilots,20261003T003214Z-8ea12bd9,15,postgresql,data_directory,/pgwork/data,
mixed-pilots,20261003T003214Z-8ea12bd9,15,postgresql,fsync,on,
mixed-pilots,20261003T003214Z-8ea12bd9,15,postgresql,full_page_writes,on,
mixed-pilots,20261003T003214Z-8ea12bd9,15,postgresql,listen_addresses,,
mixed-pilots,20261003T003214Z-8ea12bd9,15,postgresql,max_connections,100,
mixed-pilots,20261003T003214Z-8ea12bd9,15,postgresql,max_wal_size,1024,MB
mixed-pilots,20261003T003214Z-8ea12bd9,15,postgresql,shared_buffers,16384,8kB
mixed-pilots,20261003T003214Z-8ea12bd9,15,postgresql,synchronous_commit,on,
mixed-pilots,20261003T003214Z-8ea12bd9,15,postgresql,unix_socket_directories,/pgsocket,
mixed-pilots,20261003T003214Z-8ea12bd9,16,postgresql,autovacuum,on,
mixed-pilots,20261003T003214Z-8ea12bd9,16,postgresql,checkpoint_timeout,300,s
mixed-pilots,20261003T003214Z-8ea12bd9,16,postgresql,data_directory,/pgwork/data,
mixed-pilots,20261003T003214Z-8ea12bd9,16,postgresql,fsync,on,
mixed-pilots,20261003T003214Z-8ea12bd9,16,postgresql,full_page_writes,on,
mixed-pilots,20261003T003214Z-8ea12bd9,16,postgresql,listen_addresses,,
mixed-pilots,20261003T003214Z-8ea12bd9,16,postgresql,max_connections,100,
mixed-pilots,20261003T003214Z-8ea12bd9,16,postgresql,max_wal_size,1024,MB
mixed-pilots,20261003T003214Z-8ea12bd9,16,postgresql,shared_buffers,16384,8kB
mixed-pilots,20261003T003214Z-8ea12bd9,16,postgresql,synchronous_commit,on,
mixed-pilots,20261003T003214Z-8ea12bd9,16,postgresql,unix_socket_directories,/pgsocket,
mixed-pilots,20261003T003214Z-8ea12bd9,17,postgresql,autovacuum,on,
mixed-pilots,20261003T003214Z-8ea12bd9,17,postgresql,checkpoint_timeout,300,s
mixed-pilots,20261003T003214Z-8ea12bd9,17,postgresql,data_directory,/pgwork/data,
mixed-pilots,20261003T003214Z-8ea12bd9,17,postgresql,fsync,on,
mixed-pilots,20261003T003214Z-8ea12bd9,17,postgresql,full_page_writes,on,
mixed-pilots,20261003T003214Z-8ea12bd9,17,postgresql,listen_addresses,,
mixed-pilots,20261003T003214Z-8ea12bd9,17,postgresql,max_connections,100,
mixed-pilots,20261003T003214Z-8ea12bd9,17,postgresql,max_wal_size,1024,MB
mixed-pilots,20261003T003214Z-8ea12bd9,17,postgresql,shared_buffers,16384,8kB
mixed-pilots,20261003T003214Z-8ea12bd9,17,postgresql,synchronous_commit,on,
mixed-pilots,20261003T003214Z-8ea12bd9,17,postgresql,unix_socket_directories,/pgsocket,
mixed-pilots,20261003T003214Z-8ea12bd9,18,postgresql,autovacuum,on,
mixed-pilots,20261003T003214Z-8ea12bd9,18,postgresql,checkpoint_timeout,300,s
mixed-pilots,20261003T003214Z-8ea12bd9,18,postgresql,data_directory,/pgwork/data,
mixed-pilots,20261003T003214Z-8ea12bd9,18,postgresql,fsync,on,
mixed-pilots,20261003T003214Z-8ea12bd9,18,postgresql,full_page_writes,on,
mixed-pilots,20261003T003214Z-8ea12bd9,18,postgresql,listen_addresses,,
mixed-pilots,20261003T003214Z-8ea12bd9,18,postgresql,max_connections,100,
mixed-pilots,20261003T003214Z-8ea12bd9,18,postgresql,max_wal_size,1024,MB
mixed-pilots,20261003T003214Z-8ea12bd9,18,postgresql,shared_buffers,16384,8kB
mixed-pilots,20261003T003214Z-8ea12bd9,18,postgresql,synchronous_commit,on,
mixed-pilots,20261003T003214Z-8ea12bd9,18,postgresql,unix_socket_directories,/pgsocket,
mixed-pilots,20261003T003214Z-8ea12bd9,19,postgresql,autovacuum,on,
mixed-pilots,20261003T003214Z-8ea12bd9,19,postgresql,checkpoint_timeout,300,s
mixed-pilots,20261003T003214Z-8ea12bd9,19,postgresql,data_directory,/pgwork/data,
mixed-pilots,20261003T003214Z-8ea12bd9,19,postgresql,fsync,on,
mixed-pilots,20261003T003214Z-8ea12bd9,19,postgresql,full_page_writes,on,
mixed-pilots,20261003T003214Z-8ea12bd9,19,postgresql,listen_addresses,,
mixed-pilots,20261003T003214Z-8ea12bd9,19,postgresql,max_connections,100,
mixed-pilots,20261003T003214Z-8ea12bd9,19,postgresql,max_wal_size,1024,MB
mixed-pilots,20261003T003214Z-8ea12bd9,19,postgresql,shared_buffers,16384,8kB
mixed-pilots,20261003T003214Z-8ea12bd9,19,postgresql,synchronous_commit,on,
mixed-pilots,20261003T003214Z-8ea12bd9,19,postgresql,unix_socket_directories,/pgsocket,
mixed-pilots,20261003T003214Z-8ea12bd9,20,postgresql,autovacuum,on,
mixed-pilots,20261003T003214Z-8ea12bd9,20,postgresql,checkpoint_timeout,300,s
mixed-pilots,20261003T003214Z-8ea12bd9,20,postgresql,data_directory,/pgwork/data,
mixed-pilots,20261003T003214Z-8ea12bd9,20,postgresql,fsync,on,
mixed-pilots,20261003T003214Z-8ea12bd9,20,postgresql,full_page_writes,on,
mixed-pilots,20261003T003214Z-8ea12bd9,20,postgresql,listen_addresses,,
mixed-pilots,20261003T003214Z-8ea12bd9,20,postgresql,max_connections,100,
mixed-pilots,20261003T003214Z-8ea12bd9,20,postgresql,max_wal_size,1024,MB
mixed-pilots,20261003T003214Z-8ea12bd9,20,postgresql,shared_buffers,16384,8kB
mixed-pilots,20261003T003214Z-8ea12bd9,20,postgresql,synchronous_commit,on,
mixed-pilots,20261003T003214Z-8ea12bd9,20,postgresql,unix_socket_directories,/pgsocket,
mixed-pilots,20261003T003214Z-8ea12bd9,21,postgresql,autovacuum,on,
mixed-pilots,20261003T003214Z-8ea12bd9,21,postgresql,checkpoint_timeout,300,s
mixed-pilots,20261003T003214Z-8ea12bd9,21,postgresql,data_directory,/pgwork/data,
mixed-pilots,20261003T003214Z-8ea12bd9,21,postgresql,fsync,on,
mixed-pilots,20261003T003214Z-8ea12bd9,21,postgresql,full_page_writes,on,
mixed-pilots,20261003T003214Z-8ea12bd9,21,postgresql,listen_addresses,,
mixed-pilots,20261003T003214Z-8ea12bd9,21,postgresql,max_connections,100,
mixed-pilots,20261003T003214Z-8ea12bd9,21,postgresql,max_wal_size,1024,MB
mixed-pilots,20261003T003214Z-8ea12bd9,21,postgresql,shared_buffers,16384,8kB
mixed-pilots,20261003T003214Z-8ea12bd9,21,postgresql,synchronous_commit,on,
mixed-pilots,20261003T003214Z-8ea12bd9,21,postgresql,unix_socket_directories,/pgsocket,
mixed-pilots,20261003T003214Z-8ea12bd9,22,postgresql,autovacuum,on,
mixed-pilots,20261003T003214Z-8ea12bd9,22,postgresql,checkpoint_timeout,300,s
mixed-pilots,20261003T003214Z-8ea12bd9,22,postgresql,data_directory,/pgwork/data,
mixed-pilots,20261003T003214Z-8ea12bd9,22,postgresql,fsync,on,
mixed-pilots,20261003T003214Z-8ea12bd9,22,postgresql,full_page_writes,on,
mixed-pilots,20261003T003214Z-8ea12bd9,22,postgresql,listen_addresses,,
mixed-pilots,20261003T003214Z-8ea12bd9,22,postgresql,max_connections,100,
mixed-pilots,20261003T003214Z-8ea12bd9,22,postgresql,max_wal_size,1024,MB
mixed-pilots,20261003T003214Z-8ea12bd9,22,postgresql,shared_buffers,16384,8kB
mixed-pilots,20261003T003214Z-8ea12bd9,22,postgresql,synchronous_commit,on,
mixed-pilots,20261003T003214Z-8ea12bd9,22,postgresql,unix_socket_directories,/pgsocket,
mixed-pilots,20261003T003214Z-8ea12bd9,23,postgresql,autovacuum,on,
mixed-pilots,20261003T003214Z-8ea12bd9,23,postgresql,checkpoint_timeout,300,s
mixed-pilots,20261003T003214Z-8ea12bd9,23,postgresql,data_directory,/pgwork/data,
mixed-pilots,20261003T003214Z-8ea12bd9,23,postgresql,fsync,on,
mixed-pilots,20261003T003214Z-8ea12bd9,23,postgresql,full_page_writes,on,
mixed-pilots,20261003T003214Z-8ea12bd9,23,postgresql,listen_addresses,,
mixed-pilots,20261003T003214Z-8ea12bd9,23,postgresql,max_connections,100,
mixed-pilots,20261003T003214Z-8ea12bd9,23,postgresql,max_wal_size,1024,MB
mixed-pilots,20261003T003214Z-8ea12bd9,23,postgresql,shared_buffers,16384,8kB
mixed-pilots,20261003T003214Z-8ea12bd9,23,postgresql,synchronous_commit,on,
mixed-pilots,20261003T003214Z-8ea12bd9,23,postgresql,unix_socket_directories,/pgsocket,
mixed-pilots,20261003T003214Z-8ea12bd9,24,postgresql,autovacuum,on,
mixed-pilots,20261003T003214Z-8ea12bd9,24,postgresql,checkpoint_timeout,300,s
mixed-pilots,20261003T003214Z-8ea12bd9,24,postgresql,data_directory,/pgwork/data,
mixed-pilots,20261003T003214Z-8ea12bd9,24,postgresql,fsync,on,
mixed-pilots,20261003T003214Z-8ea12bd9,24,postgresql,full_page_writes,on,
mixed-pilots,20261003T003214Z-8ea12bd9,24,postgresql,listen_addresses,,
mixed-pilots,20261003T003214Z-8ea12bd9,24,postgresql,max_connections,100,
mixed-pilots,20261003T003214Z-8ea12bd9,24,postgresql,max_wal_size,1024,MB
mixed-pilots,20261003T003214Z-8ea12bd9,24,postgresql,shared_buffers,16384,8kB
mixed-pilots,20261003T003214Z-8ea12bd9,24,postgresql,synchronous_commit,on,
mixed-pilots,20261003T003214Z-8ea12bd9,24,postgresql,unix_socket_directories,/pgsocket,
mixed-pilots,20261003T003214Z-8ea12bd9,25,postgresql,autovacuum,on,
mixed-pilots,20261003T003214Z-8ea12bd9,25,postgresql,checkpoint_timeout,300,s
mixed-pilots,20261003T003214Z-8ea12bd9,25,postgresql,data_directory,/pgwork/data,
mixed-pilots,20261003T003214Z-8ea12bd9,25,postgresql,fsync,on,
mixed-pilots,20261003T003214Z-8ea12bd9,25,postgresql,full_page_writes,on,
mixed-pilots,20261003T003214Z-8ea12bd9,25,postgresql,listen_addresses,,
mixed-pilots,20261003T003214Z-8ea12bd9,25,postgresql,max_connections,100,
mixed-pilots,20261003T003214Z-8ea12bd9,25,postgresql,max_wal_size,1024,MB
mixed-pilots,20261003T003214Z-8ea12bd9,25,postgresql,shared_buffers,16384,8kB
mixed-pilots,20261003T003214Z-8ea12bd9,25,postgresql,synchronous_commit,on,
mixed-pilots,20261003T003214Z-8ea12bd9,25,postgresql,unix_socket_directories,/pgsocket,
mixed-pilots,20261003T003214Z-8ea12bd9,26,postgresql,autovacuum,on,
mixed-pilots,20261003T003214Z-8ea12bd9,26,postgresql,checkpoint_timeout,300,s
mixed-pilots,20261003T003214Z-8ea12bd9,26,postgresql,data_directory,/pgwork/data,
mixed-pilots,20261003T003214Z-8ea12bd9,26,postgresql,fsync,on,
mixed-pilots,20261003T003214Z-8ea12bd9,26,postgresql,full_page_writes,on,
mixed-pilots,20261003T003214Z-8ea12bd9,26,postgresql,listen_addresses,,
mixed-pilots,20261003T003214Z-8ea12bd9,26,postgresql,max_connections,100,
mixed-pilots,20261003T003214Z-8ea12bd9,26,postgresql,max_wal_size,1024,MB
mixed-pilots,20261003T003214Z-8ea12bd9,26,postgresql,shared_buffers,16384,8kB
mixed-pilots,20261003T003214Z-8ea12bd9,26,postgresql,synchronous_commit,on,
mixed-pilots,20261003T003214Z-8ea12bd9,26,postgresql,unix_socket_directories,/pgsocket,
mixed-pilots,20261003T003214Z-8ea12bd9,27,postgresql,autovacuum,on,
mixed-pilots,20261003T003214Z-8ea12bd9,27,postgresql,checkpoint_timeout,300,s
mixed-pilots,20261003T003214Z-8ea12bd9,27,postgresql,data_directory,/pgwork/data,
mixed-pilots,20261003T003214Z-8ea12bd9,27,postgresql,fsync,on,
mixed-pilots,20261003T003214Z-8ea12bd9,27,postgresql,full_page_writes,on,
mixed-pilots,20261003T003214Z-8ea12bd9,27,postgresql,listen_addresses,,
mixed-pilots,20261003T003214Z-8ea12bd9,27,postgresql,max_connections,100,
mixed-pilots,20261003T003214Z-8ea12bd9,27,postgresql,max_wal_size,1024,MB
mixed-pilots,20261003T003214Z-8ea12bd9,27,postgresql,shared_buffers,16384,8kB
mixed-pilots,20261003T003214Z-8ea12bd9,27,postgresql,synchronous_commit,on,
mixed-pilots,20261003T003214Z-8ea12bd9,27,postgresql,unix_socket_directories,/pgsocket,
mixed-pilots,20261003T003214Z-8ea12bd9,28,postgresql,autovacuum,on,
mixed-pilots,20261003T003214Z-8ea12bd9,28,postgresql,checkpoint_timeout,300,s
mixed-pilots,20261003T003214Z-8ea12bd9,28,postgresql,data_directory,/pgwork/data,
mixed-pilots,20261003T003214Z-8ea12bd9,28,postgresql,fsync,on,
mixed-pilots,20261003T003214Z-8ea12bd9,28,postgresql,full_page_writes,on,
mixed-pilots,20261003T003214Z-8ea12bd9,28,postgresql,listen_addresses,,
mixed-pilots,20261003T003214Z-8ea12bd9,28,postgresql,max_connections,100,
mixed-pilots,20261003T003214Z-8ea12bd9,28,postgresql,max_wal_size,1024,MB
mixed-pilots,20261003T003214Z-8ea12bd9,28,postgresql,shared_buffers,16384,8kB
mixed-pilots,20261003T003214Z-8ea12bd9,28,postgresql,synchronous_commit,on,
mixed-pilots,20261003T003214Z-8ea12bd9,28,postgresql,unix_socket_directories,/pgsocket,
mixed-pilots,20261003T003214Z-8ea12bd9,29,postgresql,autovacuum,on,
mixed-pilots,20261003T003214Z-8ea12bd9,29,postgresql,checkpoint_timeout,300,s
mixed-pilots,20261003T003214Z-8ea12bd9,29,postgresql,data_directory,/pgwork/data,
mixed-pilots,20261003T003214Z-8ea12bd9,29,postgresql,fsync,on,
mixed-pilots,20261003T003214Z-8ea12bd9,29,postgresql,full_page_writes,on,
mixed-pilots,20261003T003214Z-8ea12bd9,29,postgresql,listen_addresses,,
mixed-pilots,20261003T003214Z-8ea12bd9,29,postgresql,max_connections,100,
mixed-pilots,20261003T003214Z-8ea12bd9,29,postgresql,max_wal_size,1024,MB
mixed-pilots,20261003T003214Z-8ea12bd9,29,postgresql,shared_buffers,16384,8kB
mixed-pilots,20261003T003214Z-8ea12bd9,29,postgresql,synchronous_commit,on,
mixed-pilots,20261003T003214Z-8ea12bd9,29,postgresql,unix_socket_directories,/pgsocket,
mixed-pilots,20261003T003214Z-8ea12bd9,30,postgresql,autovacuum,on,
mixed-pilots,20261003T003214Z-8ea12bd9,30,postgresql,checkpoint_timeout,300,s
mixed-pilots,20261003T003214Z-8ea12bd9,30,postgresql,data_directory,/pgwork/data,
mixed-pilots,20261003T003214Z-8ea12bd9,30,postgresql,fsync,on,
mixed-pilots,20261003T003214Z-8ea12bd9,30,postgresql,full_page_writes,on,
mixed-pilots,20261003T003214Z-8ea12bd9,30,postgresql,listen_addresses,,
mixed-pilots,20261003T003214Z-8ea12bd9,30,postgresql,max_connections,100,
mixed-pilots,20261003T003214Z-8ea12bd9,30,postgresql,max_wal_size,1024,MB
mixed-pilots,20261003T003214Z-8ea12bd9,30,postgresql,shared_buffers,16384,8kB
mixed-pilots,20261003T003214Z-8ea12bd9,30,postgresql,synchronous_commit,on,
mixed-pilots,20261003T003214Z-8ea12bd9,30,postgresql,unix_socket_directories,/pgsocket,
mixed-pilots,20261003T003214Z-8ea12bd9,31,postgresql,autovacuum,on,
mixed-pilots,20261003T003214Z-8ea12bd9,31,postgresql,checkpoint_timeout,300,s
mixed-pilots,20261003T003214Z-8ea12bd9,31,postgresql,data_directory,/pgwork/data,
mixed-pilots,20261003T003214Z-8ea12bd9,31,postgresql,fsync,on,
mixed-pilots,20261003T003214Z-8ea12bd9,31,postgresql,full_page_writes,on,
mixed-pilots,20261003T003214Z-8ea12bd9,31,postgresql,listen_addresses,,
mixed-pilots,20261003T003214Z-8ea12bd9,31,postgresql,max_connections,100,
mixed-pilots,20261003T003214Z-8ea12bd9,31,postgresql,max_wal_size,1024,MB
mixed-pilots,20261003T003214Z-8ea12bd9,31,postgresql,shared_buffers,16384,8kB
mixed-pilots,20261003T003214Z-8ea12bd9,31,postgresql,synchronous_commit,on,
mixed-pilots,20261003T003214Z-8ea12bd9,31,postgresql,unix_socket_directories,/pgsocket,
mixed-pilots,20261003T003214Z-8ea12bd9,32,postgresql,autovacuum,on,
mixed-pilots,20261003T003214Z-8ea12bd9,32,postgresql,checkpoint_timeout,300,s
mixed-pilots,20261003T003214Z-8ea12bd9,32,postgresql,data_directory,/pgwork/data,
mixed-pilots,20261003T003214Z-8ea12bd9,32,postgresql,fsync,on,
mixed-pilots,20261003T003214Z-8ea12bd9,32,postgresql,full_page_writes,on,
mixed-pilots,20261003T003214Z-8ea12bd9,32,postgresql,listen_addresses,,
mixed-pilots,20261003T003214Z-8ea12bd9,32,postgresql,max_connections,100,
mixed-pilots,20261003T003214Z-8ea12bd9,32,postgresql,max_wal_size,1024,MB
mixed-pilots,20261003T003214Z-8ea12bd9,32,postgresql,shared_buffers,16384,8kB
mixed-pilots,20261003T003214Z-8ea12bd9,32,postgresql,synchronous_commit,on,
mixed-pilots,20261003T003214Z-8ea12bd9,32,postgresql,unix_socket_directories,/pgsocket,
mixed-pilots,20261003T003214Z-8ea12bd9,33,postgresql,autovacuum,on,
mixed-pilots,20261003T003214Z-8ea12bd9,33,postgresql,checkpoint_timeout,300,s
mixed-pilots,20261003T003214Z-8ea12bd9,33,postgresql,data_directory,/pgwork/data,
mixed-pilots,20261003T003214Z-8ea12bd9,33,postgresql,fsync,on,
mixed-pilots,20261003T003214Z-8ea12bd9,33,postgresql,full_page_writes,on,
mixed-pilots,20261003T003214Z-8ea12bd9,33,postgresql,listen_addresses,,
mixed-pilots,20261003T003214Z-8ea12bd9,33,postgresql,max_connections,100,
mixed-pilots,20261003T003214Z-8ea12bd9,33,postgresql,max_wal_size,1024,MB
mixed-pilots,20261003T003214Z-8ea12bd9,33,postgresql,shared_buffers,16384,8kB
mixed-pilots,20261003T003214Z-8ea12bd9,33,postgresql,synchronous_commit,on,
mixed-pilots,20261003T003214Z-8ea12bd9,33,postgresql,unix_socket_directories,/pgsocket,
mixed-pilots,20261003T003214Z-8ea12bd9,34,postgresql,autovacuum,on,
mixed-pilots,20261003T003214Z-8ea12bd9,34,postgresql,checkpoint_timeout,300,s
mixed-pilots,20261003T003214Z-8ea12bd9,34,postgresql,data_directory,/pgwork/data,
mixed-pilots,20261003T003214Z-8ea12bd9,34,postgresql,fsync,on,
mixed-pilots,20261003T003214Z-8ea12bd9,34,postgresql,full_page_writes,on,
mixed-pilots,20261003T003214Z-8ea12bd9,34,postgresql,listen_addresses,,
mixed-pilots,20261003T003214Z-8ea12bd9,34,postgresql,max_connections,100,
mixed-pilots,20261003T003214Z-8ea12bd9,34,postgresql,max_wal_size,1024,MB
mixed-pilots,20261003T003214Z-8ea12bd9,34,postgresql,shared_buffers,16384,8kB
mixed-pilots,20261003T003214Z-8ea12bd9,34,postgresql,synchronous_commit,on,
mixed-pilots,20261003T003214Z-8ea12bd9,34,postgresql,unix_socket_directories,/pgsocket,
mixed-pilots,20261003T003214Z-8ea12bd9,35,postgresql,autovacuum,on,
mixed-pilots,20261003T003214Z-8ea12bd9,35,postgresql,checkpoint_timeout,300,s
mixed-pilots,20261003T003214Z-8ea12bd9,35,postgresql,data_directory,/pgwork/data,
mixed-pilots,20261003T003214Z-8ea12bd9,35,postgresql,fsync,on,
mixed-pilots,20261003T003214Z-8ea12bd9,35,postgresql,full_page_writes,on,
mixed-pilots,20261003T003214Z-8ea12bd9,35,postgresql,listen_addresses,,
mixed-pilots,20261003T003214Z-8ea12bd9,35,postgresql,max_connections,100,
mixed-pilots,20261003T003214Z-8ea12bd9,35,postgresql,max_wal_size,1024,MB
mixed-pilots,20261003T003214Z-8ea12bd9,35,postgresql,shared_buffers,16384,8kB
mixed-pilots,20261003T003214Z-8ea12bd9,35,postgresql,synchronous_commit,on,
mixed-pilots,20261003T003214Z-8ea12bd9,35,postgresql,unix_socket_directories,/pgsocket,
mixed-pilots,20261003T003214Z-8ea12bd9,36,postgresql,autovacuum,on,
mixed-pilots,20261003T003214Z-8ea12bd9,36,postgresql,checkpoint_timeout,300,s
mixed-pilots,20261003T003214Z-8ea12bd9,36,postgresql,data_directory,/pgwork/data,
mixed-pilots,20261003T003214Z-8ea12bd9,36,postgresql,fsync,on,
mixed-pilots,20261003T003214Z-8ea12bd9,36,postgresql,full_page_writes,on,
mixed-pilots,20261003T003214Z-8ea12bd9,36,postgresql,listen_addresses,,
mixed-pilots,20261003T003214Z-8ea12bd9,36,postgresql,max_connections,100,
mixed-pilots,20261003T003214Z-8ea12bd9,36,postgresql,max_wal_size,1024,MB
mixed-pilots,20261003T003214Z-8ea12bd9,36,postgresql,shared_buffers,16384,8kB
mixed-pilots,20261003T003214Z-8ea12bd9,36,postgresql,synchronous_commit,on,
mixed-pilots,20261003T003214Z-8ea12bd9,36,postgresql,unix_socket_directories,/pgsocket,
mixed-pilots,20261003T003214Z-43920c71,1,influxdb,write_completion_policy,synchronous_HTTP_204_acknowledgements,
mixed-pilots,20261003T003214Z-43920c71,1,influxdb,server_wal_fsync_delay,0s,
mixed-pilots,20261003T003214Z-43920c71,1,influxdb,server_wal_flush_on_shutdown,True,
mixed-pilots,20261003T003214Z-43920c71,2,influxdb,write_completion_policy,synchronous_HTTP_204_acknowledgements,
mixed-pilots,20261003T003214Z-43920c71,2,influxdb,server_wal_fsync_delay,0s,
mixed-pilots,20261003T003214Z-43920c71,2,influxdb,server_wal_flush_on_shutdown,True,
mixed-pilots,20261003T003214Z-43920c71,3,influxdb,write_completion_policy,synchronous_HTTP_204_acknowledgements,
mixed-pilots,20261003T003214Z-43920c71,3,influxdb,server_wal_fsync_delay,0s,
mixed-pilots,20261003T003214Z-43920c71,3,influxdb,server_wal_flush_on_shutdown,True,
mixed-pilots,20261003T003214Z-43920c71,4,influxdb,write_completion_policy,synchronous_HTTP_204_acknowledgements,
mixed-pilots,20261003T003214Z-43920c71,4,influxdb,server_wal_fsync_delay,0s,
mixed-pilots,20261003T003214Z-43920c71,4,influxdb,server_wal_flush_on_shutdown,True,
mixed-pilots,20261003T003214Z-43920c71,5,influxdb,write_completion_policy,synchronous_HTTP_204_acknowledgements,
mixed-pilots,20261003T003214Z-43920c71,5,influxdb,server_wal_fsync_delay,0s,
mixed-pilots,20261003T003214Z-43920c71,5,influxdb,server_wal_flush_on_shutdown,True,
mixed-pilots,20261003T003214Z-43920c71,6,influxdb,write_completion_policy,synchronous_HTTP_204_acknowledgements,
mixed-pilots,20261003T003214Z-43920c71,6,influxdb,server_wal_fsync_delay,0s,
mixed-pilots,20261003T003214Z-43920c71,6,influxdb,server_wal_flush_on_shutdown,True,
mixed-pilots,20261003T003214Z-43920c71,7,influxdb,write_completion_policy,synchronous_HTTP_204_acknowledgements,
mixed-pilots,20261003T003214Z-43920c71,7,influxdb,server_wal_fsync_delay,0s,
mixed-pilots,20261003T003214Z-43920c71,7,influxdb,server_wal_flush_on_shutdown,True,
mixed-pilots,20261003T003214Z-43920c71,8,influxdb,write_completion_policy,synchronous_HTTP_204_acknowledgements,
mixed-pilots,20261003T003214Z-43920c71,8,influxdb,server_wal_fsync_delay,0s,
mixed-pilots,20261003T003214Z-43920c71,8,influxdb,server_wal_flush_on_shutdown,True,
mixed-pilots,20261003T003214Z-43920c71,9,influxdb,write_completion_policy,synchronous_HTTP_204_acknowledgements,
mixed-pilots,20261003T003214Z-43920c71,9,influxdb,server_wal_fsync_delay,0s,
mixed-pilots,20261003T003214Z-43920c71,9,influxdb,server_wal_flush_on_shutdown,True,
mixed-pilots,20261003T003214Z-43920c71,10,influxdb,write_completion_policy,synchronous_HTTP_204_acknowledgements,
mixed-pilots,20261003T003214Z-43920c71,10,influxdb,server_wal_fsync_delay,0s,
mixed-pilots,20261003T003214Z-43920c71,10,influxdb,server_wal_flush_on_shutdown,True,
mixed-pilots,20261003T003214Z-43920c71,11,influxdb,write_completion_policy,synchronous_HTTP_204_acknowledgements,
mixed-pilots,20261003T003214Z-43920c71,11,influxdb,server_wal_fsync_delay,0s,
mixed-pilots,20261003T003214Z-43920c71,11,influxdb,server_wal_flush_on_shutdown,True,
mixed-pilots,20261003T003214Z-43920c71,12,influxdb,write_completion_policy,synchronous_HTTP_204_acknowledgements,
mixed-pilots,20261003T003214Z-43920c71,12,influxdb,server_wal_fsync_delay,0s,
mixed-pilots,20261003T003214Z-43920c71,12,influxdb,server_wal_flush_on_shutdown,True,
mixed-pilots,20261003T003214Z-43920c71,13,influxdb,write_completion_policy,synchronous_HTTP_204_acknowledgements,
mixed-pilots,20261003T003214Z-43920c71,13,influxdb,server_wal_fsync_delay,0s,
mixed-pilots,20261003T003214Z-43920c71,13,influxdb,server_wal_flush_on_shutdown,True,
mixed-pilots,20261003T003214Z-43920c71,14,influxdb,write_completion_policy,synchronous_HTTP_204_acknowledgements,
mixed-pilots,20261003T003214Z-43920c71,14,influxdb,server_wal_fsync_delay,0s,
mixed-pilots,20261003T003214Z-43920c71,14,influxdb,server_wal_flush_on_shutdown,True,
mixed-pilots,20261003T003214Z-43920c71,15,influxdb,write_completion_policy,synchronous_HTTP_204_acknowledgements,
mixed-pilots,20261003T003214Z-43920c71,15,influxdb,server_wal_fsync_delay,0s,
mixed-pilots,20261003T003214Z-43920c71,15,influxdb,server_wal_flush_on_shutdown,True,
mixed-pilots,20261003T003214Z-43920c71,16,influxdb,write_completion_policy,synchronous_HTTP_204_acknowledgements,
mixed-pilots,20261003T003214Z-43920c71,16,influxdb,server_wal_fsync_delay,0s,
mixed-pilots,20261003T003214Z-43920c71,16,influxdb,server_wal_flush_on_shutdown,True,
mixed-pilots,20261003T003214Z-43920c71,17,influxdb,write_completion_policy,synchronous_HTTP_204_acknowledgements,
mixed-pilots,20261003T003214Z-43920c71,17,influxdb,server_wal_fsync_delay,0s,
mixed-pilots,20261003T003214Z-43920c71,17,influxdb,server_wal_flush_on_shutdown,True,
mixed-pilots,20261003T003214Z-43920c71,18,influxdb,write_completion_policy,synchronous_HTTP_204_acknowledgements,
mixed-pilots,20261003T003214Z-43920c71,18,influxdb,server_wal_fsync_delay,0s,
mixed-pilots,20261003T003214Z-43920c71,18,influxdb,server_wal_flush_on_shutdown,True,
mixed-pilots,20261003T003214Z-43920c71,19,influxdb,write_completion_policy,synchronous_HTTP_204_acknowledgements,
mixed-pilots,20261003T003214Z-43920c71,19,influxdb,server_wal_fsync_delay,0s,
mixed-pilots,20261003T003214Z-43920c71,19,influxdb,server_wal_flush_on_shutdown,True,
mixed-pilots,20261003T003214Z-43920c71,20,influxdb,write_completion_policy,synchronous_HTTP_204_acknowledgements,
mixed-pilots,20261003T003214Z-43920c71,20,influxdb,server_wal_fsync_delay,0s,
mixed-pilots,20261003T003214Z-43920c71,20,influxdb,server_wal_flush_on_shutdown,True,
mixed-pilots,20261003T003214Z-43920c71,21,influxdb,write_completion_policy,synchronous_HTTP_204_acknowledgements,
mixed-pilots,20261003T003214Z-43920c71,21,influxdb,server_wal_fsync_delay,0s,
mixed-pilots,20261003T003214Z-43920c71,21,influxdb,server_wal_flush_on_shutdown,True,
mixed-pilots,20261003T003214Z-43920c71,22,influxdb,write_completion_policy,synchronous_HTTP_204_acknowledgements,
mixed-pilots,20261003T003214Z-43920c71,22,influxdb,server_wal_fsync_delay,0s,
mixed-pilots,20261003T003214Z-43920c71,22,influxdb,server_wal_flush_on_shutdown,True,
mixed-pilots,20261003T003214Z-43920c71,23,influxdb,write_completion_policy,synchronous_HTTP_204_acknowledgements,
mixed-pilots,20261003T003214Z-43920c71,23,influxdb,server_wal_fsync_delay,0s,
mixed-pilots,20261003T003214Z-43920c71,23,influxdb,server_wal_flush_on_shutdown,True,
mixed-pilots,20261003T003214Z-43920c71,24,influxdb,write_completion_policy,synchronous_HTTP_204_acknowledgements,
mixed-pilots,20261003T003214Z-43920c71,24,influxdb,server_wal_fsync_delay,0s,
mixed-pilots,20261003T003214Z-43920c71,24,influxdb,server_wal_flush_on_shutdown,True,
mixed-pilots,20261003T003214Z-43920c71,25,influxdb,write_completion_policy,synchronous_HTTP_204_acknowledgements,
mixed-pilots,20261003T003214Z-43920c71,25,influxdb,server_wal_fsync_delay,0s,
mixed-pilots,20261003T003214Z-43920c71,25,influxdb,server_wal_flush_on_shutdown,True,
mixed-pilots,20261003T003214Z-43920c71,26,influxdb,write_completion_policy,synchronous_HTTP_204_acknowledgements,
mixed-pilots,20261003T003214Z-43920c71,26,influxdb,server_wal_fsync_delay,0s,
mixed-pilots,20261003T003214Z-43920c71,26,influxdb,server_wal_flush_on_shutdown,True,
mixed-pilots,20261003T003214Z-43920c71,27,influxdb,write_completion_policy,synchronous_HTTP_204_acknowledgements,
mixed-pilots,20261003T003214Z-43920c71,27,influxdb,server_wal_fsync_delay,0s,
mixed-pilots,20261003T003214Z-43920c71,27,influxdb,server_wal_flush_on_shutdown,True,
mixed-pilots,20261003T003214Z-43920c71,28,influxdb,write_completion_policy,synchronous_HTTP_204_acknowledgements,
mixed-pilots,20261003T003214Z-43920c71,28,influxdb,server_wal_fsync_delay,0s,
mixed-pilots,20261003T003214Z-43920c71,28,influxdb,server_wal_flush_on_shutdown,True,
mixed-pilots,20261003T003214Z-43920c71,29,influxdb,write_completion_policy,synchronous_HTTP_204_acknowledgements,
mixed-pilots,20261003T003214Z-43920c71,29,influxdb,server_wal_fsync_delay,0s,
mixed-pilots,20261003T003214Z-43920c71,29,influxdb,server_wal_flush_on_shutdown,True,
mixed-pilots,20261003T003214Z-43920c71,30,influxdb,write_completion_policy,synchronous_HTTP_204_acknowledgements,
mixed-pilots,20261003T003214Z-43920c71,30,influxdb,server_wal_fsync_delay,0s,
mixed-pilots,20261003T003214Z-43920c71,30,influxdb,server_wal_flush_on_shutdown,True,
mixed-pilots,20261003T003214Z-43920c71,31,influxdb,write_completion_policy,synchronous_HTTP_204_acknowledgements,
mixed-pilots,20261003T003214Z-43920c71,31,influxdb,server_wal_fsync_delay,0s,
mixed-pilots,20261003T003214Z-43920c71,31,influxdb,server_wal_flush_on_shutdown,True,
mixed-pilots,20261003T003214Z-43920c71,32,influxdb,write_completion_policy,synchronous_HTTP_204_acknowledgements,
mixed-pilots,20261003T003214Z-43920c71,32,influxdb,server_wal_fsync_delay,0s,
mixed-pilots,20261003T003214Z-43920c71,32,influxdb,server_wal_flush_on_shutdown,True,
mixed-pilots,20261003T003214Z-43920c71,33,influxdb,write_completion_policy,synchronous_HTTP_204_acknowledgements,
mixed-pilots,20261003T003214Z-43920c71,33,influxdb,server_wal_fsync_delay,0s,
mixed-pilots,20261003T003214Z-43920c71,33,influxdb,server_wal_flush_on_shutdown,True,
mixed-pilots,20261003T003214Z-43920c71,34,influxdb,write_completion_policy,synchronous_HTTP_204_acknowledgements,
mixed-pilots,20261003T003214Z-43920c71,34,influxdb,server_wal_fsync_delay,0s,
mixed-pilots,20261003T003214Z-43920c71,34,influxdb,server_wal_flush_on_shutdown,True,
mixed-pilots,20261003T003214Z-43920c71,35,influxdb,write_completion_policy,synchronous_HTTP_204_acknowledgements,
mixed-pilots,20261003T003214Z-43920c71,35,influxdb,server_wal_fsync_delay,0s,
mixed-pilots,20261003T003214Z-43920c71,35,influxdb,server_wal_flush_on_shutdown,True,
mixed-pilots,20261003T003214Z-43920c71,36,influxdb,write_completion_policy,synchronous_HTTP_204_acknowledgements,
mixed-pilots,20261003T003214Z-43920c71,36,influxdb,server_wal_fsync_delay,0s,
mixed-pilots,20261003T003214Z-43920c71,36,influxdb,server_wal_flush_on_shutdown,True,
size-calibration,20261003T055939Z-6d515e3f,1,sqlite,journal_mode,WAL,
size-calibration,20261003T055939Z-6d515e3f,1,sqlite,synchronous,NORMAL,
size-calibration,20261003T055939Z-6d515e3f,1,sqlite,wal_autocheckpoint_pages,1000,
size-calibration,20261003T055939Z-6d515e3f,2,sqlite,journal_mode,WAL,
size-calibration,20261003T055939Z-6d515e3f,2,sqlite,synchronous,NORMAL,
size-calibration,20261003T055939Z-6d515e3f,2,sqlite,wal_autocheckpoint_pages,1000,
size-calibration,20261003T055939Z-6d515e3f,3,sqlite,journal_mode,WAL,
size-calibration,20261003T055939Z-6d515e3f,3,sqlite,synchronous,NORMAL,
size-calibration,20261003T055939Z-6d515e3f,3,sqlite,wal_autocheckpoint_pages,1000,
size-calibration,20261003T055939Z-6d515e3f,4,sqlite,journal_mode,WAL,
size-calibration,20261003T055939Z-6d515e3f,4,sqlite,synchronous,NORMAL,
size-calibration,20261003T055939Z-6d515e3f,4,sqlite,wal_autocheckpoint_pages,1000,
size-calibration,20261003T060230Z-9e305dec,1,sqlite,journal_mode,WAL,
size-calibration,20261003T060230Z-9e305dec,1,sqlite,synchronous,NORMAL,
size-calibration,20261003T060230Z-9e305dec,1,sqlite,wal_autocheckpoint_pages,1000,
size-calibration,20261003T060230Z-9e305dec,2,sqlite,journal_mode,WAL,
size-calibration,20261003T060230Z-9e305dec,2,sqlite,synchronous,NORMAL,
size-calibration,20261003T060230Z-9e305dec,2,sqlite,wal_autocheckpoint_pages,1000,
size-calibration,20261003T060230Z-9e305dec,3,sqlite,journal_mode,WAL,
size-calibration,20261003T060230Z-9e305dec,3,sqlite,synchronous,NORMAL,
size-calibration,20261003T060230Z-9e305dec,3,sqlite,wal_autocheckpoint_pages,1000,
size-calibration,20261003T060230Z-9e305dec,4,sqlite,journal_mode,WAL,
size-calibration,20261003T060230Z-9e305dec,4,sqlite,synchronous,NORMAL,
size-calibration,20261003T060230Z-9e305dec,4,sqlite,wal_autocheckpoint_pages,1000,
size-calibration,20261003T060727Z-b1b430f0,1,sqlite,journal_mode,WAL,
size-calibration,20261003T060727Z-b1b430f0,1,sqlite,synchronous,NORMAL,
size-calibration,20261003T060727Z-b1b430f0,1,sqlite,wal_autocheckpoint_pages,1000,
size-calibration,20261003T060727Z-b1b430f0,2,sqlite,journal_mode,WAL,
size-calibration,20261003T060727Z-b1b430f0,2,sqlite,synchronous,NORMAL,
size-calibration,20261003T060727Z-b1b430f0,2,sqlite,wal_autocheckpoint_pages,1000,
size-calibration,20261003T060727Z-b1b430f0,3,sqlite,journal_mode,WAL,
size-calibration,20261003T060727Z-b1b430f0,3,sqlite,synchronous,NORMAL,
size-calibration,20261003T060727Z-b1b430f0,3,sqlite,wal_autocheckpoint_pages,1000,
size-calibration,20261003T060727Z-b1b430f0,4,sqlite,journal_mode,WAL,
size-calibration,20261003T060727Z-b1b430f0,4,sqlite,synchronous,NORMAL,
size-calibration,20261003T060727Z-b1b430f0,4,sqlite,wal_autocheckpoint_pages,1000,
size-calibration,20261003T055944Z-d1dc8140,1,sqlite,journal_mode,WAL,
size-calibration,20261003T055944Z-d1dc8140,1,sqlite,synchronous,NORMAL,
size-calibration,20261003T055944Z-d1dc8140,1,sqlite,wal_autocheckpoint_pages,1000,
size-calibration,20261003T055944Z-d1dc8140,2,sqlite,journal_mode,WAL,
size-calibration,20261003T055944Z-d1dc8140,2,sqlite,synchronous,NORMAL,
size-calibration,20261003T055944Z-d1dc8140,2,sqlite,wal_autocheckpoint_pages,1000,
size-calibration,20261003T055944Z-d1dc8140,3,sqlite,journal_mode,WAL,
size-calibration,20261003T055944Z-d1dc8140,3,sqlite,synchronous,NORMAL,
size-calibration,20261003T055944Z-d1dc8140,3,sqlite,wal_autocheckpoint_pages,1000,
size-calibration,20261003T055944Z-d1dc8140,4,sqlite,journal_mode,WAL,
size-calibration,20261003T055944Z-d1dc8140,4,sqlite,synchronous,NORMAL,
size-calibration,20261003T055944Z-d1dc8140,4,sqlite,wal_autocheckpoint_pages,1000,
size-calibration,20261003T060242Z-45072ce8,1,sqlite,journal_mode,WAL,
size-calibration,20261003T060242Z-45072ce8,1,sqlite,synchronous,NORMAL,
size-calibration,20261003T060242Z-45072ce8,1,sqlite,wal_autocheckpoint_pages,1000,
size-calibration,20261003T060242Z-45072ce8,2,sqlite,journal_mode,WAL,
size-calibration,20261003T060242Z-45072ce8,2,sqlite,synchronous,NORMAL,
size-calibration,20261003T060242Z-45072ce8,2,sqlite,wal_autocheckpoint_pages,1000,
size-calibration,20261003T060242Z-45072ce8,3,sqlite,journal_mode,WAL,
size-calibration,20261003T060242Z-45072ce8,3,sqlite,synchronous,NORMAL,
size-calibration,20261003T060242Z-45072ce8,3,sqlite,wal_autocheckpoint_pages,1000,
size-calibration,20261003T060242Z-45072ce8,4,sqlite,journal_mode,WAL,
size-calibration,20261003T060242Z-45072ce8,4,sqlite,synchronous,NORMAL,
size-calibration,20261003T060242Z-45072ce8,4,sqlite,wal_autocheckpoint_pages,1000,
size-calibration,20261003T060748Z-0f5e644c,1,sqlite,journal_mode,WAL,
size-calibration,20261003T060748Z-0f5e644c,1,sqlite,synchronous,NORMAL,
size-calibration,20261003T060748Z-0f5e644c,1,sqlite,wal_autocheckpoint_pages,1000,
size-calibration,20261003T060748Z-0f5e644c,2,sqlite,journal_mode,WAL,
size-calibration,20261003T060748Z-0f5e644c,2,sqlite,synchronous,NORMAL,
size-calibration,20261003T060748Z-0f5e644c,2,sqlite,wal_autocheckpoint_pages,1000,
size-calibration,20261003T060748Z-0f5e644c,3,sqlite,journal_mode,WAL,
size-calibration,20261003T060748Z-0f5e644c,3,sqlite,synchronous,NORMAL,
size-calibration,20261003T060748Z-0f5e644c,3,sqlite,wal_autocheckpoint_pages,1000,
size-calibration,20261003T060748Z-0f5e644c,4,sqlite,journal_mode,WAL,
size-calibration,20261003T060748Z-0f5e644c,4,sqlite,synchronous,NORMAL,
size-calibration,20261003T060748Z-0f5e644c,4,sqlite,wal_autocheckpoint_pages,1000,
size-calibration,20261003T081759Z-3ff47228,1,postgresql,autovacuum,on,
size-calibration,20261003T081759Z-3ff47228,1,postgresql,checkpoint_timeout,300,s
size-calibration,20261003T081759Z-3ff47228,1,postgresql,data_directory,/pgwork/data,
size-calibration,20261003T081759Z-3ff47228,1,postgresql,fsync,on,
size-calibration,20261003T081759Z-3ff47228,1,postgresql,full_page_writes,on,
size-calibration,20261003T081759Z-3ff47228,1,postgresql,listen_addresses,,
size-calibration,20261003T081759Z-3ff47228,1,postgresql,max_connections,100,
size-calibration,20261003T081759Z-3ff47228,1,postgresql,max_wal_size,1024,MB
size-calibration,20261003T081759Z-3ff47228,1,postgresql,shared_buffers,16384,8kB
size-calibration,20261003T081759Z-3ff47228,1,postgresql,synchronous_commit,on,
size-calibration,20261003T081759Z-3ff47228,1,postgresql,unix_socket_directories,/pgsocket,
size-calibration,20261003T081759Z-3ff47228,2,postgresql,autovacuum,on,
size-calibration,20261003T081759Z-3ff47228,2,postgresql,checkpoint_timeout,300,s
size-calibration,20261003T081759Z-3ff47228,2,postgresql,data_directory,/pgwork/data,
size-calibration,20261003T081759Z-3ff47228,2,postgresql,fsync,on,
size-calibration,20261003T081759Z-3ff47228,2,postgresql,full_page_writes,on,
size-calibration,20261003T081759Z-3ff47228,2,postgresql,listen_addresses,,
size-calibration,20261003T081759Z-3ff47228,2,postgresql,max_connections,100,
size-calibration,20261003T081759Z-3ff47228,2,postgresql,max_wal_size,1024,MB
size-calibration,20261003T081759Z-3ff47228,2,postgresql,shared_buffers,16384,8kB
size-calibration,20261003T081759Z-3ff47228,2,postgresql,synchronous_commit,on,
size-calibration,20261003T081759Z-3ff47228,2,postgresql,unix_socket_directories,/pgsocket,
size-calibration,20261003T081759Z-3ff47228,3,postgresql,autovacuum,on,
size-calibration,20261003T081759Z-3ff47228,3,postgresql,checkpoint_timeout,300,s
size-calibration,20261003T081759Z-3ff47228,3,postgresql,data_directory,/pgwork/data,
size-calibration,20261003T081759Z-3ff47228,3,postgresql,fsync,on,
size-calibration,20261003T081759Z-3ff47228,3,postgresql,full_page_writes,on,
size-calibration,20261003T081759Z-3ff47228,3,postgresql,listen_addresses,,
size-calibration,20261003T081759Z-3ff47228,3,postgresql,max_connections,100,
size-calibration,20261003T081759Z-3ff47228,3,postgresql,max_wal_size,1024,MB
size-calibration,20261003T081759Z-3ff47228,3,postgresql,shared_buffers,16384,8kB
size-calibration,20261003T081759Z-3ff47228,3,postgresql,synchronous_commit,on,
size-calibration,20261003T081759Z-3ff47228,3,postgresql,unix_socket_directories,/pgsocket,
size-calibration,20261003T081759Z-3ff47228,4,postgresql,autovacuum,on,
size-calibration,20261003T081759Z-3ff47228,4,postgresql,checkpoint_timeout,300,s
size-calibration,20261003T081759Z-3ff47228,4,postgresql,data_directory,/pgwork/data,
size-calibration,20261003T081759Z-3ff47228,4,postgresql,fsync,on,
size-calibration,20261003T081759Z-3ff47228,4,postgresql,full_page_writes,on,
size-calibration,20261003T081759Z-3ff47228,4,postgresql,listen_addresses,,
size-calibration,20261003T081759Z-3ff47228,4,postgresql,max_connections,100,
size-calibration,20261003T081759Z-3ff47228,4,postgresql,max_wal_size,1024,MB
size-calibration,20261003T081759Z-3ff47228,4,postgresql,shared_buffers,16384,8kB
size-calibration,20261003T081759Z-3ff47228,4,postgresql,synchronous_commit,on,
size-calibration,20261003T081759Z-3ff47228,4,postgresql,unix_socket_directories,/pgsocket,
size-calibration,20261003T082258Z-f9a51063,1,postgresql,autovacuum,on,
size-calibration,20261003T082258Z-f9a51063,1,postgresql,checkpoint_timeout,300,s
size-calibration,20261003T082258Z-f9a51063,1,postgresql,data_directory,/pgwork/data,
size-calibration,20261003T082258Z-f9a51063,1,postgresql,fsync,on,
size-calibration,20261003T082258Z-f9a51063,1,postgresql,full_page_writes,on,
size-calibration,20261003T082258Z-f9a51063,1,postgresql,listen_addresses,,
size-calibration,20261003T082258Z-f9a51063,1,postgresql,max_connections,100,
size-calibration,20261003T082258Z-f9a51063,1,postgresql,max_wal_size,1024,MB
size-calibration,20261003T082258Z-f9a51063,1,postgresql,shared_buffers,16384,8kB
size-calibration,20261003T082258Z-f9a51063,1,postgresql,synchronous_commit,on,
size-calibration,20261003T082258Z-f9a51063,1,postgresql,unix_socket_directories,/pgsocket,
size-calibration,20261003T082258Z-f9a51063,2,postgresql,autovacuum,on,
size-calibration,20261003T082258Z-f9a51063,2,postgresql,checkpoint_timeout,300,s
size-calibration,20261003T082258Z-f9a51063,2,postgresql,data_directory,/pgwork/data,
size-calibration,20261003T082258Z-f9a51063,2,postgresql,fsync,on,
size-calibration,20261003T082258Z-f9a51063,2,postgresql,full_page_writes,on,
size-calibration,20261003T082258Z-f9a51063,2,postgresql,listen_addresses,,
size-calibration,20261003T082258Z-f9a51063,2,postgresql,max_connections,100,
size-calibration,20261003T082258Z-f9a51063,2,postgresql,max_wal_size,1024,MB
size-calibration,20261003T082258Z-f9a51063,2,postgresql,shared_buffers,16384,8kB
size-calibration,20261003T082258Z-f9a51063,2,postgresql,synchronous_commit,on,
size-calibration,20261003T082258Z-f9a51063,2,postgresql,unix_socket_directories,/pgsocket,
size-calibration,20261003T082258Z-f9a51063,3,postgresql,autovacuum,on,
size-calibration,20261003T082258Z-f9a51063,3,postgresql,checkpoint_timeout,300,s
size-calibration,20261003T082258Z-f9a51063,3,postgresql,data_directory,/pgwork/data,
size-calibration,20261003T082258Z-f9a51063,3,postgresql,fsync,on,
size-calibration,20261003T082258Z-f9a51063,3,postgresql,full_page_writes,on,
size-calibration,20261003T082258Z-f9a51063,3,postgresql,listen_addresses,,
size-calibration,20261003T082258Z-f9a51063,3,postgresql,max_connections,100,
size-calibration,20261003T082258Z-f9a51063,3,postgresql,max_wal_size,1024,MB
size-calibration,20261003T082258Z-f9a51063,3,postgresql,shared_buffers,16384,8kB
size-calibration,20261003T082258Z-f9a51063,3,postgresql,synchronous_commit,on,
size-calibration,20261003T082258Z-f9a51063,3,postgresql,unix_socket_directories,/pgsocket,
size-calibration,20261003T082258Z-f9a51063,4,postgresql,autovacuum,on,
size-calibration,20261003T082258Z-f9a51063,4,postgresql,checkpoint_timeout,300,s
size-calibration,20261003T082258Z-f9a51063,4,postgresql,data_directory,/pgwork/data,
size-calibration,20261003T082258Z-f9a51063,4,postgresql,fsync,on,
size-calibration,20261003T082258Z-f9a51063,4,postgresql,full_page_writes,on,
size-calibration,20261003T082258Z-f9a51063,4,postgresql,listen_addresses,,
size-calibration,20261003T082258Z-f9a51063,4,postgresql,max_connections,100,
size-calibration,20261003T082258Z-f9a51063,4,postgresql,max_wal_size,1024,MB
size-calibration,20261003T082258Z-f9a51063,4,postgresql,shared_buffers,16384,8kB
size-calibration,20261003T082258Z-f9a51063,4,postgresql,synchronous_commit,on,
size-calibration,20261003T082258Z-f9a51063,4,postgresql,unix_socket_directories,/pgsocket,
size-calibration,20261003T082935Z-0c5b755d,1,postgresql,autovacuum,on,
size-calibration,20261003T082935Z-0c5b755d,1,postgresql,checkpoint_timeout,300,s
size-calibration,20261003T082935Z-0c5b755d,1,postgresql,data_directory,/pgwork/data,
size-calibration,20261003T082935Z-0c5b755d,1,postgresql,fsync,on,
size-calibration,20261003T082935Z-0c5b755d,1,postgresql,full_page_writes,on,
size-calibration,20261003T082935Z-0c5b755d,1,postgresql,listen_addresses,,
size-calibration,20261003T082935Z-0c5b755d,1,postgresql,max_connections,100,
size-calibration,20261003T082935Z-0c5b755d,1,postgresql,max_wal_size,1024,MB
size-calibration,20261003T082935Z-0c5b755d,1,postgresql,shared_buffers,16384,8kB
size-calibration,20261003T082935Z-0c5b755d,1,postgresql,synchronous_commit,on,
size-calibration,20261003T082935Z-0c5b755d,1,postgresql,unix_socket_directories,/pgsocket,
size-calibration,20261003T082935Z-0c5b755d,2,postgresql,autovacuum,on,
size-calibration,20261003T082935Z-0c5b755d,2,postgresql,checkpoint_timeout,300,s
size-calibration,20261003T082935Z-0c5b755d,2,postgresql,data_directory,/pgwork/data,
size-calibration,20261003T082935Z-0c5b755d,2,postgresql,fsync,on,
size-calibration,20261003T082935Z-0c5b755d,2,postgresql,full_page_writes,on,
size-calibration,20261003T082935Z-0c5b755d,2,postgresql,listen_addresses,,
size-calibration,20261003T082935Z-0c5b755d,2,postgresql,max_connections,100,
size-calibration,20261003T082935Z-0c5b755d,2,postgresql,max_wal_size,1024,MB
size-calibration,20261003T082935Z-0c5b755d,2,postgresql,shared_buffers,16384,8kB
size-calibration,20261003T082935Z-0c5b755d,2,postgresql,synchronous_commit,on,
size-calibration,20261003T082935Z-0c5b755d,2,postgresql,unix_socket_directories,/pgsocket,
size-calibration,20261003T082935Z-0c5b755d,3,postgresql,autovacuum,on,
size-calibration,20261003T082935Z-0c5b755d,3,postgresql,checkpoint_timeout,300,s
size-calibration,20261003T082935Z-0c5b755d,3,postgresql,data_directory,/pgwork/data,
size-calibration,20261003T082935Z-0c5b755d,3,postgresql,fsync,on,
size-calibration,20261003T082935Z-0c5b755d,3,postgresql,full_page_writes,on,
size-calibration,20261003T082935Z-0c5b755d,3,postgresql,listen_addresses,,
size-calibration,20261003T082935Z-0c5b755d,3,postgresql,max_connections,100,
size-calibration,20261003T082935Z-0c5b755d,3,postgresql,max_wal_size,1024,MB
size-calibration,20261003T082935Z-0c5b755d,3,postgresql,shared_buffers,16384,8kB
size-calibration,20261003T082935Z-0c5b755d,3,postgresql,synchronous_commit,on,
size-calibration,20261003T082935Z-0c5b755d,3,postgresql,unix_socket_directories,/pgsocket,
size-calibration,20261003T082935Z-0c5b755d,4,postgresql,autovacuum,on,
size-calibration,20261003T082935Z-0c5b755d,4,postgresql,checkpoint_timeout,300,s
size-calibration,20261003T082935Z-0c5b755d,4,postgresql,data_directory,/pgwork/data,
size-calibration,20261003T082935Z-0c5b755d,4,postgresql,fsync,on,
size-calibration,20261003T082935Z-0c5b755d,4,postgresql,full_page_writes,on,
size-calibration,20261003T082935Z-0c5b755d,4,postgresql,listen_addresses,,
size-calibration,20261003T082935Z-0c5b755d,4,postgresql,max_connections,100,
size-calibration,20261003T082935Z-0c5b755d,4,postgresql,max_wal_size,1024,MB
size-calibration,20261003T082935Z-0c5b755d,4,postgresql,shared_buffers,16384,8kB
size-calibration,20261003T082935Z-0c5b755d,4,postgresql,synchronous_commit,on,
size-calibration,20261003T082935Z-0c5b755d,4,postgresql,unix_socket_directories,/pgsocket,
size-calibration,20261004T060841Z-c0d87713,1,influxdb,write_completion_policy,synchronous_HTTP_204_acknowledgements,
size-calibration,20261004T060841Z-c0d87713,1,influxdb,server_wal_fsync_delay,0s,
size-calibration,20261004T060841Z-c0d87713,1,influxdb,server_wal_flush_on_shutdown,True,
size-calibration,20261004T060841Z-c0d87713,2,influxdb,write_completion_policy,synchronous_HTTP_204_acknowledgements,
size-calibration,20261004T060841Z-c0d87713,2,influxdb,server_wal_fsync_delay,0s,
size-calibration,20261004T060841Z-c0d87713,2,influxdb,server_wal_flush_on_shutdown,True,
size-calibration,20261004T060841Z-c0d87713,3,influxdb,write_completion_policy,synchronous_HTTP_204_acknowledgements,
size-calibration,20261004T060841Z-c0d87713,3,influxdb,server_wal_fsync_delay,0s,
size-calibration,20261004T060841Z-c0d87713,3,influxdb,server_wal_flush_on_shutdown,True,
size-calibration,20261004T060841Z-c0d87713,4,influxdb,write_completion_policy,synchronous_HTTP_204_acknowledgements,
size-calibration,20261004T060841Z-c0d87713,4,influxdb,server_wal_fsync_delay,0s,
size-calibration,20261004T060841Z-c0d87713,4,influxdb,server_wal_flush_on_shutdown,True,
size-calibration,20261004T062222Z-13d78fcb,1,influxdb,write_completion_policy,synchronous_HTTP_204_acknowledgements,
size-calibration,20261004T062222Z-13d78fcb,1,influxdb,server_wal_fsync_delay,0s,
size-calibration,20261004T062222Z-13d78fcb,1,influxdb,server_wal_flush_on_shutdown,True,
size-calibration,20261004T062222Z-13d78fcb,2,influxdb,write_completion_policy,synchronous_HTTP_204_acknowledgements,
size-calibration,20261004T062222Z-13d78fcb,2,influxdb,server_wal_fsync_delay,0s,
size-calibration,20261004T062222Z-13d78fcb,2,influxdb,server_wal_flush_on_shutdown,True,
size-calibration,20261004T062222Z-13d78fcb,3,influxdb,write_completion_policy,synchronous_HTTP_204_acknowledgements,
size-calibration,20261004T062222Z-13d78fcb,3,influxdb,server_wal_fsync_delay,0s,
size-calibration,20261004T062222Z-13d78fcb,3,influxdb,server_wal_flush_on_shutdown,True,
size-calibration,20261004T062222Z-13d78fcb,4,influxdb,write_completion_policy,synchronous_HTTP_204_acknowledgements,
size-calibration,20261004T062222Z-13d78fcb,4,influxdb,server_wal_fsync_delay,0s,
size-calibration,20261004T062222Z-13d78fcb,4,influxdb,server_wal_flush_on_shutdown,True,
size-calibration,20261004T063436Z-1653d036,1,influxdb,write_completion_policy,synchronous_HTTP_204_acknowledgements,
size-calibration,20261004T063436Z-1653d036,1,influxdb,server_wal_fsync_delay,0s,
size-calibration,20261004T063436Z-1653d036,1,influxdb,server_wal_flush_on_shutdown,True,
size-calibration,20261004T063436Z-1653d036,2,influxdb,write_completion_policy,synchronous_HTTP_204_acknowledgements,
size-calibration,20261004T063436Z-1653d036,2,influxdb,server_wal_fsync_delay,0s,
size-calibration,20261004T063436Z-1653d036,2,influxdb,server_wal_flush_on_shutdown,True,
size-calibration,20261004T063436Z-1653d036,3,influxdb,write_completion_policy,synchronous_HTTP_204_acknowledgements,
size-calibration,20261004T063436Z-1653d036,3,influxdb,server_wal_fsync_delay,0s,
size-calibration,20261004T063436Z-1653d036,3,influxdb,server_wal_flush_on_shutdown,True,
size-calibration,20261004T063436Z-1653d036,4,influxdb,write_completion_policy,synchronous_HTTP_204_acknowledgements,
size-calibration,20261004T063436Z-1653d036,4,influxdb,server_wal_fsync_delay,0s,
size-calibration,20261004T063436Z-1653d036,4,influxdb,server_wal_flush_on_shutdown,True,
system-measurements,20261004T200006Z-171542dc,1,sqlite,journal_mode,WAL,
system-measurements,20261004T200006Z-171542dc,1,sqlite,synchronous,NORMAL,
system-measurements,20261004T200006Z-171542dc,1,sqlite,wal_autocheckpoint_pages,1000,
system-measurements,20261004T200011Z-fef244e9,1,sqlite,journal_mode,WAL,
system-measurements,20261004T200011Z-fef244e9,1,sqlite,synchronous,NORMAL,
system-measurements,20261004T200011Z-fef244e9,1,sqlite,wal_autocheckpoint_pages,1000,
system-measurements,20261004T200018Z-32af285e,1,sqlite,journal_mode,WAL,
system-measurements,20261004T200018Z-32af285e,1,sqlite,synchronous,NORMAL,
system-measurements,20261004T200018Z-32af285e,1,sqlite,wal_autocheckpoint_pages,1000,
system-measurements,20261004T200021Z-1e255333,1,sqlite,journal_mode,WAL,
system-measurements,20261004T200021Z-1e255333,1,sqlite,synchronous,NORMAL,
system-measurements,20261004T200021Z-1e255333,1,sqlite,wal_autocheckpoint_pages,1000,
system-measurements,20261004T200035Z-8c5b9e40,1,sqlite,journal_mode,WAL,
system-measurements,20261004T200035Z-8c5b9e40,1,sqlite,synchronous,NORMAL,
system-measurements,20261004T200035Z-8c5b9e40,1,sqlite,wal_autocheckpoint_pages,1000,
system-measurements,20261004T200043Z-2d6cb803,1,sqlite,journal_mode,WAL,
system-measurements,20261004T200043Z-2d6cb803,1,sqlite,synchronous,NORMAL,
system-measurements,20261004T200043Z-2d6cb803,1,sqlite,wal_autocheckpoint_pages,1000,
system-measurements,20261004T200051Z-cc74949b,1,sqlite,journal_mode,WAL,
system-measurements,20261004T200051Z-cc74949b,1,sqlite,synchronous,NORMAL,
system-measurements,20261004T200051Z-cc74949b,1,sqlite,wal_autocheckpoint_pages,1000,
system-measurements,20261004T200055Z-5e046159,1,sqlite,journal_mode,WAL,
system-measurements,20261004T200055Z-5e046159,1,sqlite,synchronous,NORMAL,
system-measurements,20261004T200055Z-5e046159,1,sqlite,wal_autocheckpoint_pages,1000,
system-measurements,20261004T200103Z-2ab93974,1,postgresql,autovacuum,on,
system-measurements,20261004T200103Z-2ab93974,1,postgresql,checkpoint_timeout,300,s
system-measurements,20261004T200103Z-2ab93974,1,postgresql,data_directory,/pgwork/data,
system-measurements,20261004T200103Z-2ab93974,1,postgresql,fsync,on,
system-measurements,20261004T200103Z-2ab93974,1,postgresql,full_page_writes,on,
system-measurements,20261004T200103Z-2ab93974,1,postgresql,listen_addresses,,
system-measurements,20261004T200103Z-2ab93974,1,postgresql,max_connections,100,
system-measurements,20261004T200103Z-2ab93974,1,postgresql,max_wal_size,1024,MB
system-measurements,20261004T200103Z-2ab93974,1,postgresql,shared_buffers,16384,8kB
system-measurements,20261004T200103Z-2ab93974,1,postgresql,synchronous_commit,on,
system-measurements,20261004T200103Z-2ab93974,1,postgresql,unix_socket_directories,/pgsocket,
system-measurements,20261004T200124Z-22653ff3,1,postgresql,autovacuum,on,
system-measurements,20261004T200124Z-22653ff3,1,postgresql,checkpoint_timeout,300,s
system-measurements,20261004T200124Z-22653ff3,1,postgresql,data_directory,/pgwork/data,
system-measurements,20261004T200124Z-22653ff3,1,postgresql,fsync,on,
system-measurements,20261004T200124Z-22653ff3,1,postgresql,full_page_writes,on,
system-measurements,20261004T200124Z-22653ff3,1,postgresql,listen_addresses,,
system-measurements,20261004T200124Z-22653ff3,1,postgresql,max_connections,100,
system-measurements,20261004T200124Z-22653ff3,1,postgresql,max_wal_size,1024,MB
system-measurements,20261004T200124Z-22653ff3,1,postgresql,shared_buffers,16384,8kB
system-measurements,20261004T200124Z-22653ff3,1,postgresql,synchronous_commit,on,
system-measurements,20261004T200124Z-22653ff3,1,postgresql,unix_socket_directories,/pgsocket,
system-measurements,20261004T200139Z-754e7d16,1,postgresql,autovacuum,on,
system-measurements,20261004T200139Z-754e7d16,1,postgresql,checkpoint_timeout,300,s
system-measurements,20261004T200139Z-754e7d16,1,postgresql,data_directory,/pgwork/data,
system-measurements,20261004T200139Z-754e7d16,1,postgresql,fsync,on,
system-measurements,20261004T200139Z-754e7d16,1,postgresql,full_page_writes,on,
system-measurements,20261004T200139Z-754e7d16,1,postgresql,listen_addresses,,
system-measurements,20261004T200139Z-754e7d16,1,postgresql,max_connections,100,
system-measurements,20261004T200139Z-754e7d16,1,postgresql,max_wal_size,1024,MB
system-measurements,20261004T200139Z-754e7d16,1,postgresql,shared_buffers,16384,8kB
system-measurements,20261004T200139Z-754e7d16,1,postgresql,synchronous_commit,on,
system-measurements,20261004T200139Z-754e7d16,1,postgresql,unix_socket_directories,/pgsocket,
system-measurements,20261004T200153Z-60a7cadd,1,postgresql,autovacuum,on,
system-measurements,20261004T200153Z-60a7cadd,1,postgresql,checkpoint_timeout,300,s
system-measurements,20261004T200153Z-60a7cadd,1,postgresql,data_directory,/pgwork/data,
system-measurements,20261004T200153Z-60a7cadd,1,postgresql,fsync,on,
system-measurements,20261004T200153Z-60a7cadd,1,postgresql,full_page_writes,on,
system-measurements,20261004T200153Z-60a7cadd,1,postgresql,listen_addresses,,
system-measurements,20261004T200153Z-60a7cadd,1,postgresql,max_connections,100,
system-measurements,20261004T200153Z-60a7cadd,1,postgresql,max_wal_size,1024,MB
system-measurements,20261004T200153Z-60a7cadd,1,postgresql,shared_buffers,16384,8kB
system-measurements,20261004T200153Z-60a7cadd,1,postgresql,synchronous_commit,on,
system-measurements,20261004T200153Z-60a7cadd,1,postgresql,unix_socket_directories,/pgsocket,
system-measurements,20261004T200200Z-acde928d,1,influxdb,write_completion_policy,synchronous_HTTP_204_acknowledgements,
system-measurements,20261004T200200Z-acde928d,1,influxdb,server_wal_fsync_delay,0s,
system-measurements,20261004T200200Z-acde928d,1,influxdb,server_wal_flush_on_shutdown,True,
system-measurements,20261004T200340Z-c0699558,1,influxdb,write_completion_policy,synchronous_HTTP_204_acknowledgements,
system-measurements,20261004T200340Z-c0699558,1,influxdb,server_wal_fsync_delay,0s,
system-measurements,20261004T200340Z-c0699558,1,influxdb,server_wal_flush_on_shutdown,True,
system-measurements,20261004T200402Z-847e1eba,1,influxdb,write_completion_policy,synchronous_HTTP_204_acknowledgements,
system-measurements,20261004T200402Z-847e1eba,1,influxdb,server_wal_fsync_delay,0s,
system-measurements,20261004T200402Z-847e1eba,1,influxdb,server_wal_flush_on_shutdown,True,
system-measurements,20261004T200535Z-29409146,1,influxdb,write_completion_policy,synchronous_HTTP_204_acknowledgements,
system-measurements,20261004T200535Z-29409146,1,influxdb,server_wal_fsync_delay,0s,
system-measurements,20261004T200535Z-29409146,1,influxdb,server_wal_flush_on_shutdown,True,
system-measurements,20261004T200556Z-af9ec6df,1,sqlite,journal_mode,WAL,
system-measurements,20261004T200556Z-af9ec6df,1,sqlite,synchronous,NORMAL,
system-measurements,20261004T200556Z-af9ec6df,1,sqlite,wal_autocheckpoint_pages,1000,
system-measurements,20261004T200607Z-9a4c739c,1,sqlite,journal_mode,WAL,
system-measurements,20261004T200607Z-9a4c739c,1,sqlite,synchronous,NORMAL,
system-measurements,20261004T200607Z-9a4c739c,1,sqlite,wal_autocheckpoint_pages,1000,
system-measurements,20261004T200617Z-a110e4b9,1,sqlite,journal_mode,WAL,
system-measurements,20261004T200617Z-a110e4b9,1,sqlite,synchronous,NORMAL,
system-measurements,20261004T200617Z-a110e4b9,1,sqlite,wal_autocheckpoint_pages,1000,
system-measurements,20261004T200625Z-bc86e54f,1,sqlite,journal_mode,WAL,
system-measurements,20261004T200625Z-bc86e54f,1,sqlite,synchronous,NORMAL,
system-measurements,20261004T200625Z-bc86e54f,1,sqlite,wal_autocheckpoint_pages,1000,
system-measurements,20261004T200633Z-291d08a0,1,sqlite,journal_mode,WAL,
system-measurements,20261004T200633Z-291d08a0,1,sqlite,synchronous,NORMAL,
system-measurements,20261004T200633Z-291d08a0,1,sqlite,wal_autocheckpoint_pages,1000,
system-measurements,20261004T200646Z-a95a6a27,1,sqlite,journal_mode,WAL,
system-measurements,20261004T200646Z-a95a6a27,1,sqlite,synchronous,NORMAL,
system-measurements,20261004T200646Z-a95a6a27,1,sqlite,wal_autocheckpoint_pages,1000,
system-measurements,20261004T200655Z-636e3516,1,sqlite,journal_mode,WAL,
system-measurements,20261004T200655Z-636e3516,1,sqlite,synchronous,NORMAL,
system-measurements,20261004T200655Z-636e3516,1,sqlite,wal_autocheckpoint_pages,1000,
system-measurements,20261004T200704Z-8169296f,1,sqlite,journal_mode,WAL,
system-measurements,20261004T200704Z-8169296f,1,sqlite,synchronous,NORMAL,
system-measurements,20261004T200704Z-8169296f,1,sqlite,wal_autocheckpoint_pages,1000,
system-measurements,20261004T200712Z-c2ad9262,1,postgresql,autovacuum,on,
system-measurements,20261004T200712Z-c2ad9262,1,postgresql,checkpoint_timeout,300,s
system-measurements,20261004T200712Z-c2ad9262,1,postgresql,data_directory,/pgwork/data,
system-measurements,20261004T200712Z-c2ad9262,1,postgresql,fsync,on,
system-measurements,20261004T200712Z-c2ad9262,1,postgresql,full_page_writes,on,
system-measurements,20261004T200712Z-c2ad9262,1,postgresql,listen_addresses,,
system-measurements,20261004T200712Z-c2ad9262,1,postgresql,max_connections,100,
system-measurements,20261004T200712Z-c2ad9262,1,postgresql,max_wal_size,1024,MB
system-measurements,20261004T200712Z-c2ad9262,1,postgresql,shared_buffers,16384,8kB
system-measurements,20261004T200712Z-c2ad9262,1,postgresql,synchronous_commit,on,
system-measurements,20261004T200712Z-c2ad9262,1,postgresql,unix_socket_directories,/pgsocket,
system-measurements,20261004T200736Z-598d96e2,1,postgresql,autovacuum,on,
system-measurements,20261004T200736Z-598d96e2,1,postgresql,checkpoint_timeout,300,s
system-measurements,20261004T200736Z-598d96e2,1,postgresql,data_directory,/pgwork/data,
system-measurements,20261004T200736Z-598d96e2,1,postgresql,fsync,on,
system-measurements,20261004T200736Z-598d96e2,1,postgresql,full_page_writes,on,
system-measurements,20261004T200736Z-598d96e2,1,postgresql,listen_addresses,,
system-measurements,20261004T200736Z-598d96e2,1,postgresql,max_connections,100,
system-measurements,20261004T200736Z-598d96e2,1,postgresql,max_wal_size,1024,MB
system-measurements,20261004T200736Z-598d96e2,1,postgresql,shared_buffers,16384,8kB
system-measurements,20261004T200736Z-598d96e2,1,postgresql,synchronous_commit,on,
system-measurements,20261004T200736Z-598d96e2,1,postgresql,unix_socket_directories,/pgsocket,
system-measurements,20261004T200749Z-9b32251f,1,postgresql,autovacuum,on,
system-measurements,20261004T200749Z-9b32251f,1,postgresql,checkpoint_timeout,300,s
system-measurements,20261004T200749Z-9b32251f,1,postgresql,data_directory,/pgwork/data,
system-measurements,20261004T200749Z-9b32251f,1,postgresql,fsync,on,
system-measurements,20261004T200749Z-9b32251f,1,postgresql,full_page_writes,on,
system-measurements,20261004T200749Z-9b32251f,1,postgresql,listen_addresses,,
system-measurements,20261004T200749Z-9b32251f,1,postgresql,max_connections,100,
system-measurements,20261004T200749Z-9b32251f,1,postgresql,max_wal_size,1024,MB
system-measurements,20261004T200749Z-9b32251f,1,postgresql,shared_buffers,16384,8kB
system-measurements,20261004T200749Z-9b32251f,1,postgresql,synchronous_commit,on,
system-measurements,20261004T200749Z-9b32251f,1,postgresql,unix_socket_directories,/pgsocket,
system-measurements,20261004T200806Z-41e816fa,1,postgresql,autovacuum,on,
system-measurements,20261004T200806Z-41e816fa,1,postgresql,checkpoint_timeout,300,s
system-measurements,20261004T200806Z-41e816fa,1,postgresql,data_directory,/pgwork/data,
system-measurements,20261004T200806Z-41e816fa,1,postgresql,fsync,on,
system-measurements,20261004T200806Z-41e816fa,1,postgresql,full_page_writes,on,
system-measurements,20261004T200806Z-41e816fa,1,postgresql,listen_addresses,,
system-measurements,20261004T200806Z-41e816fa,1,postgresql,max_connections,100,
system-measurements,20261004T200806Z-41e816fa,1,postgresql,max_wal_size,1024,MB
system-measurements,20261004T200806Z-41e816fa,1,postgresql,shared_buffers,16384,8kB
system-measurements,20261004T200806Z-41e816fa,1,postgresql,synchronous_commit,on,
system-measurements,20261004T200806Z-41e816fa,1,postgresql,unix_socket_directories,/pgsocket,
system-measurements,20261004T200816Z-cf5cdaad,1,influxdb,write_completion_policy,synchronous_HTTP_204_acknowledgements,
system-measurements,20261004T200816Z-cf5cdaad,1,influxdb,server_wal_fsync_delay,0s,
system-measurements,20261004T200816Z-cf5cdaad,1,influxdb,server_wal_flush_on_shutdown,True,
system-measurements,20261004T200858Z-9208d5aa,1,influxdb,write_completion_policy,synchronous_HTTP_204_acknowledgements,
system-measurements,20261004T200858Z-9208d5aa,1,influxdb,server_wal_fsync_delay,0s,
system-measurements,20261004T200858Z-9208d5aa,1,influxdb,server_wal_flush_on_shutdown,True,
system-measurements,20261004T200916Z-39b7a15a,1,influxdb,write_completion_policy,synchronous_HTTP_204_acknowledgements,
system-measurements,20261004T200916Z-39b7a15a,1,influxdb,server_wal_fsync_delay,0s,
system-measurements,20261004T200916Z-39b7a15a,1,influxdb,server_wal_flush_on_shutdown,True,
system-measurements,20261004T200957Z-b5354905,1,influxdb,write_completion_policy,synchronous_HTTP_204_acknowledgements,
system-measurements,20261004T200957Z-b5354905,1,influxdb,server_wal_fsync_delay,0s,
system-measurements,20261004T200957Z-b5354905,1,influxdb,server_wal_flush_on_shutdown,True,
system-measurements,20261004T201014Z-52d9556e,1,sqlite,journal_mode,WAL,
system-measurements,20261004T201014Z-52d9556e,1,sqlite,synchronous,NORMAL,
system-measurements,20261004T201014Z-52d9556e,1,sqlite,wal_autocheckpoint_pages,1000,
system-measurements,20261004T201024Z-dd9ed0bc,1,sqlite,journal_mode,WAL,
system-measurements,20261004T201024Z-dd9ed0bc,1,sqlite,synchronous,NORMAL,
system-measurements,20261004T201024Z-dd9ed0bc,1,sqlite,wal_autocheckpoint_pages,1000,
system-measurements,20261004T201032Z-67c9e232,1,sqlite,journal_mode,WAL,
system-measurements,20261004T201032Z-67c9e232,1,sqlite,synchronous,NORMAL,
system-measurements,20261004T201032Z-67c9e232,1,sqlite,wal_autocheckpoint_pages,1000,
system-measurements,20261004T201038Z-28e4c7e9,1,sqlite,journal_mode,WAL,
system-measurements,20261004T201038Z-28e4c7e9,1,sqlite,synchronous,NORMAL,
system-measurements,20261004T201038Z-28e4c7e9,1,sqlite,wal_autocheckpoint_pages,1000,
system-measurements,20261004T201045Z-22fd38ef,1,sqlite,journal_mode,WAL,
system-measurements,20261004T201045Z-22fd38ef,1,sqlite,synchronous,NORMAL,
system-measurements,20261004T201045Z-22fd38ef,1,sqlite,wal_autocheckpoint_pages,1000,
system-measurements,20261004T201055Z-d9431041,1,sqlite,journal_mode,WAL,
system-measurements,20261004T201055Z-d9431041,1,sqlite,synchronous,NORMAL,
system-measurements,20261004T201055Z-d9431041,1,sqlite,wal_autocheckpoint_pages,1000,
system-measurements,20261004T201105Z-0d23df82,1,sqlite,journal_mode,WAL,
system-measurements,20261004T201105Z-0d23df82,1,sqlite,synchronous,NORMAL,
system-measurements,20261004T201105Z-0d23df82,1,sqlite,wal_autocheckpoint_pages,1000,
system-measurements,20261004T201111Z-4d8df8b2,1,sqlite,journal_mode,WAL,
system-measurements,20261004T201111Z-4d8df8b2,1,sqlite,synchronous,NORMAL,
system-measurements,20261004T201111Z-4d8df8b2,1,sqlite,wal_autocheckpoint_pages,1000,
system-measurements,20261004T201117Z-1794e7bf,1,postgresql,autovacuum,on,
system-measurements,20261004T201117Z-1794e7bf,1,postgresql,checkpoint_timeout,300,s
system-measurements,20261004T201117Z-1794e7bf,1,postgresql,data_directory,/pgwork/data,
system-measurements,20261004T201117Z-1794e7bf,1,postgresql,fsync,on,
system-measurements,20261004T201117Z-1794e7bf,1,postgresql,full_page_writes,on,
system-measurements,20261004T201117Z-1794e7bf,1,postgresql,listen_addresses,,
system-measurements,20261004T201117Z-1794e7bf,1,postgresql,max_connections,100,
system-measurements,20261004T201117Z-1794e7bf,1,postgresql,max_wal_size,1024,MB
system-measurements,20261004T201117Z-1794e7bf,1,postgresql,shared_buffers,16384,8kB
system-measurements,20261004T201117Z-1794e7bf,1,postgresql,synchronous_commit,on,
system-measurements,20261004T201117Z-1794e7bf,1,postgresql,unix_socket_directories,/pgsocket,
system-measurements,20261004T201141Z-ffb0a123,1,postgresql,autovacuum,on,
system-measurements,20261004T201141Z-ffb0a123,1,postgresql,checkpoint_timeout,300,s
system-measurements,20261004T201141Z-ffb0a123,1,postgresql,data_directory,/pgwork/data,
system-measurements,20261004T201141Z-ffb0a123,1,postgresql,fsync,on,
system-measurements,20261004T201141Z-ffb0a123,1,postgresql,full_page_writes,on,
system-measurements,20261004T201141Z-ffb0a123,1,postgresql,listen_addresses,,
system-measurements,20261004T201141Z-ffb0a123,1,postgresql,max_connections,100,
system-measurements,20261004T201141Z-ffb0a123,1,postgresql,max_wal_size,1024,MB
system-measurements,20261004T201141Z-ffb0a123,1,postgresql,shared_buffers,16384,8kB
system-measurements,20261004T201141Z-ffb0a123,1,postgresql,synchronous_commit,on,
system-measurements,20261004T201141Z-ffb0a123,1,postgresql,unix_socket_directories,/pgsocket,
system-measurements,20261004T201152Z-fc4ad45c,1,postgresql,autovacuum,on,
system-measurements,20261004T201152Z-fc4ad45c,1,postgresql,checkpoint_timeout,300,s
system-measurements,20261004T201152Z-fc4ad45c,1,postgresql,data_directory,/pgwork/data,
system-measurements,20261004T201152Z-fc4ad45c,1,postgresql,fsync,on,
system-measurements,20261004T201152Z-fc4ad45c,1,postgresql,full_page_writes,on,
system-measurements,20261004T201152Z-fc4ad45c,1,postgresql,listen_addresses,,
system-measurements,20261004T201152Z-fc4ad45c,1,postgresql,max_connections,100,
system-measurements,20261004T201152Z-fc4ad45c,1,postgresql,max_wal_size,1024,MB
system-measurements,20261004T201152Z-fc4ad45c,1,postgresql,shared_buffers,16384,8kB
system-measurements,20261004T201152Z-fc4ad45c,1,postgresql,synchronous_commit,on,
system-measurements,20261004T201152Z-fc4ad45c,1,postgresql,unix_socket_directories,/pgsocket,
system-measurements,20261004T201208Z-ec4e788a,1,postgresql,autovacuum,on,
system-measurements,20261004T201208Z-ec4e788a,1,postgresql,checkpoint_timeout,300,s
system-measurements,20261004T201208Z-ec4e788a,1,postgresql,data_directory,/pgwork/data,
system-measurements,20261004T201208Z-ec4e788a,1,postgresql,fsync,on,
system-measurements,20261004T201208Z-ec4e788a,1,postgresql,full_page_writes,on,
system-measurements,20261004T201208Z-ec4e788a,1,postgresql,listen_addresses,,
system-measurements,20261004T201208Z-ec4e788a,1,postgresql,max_connections,100,
system-measurements,20261004T201208Z-ec4e788a,1,postgresql,max_wal_size,1024,MB
system-measurements,20261004T201208Z-ec4e788a,1,postgresql,shared_buffers,16384,8kB
system-measurements,20261004T201208Z-ec4e788a,1,postgresql,synchronous_commit,on,
system-measurements,20261004T201208Z-ec4e788a,1,postgresql,unix_socket_directories,/pgsocket,
system-measurements,20261004T201217Z-929ab4c6,1,influxdb,write_completion_policy,synchronous_HTTP_204_acknowledgements,
system-measurements,20261004T201217Z-929ab4c6,1,influxdb,server_wal_fsync_delay,0s,
system-measurements,20261004T201217Z-929ab4c6,1,influxdb,server_wal_flush_on_shutdown,True,
system-measurements,20261004T201311Z-a992a37b,1,influxdb,write_completion_policy,synchronous_HTTP_204_acknowledgements,
system-measurements,20261004T201311Z-a992a37b,1,influxdb,server_wal_fsync_delay,0s,
system-measurements,20261004T201311Z-a992a37b,1,influxdb,server_wal_flush_on_shutdown,True,
system-measurements,20261004T201331Z-1d7f25e0,1,influxdb,write_completion_policy,synchronous_HTTP_204_acknowledgements,
system-measurements,20261004T201331Z-1d7f25e0,1,influxdb,server_wal_fsync_delay,0s,
system-measurements,20261004T201331Z-1d7f25e0,1,influxdb,server_wal_flush_on_shutdown,True,
system-measurements,20261004T201422Z-aaca02f1,1,influxdb,write_completion_policy,synchronous_HTTP_204_acknowledgements,
system-measurements,20261004T201422Z-aaca02f1,1,influxdb,server_wal_fsync_delay,0s,
system-measurements,20261004T201422Z-aaca02f1,1,influxdb,server_wal_flush_on_shutdown,True,
